cluster_rank	cluster_id	work_group_id	oldest_thread_created_at	review_path	source_anchor	thread_count	pull_request_numbers	thread_ids	claim_headings	validation_gate	history_state
1	review-one-change-commit-3742009c13db4a63b0bcfdb37b1e8f2bc5d04e40-787346a4a0be	work-terakan-softfp64-lifetime-contract-test-py-def-verify-contract-source-e5c30b962861	2026-08-10T12:33:42Z	src/amd/terascale/vulkan/tests/terakan_softfp64_lifetime_contract_test.py	def verify contract source str meson str softfp64 str none	1	"[""1306""]"	"[""PRRT_kwDOR3YK5M6X3lYa""]"	"[""reject exits that precede the expected goto""]"	python-test-black-and-ruff	changed-since-review
1	review-one-change-commit-3742009c13db4a63b0bcfdb37b1e8f2bc5d04e40-787346a4a0be	work-r3v-native-float2-tuple-cell-harness-c-original-line-240-b0f277bf9f68	2026-08-15T22:10:39Z	src/amd/r300/vulkan/tests/r3v_native_float2_tuple_cell_harness.c	original line 240	1	"[""1616""]"	"[""PRRT_kwDOR3YK5M6ZjF1o""]"	"[""respect the configured temporary directory""]"	warning-clean-driver-build-and-focused-test	changed-since-review
2	review-one-change-commit-df19f9f8ce039d894ee7bf5ed0158a873b5720e7-d34fe9465cd2	work-r300-r2vb-producer-manifest-check-py-def-validate-outdir-path-bfd931d37bd4	2026-08-14T01:05:15Z	src/amd/r300/common/tests/r300_r2vb_producer_manifest_check.py	def validate outdir path have b3sum bool none	2	"[""1591""]"	"[""PRRT_kwDOR3YK5M6ZIX10"",""PRRT_kwDOR3YK5M6ZIX2C""]"	"[""validate the exact compiled us block"",""bound the poison value to one dword""]"	python-test-black-and-ruff	changed-since-review
2	review-one-change-commit-df19f9f8ce039d894ee7bf5ed0158a873b5720e7-d34fe9465cd2	work-r3v-native-attended-producer-procedure-md-exact-wrong-pattern-falsifies-c2af32add322	2026-08-14T22:46:33Z	docs/hardware/r3v-native-attended-producer-procedure.md	exact wrong pattern falsifies the exponent window hypothesis itself	1	"[""1608""]"	"[""PRRT_kwDOR3YK5M6ZbztK""]"	"[""use the mesa ai disclosure trailer""]"	documentation-symbol-and-link-check	changed-since-review
3	review-one-change-commit-cbe9d2597cdfecf75e6cee9653a499a61957f894-d13cc3bd1b76	work-r3v-memory-properties-contract-test-c-original-line-10-48af69cc2b19	2026-08-14T02:00:06Z	src/amd/r300/vulkan/tests/r3v_memory_properties_contract_test.c	original line 10	1	"[""1594""]"	"[""PRRT_kwDOR3YK5M6ZI5HF""]"	"[""keep contract checks live in release builds""]"	warning-clean-driver-build-and-focused-test	changed-since-review
3	review-one-change-commit-cbe9d2597cdfecf75e6cee9653a499a61957f894-d13cc3bd1b76	work-r3v-memory-properties-contract-test-c-original-line-2-3e3b0e7aab3c	2026-08-14T02:00:06Z	src/amd/r300/vulkan/tests/r3v_memory_properties_contract_test.c	original line 2	1	"[""1594""]"	"[""PRRT_kwDOR3YK5M6ZI5HM""]"	"[""add a real copyright line to the new contract test""]"	warning-clean-driver-build-and-focused-test	changed-since-review
4	review-one-change-commit-3bd7c9fc002ee3e0f46ff0f37c8a7a8605ea2a83-a0ec1586b877	work-r3v-native-producer-arming-runner-check-py-def-main-f7ee8f3da7d5	2026-08-14T13:57:31Z	src/amd/r300/vulkan/tests/r3v_native_producer_arming_runner_check.py	def main	2	"[""1602""]"	"[""PRRT_kwDOR3YK5M6ZTCPO"",""PRRT_kwDOR3YK5M6ZTDHx""]"	"[""functional correctness minor quick win"",""calibrate an armed sweep verdict""]"	python-test-black-and-ruff	changed-since-review
5	review-one-change-commit-428f6dcbb0e1cd71417e1169c385f9e62f2ac0b7-efaa3066a9dd	work-r300-r2vb-reingest-manifest-c-original-line-2-97a3387e4ac7	2026-08-14T14:16:04Z	src/amd/r300/common/r300_r2vb_reingest_manifest.c	original line 2	1	"[""1603""]"	"[""PRRT_kwDOR3YK5M6ZTeBy""]"	"[""add real copyright lines to the new source headers""]"	warning-clean-driver-build-and-focused-test	changed-since-review
5	review-one-change-commit-428f6dcbb0e1cd71417e1169c385f9e62f2ac0b7-efaa3066a9dd	work-r300-r2vb-reingest-compose-parity-test-c-main-void-0663bcaf5282	2026-08-16T13:16:49Z	src/amd/r300/common/tests/r300_r2vb_reingest_compose_parity_test.c	main void	1	"[""1624""]"	"[""PRRT_kwDOR3YK5M6Zm_Mk""]"	"[""replace the deictic uma target with exact chip identity""]"	warning-clean-driver-build-and-focused-test	changed-since-review
6	review-one-change-commit-1a8033cbeec7650ebd5a0cce7c298aa06d6d67d8-48f0febcc9d5	work-r300-us-source-read-h-enum-r300-source-read-model-6087a25848e2	2026-08-14T22:46:33Z	src/amd/r300/common/r300_us_source_read.h	enum r300 source read model	1	"[""1608""]"	"[""PRRT_kwDOR3YK5M6ZbztH""]"	"[""keep the r2vb ceiling out of the generic fp24 model""]"	warning-clean-driver-build-and-focused-test	changed-since-review
7	review-one-change-commit-5b7fbd51140acd73c82e5c8d6ff9b9d50e01509b-a10212ee3552	work-r300-pm4-builder-c-r300-pm4-reloc-nop-struct-r300-9487ac93309d	2026-08-15T23:53:13Z	src/amd/r300/common/r300_pm4_builder.c	r300 pm4 reloc nop struct r300 pm4 builder b uint32 t payload	1	"[""1618""]"	"[""PRRT_kwDOR3YK5M6Zjitu""]"	"[""accept the full 24 bit vertex index range""]"	warning-clean-driver-build-and-focused-test	changed-since-review
8	review-one-change-commit-9ebc57897138fd5c4b6ab087a21452da1caf7a56-50205fc559fb	work-r3v-native-burst-cell-harness-c-run-burst-leg-vkinstance-aa8bd4a0156f	2026-08-21T00:59:40Z	src/amd/r300/vulkan/tests/r3v_native_burst_cell_harness.c	run burst leg vkinstance instance	1	"[""1666""]"	"[""PRRT_kwDOR3YK5M6bAUDt""]"	"[""create the pool with per buffer reset enabled""]"	warning-clean-driver-build-and-focused-test	changed-since-review
9	review-one-change-commit-60ae71b6e75360b9cc12dd4b524381da9da7feb4-959dd8f15fa9	work-r300-cpu-compute-job-c-original-line-39-8e7a32b31e5b	2026-08-21T08:31:32Z	src/amd/r300/cpu/r300_cpu_compute_job.c	original line 39	1	"[""1673""]"	"[""PRRT_kwDOR3YK5M6bF0Bq""]"	"[""accept zero sized dispatches as no ops""]"	warning-clean-driver-build-and-focused-test	changed-since-review
9	review-one-change-commit-60ae71b6e75360b9cc12dd4b524381da9da7feb4-959dd8f15fa9	work-r300-cpu-compute-job-c-original-line-52-c7f087d76583	2026-08-21T08:31:32Z	src/amd/r300/cpu/r300_cpu_compute_job.c	original line 52	1	"[""1673""]"	"[""PRRT_kwDOR3YK5M6bF0Bc""]"	"[""preserve the shader s x only invocation domain""]"	warning-clean-driver-build-and-focused-test	changed-since-review
9	review-one-change-commit-60ae71b6e75360b9cc12dd4b524381da9da7feb4-959dd8f15fa9	work-r300-cpu-compute-job-c-original-line-81-940bc1d9c460	2026-08-21T08:31:33Z	src/amd/r300/cpu/r300_cpu_compute_job.c	original line 81	1	"[""1673""]"	"[""PRRT_kwDOR3YK5M6bF0Bw""]"	"[""permit identical input and output descriptor ranges""]"	warning-clean-driver-build-and-focused-test	changed-since-review
9	review-one-change-commit-60ae71b6e75360b9cc12dd4b524381da9da7feb4-959dd8f15fa9	work-r300-numeric-domain-c-const-struct-r300-virtual-op-info-1d6e693ef6e2	2026-08-23T21:06:42Z	src/amd/r300/common/r300_numeric_domain.c	const struct r300 virtual op info r300 virtual op catalog	1	"[""1732""]"	"[""PRRT_kwDOR3YK5M6biIrb""]"	"[""keep and and or pending until their silicon probes are recorded""]"	warning-clean-driver-build-and-focused-test	changed-since-review
10	review-one-change-commit-367a218ff2b765194bd18d30ab84c41078341404-5d1a49c73ff1	work-r300-common-boundary-known-bad-object-c-original-line-8-bea2dbe3e603	2026-08-22T07:02:40Z	src/amd/r300/common/tests/fixtures/r300_common_boundary_known_bad_object.c	original line 8	1	"[""1681""]"	"[""PRRT_kwDOR3YK5M6bXPWo""]"	"[""declare the known bad fixture entry point""]"	warning-clean-driver-build-and-focused-test	changed-since-review
11	review-one-change-commit-41d774592cb536a8f74e5247c9a9a855725b397e-36e2eb5e61c9	work-r300-vertex-job-nir-c-r300-vertex-job-spirv-to-4357e0030c4e	2026-08-22T21:13:54Z	src/amd/r300/compiler/r300_vertex_job_nir.c	r300 vertex job spirv to nir const uint32 t words size t word count	1	"[""1692""]"	"[""PRRT_kwDOR3YK5M6bbWV0""]"	"[""add the required discovery method to the code claim""]"	warning-clean-driver-build-and-focused-test	changed-since-review
12	review-one-change-commit-79f1a5a2c02c6e6f3b6784b3fe89dd24a230175e-10f159c9596a	work-r300-r2vb-typed-route-oracle-test-c-original-line-15-69cedd691702	2026-08-22T21:28:19Z	src/gallium/drivers/r300/tests/r300_r2vb_typed_route_oracle_test.c	original line 15	1	"[""1693""]"	"[""PRRT_kwDOR3YK5M6bbawY""]"	"[""replace test history with the representation invariant""]"	warning-clean-driver-build-and-focused-test	changed-since-review
12	review-one-change-commit-79f1a5a2c02c6e6f3b6784b3fe89dd24a230175e-10f159c9596a	work-r300-r2vb-typed-route-oracle-test-c-original-line-25-98904491ae8e	2026-08-22T21:28:19Z	src/gallium/drivers/r300/tests/r300_r2vb_typed_route_oracle_test.c	original line 25	1	"[""1693""]"	"[""PRRT_kwDOR3YK5M6bbawb""]"	"[""add discovery methods for the adapter equivalence claims""]"	warning-clean-driver-build-and-focused-test	changed-since-review
13	review-one-change-commit-8077376b79a29299a39b37c6178b7a064a9abf29-99eda97ff92f	work-meson-options-option-cf4f4737a530	2026-08-22T22:00:13Z	meson.options	option	1	"[""1698""]"	"[""PRRT_kwDOR3YK5M6bblRq""]"	"[""enable the surviving backend in every ati r300 build""]"	repository-native-focused-check	changed-since-review
13	review-one-change-commit-8077376b79a29299a39b37c6178b7a064a9abf29-99eda97ff92f	work-3-r300-full-debug-optimized-x86-64v1-clang22-distcc-cache-e11f7468afe9	2026-08-22T22:00:14Z	build-infra/configs/3_r300_full_debug_optimized_x86_64v1-clang22-distcc-cache.meson	platforms x11 wayland	1	"[""1698""]"	"[""PRRT_kwDOR3YK5M6bblRw""]"	"[""stop routing zink to the minimal native icd""]"	configure-build-and-artifact-check	changed-since-review
14	review-one-change-commit-0f807535cfda5bf35b33bd8869a80d5480b566e4-30a02baa2ff9	work-r300-retained-route-digests-h-original-line-21-1cc15cd19e5e	2026-08-22T22:55:48Z	src/amd/r300/common/tests/r300_retained_route_digests.h	original line 21	1	"[""1706""]"	"[""PRRT_kwDOR3YK5M6bb1Y1""]"	"[""make the shared cpu digest the sole authority""]"	warning-clean-driver-build-and-focused-test	changed-since-review
15	review-one-change-commit-c9bd4e6bc836fe7d172176dd0c977779537d14d5-6ad598768f88	work-r300-vertex-stream-h-struct-r300-vertex-stream-7a2a30d0e690	2026-08-22T23:16:46Z	src/amd/r300/common/r300_vertex_stream.h	struct r300 vertex stream	1	"[""1708""]"	"[""PRRT_kwDOR3YK5M6bb7Gt""]"	"[""bind the shared robust record contract to primary rules""]"	warning-clean-driver-build-and-focused-test	changed-since-review
16	review-one-change-commit-01cce6697e2122401327f7dbc7d873adb7b0a897-834193575828	work-r3v-native-fetched-gpu-producer-arming-runner-check-py-original-5cbe87912df9	2026-08-23T01:37:46Z	src/amd/r300/vulkan/tests/r3v_native_fetched_gpu_producer_arming_runner_check.py	original line 124	1	"[""1711""]"	"[""PRRT_kwDOR3YK5M6bcfKQ""]"	"[""exercise the armed path before refusal mutations""]"	python-test-black-and-ruff	changed-since-review
17	review-one-change-commit-ac11072b3279364cb257784f8129c9aa4fa3df39-7ec9d92064ca	work-r300-compute-identity-carrier-c-original-line-57-dbbde9690099	2026-08-23T10:26:39Z	src/amd/r300/common/r300_compute_identity_carrier.c	original line 57	1	"[""1726""]"	"[""PRRT_kwDOR3YK5M6bepfT""]"	"[""reject output offsets beyond the carrier bo""]"	warning-clean-driver-build-and-focused-test	changed-since-review
18	review-one-change-commit-8e1387b5c97e329dd7b12f9937d691611c40f63e-eaf3e3c301f1	work-r3v-native-attended-compute-identity-c-original-line-509-453dca74e074	2026-08-23T10:34:58Z	src/amd/r300/vulkan/tests/r3v_native_attended_compute_identity.c	original line 509	1	"[""1728""]"	"[""PRRT_kwDOR3YK5M6ber34""]"	"[""mark readback unavailable after a failed completion wait""]"	warning-clean-driver-build-and-focused-test	changed-since-review
18	review-one-change-commit-8e1387b5c97e329dd7b12f9937d691611c40f63e-eaf3e3c301f1	work-r3v-native-attended-compute-identity-procedure-md-original-line-28-4ff061f7aae3	2026-08-23T10:34:58Z	docs/hardware/r3v-native-attended-compute-identity-procedure.md	original line 28	1	"[""1728""]"	"[""PRRT_kwDOR3YK5M6ber36""]"	"[""hash the compute submitter qualified by the preflight""]"	documentation-symbol-and-link-check	changed-since-review
18	review-one-change-commit-8e1387b5c97e329dd7b12f9937d691611c40f63e-eaf3e3c301f1	work-r3v-native-attended-compute-identity-procedure-md-original-line-70-d474a4319fec	2026-08-23T10:34:58Z	docs/hardware/r3v-native-attended-compute-identity-procedure.md	original line 70	1	"[""1728""]"	"[""PRRT_kwDOR3YK5M6ber33""]"	"[""keep pre admission refusals outside the consumed attempt""]"	documentation-symbol-and-link-check	changed-since-review
18	review-one-change-commit-8e1387b5c97e329dd7b12f9937d691611c40f63e-eaf3e3c301f1	work-r3v-vulkan10-requirement-inventory-py-original-line-104-79cb6ccf9de5	2026-08-24T19:40:38Z	src/amd/r300/vulkan/tests/r3v_vulkan10_requirement_inventory.py	original line 104	1	"[""1758""]"	"[""PRRT_kwDOR3YK5M6b1DP_""]"	"[""ignore commented out api version definitions""]"	python-test-black-and-ruff	changed-since-review
18	review-one-change-commit-8e1387b5c97e329dd7b12f9937d691611c40f63e-eaf3e3c301f1	work-r3v-vulkan10-requirement-inventory-py-original-line-146-d5a99589e107	2026-08-24T19:40:38Z	src/amd/r300/vulkan/tests/r3v_vulkan10_requirement_inventory.py	original line 146	1	"[""1758""]"	"[""PRRT_kwDOR3YK5M6b1DP0""]"	"[""reject additional queue families and capability bits""]"	python-test-black-and-ruff	changed-since-review
18	review-one-change-commit-8e1387b5c97e329dd7b12f9937d691611c40f63e-eaf3e3c301f1	work-r3v-vulkan10-requirement-inventory-py-original-line-256-3885d5d5fb51	2026-08-24T19:40:38Z	src/amd/r300/vulkan/tests/r3v_vulkan10_requirement_inventory.py	original line 256	1	"[""1758""]"	"[""PRRT_kwDOR3YK5M6b1DQD""]"	"[""include enum aliases in the orphan check""]"	python-test-black-and-ruff	changed-since-review
18	review-one-change-commit-8e1387b5c97e329dd7b12f9937d691611c40f63e-eaf3e3c301f1	work-r3v-vulkan10-requirement-inventory-py-original-line-87-64d65c7174d2	2026-08-24T19:40:38Z	src/amd/r300/vulkan/tests/r3v_vulkan10_requirement_inventory.py	original line 87	1	"[""1758""]"	"[""PRRT_kwDOR3YK5M6b1DP6""]"	"[""reject unparsed extension initializer rows""]"	python-test-black-and-ruff	changed-since-review
19	review-one-change-commit-13683abd6ad3fcbf0d052d1a63b24793b59211fa-99272a519da3	work-r3v-native-object-c-r3v-destroyquerypool-vkdevice-device-vkquerypool-poo-5750f88c4dc1	2026-08-23T22:32:15Z	src/amd/r300/vulkan/r3v_native_object.c	r3v destroyquerypool vkdevice device vkquerypool pool	1	"[""1746""]"	"[""PRRT_kwDOR3YK5M6bimU0""]"	"[""use atomic storage for the host visible event state""]"	warning-clean-driver-build-and-focused-test	changed-since-review
19	review-one-change-commit-13683abd6ad3fcbf0d052d1a63b24793b59211fa-99272a519da3	work-r3v-advertised-surface-deqp-binding-py-original-line-110-4e7f62c15c6a	2026-08-24T19:55:11Z	src/amd/r300/vulkan/tests/r3v_advertised_surface_deqp_binding.py	original line 110	1	"[""1759""]"	"[""PRRT_kwDOR3YK5M6b1VSo""]"	"[""restrict matching to the applicable vulkan 1 0 caselist""]"	python-test-black-and-ruff	changed-since-review
19	review-one-change-commit-13683abd6ad3fcbf0d052d1a63b24793b59211fa-99272a519da3	work-r3v-native-object-c-original-line-42-d096d31c657b	2026-08-24T23:23:43Z	src/amd/r300/vulkan/r3v_native_object.c	original line 42	1	"[""1773""]"	"[""PRRT_kwDOR3YK5M6b4qNh""]"	"[""add discovery locators to the new symbol claims""]"	warning-clean-driver-build-and-focused-test	changed-since-review
20	review-one-change-commit-ebc8348c2ec8951c28056c17b036a365856cd12a-5c3ff362e1e0	work-r3v-native-advertised-surface-audit-py-original-line-88-8875412fb5af	2026-08-23T22:32:51Z	src/amd/r300/vulkan/tests/r3v_native_advertised_surface_audit.py	original line 88	1	"[""1748""]"	"[""PRRT_kwDOR3YK5M6bimgN""]"	"[""enforce the named test receipts""]"	python-test-black-and-ruff	changed-since-review
20	review-one-change-commit-ebc8348c2ec8951c28056c17b036a365856cd12a-5c3ff362e1e0	work-r3v-native-advertised-surface-audit-py-original-line-91-1843d1bc339f	2026-08-23T22:32:51Z	src/amd/r300/vulkan/tests/r3v_native_advertised_surface_audit.py	original line 91	1	"[""1748""]"	"[""PRRT_kwDOR3YK5M6bimgL""]"	"[""validate the resolved limit value not the rhs token""]"	python-test-black-and-ruff	changed-since-review
21	review-one-change-commit-e68f40792d4bbdcc1961cae439a8b0264c25c9ce-8f779d4e51cc	work-r3v-vulkan-memory-model-over-radeon-drm-md-original-line-2290898a0779	2026-08-24T15:47:19Z	docs/hardware/r3v-vulkan-memory-model-over-radeon-drm.md	original line 25	1	"[""1753""]"	"[""PRRT_kwDOR3YK5M6bwiXS""]"	"[""document the gem info fallback heap size""]"	documentation-symbol-and-link-check	changed-since-review
21	review-one-change-commit-e68f40792d4bbdcc1961cae439a8b0264c25c9ce-8f779d4e51cc	work-r3v-vulkan-memory-model-over-radeon-drm-md-original-line-5a67a3d2cc77	2026-08-24T15:47:19Z	docs/hardware/r3v-vulkan-memory-model-over-radeon-drm.md	original line 12	1	"[""1753""]"	"[""PRRT_kwDOR3YK5M6bwiWv""]"	"[""add the claimed kernel contract pin test""]"	documentation-symbol-and-link-check	changed-since-review
21	review-one-change-commit-e68f40792d4bbdcc1961cae439a8b0264c25c9ce-8f779d4e51cc	work-r3v-vulkan-memory-model-over-radeon-drm-md-original-line-82ad985edbbf	2026-08-24T15:47:19Z	docs/hardware/r3v-vulkan-memory-model-over-radeon-drm.md	original line 122	1	"[""1753""]"	"[""PRRT_kwDOR3YK5M6bwiXB""]"	"[""mark prime helpers as unavailable to vulkan clients""]"	documentation-symbol-and-link-check	changed-since-review
21	review-one-change-commit-e68f40792d4bbdcc1961cae439a8b0264c25c9ce-8f779d4e51cc	work-r3v-vulkan-memory-model-over-radeon-drm-md-original-line-8a25174be548	2026-08-24T15:47:19Z	docs/hardware/r3v-vulkan-memory-model-over-radeon-drm.md	original line 135	1	"[""1753""]"	"[""PRRT_kwDOR3YK5M6bwiXJ""]"	"[""document the bounded idle wait retries""]"	documentation-symbol-and-link-check	changed-since-review
21	review-one-change-commit-e68f40792d4bbdcc1961cae439a8b0264c25c9ce-8f779d4e51cc	work-r3v-vulkan-memory-model-over-radeon-drm-md-original-line-abcb566c316c	2026-08-24T15:47:19Z	docs/hardware/r3v-vulkan-memory-model-over-radeon-drm.md	original line 118	1	"[""1753""]"	"[""PRRT_kwDOR3YK5M6bwiW6""]"	"[""preserve render image dedicated allocation requirements""]"	documentation-symbol-and-link-check	changed-since-review
21	review-one-change-commit-e68f40792d4bbdcc1961cae439a8b0264c25c9ce-8f779d4e51cc	work-r3v-native-memory-model-harness-c-original-line-213-e6db7aab47eb	2026-08-24T15:52:22Z	src/amd/r300/vulkan/tests/r3v_native_memory_model_harness.c	original line 213	1	"[""1754""]"	"[""PRRT_kwDOR3YK5M6bwo0W""]"	"[""verify the failed allocation actually unwinds""]"	warning-clean-driver-build-and-focused-test	changed-since-review
21	review-one-change-commit-e68f40792d4bbdcc1961cae439a8b0264c25c9ce-8f779d4e51cc	work-r3v-native-memory-model-harness-c-original-line-242-369a732053be	2026-08-24T15:52:22Z	src/amd/r300/vulkan/tests/r3v_native_memory_model_harness.c	original line 242	1	"[""1754""]"	"[""PRRT_kwDOR3YK5M6bwo0V""]"	"[""stop requiring virtual address reuse after remapping""]"	warning-clean-driver-build-and-focused-test	changed-since-review
21	review-one-change-commit-e68f40792d4bbdcc1961cae439a8b0264c25c9ce-8f779d4e51cc	work-r3v-native-memory-model-harness-c-original-line-302-89a27d094337	2026-08-24T15:52:22Z	src/amd/r300/vulkan/tests/r3v_native_memory_model_harness.c	original line 302	1	"[""1754""]"	"[""PRRT_kwDOR3YK5M6bwo0Y""]"	"[""verify rejected binds preserve the prior binding state""]"	warning-clean-driver-build-and-focused-test	changed-since-review
21	review-one-change-commit-e68f40792d4bbdcc1961cae439a8b0264c25c9ce-8f779d4e51cc	work-r3v-native-memory-model-harness-c-original-line-361-affd671ba30d	2026-08-24T15:52:22Z	src/amd/r300/vulkan/tests/r3v_native_memory_model_harness.c	original line 361	1	"[""1754""]"	"[""PRRT_kwDOR3YK5M6bwo0b""]"	"[""remove the commitment query for non lazy memory""]"	warning-clean-driver-build-and-focused-test	changed-since-review
21	review-one-change-commit-e68f40792d4bbdcc1961cae439a8b0264c25c9ce-8f779d4e51cc	work-r3v-native-memory-model-harness-c-original-line-387-b9a95739acdd	2026-08-24T15:52:22Z	src/amd/r300/vulkan/tests/r3v_native_memory_model_harness.c	original line 387	1	"[""1754""]"	"[""PRRT_kwDOR3YK5M6bwo0P""]"	"[""map the allocation in the known bad range arm""]"	warning-clean-driver-build-and-focused-test	changed-since-review
22	review-one-change-commit-8afa214faa11235fb25f8de610ed3b36d32b1d43-7a67c5e7a958	work-r3v-kernel-memory-contract-pins-tsv-original-line-10-dfc01d1e71ea	2026-08-24T15:56:46Z	src/amd/r300/vulkan/tests/r3v_kernel_memory_contract_pins.tsv	original line 10	1	"[""1756""]"	"[""PRRT_kwDOR3YK5M6bwuq0""]"	"[""pin the two gtt geometry rows consumed by the model""]"	schema-generator-and-mutation-check	changed-since-review
23	review-one-change-commit-3450bcf6d364f071752cd74e49fbb6c29144a3d5-9e23cb156105	work-rs482-composed-surface-campaign-md-original-line-121-49413c777376	2026-08-24T20:20:06Z	docs/hardware/rs482-composed-surface-campaign.md	original line 121	1	"[""1763""]"	"[""PRRT_kwDOR3YK5M6b1yx8""]"	"[""keep sampled image masks closed after the resolve cell""]"	documentation-symbol-and-link-check	changed-since-review
23	review-one-change-commit-3450bcf6d364f071752cd74e49fbb6c29144a3d5-9e23cb156105	work-rs482-composed-surface-campaign-md-original-line-66-34cc4deb44f1	2026-08-24T20:20:06Z	docs/hardware/rs482-composed-surface-campaign.md	original line 66	1	"[""1763""]"	"[""PRRT_kwDOR3YK5M6b1yyE""]"	"[""express colorpitch in pixels rather than 64 byte units""]"	documentation-symbol-and-link-check	changed-since-review
23	review-one-change-commit-3450bcf6d364f071752cd74e49fbb6c29144a3d5-9e23cb156105	work-rs482-composed-surface-campaign-md-original-line-69-aff02bb65584	2026-08-24T20:20:06Z	docs/hardware/rs482-composed-surface-campaign.md	original line 69	1	"[""1763""]"	"[""PRRT_kwDOR3YK5M6b1yyH""]"	"[""scale the pretransformed vertices for wider r1 cells""]"	documentation-symbol-and-link-check	changed-since-review
23	review-one-change-commit-3450bcf6d364f071752cd74e49fbb6c29144a3d5-9e23cb156105	work-rs482-composed-surface-campaign-md-original-line-89-6451ba7fd79a	2026-08-24T20:20:06Z	docs/hardware/rs482-composed-surface-campaign.md	original line 89	1	"[""1763""]"	"[""PRRT_kwDOR3YK5M6b1yyP""]"	"[""make the seam oracle expose duplicate rasterization""]"	documentation-symbol-and-link-check	changed-since-review
23	review-one-change-commit-3450bcf6d364f071752cd74e49fbb6c29144a3d5-9e23cb156105	work-rs482-composed-surface-campaign-md-original-line-91-0eec86493025	2026-08-24T20:20:06Z	docs/hardware/rs482-composed-surface-campaign.md	original line 91	1	"[""1763""]"	"[""PRRT_kwDOR3YK5M6b1yx3""]"	"[""raise the viewport limits in the composed surface rung""]"	documentation-symbol-and-link-check	changed-since-review
23	review-one-change-commit-3450bcf6d364f071752cd74e49fbb6c29144a3d5-9e23cb156105	work-rs482-composed-surface-campaign-md-original-line-100-95c52e577bd3	2026-08-24T20:20:07Z	docs/hardware/rs482-composed-surface-campaign.md	original line 100	1	"[""1763""]"	"[""PRRT_kwDOR3YK5M6b1yyX""]"	"[""preserve the 16 sampler contract under four way stitching""]"	documentation-symbol-and-link-check	changed-since-review
23	review-one-change-commit-3450bcf6d364f071752cd74e49fbb6c29144a3d5-9e23cb156105	work-rs482-composed-surface-campaign-md-original-line-103-36dcd5bb4583	2026-08-24T20:20:07Z	docs/hardware/rs482-composed-surface-campaign.md	original line 103	1	"[""1763""]"	"[""PRRT_kwDOR3YK5M6b1yyU""]"	"[""add the three chart cover before claiming 4096 linear""]"	documentation-symbol-and-link-check	changed-since-review
23	review-one-change-commit-3450bcf6d364f071752cd74e49fbb6c29144a3d5-9e23cb156105	work-rs482-composed-surface-campaign-md-original-line-112-73094d075525	2026-08-24T20:20:07Z	docs/hardware/rs482-composed-surface-campaign.md	original line 112	1	"[""1763""]"	"[""PRRT_kwDOR3YK5M6b1yye""]"	"[""program vulkan standard 4x sample locations""]"	documentation-symbol-and-link-check	changed-since-review
24	review-one-change-commit-4653e691f1692ad7c7e37835316e6cf7d82fc7bc-456baa5c10ae	work-r3v-deqp-provision-py-original-line-248-26cd482aca03	2026-08-24T22:25:29Z	src/amd/r300/vulkan/tests/r3v_deqp_provision.py	original line 248	1	"[""1768""]"	"[""PRRT_kwDOR3YK5M6b35qx""]"	"[""reject dirty provenance during bundle verification""]"	python-test-black-and-ruff	changed-since-review
24	review-one-change-commit-4653e691f1692ad7c7e37835316e6cf7d82fc7bc-456baa5c10ae	work-r3v-deqp-provision-py-original-line-90-12aa6145e207	2026-08-24T22:25:29Z	src/amd/r300/vulkan/tests/r3v_deqp_provision.py	original line 90	1	"[""1768""]"	"[""PRRT_kwDOR3YK5M6b35qr""]"	"[""cover every instruction above the k8 ceiling""]"	python-test-black-and-ruff	changed-since-review
24	review-one-change-commit-4653e691f1692ad7c7e37835316e6cf7d82fc7bc-456baa5c10ae	work-r3v-deqp-provision-py-original-line-305-0b7c8909fa6b	2026-08-24T22:54:13Z	src/amd/r300/vulkan/tests/r3v_deqp_provision.py	original line 305	1	"[""1768""]"	"[""PRRT_kwDOR3YK5M6b4SNx""]"	"[""check every feature required by each x86 64 level""]"	python-test-black-and-ruff	changed-since-review
25	review-one-change-commit-baf48620c79c19566965936e10cb66c5c1419cf5-9adbad1b8419	work-r3v-native-plan-tool-c-original-line-159-58fd0e8c71d0	2026-08-24T22:49:31Z	src/amd/r300/vulkan/tests/r3v_native_plan_tool.c	original line 159	1	"[""1770""]"	"[""PRRT_kwDOR3YK5M6b4Obe""]"	"[""preserve the dso identity observed during capture""]"	warning-clean-driver-build-and-focused-test	changed-since-review
25	review-one-change-commit-baf48620c79c19566965936e10cb66c5c1419cf5-9adbad1b8419	work-r3v-native-plan-tool-c-original-line-160-c2c13e092f29	2026-08-24T22:49:31Z	src/amd/r300/vulkan/tests/r3v_native_plan_tool.c	original line 160	1	"[""1770""]"	"[""PRRT_kwDOR3YK5M6b4Obj""]"	"[""reject overlong identity arguments instead of truncating them""]"	warning-clean-driver-build-and-focused-test	changed-since-review
25	review-one-change-commit-baf48620c79c19566965936e10cb66c5c1419cf5-9adbad1b8419	work-r3v-native-plan-tool-c-original-line-127-833318f47b14	2026-08-24T22:59:18Z	src/amd/r300/vulkan/tests/r3v_native_plan_tool.c	original line 127	1	"[""1770""]"	"[""PRRT_kwDOR3YK5M6b4WuJ""]"	"[""parse numeric authorization options strictly""]"	warning-clean-driver-build-and-focused-test	changed-since-review
26	review-one-change-commit-7f7feec24572361f74134376433c0ba63f6219c2-e6a6db55f323	work-r3v-native-queue-claim-report-c-original-line-41-ee265c7456b9	2026-08-24T23:05:34Z	src/amd/r300/vulkan/tests/r3v_native_queue_claim_report.c	original line 41	1	"[""1772""]"	"[""PRRT_kwDOR3YK5M6b4bt0""]"	"[""include all verb row fields in the ledger digest""]"	warning-clean-driver-build-and-focused-test	changed-since-review
27	review-one-change-commit-1f91536e6394b52f3969336a0b585106c3b6e5f9-e9a3e8426136	work-r3v-conformance-partition-py-def-verify-manifest-path-f96dbd258557	2026-08-24T23:27:29Z	src/amd/r300/vulkan/tests/r3v_conformance_partition.py	def verify manifest path	2	"[""1771"",""1772""]"	"[""PRRT_kwDOR3YK5M6b4tFc"",""PRRT_kwDOR3YK5M6b4wpg""]"	"[""verify that shards concatenate to the recorded slice"",""reconcile shard contents with the full slice""]"	python-test-black-and-ruff	changed-since-review
28	review-one-change-commit-4b11002d5b38f01f6477a2878352caea8cd28ac7-f9a6e63d1a55	work-r3v-cs-ioctl-trace-py-original-line-215-9da48a767794	2026-08-24T23:32:11Z	src/amd/r300/vulkan/tests/r3v_cs_ioctl_trace.py	original line 215	1	"[""1776""]"	"[""PRRT_kwDOR3YK5M6b4wiD""]"	"[""refuse traces whose command did not complete successfully""]"	python-test-black-and-ruff	changed-since-review
28	review-one-change-commit-4b11002d5b38f01f6477a2878352caea8cd28ac7-f9a6e63d1a55	work-r3v-cs-ioctl-trace-py-original-line-364-4af5e24282f2	2026-08-24T23:32:11Z	src/amd/r300/vulkan/tests/r3v_cs_ioctl_trace.py	original line 364	1	"[""1776""]"	"[""PRRT_kwDOR3YK5M6b4wiN""]"	"[""fail shim calibration on every kernel entering ioctl""]"	python-test-black-and-ruff	changed-since-review
28	review-one-change-commit-4b11002d5b38f01f6477a2878352caea8cd28ac7-f9a6e63d1a55	work-r3v-cs-ioctl-trace-py-original-line-70-92a9c4008f00	2026-08-24T23:32:11Z	src/amd/r300/vulkan/tests/r3v_cs_ioctl_trace.py	original line 70	1	"[""1776""]"	"[""PRRT_kwDOR3YK5M6b4wiI""]"	"[""exclude info from the gem aggregate""]"	python-test-black-and-ruff	changed-since-review
29	review-one-change-commit-26b04af5186ffa9c81c9f86ea67d56a9b2ee9baf-f5729268d477	work-r3v-native-plan-replay-c-original-line-173-03437ad4361f	2026-08-24T23:51:16Z	src/amd/r300/vulkan/r3v_native_plan_replay.c	original line 173	2	"[""1778""]"	"[""PRRT_kwDOR3YK5M6b4-FQ"",""PRRT_kwDOR3YK5M6b5DPM""]"	"[""scan for contaminating gates after exempting the claim gate"",""validate the gates cached on the device""]"	warning-clean-driver-build-and-focused-test	changed-since-review
30	review-one-change-commit-59b77649a80ee880f84ba6a5301467c8cc2c0438-396d38d38c9e	work-r3v-native-plan-compose-shard-py-original-line-160-77fe4067abcc	2026-08-25T05:19:08Z	src/amd/r300/vulkan/tests/r3v_native_plan_compose_shard.py	original line 160	1	"[""1786""]"	"[""PRRT_kwDOR3YK5M6b8cX2""]"	"[""reject an empty evidence directory root""]"	python-test-black-and-ruff	changed-since-review
31	review-one-change-commit-710d7e3c12b5e6eecd6a9356de5295618b201d1d-b862ffc35eff	work-r3v-wsi-init-comment-parity-audit-py-original-line-79-98b239906a2b	2026-08-25T13:28:38Z	src/amd/r300/vulkan/tests/r3v_wsi_init_comment_parity_audit.py	original line 79	1	"[""1792""]"	"[""PRRT_kwDOR3YK5M6cFxqD""]"	"[""check r3v wsi sw in the adjacent comment""]"	python-test-black-and-ruff	changed-since-review
32	review-one-change-commit-cebc5f008a2b1f33922597891892bb48205e557f-e40ee29b75bf	work-r3v-wsi-denominator-md-alone-would-not-open-slice-18-37139362050a	2026-08-25T13:46:48Z	docs/hardware/r3v-wsi-denominator.md	alone would not open slice 18 because the group s non headless cases still	1	"[""1792""]"	"[""PRRT_kwDOR3YK5M6cGMel""]"	"[""classify the drm shim result as runtime evidence""]"	documentation-symbol-and-link-check	changed-since-review
33	review-one-change-commit-7d380acb9b92d0de445217a4c35eb53cccc03901-476ba94c2f76	work-r3v-native-render-shape-args-h-original-line-72-de3bcb6b478a	2026-08-25T16:41:43Z	src/amd/r300/vulkan/tests/r3v_native_render_shape_args.h	original line 72	1	"[""1800""]"	"[""PRRT_kwDOR3YK5M6cKMDK""]"	"[""reject shapes the oracle cannot classify""]"	warning-clean-driver-build-and-focused-test	changed-since-review
34	review-one-change-commit-5553f18dd493d70594299d8b24ab9d151f1bd863-0505ae09d5d6	work-assessments-tsv-original-line-2-40313d1487ef	2026-08-26T20:38:28Z	build-infra/docs/review-thread-classifications/merged-pr93-pr161/assessments.tsv	original line 2	1	"[""1867""]"	"[""PRRT_kwDOR3YK5M6cm_Gw""]"	"[""keep the evergreen cmpxchg log thread open""]"	schema-generator-and-mutation-check	changed-since-review
34	review-one-change-commit-5553f18dd493d70594299d8b24ab9d151f1bd863-0505ae09d5d6	work-assessments-tsv-original-line-39-2d08f3d2e323	2026-08-26T20:38:28Z	build-infra/docs/review-thread-classifications/merged-pr93-pr161/assessments.tsv	original line 39	1	"[""1867""]"	"[""PRRT_kwDOR3YK5M6cm_Gm""]"	"[""track the removed pair targets in makefile""]"	schema-generator-and-mutation-check	changed-since-review
34	review-one-change-commit-5553f18dd493d70594299d8b24ab9d151f1bd863-0505ae09d5d6	work-review-thread-classification-py-original-line-133-bf88f3e97378	2026-08-26T20:38:28Z	build-infra/scripts/review_thread_classification.py	original line 133	1	"[""1867""]"	"[""PRRT_kwDOR3YK5M6cm_Gs""]"	"[""reject reordered assessment rows""]"	python-test-black-and-ruff	changed-since-review
34	review-one-change-commit-5553f18dd493d70594299d8b24ab9d151f1bd863-0505ae09d5d6	work-review-thread-classification-py-original-line-198-25908dca8c6d	2026-08-26T20:38:28Z	build-infra/scripts/review_thread_classification.py	original line 198	1	"[""1867""]"	"[""PRRT_kwDOR3YK5M6cm_G0""]"	"[""allow classifications to transition into closed rows""]"	python-test-black-and-ruff	changed-since-review
35	review-unchanged-source-src-amd-r300-vulkan-tests-run-under-xvfb-eacebec67387	work-run-under-xvfb-sh-cleanup-dir-e982551a07c5	2026-08-12T03:44:34Z	src/amd/r300/vulkan/tests/run_under_xvfb.sh	cleanup dir	1	"[""1403""]"	"[""PRRT_kwDOR3YK5M6YckKP""]"	"[""terminate the wrapped command s descendants""]"	shellcheck-and-script-test	unchanged-since-review
35	review-unchanged-source-src-amd-r300-vulkan-tests-run-under-xvfb-eacebec67387	work-run-under-xvfb-sh-exec-8-237c75aee3c0	2026-08-12T03:44:34Z	src/amd/r300/vulkan/tests/run_under_xvfb.sh	exec 8	1	"[""1403""]"	"[""PRRT_kwDOR3YK5M6YckKT""]"	"[""preserve stdin when backgrounding the command""]"	shellcheck-and-script-test	unchanged-since-review
36	review-unchanged-source-src-gallium-drivers-r300-r300-state-inlines-h-a631c6c431b6	work-r300-state-inlines-h-r300-blend-factor-for-target-enum-edee58be3c28	2026-08-12T10:31:51Z	src/gallium/drivers/r300/r300_state_inlines.h	r300 blend factor for target enum pipe blendfactor factor bool alpha	1	"[""1476""]"	"[""PRRT_kwDOR3YK5M6YiLxm""]"	"[""preserve src alpha saturate on intensity targets""]"	warning-clean-driver-build-and-focused-test	unchanged-since-review
37	review-unchanged-source-src-amd-r300-vulkan-r3v-memory-properties-contract-e495b8eca7ed	work-r3v-memory-properties-contract-h-original-line-102-4da9a63a7d1e	2026-08-14T02:00:06Z	src/amd/r300/vulkan/r3v_memory_properties_contract.h	original line 102	1	"[""1594""]"	"[""PRRT_kwDOR3YK5M6ZI5HR""]"	"[""add discovery locations for the memory contract claims""]"	warning-clean-driver-build-and-focused-test	unchanged-since-review
37	review-unchanged-source-src-amd-r300-vulkan-r3v-memory-properties-contract-e495b8eca7ed	work-r3v-memory-properties-contract-h-original-line-2-10360bcf6406	2026-08-14T02:00:06Z	src/amd/r300/vulkan/r3v_memory_properties_contract.h	original line 2	1	"[""1594""]"	"[""PRRT_kwDOR3YK5M6ZI5HJ""]"	"[""add a real copyright line to the new contract header""]"	warning-clean-driver-build-and-focused-test	unchanged-since-review
37	review-unchanged-source-src-amd-r300-vulkan-r3v-memory-properties-contract-e495b8eca7ed	work-r3v-memory-properties-contract-h-original-line-28-838defddb661	2026-08-14T02:00:06Z	src/amd/r300/vulkan/r3v_memory_properties_contract.h	original line 28	1	"[""1594""]"	"[""PRRT_kwDOR3YK5M6ZI5HP""]"	"[""ground the enforced rs48x ceiling in a primary source""]"	warning-clean-driver-build-and-focused-test	unchanged-since-review
38	review-unchanged-source-src-amd-r300-vulkan-tests-r3v-native-producer-3809a0657df1	work-r3v-native-producer-cell-harness-c-original-line-193-3a7b2ba42b7b	2026-08-14T02:23:42Z	src/amd/r300/vulkan/tests/r3v_native_producer_cell_harness.c	original line 193	1	"[""1597""]"	"[""PRRT_kwDOR3YK5M6ZJHqM""]"	"[""reject manifest roots that overflow evidence paths""]"	warning-clean-driver-build-and-focused-test	unchanged-since-review
38	review-unchanged-source-src-amd-r300-vulkan-tests-r3v-native-producer-3809a0657df1	work-r3v-native-producer-cell-harness-c-original-line-2-24aa25c7d589	2026-08-14T02:23:42Z	src/amd/r300/vulkan/tests/r3v_native_producer_cell_harness.c	original line 2	1	"[""1597""]"	"[""PRRT_kwDOR3YK5M6ZJHqE""]"	"[""add a real copyright line to the new header""]"	warning-clean-driver-build-and-focused-test	unchanged-since-review
38	review-unchanged-source-src-amd-r300-vulkan-tests-r3v-native-producer-3809a0657df1	work-r3v-native-producer-cell-harness-c-original-line-561-aa6960905b4e	2026-08-14T02:23:42Z	src/amd/r300/vulkan/tests/r3v_native_producer_cell_harness.c	original line 561	1	"[""1597""]"	"[""PRRT_kwDOR3YK5M6ZJHqJ""]"	"[""guard the retained ib comparison by its expected length""]"	warning-clean-driver-build-and-focused-test	unchanged-since-review
38	review-unchanged-source-src-amd-r300-vulkan-tests-r3v-native-producer-3809a0657df1	work-r3v-native-producer-cell-harness-c-original-line-10-1831b5e000fc	2026-08-14T02:23:43Z	src/amd/r300/vulkan/tests/r3v_native_producer_cell_harness.c	original line 10	1	"[""1597""]"	"[""PRRT_kwDOR3YK5M6ZJHqT""]"	"[""add discovery locations to the new mechanism claims""]"	warning-clean-driver-build-and-focused-test	unchanged-since-review
38	review-unchanged-source-src-amd-r300-vulkan-tests-r3v-native-producer-3809a0657df1	work-r3v-native-producer-cell-harness-c-original-line-175-5b56169b5d10	2026-08-14T02:23:43Z	src/amd/r300/vulkan/tests/r3v_native_producer_cell_harness.c	original line 175	1	"[""1597""]"	"[""PRRT_kwDOR3YK5M6ZJHqP""]"	"[""clear inherited shim fault injection flags""]"	warning-clean-driver-build-and-focused-test	unchanged-since-review
38	review-unchanged-source-src-amd-r300-vulkan-tests-r3v-native-producer-3809a0657df1	work-r3v-native-producer-cell-harness-c-original-line-334-c38a65a30c96	2026-08-14T02:23:43Z	src/amd/r300/vulkan/tests/r3v_native_producer_cell_harness.c	original line 334	1	"[""1597""]"	"[""PRRT_kwDOR3YK5M6ZJHqN""]"	"[""stop after an oversized carrier allocation failure""]"	warning-clean-driver-build-and-focused-test	unchanged-since-review
39	review-unchanged-source-src-amd-drm-shim-tests-radeon-noop-drm-8771deff2cca	work-radeon-noop-drm-shim-residue-check-selftest-py-original-line-6ce9526488d6	2026-08-14T03:37:01Z	src/amd/drm-shim/tests/radeon_noop_drm_shim_residue_check_selftest.py	original line 57	1	"[""1599""]"	"[""PRRT_kwDOR3YK5M6ZJ2Bw""]"	"[""keep calibration checks active under optimized python""]"	python-test-black-and-ruff	unchanged-since-review
39	review-unchanged-source-src-amd-drm-shim-tests-radeon-noop-drm-8771deff2cca	work-radeon-noop-drm-shim-residue-check-selftest-py-original-line-c503f34a2d86	2026-08-14T03:37:01Z	src/amd/drm-shim/tests/radeon_noop_drm_shim_residue_check_selftest.py	original line 65	1	"[""1599""]"	"[""PRRT_kwDOR3YK5M6ZJ2Bv""]"	"[""make the bad calibration distinguish the old checker""]"	python-test-black-and-ruff	unchanged-since-review
40	review-unchanged-source-src-amd-drm-shim-tests-radeon-noop-drm-cf01425c6b84	work-radeon-noop-drm-shim-residue-check-py-original-line-37-cd8d22bf43df	2026-08-14T03:37:01Z	src/amd/drm-shim/tests/radeon_noop_drm_shim_residue_check.py	original line 37	1	"[""1599""]"	"[""PRRT_kwDOR3YK5M6ZJ2Bq""]"	"[""parse the multiline identity diagnostic before normalizing""]"	python-test-black-and-ruff	unchanged-since-review
41	review-unchanged-source-src-amd-r300-common-tests-run-r2vb-reingest-242a68277c84	work-run-r2vb-reingest-replay-sh-original-line-49-c06a8f960330	2026-08-14T14:16:04Z	src/amd/r300/common/tests/run_r2vb_reingest_replay.sh	original line 49	1	"[""1603""]"	"[""PRRT_kwDOR3YK5M6ZTeB4""]"	"[""validate the generated re ingest manifest contents""]"	shellcheck-and-script-test	unchanged-since-review
42	review-unchanged-source-src-amd-r300-vulkan-tests-r3v-native-reingest-918f86337ca8	work-r3v-native-reingest-arming-runner-check-py-original-line-82-bb6c9241aa72	2026-08-14T14:16:04Z	src/amd/r300/vulkan/tests/r3v_native_reingest_arming_runner_check.py	original line 82	1	"[""1603""]"	"[""PRRT_kwDOR3YK5M6ZTeBt""]"	"[""add a known good re ingest arming case""]"	python-test-black-and-ruff	unchanged-since-review
43	review-unchanged-source-src-amd-r300-vulkan-tests-r3v-native-attended-cea55a3d47eb	work-r3v-native-attended-reingest-c-main-int-argc-char-argv-83f7735b3455	2026-08-14T19:25:24Z	src/amd/r300/vulkan/tests/r3v_native_attended_reingest.c	main int argc char argv	1	"[""1605""]"	"[""PRRT_kwDOR3YK5M6ZZIY3""]"	"[""retain the poison count in re ingest outcomes""]"	warning-clean-driver-build-and-focused-test	unchanged-since-review
44	review-unchanged-source-src-amd-r300-common-tests-run-r2vb-float2-09305a6c480f	work-run-r2vb-float2-tuple-replay-sh-original-line-53-896422cadf63	2026-08-15T01:01:52Z	src/amd/r300/common/tests/run_r2vb_float2_tuple_replay.sh	original line 53	1	"[""1609""]"	"[""PRRT_kwDOR3YK5M6Zc7p6""]"	"[""validate tuple artifacts before accepting replay""]"	shellcheck-and-script-test	unchanged-since-review
45	review-unchanged-source-src-amd-r300-vulkan-tests-r3v-native-attended-9cc9f47c24a0	work-r3v-native-attended-float2-tuple-c-original-line-2-a73dd8e05433	2026-08-15T03:18:58Z	src/amd/r300/vulkan/tests/r3v_native_attended_float2_tuple.c	original line 2	1	"[""1610""]"	"[""PRRT_kwDOR3YK5M6Zdt0l""]"	"[""add real copyright lines to every new file""]"	warning-clean-driver-build-and-focused-test	unchanged-since-review
45	review-unchanged-source-src-amd-r300-vulkan-tests-r3v-native-attended-9cc9f47c24a0	work-r3v-native-attended-float2-tuple-c-original-line-356-2f2d868ef5b3	2026-08-15T03:18:58Z	src/amd/r300/vulkan/tests/r3v_native_attended_float2_tuple.c	original line 356	1	"[""1610""]"	"[""PRRT_kwDOR3YK5M6Zdt0n""]"	"[""reserve every readback artifact before submission""]"	warning-clean-driver-build-and-focused-test	unchanged-since-review
46	review-unchanged-source-src-amd-r300-vulkan-tests-r3v-native-float2-91a933fad640	work-r3v-native-float2-tuple-arming-runner-check-py-original-line-a97abc06db8a	2026-08-15T03:18:58Z	src/amd/r300/vulkan/tests/r3v_native_float2_tuple_arming_runner_check.py	original line 106	1	"[""1610""]"	"[""PRRT_kwDOR3YK5M6Zdt0h""]"	"[""calibrate the runner with an armed input""]"	python-test-black-and-ruff	unchanged-since-review
47	review-unchanged-source-src-amd-r300-common-r300-r2vb-fetch-pass-5085062fbe3e	work-r300-r2vb-fetch-pass-c-original-line-52-4e6657b531ac	2026-08-16T01:30:51Z	src/amd/r300/common/r300_r2vb_fetch_pass.c	original line 52	1	"[""1619""]"	"[""PRRT_kwDOR3YK5M6Zj7c7""]"	"[""reject 65 536 vertices before encoding the draw""]"	warning-clean-driver-build-and-focused-test	unchanged-since-review
48	review-unchanged-source-src-amd-r300-common-r300-r2vb-target-state-7ed10c4951d5	work-r300-r2vb-target-state-c-original-line-14-b8fea61266c7	2026-08-16T01:35:54Z	src/amd/r300/common/r300_r2vb_target_state.c	original line 14	1	"[""1620""]"	"[""PRRT_kwDOR3YK5M6Zj8uP""]"	"[""accept the full 13 bit scissor extent domain""]"	warning-clean-driver-build-and-focused-test	unchanged-since-review
49	review-unchanged-source-src-amd-r300-common-r300-pm4-compose-c-d6416d007c39	work-r300-pm4-compose-c-original-line-45-23691b3cb161	2026-08-16T01:39:45Z	src/amd/r300/common/r300_pm4_compose.c	original line 45	1	"[""1621""]"	"[""PRRT_kwDOR3YK5M6Zj9si""]"	"[""reject duplicate descriptors for one relocation payload""]"	warning-clean-driver-build-and-focused-test	unchanged-since-review
49	review-unchanged-source-src-amd-r300-common-r300-pm4-compose-c-d6416d007c39	work-r300-pm4-compose-c-original-line-57-db468d44f692	2026-08-16T01:39:45Z	src/amd/r300/common/r300_pm4_compose.c	original line 57	1	"[""1621""]"	"[""PRRT_kwDOR3YK5M6Zj9sd""]"	"[""reject writers aliased through the role map""]"	warning-clean-driver-build-and-focused-test	unchanged-since-review
49	review-unchanged-source-src-amd-r300-common-r300-pm4-compose-c-d6416d007c39	work-r300-pm4-compose-c-original-line-82-a347fdb08ae0	2026-08-16T01:39:45Z	src/amd/r300/common/r300_pm4_compose.c	original line 82	1	"[""1621""]"	"[""PRRT_kwDOR3YK5M6Zj9sf""]"	"[""reject relocation indexes that overflow the payload""]"	warning-clean-driver-build-and-focused-test	unchanged-since-review
50	review-unchanged-source-src-amd-r300-common-r300-pm4-compose-h-6d4d797decee	work-r300-pm4-compose-h-original-line-37-c0b032443e4c	2026-08-16T01:39:45Z	src/amd/r300/common/r300_pm4_compose.h	original line 37	1	"[""1621""]"	"[""PRRT_kwDOR3YK5M6Zj9sg""]"	"[""ground the kernel resolution claim in its source""]"	warning-clean-driver-build-and-focused-test	unchanged-since-review
51	review-unchanged-source-docs-hardware-r3v-native-attended-float2-tuple-procedur-e8f2de1e8ab7	work-r3v-native-attended-float2-tuple-procedure-md-producer-cell-host-00f279c830ed	2026-08-16T03:13:19Z	docs/hardware/r3v-native-attended-float2-tuple-procedure.md	producer cell host test s ndebug assert erasure segfault fixed in	1	"[""1623""]"	"[""PRRT_kwDOR3YK5M6ZkUvF""]"	"[""correct the three dword delta description""]"	documentation-symbol-and-link-check	unchanged-since-review
52	review-unchanged-source-src-amd-r300-vulkan-tests-r3v-native-serial-ce37f40ab27f	work-r3v-native-serial-cell-harness-c-original-line-127-041f3de92859	2026-08-17T02:35:30Z	src/amd/r300/vulkan/tests/r3v_native_serial_cell_harness.c	original line 127	1	"[""1631""]"	"[""PRRT_kwDOR3YK5M6ZrX1D""]"	"[""derive the harness directory from an explicit root""]"	warning-clean-driver-build-and-focused-test	unchanged-since-review
53	review-unchanged-source-src-amd-r300-compiler-r300-r2vb-nir-c-5d2583f01fd4	work-r300-r2vb-nir-c-original-line-186-2ed3671830cd	2026-08-19T01:40:42Z	src/amd/r300/compiler/r300_r2vb_nir.c	original line 186	1	"[""1638""]"	"[""PRRT_kwDOR3YK5M6aUhQv""]"	"[""restore the restager symbol discovery record""]"	warning-clean-driver-build-and-focused-test	unchanged-since-review
54	review-unchanged-source-src-amd-r300-common-r300-pm4-builder-c-2314ca76bc18	work-r300-pm4-builder-c-r300-pm4-emit-vertex-index-range-a7bc10050f7d	2026-08-19T02:04:19Z	src/amd/r300/common/r300_pm4_builder.c	r300 pm4 emit vertex index range struct r300 pm4 builder b	1	"[""1639""]"	"[""PRRT_kwDOR3YK5M6aUw6Y""]"	"[""reserve the complete immediate draw before writing its prefix""]"	warning-clean-driver-build-and-focused-test	unchanged-since-review
55	review-unchanged-source-src-amd-r300-common-r300-r2vb-float2-tuple-c33bf22b366a	work-r300-r2vb-float2-tuple-pass-c-static-const-uint32-t-722f21945261	2026-08-19T17:31:25Z	src/amd/r300/common/r300_r2vb_float2_tuple_pass.c	static const uint32 t tuple psc ext 8	1	"[""1648""]"	"[""PRRT_kwDOR3YK5M6ajnPI""]"	"[""add discovery provenance to the float 4 fetch claim""]"	warning-clean-driver-build-and-focused-test	unchanged-since-review
56	review-unchanged-source-src-amd-r300-common-tests-run-r2vb-float2-5f6a49520f60	work-run-r2vb-float2-tuple-burst-replay-sh-bundle-bd82899929f0	2026-08-19T17:31:25Z	src/amd/r300/common/tests/run_r2vb_float2_tuple_burst_replay.sh	bundle	1	"[""1648""]"	"[""PRRT_kwDOR3YK5M6ajnPN""]"	"[""rename the replay tooling to describe both fetch widths""]"	shellcheck-and-script-test	unchanged-since-review
57	review-unchanged-source-src-amd-r300-vulkan-tests-r3v-native-public-8229ac46c068	work-r3v-native-public-gpu-producer-arming-runner-check-py-original-3b3b94ad9cd0	2026-08-20T03:56:22Z	src/amd/r300/vulkan/tests/r3v_native_public_gpu_producer_arming_runner_check.py	original line 141	1	"[""1654""]"	"[""PRRT_kwDOR3YK5M6arxTA""]"	"[""calibrate the successful arming path""]"	python-test-black-and-ruff	unchanged-since-review
58	review-unchanged-source-docs-hardware-r3v-native-attended-public-gpu-producer-85facfda70e9	work-r3v-native-attended-public-gpu-producer-procedure-md-this-document-6cca234cd89c	2026-08-20T04:12:52Z	docs/hardware/r3v-native-attended-public-gpu-producer-procedure.md	this document adds only what the public route changes	1	"[""1655""]"	"[""PRRT_kwDOR3YK5M6ar7bd""]"	"[""describe record only as non submitting rather than ioctl free""]"	documentation-symbol-and-link-check	unchanged-since-review
59	review-unchanged-source-src-amd-r300-common-r300-zb-depth-control-ffc3d99e3432	work-r300-zb-depth-control-cell-h-original-line-103-2bdd7fa80890	2026-08-20T21:49:44Z	src/amd/r300/common/r300_zb_depth_control_cell.h	original line 103	1	"[""1661""]"	"[""PRRT_kwDOR3YK5M6a-G_F""]"	"[""attach discovery locations to the kernel code claims""]"	warning-clean-driver-build-and-focused-test	unchanged-since-review
60	review-unchanged-source-src-amd-r300-common-tests-run-zb-depth-4f94a9d084df	work-run-zb-depth-control-replay-sh-original-line-68-79ff64cf2289	2026-08-20T21:49:44Z	src/amd/r300/common/tests/run_zb_depth_control_replay.sh	original line 68	1	"[""1661""]"	"[""PRRT_kwDOR3YK5M6a-G_A""]"	"[""keep the replay footprints under one authority""]"	shellcheck-and-script-test	unchanged-since-review
61	review-unchanged-source-src-amd-r300-vulkan-tests-r3v-native-attended-0aad025cf130	work-r3v-native-attended-zb-depth-control-c-original-line-12-7ad42ef8f055	2026-08-20T21:49:44Z	src/amd/r300/vulkan/tests/r3v_native_attended_zb_depth_control.c	original line 12	1	"[""1661""]"	"[""PRRT_kwDOR3YK5M6a-G-x""]"	"[""remove b14 run chronology from source comments""]"	warning-clean-driver-build-and-focused-test	unchanged-since-review
61	review-unchanged-source-src-amd-r300-vulkan-tests-r3v-native-attended-0aad025cf130	work-r3v-native-attended-zb-depth-control-c-original-line-126-fcc45122f8cb	2026-08-20T21:49:44Z	src/amd/r300/vulkan/tests/r3v_native_attended_zb_depth_control.c	original line 126	1	"[""1661""]"	"[""PRRT_kwDOR3YK5M6a-G_L""]"	"[""gate the live run on a clean drm validation log""]"	warning-clean-driver-build-and-focused-test	unchanged-since-review
61	review-unchanged-source-src-amd-r300-vulkan-tests-r3v-native-attended-0aad025cf130	work-r3v-native-attended-zb-depth-control-c-original-line-382-a96e9cae3dc6	2026-08-20T21:49:44Z	src/amd/r300/vulkan/tests/r3v_native_attended_zb_depth_control.c	original line 382	1	"[""1661""]"	"[""PRRT_kwDOR3YK5M6a-G-u""]"	"[""prove the far triangle executes before declaring a pass""]"	warning-clean-driver-build-and-focused-test	unchanged-since-review
62	review-unchanged-source-src-amd-r300-vulkan-tests-r3v-native-zb-2638ac1389f7	work-r3v-native-zb-depth-control-harness-c-original-line-195-b9bf1276c6ed	2026-08-20T21:49:44Z	src/amd/r300/vulkan/tests/r3v_native_zb_depth_control_harness.c	original line 195	1	"[""1661""]"	"[""PRRT_kwDOR3YK5M6a-G-6""]"	"[""derive the harness directory from the test environment""]"	warning-clean-driver-build-and-focused-test	unchanged-since-review
62	review-unchanged-source-src-amd-r300-vulkan-tests-r3v-native-zb-2638ac1389f7	work-r3v-native-zb-depth-control-harness-c-original-line-373-846e8cc0585c	2026-08-20T21:49:44Z	src/amd/r300/vulkan/tests/r3v_native_zb_depth_control_harness.c	original line 373	1	"[""1661""]"	"[""PRRT_kwDOR3YK5M6a-G-3""]"	"[""exercise the distinct handle refusal in its calibration""]"	warning-clean-driver-build-and-focused-test	unchanged-since-review
63	review-unchanged-source-src-vulkan-util-vk-physical-device-features-gen-54545c15ccd6	work-vk-physical-device-features-gen-py-def-condition-self-physical-ce2951e59c7b	2026-08-21T22:14:02Z	src/vulkan/util/vk_physical_device_features_gen.py	def condition self physical dev	3	"[""1676""]"	"[""PRRT_kwDOR3YK5M6bTq4D"",""PRRT_kwDOR3YK5M6bTtKR"",""PRRT_kwDOR3YK5M6bTtKT""]"	"[""issue broader impact the generated checker is not invoked by dzn createdevice when pcreateinfo penabledfeatures is null even if pcreateinfo pnext contains recognized feature structs consequently dzn still accepts unsupported pnext o"",""correct the unsupported feature claim"",""remove the orphaned condition helper""]"	python-test-black-and-ruff	unchanged-since-review
64	review-unchanged-source-src-amd-r300-vulkan-tests-r3v-native-burst-93a9479fb394	work-r3v-native-burst-cell-harness-c-struct-burst-leg-0708f4f187e0	2026-08-22T21:08:55Z	src/amd/r300/vulkan/tests/r3v_native_burst_cell_harness.c	struct burst leg	1	"[""1689""]"	"[""PRRT_kwDOR3YK5M6bbUz8""]"	"[""observe resources in prepared release verdicts""]"	warning-clean-driver-build-and-focused-test	unchanged-since-review
65	review-unchanged-source-src-gallium-drivers-r300-tests-r300-typed-carry-94b6834de12b	work-r300-typed-carry-reference-check-py-original-line-78-38c20705741e	2026-08-22T21:40:49Z	src/gallium/drivers/r300/tests/r300_typed_carry_reference_check.py	original line 78	1	"[""1696""]"	"[""PRRT_kwDOR3YK5M6bbfYO""]"	"[""require every source fixture to have a same stem module""]"	python-test-black-and-ruff	unchanged-since-review
65	review-unchanged-source-src-gallium-drivers-r300-tests-r300-typed-carry-94b6834de12b	work-r300-typed-carry-reference-check-py-original-line-97-4e5214c49c2b	2026-08-22T21:40:49Z	src/gallium/drivers/r300/tests/r300_typed_carry_reference_check.py	original line 97	1	"[""1696""]"	"[""PRRT_kwDOR3YK5M6bbfYM""]"	"[""normalize text fixtures before hashing them""]"	python-test-black-and-ruff	unchanged-since-review
66	review-unchanged-source-src-gallium-drivers-r300-tests-typed-carry-corpus-825ca67e5530	work-r300-typed-carry-reference-sha256-original-line-7-b412b6377dd1	2026-08-22T21:40:49Z	src/gallium/drivers/r300/tests/typed_carry_corpus/r300_typed_carry_reference.sha256	original line 7	1	"[""1696""]"	"[""PRRT_kwDOR3YK5M6bbfYK""]"	"[""move the retained bundle id out of the manifest comment""]"	repository-native-focused-check	unchanged-since-review
67	review-unchanged-source-build-infra-packaging-mesa-mesa-profile-sh-321401406b80	work-mesa-profile-sh-original-line-4-3b40fa3bf7e7	2026-08-22T22:12:37Z	build-infra/packaging/mesa-gororoba/mesa-gororoba-profile.sh	original line 4	1	"[""1701""]"	"[""PRRT_kwDOR3YK5M6bbo3R""]"	"[""keep the staged icd out of automatically sourced profiles""]"	shellcheck-and-script-test	unchanged-since-review
68	review-unchanged-source-src-amd-r300-cpu-r300-cpu-vertex-c-1c70f8a4cbde	work-r300-cpu-vertex-c-r300-cpu-vertex-gather-baseline-ba812ac4b422	2026-08-22T23:16:45Z	src/amd/r300/cpu/r300_cpu_vertex.c	r300 cpu vertex gather baseline	1	"[""1708""]"	"[""PRRT_kwDOR3YK5M6bb7Gl""]"	"[""keep the vertex index wide across the gather loop""]"	warning-clean-driver-build-and-focused-test	unchanged-since-review
69	review-unchanged-source-src-amd-r300-common-tests-r300-fetched-route-d0af12e2c6cc	work-r300-fetched-route-digests-h-original-line-11-46dc65000f0e	2026-08-23T06:13:41Z	src/amd/r300/common/tests/r300_fetched_route_digests.h	original line 11	1	"[""1717""]"	"[""PRRT_kwDOR3YK5M6bdhiV""]"	"[""move retained bundle names out of the source comment""]"	warning-clean-driver-build-and-focused-test	unchanged-since-review
70	review-unchanged-source-src-amd-r300-vulkan-tests-r3v-native-attended-d2ef219b5fdb	work-r3v-native-attended-varying-triangle-c-original-line-42-fdc13499674f	2026-08-23T07:41:41Z	src/amd/r300/vulkan/tests/r3v_native_attended_varying_triangle.c	original line 42	1	"[""1720""]"	"[""PRRT_kwDOR3YK5M6bd5Hx""]"	"[""implement or remove the unreachable carrier verdict""]"	warning-clean-driver-build-and-focused-test	unchanged-since-review
71	review-unchanged-source-src-amd-r300-common-tests-r300-varying-cell-f18845d43cde	work-r300-varying-cell-digests-h-original-line-11-b5a9ecf3c0af	2026-08-23T07:54:00Z	src/amd/r300/common/tests/r300_varying_cell_digests.h	original line 11	1	"[""1721""]"	"[""PRRT_kwDOR3YK5M6bd9aZ""]"	"[""remove the retained bundle name from the source comment""]"	warning-clean-driver-build-and-focused-test	unchanged-since-review
72	review-unchanged-source-src-amd-r300-cpu-r300-cpu-vertex-job-68e5f26b2296	work-r300-cpu-vertex-job-c-static-inline-uint32-t-vertex-3c4811258b28	2026-08-23T10:01:22Z	src/amd/r300/cpu/r300_cpu_vertex_job.c	static inline uint32 t vertex number const uint32 t vertex ids	1	"[""1724""]"	"[""PRRT_kwDOR3YK5M6beiHT""]"	"[""reject draw dimensions before the capacity product wraps""]"	warning-clean-driver-build-and-focused-test	unchanged-since-review
72	review-unchanged-source-src-amd-r300-cpu-r300-cpu-vertex-job-68e5f26b2296	work-r300-cpu-vertex-job-c-int-r300-cpu-vertex-job-7958d484ed2d	2026-08-23T10:01:23Z	src/amd/r300/cpu/r300_cpu_vertex_job.c	int r300 cpu vertex job validate const struct r300 vertex job job	1	"[""1724""]"	"[""PRRT_kwDOR3YK5M6beiHa""]"	"[""preserve zero stride streams across instance index wrap""]"	warning-clean-driver-build-and-focused-test	unchanged-since-review
73	review-unchanged-source-src-amd-r300-common-tests-r300-compute-identity-07db06e8a5d7	work-r300-compute-identity-carrier-digests-h-original-line-12-35ea05cbc68d	2026-08-23T16:28:26Z	src/amd/r300/common/tests/r300_compute_identity_carrier_digests.h	original line 12	1	"[""1729""]"	"[""PRRT_kwDOR3YK5M6bgkg8""]"	"[""move the retained bundle identity out of the source comment""]"	warning-clean-driver-build-and-focused-test	unchanged-since-review
74	review-unchanged-source-src-amd-r300-common-tests-r300-common-liveness-ad40b40b3fa4	work-r300-common-liveness-census-py-original-line-432-6ba43bd5cb0e	2026-08-23T21:19:49Z	src/amd/r300/common/tests/r300_common_liveness_census.py	original line 432	1	"[""1733""]"	"[""PRRT_kwDOR3YK5M6biNXI""]"	"[""preserve elf symbol names reported by nm""]"	python-test-black-and-ruff	unchanged-since-review
75	review-unchanged-source-src-amd-r300-vulkan-r3v-native-memory-c-903712465f35	work-r3v-native-memory-c-r3v-getbuffermemoryrequirements2-vkdevice-device-3b76262aa4d2	2026-08-23T21:44:26Z	src/amd/r300/vulkan/r3v_native_memory.c	r3v getbuffermemoryrequirements2 vkdevice device	1	"[""1734""]"	"[""PRRT_kwDOR3YK5M6biWGm""]"	"[""make batch buffer binding atomic on refusal""]"	warning-clean-driver-build-and-focused-test	unchanged-since-review
76	review-unchanged-source-src-amd-r300-vulkan-tests-r3v-native-entrypoint-c239f2330f68	work-r3v-native-entrypoint-audit-py-original-line-117-96d316a099a4	2026-08-23T22:32:15Z	src/amd/r300/vulkan/tests/r3v_native_entrypoint_audit.py	original line 117	1	"[""1746""]"	"[""PRRT_kwDOR3YK5M6bimU6""]"	"[""classify the newly live event commands in the audit""]"	python-test-black-and-ruff	unchanged-since-review
77	review-unchanged-source-src-amd-r300-common-r300-chip-identity-c-8f8667ba1617	work-r300-chip-identity-c-r300-chip-identity-lookup-uint16-t-a4c6ad918548	2026-08-23T23:07:40Z	src/amd/r300/common/r300_chip_identity.c	r300 chip identity lookup uint16 t pci vendor uint16 t pci device	1	"[""1751""]"	"[""PRRT_kwDOR3YK5M6biyBH""]"	"[""restrict measured facts to the rs482 pci id""]"	warning-clean-driver-build-and-focused-test	unchanged-since-review
77	review-unchanged-source-src-amd-r300-common-r300-chip-identity-c-8f8667ba1617	work-r300-chip-identity-c-r300-die-class-from-family-enum-682ed9ff8ce5	2026-08-23T23:07:41Z	src/amd/r300/common/r300_chip_identity.c	r300 die class from family enum radeon family family	1	"[""1751""]"	"[""PRRT_kwDOR3YK5M6biyBL""]"	"[""distinguish alu slots from total us instructions""]"	warning-clean-driver-build-and-focused-test	unchanged-since-review
78	review-unchanged-source-src-amd-r300-common-r300-chip-identity-h-a6d2ac8628cc	work-r300-chip-identity-h-enum-r300-die-class-5504e961d82f	2026-08-23T23:07:41Z	src/amd/r300/common/r300_chip_identity.h	enum r300 die class	1	"[""1751""]"	"[""PRRT_kwDOR3YK5M6biyBP""]"	"[""keep die fact provenance in the mesa checkout""]"	warning-clean-driver-build-and-focused-test	unchanged-since-review
79	review-unchanged-source-src-amd-r300-common-tests-r300-common-boundary-51154570fb85	work-r300-common-boundary-audit-py-def-strip-outer-parentheses-expression-f1a75268c1d1	2026-08-24T01:33:25Z	src/amd/r300/common/tests/r300_common_boundary_audit.py	def strip outer parentheses expression str str	2	"[""1752""]"	"[""PRRT_kwDOR3YK5M6bjpd0"",""PRRT_kwDOR3YK5M6bjpdz""]"	"[""remove the parser helpers orphaned by unconditional scanning"",""ground the whole file scan comments in the actual mechanism""]"	python-test-black-and-ruff	unchanged-since-review
80	review-unchanged-source-src-amd-r300-vulkan-tests-r3v-native-memory-99f25a9950d4	work-r3v-native-memory-concurrency-harness-c-original-line-220-b952813920e9	2026-08-24T15:54:36Z	src/amd/r300/vulkan/tests/r3v_native_memory_concurrency_harness.c	original line 220	1	"[""1755""]"	"[""PRRT_kwDOR3YK5M6bwr41""]"	"[""synchronize workers before measuring concurrency""]"	warning-clean-driver-build-and-focused-test	unchanged-since-review
80	review-unchanged-source-src-amd-r300-vulkan-tests-r3v-native-memory-99f25a9950d4	work-r3v-native-memory-concurrency-harness-c-original-line-315-8887f7a2c1d4	2026-08-24T15:54:36Z	src/amd/r300/vulkan/tests/r3v_native_memory_concurrency_harness.c	original line 315	1	"[""1755""]"	"[""PRRT_kwDOR3YK5M6bwr49""]"	"[""track free publications per memory object""]"	warning-clean-driver-build-and-focused-test	unchanged-since-review
80	review-unchanged-source-src-amd-r300-vulkan-tests-r3v-native-memory-99f25a9950d4	work-r3v-native-memory-concurrency-harness-c-original-line-332-386d51d1a0a3	2026-08-24T15:54:36Z	src/amd/r300/vulkan/tests/r3v_native_memory_concurrency_harness.c	original line 332	1	"[""1755""]"	"[""PRRT_kwDOR3YK5M6bwr4w""]"	"[""exercise a transport reaching submit in the loss arm""]"	warning-clean-driver-build-and-focused-test	unchanged-since-review
80	review-unchanged-source-src-amd-r300-vulkan-tests-r3v-native-memory-99f25a9950d4	work-r3v-native-memory-concurrency-harness-c-original-line-93-bb3681ff1108	2026-08-24T15:54:36Z	src/amd/r300/vulkan/tests/r3v_native_memory_concurrency_harness.c	original line 93	1	"[""1755""]"	"[""PRRT_kwDOR3YK5M6bwr45""]"	"[""exercise shareable handles before claiming table concurrency""]"	warning-clean-driver-build-and-focused-test	unchanged-since-review
81	review-unchanged-source-src-amd-r300-vulkan-tests-r3v-kernel-memory-f8569dd7a273	work-r3v-kernel-memory-contract-pin-py-original-line-56-c8a8dc4fa107	2026-08-24T15:56:46Z	src/amd/r300/vulkan/tests/r3v_kernel_memory_contract_pin.py	original line 56	2	"[""1756""]"	"[""PRRT_kwDOR3YK5M6bwurA"",""PRRT_kwDOR3YK5M6bwurH""]"	"[""reject duplicate contract row identifiers"",""pin the contract schema alongside its rows""]"	python-test-black-and-ruff	unchanged-since-review
81	review-unchanged-source-src-amd-r300-vulkan-tests-r3v-kernel-memory-f8569dd7a273	work-r3v-kernel-memory-contract-pin-py-original-line-79-defbd1c3718e	2026-08-24T15:56:46Z	src/amd/r300/vulkan/tests/r3v_kernel_memory_contract_pin.py	original line 79	1	"[""1756""]"	"[""PRRT_kwDOR3YK5M6bwuq9""]"	"[""keep calibration checks active under optimized python""]"	python-test-black-and-ruff	unchanged-since-review
82	review-unchanged-source-src-amd-r300-vulkan-tests-r3v-conformance-runner-0f5750ab99ff	work-r3v-conformance-runner-fixture-info-qpa-original-line-8-69ebb996569c	2026-08-24T20:12:38Z	src/amd/r300/vulkan/tests/r3v_conformance_runner_fixture_info.qpa	original line 8	1	"[""1761""]"	"[""PRRT_kwDOR3YK5M6b1p6S""]"	"[""remove the local absolute path from the fixture""]"	repository-native-focused-check	unchanged-since-review
83	review-unchanged-source-docs-hardware-rs482-composed-surface-campaign-md-5d85cad0c97c	work-rs482-composed-surface-campaign-md-mechanisms-sharing-one-radix-i-90605bf41617	2026-08-24T20:17:02Z	docs/hardware/rs482-composed-surface-campaign.md	mechanisms sharing one radix i q 2048 r and no unified law	1	"[""1764""]"	"[""PRRT_kwDOR3YK5M6b1vLd""]"	"[""preserve an exact finding identifier""]"	documentation-symbol-and-link-check	unchanged-since-review
84	review-unchanged-source-src-amd-r300-vulkan-tests-r3v-native-attended-a3a383763922	work-r3v-native-attended-compute-identity-c-main-int-argc-char-738f8cf99079	2026-08-24T20:21:15Z	src/amd/r300/vulkan/tests/r3v_native_attended_compute_identity.c	main int argc char argv	1	"[""1765""]"	"[""PRRT_kwDOR3YK5M6b10J2""]"	"[""use the canonical macro in queue gate callers""]"	warning-clean-driver-build-and-focused-test	unchanged-since-review
85	review-unchanged-source-src-amd-r300-vulkan-tests-r3v-vulkan10-requirement-6453a7b8ca7b	work-r3v-vulkan10-requirement-inventory-py-def-parse-granted-features-physica-6d6e7cac2131	2026-08-24T20:21:15Z	src/amd/r300/vulkan/tests/r3v_vulkan10_requirement_inventory.py	def parse granted features physical device text	1	"[""1765""]"	"[""PRRT_kwDOR3YK5M6b10Jt""]"	"[""verify the ledger derivation before claiming it in inventory""]"	python-test-black-and-ruff	unchanged-since-review
86	review-unchanged-source-src-amd-r300-vulkan-tests-r3v-deqp-provision-51540a3b761f	work-r3v-deqp-provision-py-original-line-183-dd6d57c61a47	2026-08-24T22:25:29Z	src/amd/r300/vulkan/tests/r3v_deqp_provision.py	original line 183	1	"[""1768""]"	"[""PRRT_kwDOR3YK5M6b35q3""]"	"[""bind the cmake cache to the binary it describes""]"	python-test-black-and-ruff	unchanged-since-review
86	review-unchanged-source-src-amd-r300-vulkan-tests-r3v-deqp-provision-51540a3b761f	work-r3v-deqp-provision-py-original-line-215-a5f1f069cc06	2026-08-24T22:25:29Z	src/amd/r300/vulkan/tests/r3v_deqp_provision.py	original line 215	2	"[""1768""]"	"[""PRRT_kwDOR3YK5M6b35q_"",""PRRT_kwDOR3YK5M6b35qu""]"	"[""reject bundle destinations nested under copied inputs"",""validate the copied corpus against the checked in pin""]"	python-test-black-and-ruff	unchanged-since-review
86	review-unchanged-source-src-amd-r300-vulkan-tests-r3v-deqp-provision-51540a3b761f	work-r3v-deqp-provision-py-original-line-253-383ae0516d5c	2026-08-24T22:25:29Z	src/amd/r300/vulkan/tests/r3v_deqp_provision.py	original line 253	2	"[""1768""]"	"[""PRRT_kwDOR3YK5M6b35rF"",""PRRT_kwDOR3YK5M6b4SNv""]"	"[""reject unsupported provenance schema versions"",""preserve non isa gnu properties while stripping the level""]"	python-test-black-and-ruff	unchanged-since-review
86	review-unchanged-source-src-amd-r300-vulkan-tests-r3v-deqp-provision-51540a3b761f	work-r3v-deqp-provision-py-original-line-260-64f2e1c7fb24	2026-08-24T22:25:29Z	src/amd/r300/vulkan/tests/r3v_deqp_provision.py	original line 260	1	"[""1768""]"	"[""PRRT_kwDOR3YK5M6b35q5""]"	"[""verify that the transported binary remains executable""]"	python-test-black-and-ruff	unchanged-since-review
86	review-unchanged-source-src-amd-r300-vulkan-tests-r3v-deqp-provision-51540a3b761f	work-r3v-deqp-provision-py-original-line-119-4209beb1f50e	2026-08-24T22:54:13Z	src/amd/r300/vulkan/tests/r3v_deqp_provision.py	original line 119	1	"[""1768""]"	"[""PRRT_kwDOR3YK5M6b4SNq""]"	"[""reject non x86 64 deqp executables""]"	python-test-black-and-ruff	unchanged-since-review
86	review-unchanged-source-src-amd-r300-vulkan-tests-r3v-deqp-provision-51540a3b761f	work-r3v-deqp-provision-py-original-line-121-ad99ea2f09e8	2026-08-24T22:54:13Z	src/amd/r300/vulkan/tests/r3v_deqp_provision.py	original line 121	1	"[""1768""]"	"[""PRRT_kwDOR3YK5M6b4SN3""]"	"[""verify target symbol version compatibility""]"	python-test-black-and-ruff	unchanged-since-review
86	review-unchanged-source-src-amd-r300-vulkan-tests-r3v-deqp-provision-51540a3b761f	work-r3v-deqp-provision-py-original-line-366-363308104d08	2026-08-24T22:54:13Z	src/amd/r300/vulkan/tests/r3v_deqp_provision.py	original line 366	1	"[""1768""]"	"[""PRRT_kwDOR3YK5M6b4SN5""]"	"[""isolate synthetic commits from global signing configuration""]"	python-test-black-and-ruff	unchanged-since-review
86	review-unchanged-source-src-amd-r300-vulkan-tests-r3v-deqp-provision-51540a3b761f	work-r3v-deqp-provision-py-original-line-251-911b8cf27c11	2026-08-24T23:00:16Z	src/amd/r300/vulkan/tests/r3v_deqp_provision.py	original line 251	1	"[""1768""]"	"[""PRRT_kwDOR3YK5M6b4Xou""]"	"[""keep bundle output outside the source checkout""]"	python-test-black-and-ruff	unchanged-since-review
86	review-unchanged-source-src-amd-r300-vulkan-tests-r3v-deqp-provision-51540a3b761f	work-r3v-deqp-provision-py-original-line-407-3c29da419aea	2026-08-24T23:00:16Z	src/amd/r300/vulkan/tests/r3v_deqp_provision.py	original line 407	1	"[""1768""]"	"[""PRRT_kwDOR3YK5M6b4Xoz""]"	"[""calibrate the elevated isa note path on every host""]"	python-test-black-and-ruff	unchanged-since-review
87	review-unchanged-source-src-amd-r300-vulkan-tests-r3v-native-plan-a57f5db273f6	work-r3v-native-plan-tool-c-original-line-27-2f0c3494a7e5	2026-08-24T22:59:18Z	src/amd/r300/vulkan/tests/r3v_native_plan_tool.c	original line 27	1	"[""1770""]"	"[""PRRT_kwDOR3YK5M6b4WuI""]"	"[""reject seek failures before parsing plan input""]"	warning-clean-driver-build-and-focused-test	unchanged-since-review
87	review-unchanged-source-src-amd-r300-vulkan-tests-r3v-native-plan-a57f5db273f6	work-r3v-native-plan-tool-c-original-line-178-160af0631ffc	2026-08-24T23:11:21Z	src/amd/r300/vulkan/tests/r3v_native_plan_tool.c	original line 178	1	"[""1770""]"	"[""PRRT_kwDOR3YK5M6b4gam""]"	"[""require a captured transcript shape before composing""]"	warning-clean-driver-build-and-focused-test	unchanged-since-review
87	review-unchanged-source-src-amd-r300-vulkan-tests-r3v-native-plan-a57f5db273f6	work-r3v-native-plan-tool-c-original-line-135-3d36412216ac	2026-08-24T23:23:10Z	src/amd/r300/vulkan/tests/r3v_native_plan_tool.c	original line 135	1	"[""1770""]"	"[""PRRT_kwDOR3YK5M6b4pyv""]"	"[""reject an unpaired final compose argument""]"	warning-clean-driver-build-and-focused-test	unchanged-since-review
87	review-unchanged-source-src-amd-r300-vulkan-tests-r3v-native-plan-a57f5db273f6	work-r3v-native-plan-tool-c-original-line-67-80c2362b87dc	2026-08-24T23:31:33Z	src/amd/r300/vulkan/tests/r3v_native_plan_tool.c	original line 67	1	"[""1770""]"	"[""PRRT_kwDOR3YK5M6b4wDD""]"	"[""handle plan serialization allocation failure""]"	warning-clean-driver-build-and-focused-test	unchanged-since-review
88	review-unchanged-source-src-amd-r300-vulkan-tests-r3v-native-queue-1bbb29a56d87	work-r3v-native-queue-claim-report-c-original-line-56-6b391a7659c3	2026-08-24T23:05:35Z	src/amd/r300/vulkan/tests/r3v_native_queue_claim_report.c	original line 56	1	"[""1772""]"	"[""PRRT_kwDOR3YK5M6b4buA""]"	"[""bind the queue report to the icd under test""]"	warning-clean-driver-build-and-focused-test	unchanged-since-review
88	review-unchanged-source-src-amd-r300-vulkan-tests-r3v-native-queue-1bbb29a56d87	work-r3v-native-queue-claim-report-c-original-line-82-b14fa0d01cf4	2026-08-24T23:27:30Z	src/amd/r300/vulkan/tests/r3v_native_queue_claim_report.c	original line 82	1	"[""1772""]"	"[""PRRT_kwDOR3YK5M6b4tFo""]"	"[""reject incomplete physical device enumeration""]"	warning-clean-driver-build-and-focused-test	unchanged-since-review
89	review-unchanged-source-src-amd-r300-vulkan-r3v-native-object-c-49d53962d745	work-r3v-native-object-c-r3v-createbufferview-vkdevice-device-fba9f34bec3f	2026-08-24T23:23:43Z	src/amd/r300/vulkan/r3v_native_object.c	r3v createbufferview vkdevice device	2	"[""1773""]"	"[""PRRT_kwDOR3YK5M6b4qNX"",""PRRT_kwDOR3YK5M6b4qNe""]"	"[""accept partial texel tails for vk whole size views"",""update the entrypoint behavior audit for live buffer views""]"	warning-clean-driver-build-and-focused-test	unchanged-since-review
90	review-unchanged-source-src-amd-r300-vulkan-tests-r3v-cs-ioctl-29a0654b84ea	work-r3v-cs-ioctl-trace-py-original-line-149-d773199db045	2026-08-24T23:32:11Z	src/amd/r300/vulkan/tests/r3v_cs_ioctl_trace.py	original line 149	1	"[""1776""]"	"[""PRRT_kwDOR3YK5M6b4wiQ""]"	"[""attribute cs requests to the radeon render descriptor""]"	python-test-black-and-ruff	unchanged-since-review
90	review-unchanged-source-src-amd-r300-vulkan-tests-r3v-cs-ioctl-29a0654b84ea	work-r3v-cs-ioctl-trace-py-original-line-337-eb540049487e	2026-08-24T23:32:11Z	src/amd/r300/vulkan/tests/r3v_cs_ioctl_trace.py	original line 337	1	"[""1776""]"	"[""PRRT_kwDOR3YK5M6b4wiC""]"	"[""refuse harness calibration without a verified shim""]"	python-test-black-and-ruff	unchanged-since-review
90	review-unchanged-source-src-amd-r300-vulkan-tests-r3v-cs-ioctl-29a0654b84ea	work-r3v-cs-ioctl-trace-py-original-line-234-4bae53841330	2026-08-24T23:54:16Z	src/amd/r300/vulkan/tests/r3v_cs_ioctl_trace.py	original line 234	1	"[""1776""]"	"[""PRRT_kwDOR3YK5M6b5AJe""]"	"[""inspect the tracee s effective preload environment""]"	python-test-black-and-ruff	unchanged-since-review
90	review-unchanged-source-src-amd-r300-vulkan-tests-r3v-cs-ioctl-29a0654b84ea	work-r3v-cs-ioctl-trace-py-original-line-251-a004c60852f0	2026-08-24T23:54:16Z	src/amd/r300/vulkan/tests/r3v_cs_ioctl_trace.py	original line 251	1	"[""1776""]"	"[""PRRT_kwDOR3YK5M6b5AJf""]"	"[""reject colliding trace and summary paths""]"	python-test-black-and-ruff	unchanged-since-review
91	review-unchanged-source-src-amd-r300-vulkan-r3v-native-plan-replay-564d513dd52a	work-r3v-native-plan-replay-c-original-line-107-8b2d831b5391	2026-08-24T23:51:16Z	src/amd/r300/vulkan/r3v_native_plan_replay.c	original line 107	1	"[""1778""]"	"[""PRRT_kwDOR3YK5M6b4-Fc""]"	"[""accept every plan permitted by the schema limits""]"	warning-clean-driver-build-and-focused-test	unchanged-since-review
91	review-unchanged-source-src-amd-r300-vulkan-r3v-native-plan-replay-564d513dd52a	work-r3v-native-plan-replay-c-original-line-219-49acd3381f01	2026-08-24T23:51:16Z	src/amd/r300/vulkan/r3v_native_plan_replay.c	original line 219	1	"[""1778""]"	"[""PRRT_kwDOR3YK5M6b4-FT""]"	"[""claim the evidence directory atomically""]"	warning-clean-driver-build-and-focused-test	unchanged-since-review
91	review-unchanged-source-src-amd-r300-vulkan-r3v-native-plan-replay-564d513dd52a	work-r3v-native-plan-replay-c-original-line-261-24e27a0deed0	2026-08-24T23:51:16Z	src/amd/r300/vulkan/r3v_native_plan_replay.c	original line 261	1	"[""1778""]"	"[""PRRT_kwDOR3YK5M6b4-Fh""]"	"[""sync directories after publishing replay evidence""]"	warning-clean-driver-build-and-focused-test	unchanged-since-review
91	review-unchanged-source-src-amd-r300-vulkan-r3v-native-plan-replay-564d513dd52a	work-r3v-native-plan-replay-c-original-line-274-587e41f6d3b6	2026-08-24T23:51:16Z	src/amd/r300/vulkan/r3v_native_plan_replay.c	original line 274	1	"[""1778""]"	"[""PRRT_kwDOR3YK5M6b4-FY""]"	"[""include the complete submission entry in the chain digest""]"	warning-clean-driver-build-and-focused-test	unchanged-since-review
91	review-unchanged-source-src-amd-r300-vulkan-r3v-native-plan-replay-564d513dd52a	work-r3v-native-plan-replay-c-original-line-368-a68022de1ed1	2026-08-24T23:51:16Z	src/amd/r300/vulkan/r3v_native_plan_replay.c	original line 368	1	"[""1778""]"	"[""PRRT_kwDOR3YK5M6b4-Fg""]"	"[""preserve the terminal failure detail at close""]"	warning-clean-driver-build-and-focused-test	unchanged-since-review
91	review-unchanged-source-src-amd-r300-vulkan-r3v-native-plan-replay-564d513dd52a	work-r3v-native-plan-replay-c-original-line-312-f82b45a60da4	2026-08-24T23:58:32Z	src/amd/r300/vulkan/r3v_native_plan_replay.c	original line 312	1	"[""1778""]"	"[""PRRT_kwDOR3YK5M6b5DPR""]"	"[""bind host side operations into each plan entry""]"	warning-clean-driver-build-and-focused-test	unchanged-since-review
91	review-unchanged-source-src-amd-r300-vulkan-r3v-native-plan-replay-564d513dd52a	work-r3v-native-plan-replay-c-original-line-337-b827ec677364	2026-08-24T23:58:32Z	src/amd/r300/vulkan/r3v_native_plan_replay.c	original line 337	1	"[""1778""]"	"[""PRRT_kwDOR3YK5M6b5DPT""]"	"[""persist the consumed index after each admission""]"	warning-clean-driver-build-and-focused-test	unchanged-since-review
91	review-unchanged-source-src-amd-r300-vulkan-r3v-native-plan-replay-564d513dd52a	work-r3v-native-plan-replay-c-original-line-439-c1cf6d11df95	2026-08-25T00:08:24Z	src/amd/r300/vulkan/r3v_native_plan_replay.c	original line 439	1	"[""1778""]"	"[""PRRT_kwDOR3YK5M6b5JqL""]"	"[""enforce the runtime ceiling when closing the session""]"	warning-clean-driver-build-and-focused-test	unchanged-since-review
91	review-unchanged-source-src-amd-r300-vulkan-r3v-native-plan-replay-564d513dd52a	work-r3v-native-plan-replay-c-original-line-445-daef06a017b1	2026-08-25T00:08:24Z	src/amd/r300/vulkan/r3v_native_plan_replay.c	original line 445	1	"[""1778""]"	"[""PRRT_kwDOR3YK5M6b5JqG""]"	"[""fail closed when the final state write fails""]"	warning-clean-driver-build-and-focused-test	unchanged-since-review
92	review-unchanged-source-src-amd-r300-vulkan-tests-r3v-advertised-surface-6c28fcbdf919	work-r3v-advertised-surface-deqp-binding-py-class-bindingfailure-exception-2d95445df36c	2026-08-24T23:54:43Z	src/amd/r300/vulkan/tests/r3v_advertised_surface_deqp_binding.py	class bindingfailure exception	1	"[""1773""]"	"[""PRRT_kwDOR3YK5M6b5AeQ""]"	"[""include the format property field in each derived grant""]"	python-test-black-and-ruff	unchanged-since-review
93	review-unchanged-source-src-amd-r300-common-r300-compute-verb-c-3e736775ed27	work-r300-compute-verb-c-original-line-8-3ba8d99dcd64	2026-08-25T04:40:18Z	src/amd/r300/common/r300_compute_verb.c	original line 8	1	"[""1785""]"	"[""PRRT_kwDOR3YK5M6b8BBz""]"	"[""add the required symbol discovery method""]"	warning-clean-driver-build-and-focused-test	unchanged-since-review
94	review-unchanged-source-src-amd-r300-vulkan-tests-r3v-native-plan-af78c2a42e88	work-r3v-native-plan-compose-shard-py-def-entry-count-tool-c557cafbe139	2026-08-25T06:40:46Z	src/amd/r300/vulkan/tests/r3v_native_plan_compose_shard.py	def entry count tool path	1	"[""1787""]"	"[""PRRT_kwDOR3YK5M6b9gLm""]"	"[""remove stale plans when refusing a case""]"	python-test-black-and-ruff	unchanged-since-review
94	review-unchanged-source-src-amd-r300-vulkan-tests-r3v-native-plan-af78c2a42e88	work-r3v-native-plan-compose-shard-py-def-sha256-file-path-9331d57f9284	2026-08-25T06:40:46Z	src/amd/r300/vulkan/tests/r3v_native_plan_compose_shard.py	def sha256 file path	2	"[""1787""]"	"[""PRRT_kwDOR3YK5M6b9gLj"",""PRRT_kwDOR3YK5M6b9gLw""]"	"[""refuse incomplete transcript staging files"",""reject ordinals outside the driver s unsigned range""]"	python-test-black-and-ruff	unchanged-since-review
95	review-unchanged-source-src-amd-r300-vulkan-tests-r3v-conformance-partition-d68e4254b8e0	work-r3v-conformance-partition-tsv-order-slice-groups-hazard-required-evidenc-c3ade32f15e8	2026-08-25T13:19:52Z	src/amd/r300/vulkan/tests/r3v_conformance_partition.tsv	order slice groups hazard required evidence	2	"[""1791""]"	"[""PRRT_kwDOR3YK5M6cFjZ6"",""PRRT_kwDOR3YK5M6cFjaC""]"	"[""rename the newly classified submission slices"",""require silicon for the newly unblocked query slices""]"	schema-generator-and-mutation-check	unchanged-since-review
96	review-unchanged-source-src-amd-r300-vulkan-tests-r3v-native-swapchain-c3f8fa2ab08c	work-r3v-native-swapchain-absence-audit-py-original-line-32-300936af5b0e	2026-08-25T13:28:38Z	src/amd/r300/vulkan/tests/r3v_native_swapchain_absence_audit.py	original line 32	1	"[""1792""]"	"[""PRRT_kwDOR3YK5M6cFxqP""]"	"[""audit the wsi dispatch overlay instead of an r3v symbol""]"	python-test-black-and-ruff	unchanged-since-review
97	review-unchanged-source-src-amd-r300-vulkan-tests-r3v-wsi-registration-4225826aad70	work-r3v-wsi-registration-gate-audit-py-original-line-103-5149fc4d28ae	2026-08-25T13:28:38Z	src/amd/r300/vulkan/tests/r3v_wsi_registration_gate_audit.py	original line 103	1	"[""1792""]"	"[""PRRT_kwDOR3YK5M6cFxp-""]"	"[""validate the guard s boolean expression""]"	python-test-black-and-ruff	unchanged-since-review
97	review-unchanged-source-src-amd-r300-vulkan-tests-r3v-wsi-registration-4225826aad70	work-r3v-wsi-registration-gate-audit-py-original-line-110-7b5384ca653d	2026-08-25T13:46:47Z	src/amd/r300/vulkan/tests/r3v_wsi_registration_gate_audit.py	original line 110	1	"[""1792""]"	"[""PRRT_kwDOR3YK5M6cGMdw""]"	"[""inspect every occurrence of each registration marker""]"	python-test-black-and-ruff	unchanged-since-review
97	review-unchanged-source-src-amd-r300-vulkan-tests-r3v-wsi-registration-4225826aad70	work-r3v-wsi-registration-gate-audit-py-original-line-149-b786dd04e2af	2026-08-25T13:46:47Z	src/amd/r300/vulkan/tests/r3v_wsi_registration_gate_audit.py	original line 149	1	"[""1792""]"	"[""PRRT_kwDOR3YK5M6cGMeN""]"	"[""reject any conditional wrapper self test registration""]"	python-test-black-and-ruff	unchanged-since-review
97	review-unchanged-source-src-amd-r300-vulkan-tests-r3v-wsi-registration-4225826aad70	work-r3v-wsi-registration-gate-audit-py-original-line-91-25a86dd0e819	2026-08-25T13:46:47Z	src/amd/r300/vulkan/tests/r3v_wsi_registration_gate_audit.py	original line 91	1	"[""1792""]"	"[""PRRT_kwDOR3YK5M6cGMdg""]"	"[""reject registrations placed in an else branch""]"	python-test-black-and-ruff	unchanged-since-review
98	review-unchanged-source-src-amd-r300-vulkan-tests-r3v-wsi-init-7ad983ed858f	work-r3v-wsi-init-comment-parity-audit-py-original-line-111-9993064f4b80	2026-08-25T13:46:47Z	src/amd/r300/vulkan/tests/r3v_wsi_init_comment_parity_audit.py	original line 111	1	"[""1792""]"	"[""PRRT_kwDOR3YK5M6cGMeD""]"	"[""fail when an expected comment site disappears""]"	python-test-black-and-ruff	unchanged-since-review
98	review-unchanged-source-src-amd-r300-vulkan-tests-r3v-wsi-init-7ad983ed858f	work-r3v-wsi-init-comment-parity-audit-py-original-line-117-4f503f728f3a	2026-08-25T13:46:47Z	src/amd/r300/vulkan/tests/r3v_wsi_init_comment_parity_audit.py	original line 117	1	"[""1792""]"	"[""PRRT_kwDOR3YK5M6cGMdn""]"	"[""validate the comment s route semantics""]"	python-test-black-and-ruff	unchanged-since-review
99	review-unchanged-source-src-amd-r300-vulkan-tests-r3v-conformance-partition-d9ff833490e1	work-r3v-conformance-partition-py-def-slice-for-caselist-manifest-caselist-fe13771f9f25	2026-08-25T15:15:41Z	src/amd/r300/vulkan/tests/r3v_conformance_partition.py	def slice for caselist manifest caselist path	1	"[""1796""]"	"[""PRRT_kwDOR3YK5M6cIUng""]"	"[""reject subset cases owned by more than one shard""]"	python-test-black-and-ruff	unchanged-since-review
100	review-unchanged-source-src-amd-r300-vulkan-tests-r3v-kernel-deployment-555112798344	work-r3v-kernel-deployment-reconcile-py-original-line-123-8bc5de8920b6	2026-08-25T15:15:41Z	src/amd/r300/vulkan/tests/r3v_kernel_deployment_reconcile.py	original line 123	1	"[""1796""]"	"[""PRRT_kwDOR3YK5M6cIUnI""]"	"[""refuse deployed checkpoints missing a pinned contract file""]"	python-test-black-and-ruff	unchanged-since-review
100	review-unchanged-source-src-amd-r300-vulkan-tests-r3v-kernel-deployment-555112798344	work-r3v-kernel-deployment-reconcile-py-original-line-144-1b74a1753ba8	2026-08-25T15:15:41Z	src/amd/r300/vulkan/tests/r3v_kernel_deployment_reconcile.py	original line 144	1	"[""1796""]"	"[""PRRT_kwDOR3YK5M6cIUnb""]"	"[""require classification of kernel paths that affect radeon""]"	python-test-black-and-ruff	unchanged-since-review
100	review-unchanged-source-src-amd-r300-vulkan-tests-r3v-kernel-deployment-555112798344	work-r3v-kernel-deployment-reconcile-py-original-line-160-9313bacf33b1	2026-08-25T15:15:41Z	src/amd/r300/vulkan/tests/r3v_kernel_deployment_reconcile.py	original line 160	1	"[""1796""]"	"[""PRRT_kwDOR3YK5M6cIUnQ""]"	"[""separate head pin failures from deployment required deltas""]"	python-test-black-and-ruff	unchanged-since-review
100	review-unchanged-source-src-amd-r300-vulkan-tests-r3v-kernel-deployment-555112798344	work-r3v-kernel-deployment-reconcile-py-original-line-172-90a721b08006	2026-08-25T15:15:41Z	src/amd/r300/vulkan/tests/r3v_kernel_deployment_reconcile.py	original line 172	1	"[""1796""]"	"[""PRRT_kwDOR3YK5M6cIUnX""]"	"[""record the actual pin source in the sealed result""]"	python-test-black-and-ruff	unchanged-since-review
101	review-unchanged-source-src-amd-r300-vulkan-tests-r3v-native-object-48fdf8416182	work-r3v-native-object-lifetime-test-c-check-empty-secondary-execution-9717b63e587c	2026-08-26T02:11:35Z	src/amd/r300/vulkan/tests/r3v_native_object_lifetime_test.c	check empty secondary execution const struct fixture f	2	"[""1813"",""1814""]"	"[""PRRT_kwDOR3YK5M6cT_6c"",""PRRT_kwDOR3YK5M6cUAYX""]"	"[""keep the replayed secondary alive through submission"",""keep the replayed secondary valid through submission""]"	warning-clean-driver-build-and-focused-test	unchanged-since-review
102	review-unchanged-source-src-amd-r300-vulkan-r3v-native-transfer-c-9b1ab1d822b9	work-r3v-native-transfer-c-execute-copy-struct-r3v-native-device-173a4d8cd8e0	2026-08-26T02:12:15Z	src/amd/r300/vulkan/r3v_native_transfer.c	execute copy struct r3v native device device	1	"[""1814""]"	"[""PRRT_kwDOR3YK5M6cUAYY""]"	"[""name the vulkan section governing nearest sampling""]"	warning-clean-driver-build-and-focused-test	unchanged-since-review
103	review-unchanged-source-docs-hardware-r3v-wsi-denominator-md-4de49f6d37cf	work-r3v-wsi-denominator-md-driver-s-own-entry-points-69ead151e01c	2026-08-26T18:06:36Z	docs/hardware/r3v-wsi-denominator.md	driver s own entry points	1	"[""1852""]"	"[""PRRT_kwDOR3YK5M6ckN66""]"	"[""scope the refusal to images above the render ceiling""]"	documentation-symbol-and-link-check	unchanged-since-review
104	review-unchanged-source-src-amd-terascale-vulkan-terakan-queue-c-ec9d4e7cd5b7	work-terakan-queue-c-terakan-queue-submit-struct-vk-queue-const-af7bd018215c	2026-08-26T19:41:19Z	src/amd/terascale/vulkan/terakan_queue.c	terakan queue submit struct vk queue const queue base struct vk queue submit	1	"[""1858""]"	"[""PRRT_kwDOR3YK5M6cl9hN""]"	"[""run the required terakan runtime validation""]"	warning-clean-driver-build-and-focused-test	unchanged-since-review
105	review-unchanged-source-src-amd-terascale-vulkan-tests-terakan-carrier-submit-53f85487ccdc	work-terakan-carrier-submit-scratch-test-c-original-line-83-283729988d3f	2026-08-26T19:41:19Z	src/amd/terascale/vulkan/tests/terakan_carrier_submit_scratch_test.c	original line 83	1	"[""1858""]"	"[""PRRT_kwDOR3YK5M6cl9hQ""]"	"[""execute the scratch allocation outside assert""]"	warning-clean-driver-build-and-focused-test	unchanged-since-review
106	review-unchanged-source-src-amd-terascale-vulkan-nir-terakan-nir-lower-e95b7fca1caf	work-terakan-nir-lower-bindings-c-terakan-nir-lower-bindings-nir-b82b42c4c466	2026-08-26T19:50:46Z	src/amd/terascale/vulkan/nir/terakan_nir_lower_bindings.c	terakan nir lower bindings nir shader const shader	1	"[""1860""]"	"[""PRRT_kwDOR3YK5M6cmIgv""]"	"[""preserve metadata for every ssbo capable graphics stage""]"	warning-clean-driver-build-and-focused-test	unchanged-since-review
107	review-unchanged-source-src-amd-terascale-vulkan-nir-terakan-nir-lower-b85e0b18b1ef	work-terakan-nir-lower-tg4-view-swizzle-c-terakan-nir-lower-e37bc04e2755	2026-08-26T20:03:47Z	src/amd/terascale/vulkan/nir/terakan_nir_lower_tg4_view_swizzle.c	terakan nir lower tg4 view swizzle instr nir builder const b	1	"[""1861""]"	"[""PRRT_kwDOR3YK5M6cmXiv""]"	"[""include the tg4 metadata map in the shader cache key""]"	warning-clean-driver-build-and-focused-test	unchanged-since-review
108	review-unchanged-source-src-amd-terascale-vulkan-terakan-robustness-metadata-c-748fa5a91a35	work-terakan-robustness-metadata-c-terakan-robustness-metadata-apply-ba1e699f7470	2026-08-26T20:03:47Z	src/amd/terascale/vulkan/terakan_robustness_metadata.c	terakan robustness metadata apply	2	"[""1861""]"	"[""PRRT_kwDOR3YK5M6cmXil"",""PRRT_kwDOR3YK5M6cmXiq""]"	"[""use the compute stage line in explicit kcache binds"",""invalidate the shared fragment compute kcache binding""]"	warning-clean-driver-build-and-focused-test	unchanged-since-review
109	review-unchanged-source-build-infra-docs-review-thread-frontiers-merged-pr1-2648a08b9f70	work-action-frontier-tsv-original-line-1-799bf27c95d0	2026-08-26T20:26:55Z	build-infra/docs/review-thread-frontiers/merged-pr1-pr90/action-frontier.tsv	original line 1	1	"[""1864""]"	"[""PRRT_kwDOR3YK5M6cmx7f""]"	"[""keep one canonical copy of the closed frontier""]"	schema-generator-and-mutation-check	unchanged-since-review
110	review-unchanged-source-build-infra-docs-review-thread-frontiers-merged-pr93-7b162c0683ba	work-manifest-json-original-line-1-e5894eb6dd96	2026-08-26T20:26:55Z	build-infra/docs/review-thread-frontiers/merged-pr93-pr161/manifest.json	original line 1	1	"[""1864""]"	"[""PRRT_kwDOR3YK5M6cmx7e""]"	"[""rename retained bundles without pr ranges""]"	schema-generator-and-mutation-check	unchanged-since-review
111	review-unchanged-source-build-infra-scripts-review-thread-batch-capture-py-8ca7f6a22766	work-review-thread-batch-capture-py-original-line-192-ebc202e7be5f	2026-08-26T20:26:55Z	build-infra/scripts/review_thread_batch_capture.py	original line 192	1	"[""1864""]"	"[""PRRT_kwDOR3YK5M6cmx7i""]"	"[""send string graphql variables as raw fields""]"	python-test-black-and-ruff	unchanged-since-review
111	review-unchanged-source-build-infra-scripts-review-thread-batch-capture-py-8ca7f6a22766	work-review-thread-batch-capture-py-original-line-682-f771ec650d3e	2026-08-26T20:26:55Z	build-infra/scripts/review_thread_batch_capture.py	original line 682	1	"[""1864""]"	"[""PRRT_kwDOR3YK5M6cmx7X""]"	"[""revalidate thread states before accepting the capture""]"	python-test-black-and-ruff	unchanged-since-review
111	review-unchanged-source-build-infra-scripts-review-thread-batch-capture-py-8ca7f6a22766	work-review-thread-batch-capture-py-original-line-834-e1f039b23418	2026-08-26T20:26:55Z	build-infra/scripts/review_thread_batch_capture.py	original line 834	1	"[""1864""]"	"[""PRRT_kwDOR3YK5M6cmx7c""]"	"[""compare retained pr metadata with the raw response""]"	python-test-black-and-ruff	unchanged-since-review
111	review-unchanged-source-build-infra-scripts-review-thread-batch-capture-py-8ca7f6a22766	work-review-thread-batch-capture-py-original-line-890-e89c9867260a	2026-08-26T20:26:55Z	build-infra/scripts/review_thread_batch_capture.py	original line 890	1	"[""1864""]"	"[""PRRT_kwDOR3YK5M6cmx7o""]"	"[""reject pages retained after pagination termination""]"	python-test-black-and-ruff	unchanged-since-review
112	review-unchanged-source-src-amd-terascale-common-meson-build-6cd60c230df2	work-meson-build-amd-terascale-formats-c-custom-target-2cb85e428d82	2026-08-26T20:57:02Z	src/amd/terascale/common/meson.build	amd terascale formats c custom target	1	"[""1872""]"	"[""PRRT_kwDOR3YK5M6cnTwQ""]"	"[""run the pytest functions in the registered meson test""]"	configure-build-and-artifact-check	unchanged-since-review
113	review-unchanged-source-src-util-perf-gpuvis-trace-utils-h-c3fbf81e26b5	work-gpuvis-trace-utils-h-static-int-exec-tracecmd-argv-const-7eb61e99c875	2026-08-26T20:57:17Z	src/util/perf/gpuvis_trace_utils.h	static int exec tracecmd argv const char const argv bool background const	1	"[""1873""]"	"[""PRRT_kwDOR3YK5M6cnUCO""]"	"[""report background log open failures""]"	warning-clean-build-and-focused-test	unchanged-since-review
114	review-unchanged-source-build-infra-docs-review-thread-frontiers-merged-thread-ba46b63c54dc	work-default-branch-graphql-original-line-2-91183b2abe1b	2026-08-26T22:02:32Z	build-infra/docs/review-thread-frontiers/merged-thread-frontier-after-QY6A8/default-branch.graphql	original line 2	1	"[""1882""]"	"[""PRRT_kwDOR3YK5M6coWEu""]"	"[""add spdx grants to the new graphql sources""]"	repository-native-focused-check	unchanged-since-review
115	review-unchanged-source-docs-hardware-rs482-producer-alu-compaction-design-md-99f4b2a748c2	work-rs482-producer-alu-compaction-design-md-fp24-carry-bo-round-faec709aa998	2026-08-26T23:52:23Z	docs/hardware/rs482-producer-alu-compaction-design.md	fp24 carry bo round trip bit exactly follows from integrality plus the	3	"[""1892""]"	"[""PRRT_kwDOR3YK5M6cpsJr"",""PRRT_kwDOR3YK5M6cpsJv"",""PRRT_kwDOR3YK5M6cpsJy""]"	"[""update the companion source domain contract"",""require a source read proof before forwarding mov witnesses"",""use the retained negative source law as a discriminator""]"	documentation-symbol-and-link-check	unchanged-since-review
116	review-unchanged-source-build-infra-scripts-driver-root-audit-py-195dc83539a8	work-driver-root-audit-py-original-line-125-391a5d24666f	2026-08-27T03:25:46Z	build-infra/scripts/driver_root_audit.py	original line 125	1	"[""1902""]"	"[""PRRT_kwDOR3YK5M6cr2AS""]"	"[""stop accepting calls after subdir termination""]"	python-test-black-and-ruff	unchanged-since-review
116	review-unchanged-source-build-infra-scripts-driver-root-audit-py-195dc83539a8	work-driver-root-audit-py-original-line-33-ecb0a05e2a51	2026-08-27T03:25:46Z	build-infra/scripts/driver_root_audit.py	original line 33	1	"[""1902""]"	"[""PRRT_kwDOR3YK5M6cr2AX""]"	"[""use the python environment that owns meson""]"	python-test-black-and-ruff	unchanged-since-review
116	review-unchanged-source-build-infra-scripts-driver-root-audit-py-195dc83539a8	work-driver-root-audit-py-original-line-332-02f627bc764a	2026-08-27T03:25:46Z	build-infra/scripts/driver_root_audit.py	original line 332	1	"[""1902""]"	"[""PRRT_kwDOR3YK5M6cr2AR""]"	"[""bind the radv suffix to its canonical value""]"	python-test-black-and-ruff	unchanged-since-review
117	review-unchanged-source-build-infra-packaging-mesa-pkgbuild-328b9e5cedb3	work-pkgbuild-source-pkgname-git-https-github-com-oichkatzelesfrettschen-mesa-9d9ada369fd1	2026-08-28T02:20:49Z	build-infra/packaging/mesa-gororoba/PKGBUILD	source pkgname git https github com oichkatzelesfrettschen mesa 26 goror	1	"[""1957""]"	"[""PRRT_kwDOR3YK5M6dCknd""]"	"[""regenerate the loader script checksums""]"	repository-native-focused-check	unchanged-since-review
118	review-unchanged-source-src-drm-shim-device-c-00bec3a95a5f	work-device-c-drm-shim-inherited-identity-locator-char-instance-33-c57e25e753d8	2026-08-28T03:01:32Z	src/drm-shim/device.c	drm shim inherited identity locator char instance 33	1	"[""1963""]"	"[""PRRT_kwDOR3YK5M6dDAa2""]"	"[""handle changed device locators created by spawn actions""]"	warning-clean-build-and-focused-test	unchanged-since-review
119	review-unchanged-source-build-infra-docs-review-thread-classifications-merged-t-a096368e5488	work-action-frontier-tsv-drm-shim-state-token-exec-locator-p2-cd4fb6779795	2026-08-28T06:47:51Z	build-infra/docs/review-thread-classifications/merged-thread-frontier-after-WhUFS/action-frontier.tsv	drm shim state token exec locator p2 drm shim state token exec locator acceptanc	1	"[""1979""]"	"[""PRRT_kwDOR3YK5M6dFTJD""]"	"[""keep view index closure open until count calibration runs""]"	schema-generator-and-mutation-check	unchanged-since-review
120	review-unchanged-source-src-amd-r300-common-r300-tcl-bypass-triangle-56b56e4f0d16	work-r300-tcl-bypass-triangle-c-r300-tcl-bypass-triangle-multi-6ad4bc2b3fe4	2026-08-28T08:23:08Z	src/amd/r300/common/r300_tcl_bypass_triangle.c	r300 tcl bypass triangle multi pass reference count	1	"[""1982""]"	"[""PRRT_kwDOR3YK5M6dGxH3""]"	"[""reject non reference shapes in varying passes""]"	warning-clean-driver-build-and-focused-test	unchanged-since-review
121	review-shared-change-history-7c94a98b7139262e83035d11ec2c382503cb110c-e4746eabf-1e45f282bb15	work-terakan-softfp64-lifetime-contract-test-py-original-line-58-fec8187937aa	2026-08-10T12:26:10Z	src/amd/terascale/vulkan/tests/terakan_softfp64_lifetime_contract_test.py	original line 58	1	"[""1305""]"	"[""PRRT_kwDOR3YK5M6X3byR""]"	"[""verify that wsi failures reach fail device""]"	python-test-black-and-ruff	changed-since-review
122	review-shared-change-history-3c24bc929b87028d5c4ed2a90f79d3924594b258-2c8d19405-d7f2009d211a	work-r300-r2vb-c-bool-r300-r2vb-producer-interface-init-gated-849223324227	2026-08-12T02:30:07Z	src/gallium/drivers/r300/r300_r2vb.c	bool r300 r2vb producer interface init gated	1	"[""1395""]"	"[""PRRT_kwDOR3YK5M6Yb3vf""]"	"[""add symbol discovery provenance to the psc claim""]"	warning-clean-driver-build-and-focused-test	changed-since-review
123	review-shared-change-history-4af44f4212f06b31e8fd5577645a97953b7b3924-981dd80e8-d067dc38f199	work-r3v-native-loader-sweep-c-child-exit-status-int-body-aab625dc6025	2026-08-12T03:10:44Z	src/amd/r300/vulkan/tests/r3v_native_loader_sweep.c	child exit status int body status	1	"[""1399""]"	"[""PRRT_kwDOR3YK5M6YcP8D""]"	"[""retry waitpid when a signal interrupts the wait""]"	warning-clean-driver-build-and-focused-test	changed-since-review
124	review-shared-change-history-c24c0dbb6b9da164768351361130d13be09b83ee-d858b1a51-6eaf8a3b74a4	work-meson-build-if-get-option-r3v-native-backend-d69517bd1b58	2026-08-12T03:47:23Z	src/amd/r300/vulkan/meson.build	if get option r3v native backend	9	"[""1404"",""1592"",""1601"",""1610"",""1652"",""1663"",""1681"",""1695""]"	"[""PRRT_kwDOR3YK5M6YcmNc"",""PRRT_kwDOR3YK5M6ZIlCL"",""PRRT_kwDOR3YK5M6ZMYw7"",""PRRT_kwDOR3YK5M6Zdt0i"",""PRRT_kwDOR3YK5M6ao71I"",""PRRT_kwDOR3YK5M6ao71S"",""PRRT_kwDOR3YK5M6a_7y9"",""PRRT_kwDOR3YK5M6bXPWk"",""PRRT_kwDOR3YK5M6bbd_I""]"	"[""calibrate the extra slot failure in isolation"",""add the producer hardware authorization procedure"",""move the arming runner outside the drm shim guard"",""include the tuple tests in the qualification inventory"",""include every native header in the source audit"",""give the pipe format provenance one canonical home"",""add known bad calibration for the timing verdict producer"",""derive the native header census from the source closure"",""require the synthetic calibration in native only qualification""]"	configure-build-and-artifact-check	changed-since-review
125	review-shared-change-history-dcb79af9fd7fb8d0693909d799162565026a042e-ad9b4cccc-f3f7b5dbec38	work-r3v-native-entrypoint-audit-py-def-populated-slot-1e39abd228f4	2026-08-12T03:47:23Z	src/amd/r300/vulkan/tests/r3v_native_entrypoint_audit.py	def populated slot	1	"[""1404""]"	"[""PRRT_kwDOR3YK5M6YcmNY""]"	"[""track the pointer that guards each optional call""]"	python-test-black-and-ruff	changed-since-review
126	review-shared-change-history-bcc499b1470a86d5d81c998942ea3ab8f46bcf22-c19345158-1243c2410207	work-r3v-native-cell-c-r3v-native-cmd-buffer-execute-deferred-558fd7da81a3	2026-08-12T04:16:40Z	src/amd/r300/vulkan/r3v_native_cell.c	r3v native cmd buffer execute deferred draw	9	"[""1407"",""1644"",""1651"",""1722"",""1723"",""1736"",""1740""]"	"[""PRRT_kwDOR3YK5M6Yc3Z4"",""PRRT_kwDOR3YK5M6agImF"",""PRRT_kwDOR3YK5M6ao04o"",""PRRT_kwDOR3YK5M6ao04s"",""PRRT_kwDOR3YK5M6ao04y"",""PRRT_kwDOR3YK5M6beGfr"",""PRRT_kwDOR3YK5M6beOn9"",""PRRT_kwDOR3YK5M6biZso"",""PRRT_kwDOR3YK5M6bifSP""]"	"[""remove the internal source path from the comment"",""describe computed positions in the viewport contract"",""apply the viewport transform before emitting producer records"",""defer command buffer mutation until carrier mapping succeeds"",""propagate observed carrier retention failures"",""execute zero input vertex jobs before submission"",""invalidate a freshly mapped index allocation before reading"",""map the target before applying either clear"",""reverse the window space winding test""]"	warning-clean-driver-build-and-focused-test	changed-since-review
126	review-shared-change-history-bcc499b1470a86d5d81c998942ea3ab8f46bcf22-c19345158-1243c2410207	work-r3v-native-cell-c-record-triangle-cell-tail-struct-r3v-c74bba439f15	2026-08-12T04:16:40Z	src/amd/r300/vulkan/r3v_native_cell.c	record triangle cell tail struct r3v native device device	1	"[""1407""]"	"[""PRRT_kwDOR3YK5M6Yc3Z1""]"	"[""detect aliases of the same gem bo across separate mappings""]"	warning-clean-driver-build-and-focused-test	changed-since-review
127	review-shared-change-history-bcc499b1470a86d5d81c998942ea3ab8f46bcf22-c19345158-8cb786d91bbe	work-r3v-native-vertex-carrier-harness-c-main-void-f81d93989ed9	2026-08-12T04:16:40Z	src/amd/r300/vulkan/tests/r3v_native_vertex_carrier_harness.c	main void	3	"[""1407""]"	"[""PRRT_kwDOR3YK5M6Yc3Z7"",""PRRT_kwDOR3YK5M6Yc3Z9"",""PRRT_kwDOR3YK5M6Yc3Z_""]"	"[""bind the byte fixture to the canonical triangle oracle"",""attach a discovery source to the vap byte order claim"",""state the alias test as a present tense mechanism""]"	warning-clean-driver-build-and-focused-test	changed-since-review
128	review-shared-change-history-13a7613d9607af74e40127022979e901d9eef549-3757172d5-418f774b8c8c	work-r3v-native-arming-test-c-test-each-factor-refuses-void-71c4ce255bd6	2026-08-12T10:35:17Z	src/amd/r300/vulkan/tests/r3v_native_arming_test.c	test each factor refuses void	1	"[""1478""]"	"[""PRRT_kwDOR3YK5M6YiPRn""]"	"[""reserve space for the attempt token suffix""]"	warning-clean-driver-build-and-focused-test	changed-since-review
129	review-shared-change-history-8077376b79a29299a39b37c6178b7a064a9abf29-1b5ddf724-ea3bd57786be	work-r3v-native-attended-cell-procedure-md-the-run-proceeds-only-c56b8e9956ab	2026-08-12T10:56:28Z	docs/hardware/r3v-native-attended-cell-procedure.md	the run proceeds only when all of the following hold	2	"[""1486"",""1715""]"	"[""PRRT_kwDOR3YK5M6YiliQ"",""PRRT_kwDOR3YK5M6bdQpE""]"	"[""point the variable at the tcl bypass replay tool"",""nitpick the statement that the suites run with r3v native manifest dir withheld is false for the r3v native float2 tuple cell external manifest ignored test its meson test definition explicitly sets r3v native manifest dir to meson curren""]"	documentation-symbol-and-link-check	changed-since-review
130	review-shared-change-history-ccb499011d89d04f61dc012c6b2c526aa74ac231-58b08917a-7e306e1b6136	work-r300-r2vb-c-void-r300-emit-rs482-r2vb-compute-loop-8eb5af635ade	2026-08-12T14:36:59Z	src/gallium/drivers/r300/r300_r2vb.c	void r300 emit rs482 r2vb compute loop struct r300 context r300	1	"[""1540""]"	"[""PRRT_kwDOR3YK5M6Ym2kE""]"	"[""validate the new c1c packet on rs482 before landing""]"	warning-clean-driver-build-and-focused-test	changed-since-review
131	review-shared-change-history-3742009c13db4a63b0bcfdb37b1e8f2bc5d04e40-ef9a7d3a7-32cb892a48ed	work-r3v-source-header-audit-py-original-line-43-a0f216c648c1	2026-08-14T00:33:46Z	src/amd/r300/vulkan/tests/r3v_source_header_audit.py	original line 43	1	"[""1589""]"	"[""PRRT_kwDOR3YK5M6ZICHm""]"	"[""scope the upstream holder exception to r300 reg h""]"	python-test-black-and-ruff	changed-since-review
132	review-shared-change-history-13a7613d9607af74e40127022979e901d9eef549-4bd28d4e6-6add1de3dd34	work-r300-r2vb-producer-manifest-c-main-int-argc-char-argv-5d7a41403dd9	2026-08-14T01:05:15Z	src/amd/r300/common/r300_r2vb_producer_manifest.c	main int argc char argv	1	"[""1591""]"	"[""PRRT_kwDOR3YK5M6ZIX14""]"	"[""replay the generated 64 byte carrier allocation""]"	warning-clean-driver-build-and-focused-test	changed-since-review
133	review-shared-change-history-13a7613d9607af74e40127022979e901d9eef549-4bd28d4e6-d372219e6804	work-r300-r2vb-producer-pass-c-int-3d9d833517b2	2026-08-14T01:05:15Z	src/amd/r300/common/r300_r2vb_producer_pass.c	int	1	"[""1591""]"	"[""PRRT_kwDOR3YK5M6ZIX2A""]"	"[""reject fragment binaries that are not the passthrough""]"	warning-clean-driver-build-and-focused-test	changed-since-review
134	review-shared-change-history-cb3d078ed417e2b566f3f2eb30dad89ca3f552f7-4bd28d4e6-ae9254fff442	work-r3v-native-attended-producer-procedure-md-original-line-38-592b332c4c53	2026-08-14T01:24:56Z	docs/hardware/r3v-native-attended-producer-procedure.md	original line 38	1	"[""1593""]"	"[""PRRT_kwDOR3YK5M6ZIj8I""]"	"[""replay the exact producer submit object""]"	documentation-symbol-and-link-check	changed-since-review
134	review-shared-change-history-cb3d078ed417e2b566f3f2eb30dad89ca3f552f7-4bd28d4e6-ae9254fff442	work-r3v-native-attended-producer-procedure-md-original-line-53-ee6f9ff6087b	2026-08-14T01:24:56Z	docs/hardware/r3v-native-attended-producer-procedure.md	original line 53	1	"[""1593""]"	"[""PRRT_kwDOR3YK5M6ZIj8E""]"	"[""preserve partial poison as an unwritten outcome""]"	documentation-symbol-and-link-check	changed-since-review
134	review-shared-change-history-cb3d078ed417e2b566f3f2eb30dad89ca3f552f7-4bd28d4e6-ae9254fff442	work-r3v-native-attended-producer-procedure-md-original-line-56-9913e54a1b70	2026-08-14T01:24:56Z	docs/hardware/r3v-native-attended-producer-procedure.md	original line 56	1	"[""1593""]"	"[""PRRT_kwDOR3YK5M6ZIj8L""]"	"[""describe the tail as in row padding""]"	documentation-symbol-and-link-check	changed-since-review
134	review-shared-change-history-cb3d078ed417e2b566f3f2eb30dad89ca3f552f7-4bd28d4e6-ae9254fff442	work-r3v-native-attended-producer-procedure-md-original-line-67-9ceedfd0aab8	2026-08-14T01:24:56Z	docs/hardware/r3v-native-attended-producer-procedure.md	original line 67	1	"[""1593""]"	"[""PRRT_kwDOR3YK5M6ZIj8P""]"	"[""keep parser acceptance out of transport evidence""]"	documentation-symbol-and-link-check	changed-since-review
135	review-shared-change-history-4bd28d4e6ddda782e109e29e10d87116f4a45365-73949599f-22d3bbee96ed	work-r3v-native-attended-producer-c-original-line-2-322788f83112	2026-08-14T01:26:49Z	src/amd/r300/vulkan/tests/r3v_native_attended_producer.c	original line 2	1	"[""1592""]"	"[""PRRT_kwDOR3YK5M6ZIlCE""]"	"[""add real copyright lines to the new source files""]"	warning-clean-driver-build-and-focused-test	changed-since-review
135	review-shared-change-history-4bd28d4e6ddda782e109e29e10d87116f4a45365-73949599f-22d3bbee96ed	work-r3v-native-attended-producer-c-original-line-324-d7af9151b924	2026-08-14T01:26:49Z	src/amd/r300/vulkan/tests/r3v_native_attended_producer.c	original line 324	1	"[""1592""]"	"[""PRRT_kwDOR3YK5M6ZIlCG""]"	"[""preflight runner artifacts before the one shot submit""]"	warning-clean-driver-build-and-focused-test	changed-since-review
135	review-shared-change-history-4bd28d4e6ddda782e109e29e10d87116f4a45365-73949599f-22d3bbee96ed	work-r3v-native-attended-producer-c-original-line-365-138a10357fc1	2026-08-14T01:26:49Z	src/amd/r300/vulkan/tests/r3v_native_attended_producer.c	original line 365	1	"[""1592""]"	"[""PRRT_kwDOR3YK5M6ZIlCB""]"	"[""classify non poison carrier mismatches separately""]"	warning-clean-driver-build-and-focused-test	changed-since-review
136	review-shared-change-history-4bd28d4e6ddda782e109e29e10d87116f4a45365-cd2806449-49ac9a82409d	work-r3v-native-cell-c-r3v-native-record-direct-write-vkcommandbuffer-a4f0332c89b9	2026-08-14T01:26:49Z	src/amd/r300/vulkan/r3v_native_cell.c	r3v native record direct write vkcommandbuffer commandbuffer	1	"[""1592""]"	"[""PRRT_kwDOR3YK5M6ZIlCJ""]"	"[""update the implementation boundary for live r2vb delivery""]"	warning-clean-driver-build-and-focused-test	changed-since-review
137	review-shared-change-history-1ade6f743b0c204a27ba88e6e73852cbb89bce80-c6dbe5486-825465fab321	work-radeon-noop-drm-shim-c-test-fd-identity-fallback-int-e13ba3089bd0	2026-08-14T02:03:25Z	src/amd/drm-shim/radeon_noop_drm_shim.c	test fd identity fallback int fd uint16 t expected device id	1	"[""1595""]"	"[""PRRT_kwDOR3YK5M6ZI7ua""]"	"[""avoid requiring o tmpfile support from tmp""]"	warning-clean-build-and-focused-test	changed-since-review
138	review-shared-change-history-1ade6f743b0c204a27ba88e6e73852cbb89bce80-76df5bc73-afdae6019e07	work-meson-build-if-with-tests-and-cc-get-define-cc12c9010c0c	2026-08-14T02:15:30Z	src/amd/drm-shim/meson.build	if with tests and cc get define	1	"[""1596""]"	"[""PRRT_kwDOR3YK5M6ZJDFI""]"	"[""add symbol discovery provenance to the fd alias claim""]"	configure-build-and-artifact-check	changed-since-review
139	review-shared-change-history-0b52c740d47f9aa978dc3b533d0abff921e82d28-05023afc2-3f2f2add8ffd	work-drm-shim-c-copy-open-how-argument-const-struct-open-0ef18f8ff812	2026-08-14T03:23:09Z	src/drm-shim/drm_shim.c	copy open how argument const struct open how how size t how size	1	"[""1598""]"	"[""PRRT_kwDOR3YK5M6ZJrld""]"	"[""restrict eagain retries to scoped resolution races""]"	warning-clean-build-and-focused-test	changed-since-review
139	review-shared-change-history-0b52c740d47f9aa978dc3b533d0abff921e82d28-05023afc2-3f2f2add8ffd	work-drm-shim-c-direct-synthetic-path-map-at-int-dirfd-4849143fceb5	2026-08-14T03:23:09Z	src/drm-shim/drm_shim.c	direct synthetic path map at int dirfd const char path	1	"[""1598""]"	"[""PRRT_kwDOR3YK5M6ZJrla""]"	"[""classify the resolved namespace rather than the raw path""]"	warning-clean-build-and-focused-test	changed-since-review
139	review-shared-change-history-0b52c740d47f9aa978dc3b533d0abff921e82d28-05023afc2-3f2f2add8ffd	work-drm-shim-c-external-synthetic-transition-at-alloc-int-dirfd-8965b43e7535	2026-08-14T03:23:09Z	src/drm-shim/drm_shim.c	external synthetic transition at alloc int dirfd const char path	1	"[""1598""]"	"[""PRRT_kwDOR3YK5M6ZJrlf""]"	"[""preserve passthrough when procfs cannot name the walk""]"	warning-clean-build-and-focused-test	changed-since-review
140	review-shared-change-history-4bd28d4e6ddda782e109e29e10d87116f4a45365-3bd7c9fc0-a734d1a0b2c3	work-r3v-native-producer-arming-runner-c-original-line-2-783a9535fddd	2026-08-14T07:09:24Z	src/amd/r300/vulkan/tests/r3v_native_producer_arming_runner.c	original line 2	1	"[""1601""]"	"[""PRRT_kwDOR3YK5M6ZMYxC""]"	"[""add required copyright attribution to both new sources""]"	warning-clean-driver-build-and-focused-test	changed-since-review
140	review-shared-change-history-4bd28d4e6ddda782e109e29e10d87116f4a45365-3bd7c9fc0-a734d1a0b2c3	work-r3v-native-producer-arming-runner-c-original-line-28-6f1c1632a879	2026-08-14T07:09:24Z	src/amd/r300/vulkan/tests/r3v_native_producer_arming_runner.c	original line 28	1	"[""1601""]"	"[""PRRT_kwDOR3YK5M6ZMYxH""]"	"[""add symbol discovery provenance to the cross path claim""]"	warning-clean-driver-build-and-focused-test	changed-since-review
140	review-shared-change-history-4bd28d4e6ddda782e109e29e10d87116f4a45365-3bd7c9fc0-a734d1a0b2c3	work-r3v-native-producer-arming-runner-c-original-line-82-a9d6eeeed803	2026-08-14T07:09:24Z	src/amd/r300/vulkan/tests/r3v_native_producer_arming_runner.c	original line 82	1	"[""1601""]"	"[""PRRT_kwDOR3YK5M6ZMYxG""]"	"[""reject malformed pci identity overrides""]"	warning-clean-driver-build-and-focused-test	changed-since-review
140	review-shared-change-history-4bd28d4e6ddda782e109e29e10d87116f4a45365-3bd7c9fc0-a734d1a0b2c3	work-r3v-native-producer-arming-runner-check-py-original-line-38-bd421692ef25	2026-08-14T07:09:24Z	src/amd/r300/vulkan/tests/r3v_native_producer_arming_runner_check.py	original line 38	1	"[""1601""]"	"[""PRRT_kwDOR3YK5M6ZMYxA""]"	"[""calibrate the producer runner with an armed case""]"	python-test-black-and-ruff	changed-since-review
141	review-shared-change-history-73949599fe6c6eaf1c628f6397d7a131fc3d4805-5e58d1a41-e89a8ddb90b7	work-r3v-native-attended-producer-procedure-md-carrier-expected-extent-compar-3d67ef27ff9b	2026-08-14T13:57:31Z	docs/hardware/r3v-native-attended-producer-procedure.md	carrier expected extent compare tail poison retention and refusal of	3	"[""1602""]"	"[""PRRT_kwDOR3YK5M6ZTCOk"",""PRRT_kwDOR3YK5M6ZTDHJ"",""PRRT_kwDOR3YK5M6ZTDHW""]"	"[""maintainability code quality minor quick win"",""mark the executed run as reference only"",""replace the host local evidence path with a durable locator""]"	documentation-symbol-and-link-check	changed-since-review
142	review-shared-change-history-cd28064499a006a46f50f72e39c9c69dab87a7c8-3bd7c9fc0-c36c681133b9	work-r3v-native-cell-c-r3v-native-producer-cell-install-struct-845eaa0bae88	2026-08-14T13:57:31Z	src/amd/r300/vulkan/r3v_native_cell.c	r3v native producer cell install struct r3v native cmd buffer cmd buffer	1	"[""1602""]"	"[""PRRT_kwDOR3YK5M6ZTCO9""]"	"[""maintainability code quality minor quick win""]"	warning-clean-driver-build-and-focused-test	changed-since-review
143	review-shared-change-history-cd28064499a006a46f50f72e39c9c69dab87a7c8-3bd7c9fc0-3ecbc6f9b4ec	work-meson-build-test-a354f458a42e	2026-08-14T13:58:04Z	src/amd/r300/common/meson.build	test	2	"[""1602"",""1732""]"	"[""PRRT_kwDOR3YK5M6ZTDHn"",""PRRT_kwDOR3YK5M6biIrY""]"	"[""validate the sweep manifest artifacts"",""add an oracle for the registry export test""]"	configure-build-and-artifact-check	changed-since-review
144	review-shared-change-history-5e58d1a41314479752bd9e4d865bf69b4c5793ee-3bd7c9fc0-9624edc63973	work-r3v-native-attended-producer-procedure-md-tail-disturbed-0-slot-323ffa4a129d	2026-08-14T19:25:24Z	docs/hardware/r3v-native-attended-producer-procedure.md	tail disturbed 0 slot 0 byte exact to the delivery identity empty	2	"[""1605""]"	"[""PRRT_kwDOR3YK5M6ZZIYq"",""PRRT_kwDOR3YK5M6ZZIYz""]"	"[""remove target local paths from checked in procedures"",""bound the known claim to the sampled fp24 values""]"	documentation-symbol-and-link-check	changed-since-review
145	review-shared-change-history-e9307acc45eee02601f02b3131cb9ce20fe5be27-df19f9f8c-6925088198f5	work-r300-r2vb-producer-pass-c-r300-r2vb-producer-fp24-sweep-4da87facc12f	2026-08-14T20:15:19Z	src/amd/r300/common/r300_r2vb_producer_pass.c	r300 r2vb producer fp24 sweep expected uint32 t expected	1	"[""1607""]"	"[""PRRT_kwDOR3YK5M6ZZ5qL""]"	"[""state the measured fp24 property without run chronology""]"	warning-clean-driver-build-and-focused-test	changed-since-review
146	review-shared-change-history-df19f9f8ce039d894ee7bf5ed0158a873b5720e7-d98b0d511-8f9be0820816	work-r300-r2vb-float2-tuple-pass-c-original-line-1-bee14b100205	2026-08-15T01:01:52Z	src/amd/r300/common/r300_r2vb_float2_tuple_pass.c	original line 1	1	"[""1609""]"	"[""PRRT_kwDOR3YK5M6Zc7p4""]"	"[""add copyright lines to the new file headers""]"	warning-clean-driver-build-and-focused-test	changed-since-review
146	review-shared-change-history-df19f9f8ce039d894ee7bf5ed0158a873b5720e7-d98b0d511-8f9be0820816	work-r300-r2vb-float2-tuple-pass-c-original-line-323-468f7ae24050	2026-08-15T01:01:52Z	src/amd/r300/common/r300_r2vb_float2_tuple_pass.c	original line 323	1	"[""1609""]"	"[""PRRT_kwDOR3YK5M6Zc7p9""]"	"[""reset the lower vertex index clamp""]"	warning-clean-driver-build-and-focused-test	changed-since-review
147	review-shared-change-history-4fa201b313a260bff2346dfa18dbb7bb007421c2-1ed8ffbc4-578b54ea728e	work-r3v-native-attended-float2-tuple-procedure-md-original-line-25-85f30a8c16f8	2026-08-15T03:18:58Z	docs/hardware/r3v-native-attended-float2-tuple-procedure.md	original line 25	1	"[""1610""]"	"[""PRRT_kwDOR3YK5M6Zdt0k""]"	"[""replace the inherited triangle specific run steps""]"	documentation-symbol-and-link-check	changed-since-review
148	review-shared-change-history-70cb48ff40d83e237df66251480fcc87e9477954-428f6dcbb-e0d0bd9f6410	work-r300-r2vb-reingest-compose-parity-test-c-original-line-109-a8e7ea9893ff	2026-08-16T01:56:02Z	src/amd/r300/common/tests/r300_r2vb_reingest_compose_parity_test.c	original line 109	1	"[""1622""]"	"[""PRRT_kwDOR3YK5M6ZkBxx""]"	"[""compare relocation domains in the parity verdict""]"	warning-clean-driver-build-and-focused-test	changed-since-review
149	review-shared-change-history-3757172d5357cd91e512d0cbbbf0f066c4caf77b-660cc3520-a600d35c7925	work-r3v-native-status-load-machine-c-original-line-219-e4798369535b	2026-08-16T21:38:07Z	src/amd/r300/vulkan/tests/r3v_native_status_load_machine.c	original line 219	1	"[""1626""]"	"[""PRRT_kwDOR3YK5M6ZpvmN""]"	"[""require a fresh enter read before every submission""]"	warning-clean-driver-build-and-focused-test	changed-since-review
149	review-shared-change-history-3757172d5357cd91e512d0cbbbf0f066c4caf77b-660cc3520-a600d35c7925	work-r3v-native-status-load-machine-c-original-line-24-2cdddcdbd68b	2026-08-16T21:38:07Z	src/amd/r300/vulkan/tests/r3v_native_status_load_machine.c	original line 24	1	"[""1626""]"	"[""PRRT_kwDOR3YK5M6ZpvmP""]"	"[""reject malformed json fields before formatting""]"	warning-clean-driver-build-and-focused-test	changed-since-review
149	review-shared-change-history-3757172d5357cd91e512d0cbbbf0f066c4caf77b-660cc3520-a600d35c7925	work-r3v-native-status-load-machine-c-original-line-253-9a501207c2af	2026-08-16T21:38:07Z	src/amd/r300/vulkan/tests/r3v_native_status_load_machine.c	original line 253	1	"[""1626""]"	"[""PRRT_kwDOR3YK5M6ZpvmV""]"	"[""retain the carrier before aborting on a mismatch""]"	warning-clean-driver-build-and-focused-test	changed-since-review
149	review-shared-change-history-3757172d5357cd91e512d0cbbbf0f066c4caf77b-660cc3520-a600d35c7925	work-r3v-native-status-load-machine-c-original-line-92-4881287da589	2026-08-16T21:38:07Z	src/amd/r300/vulkan/tests/r3v_native_status_load_machine.c	original line 92	1	"[""1626""]"	"[""PRRT_kwDOR3YK5M6ZpvmL""]"	"[""reuse the failed sequence number for abort""]"	warning-clean-driver-build-and-focused-test	changed-since-review
149	review-shared-change-history-3757172d5357cd91e512d0cbbbf0f066c4caf77b-660cc3520-a600d35c7925	work-r3v-native-status-load-machine-test-c-original-line-368-e6de72baa5db	2026-08-16T21:38:07Z	src/amd/r300/vulkan/tests/r3v_native_status_load_machine_test.c	original line 368	1	"[""1626""]"	"[""PRRT_kwDOR3YK5M6ZpvmS""]"	"[""fail calibration when transcript writes fail""]"	warning-clean-driver-build-and-focused-test	changed-since-review
150	review-shared-change-history-ef9a7d3a730fefda515635117e1a34f4eca5e07b-25f47cfc2-bb8a9ba5f11e	work-r300-screen-c-static-void-r300-query-memory-info-struct-c8fd947a65f3	2026-08-16T21:40:51Z	src/gallium/drivers/r300/r300_screen.c	static void r300 query memory info struct pipe screen pscreen	1	"[""1627""]"	"[""PRRT_kwDOR3YK5M6Zpwd7""]"	"[""record discovery for the callback flow claim""]"	warning-clean-driver-build-and-focused-test	changed-since-review
151	review-shared-change-history-d98b0d511f769eae642039b0c58998194b354b07-fb041b554-ac7bf31eddd8	work-r3v-native-attended-status-load-float2-tuple-c-original-line-c7a0c9cb6543	2026-08-17T00:33:28Z	src/amd/r300/vulkan/tests/r3v_native_attended_status_load_float2_tuple.c	original line 675	1	"[""1630""]"	"[""PRRT_kwDOR3YK5M6ZqoN-""]"	"[""preserve evidence separately for every serial submission""]"	warning-clean-driver-build-and-focused-test	changed-since-review
151	review-shared-change-history-d98b0d511f769eae642039b0c58998194b354b07-fb041b554-ac7bf31eddd8	work-r3v-native-attended-status-load-float2-tuple-c-original-line-df8de5c5816b	2026-08-17T00:33:28Z	src/amd/r300/vulkan/tests/r3v_native_attended_status_load_float2_tuple.c	original line 198	1	"[""1630""]"	"[""PRRT_kwDOR3YK5M6ZqoN_""]"	"[""validate the sampler protocol envelope before arming""]"	warning-clean-driver-build-and-focused-test	changed-since-review
151	review-shared-change-history-d98b0d511f769eae642039b0c58998194b354b07-fb041b554-ac7bf31eddd8	work-r3v-native-attended-status-load-float2-tuple-c-original-line-f54e01d99599	2026-08-17T00:33:28Z	src/amd/r300/vulkan/tests/r3v_native_attended_status_load_float2_tuple.c	original line 670	1	"[""1630""]"	"[""PRRT_kwDOR3YK5M6ZqoOA""]"	"[""gate the attended run on a drm validation baseline""]"	warning-clean-driver-build-and-focused-test	changed-since-review
152	review-shared-change-history-d98b0d511f769eae642039b0c58998194b354b07-660cc3520-7a8fd109a675	work-r3v-native-queue-c-r3v-native-queue-submit-struct-vk-606161d6cc8c	2026-08-17T02:35:31Z	src/amd/r300/vulkan/r3v_native_queue.c	r3v native queue submit struct vk queue queue base	17	"[""1631"",""1641"",""1651"",""1704"",""1726"",""1744"",""1746"",""1770"",""1778"",""1808""]"	"[""PRRT_kwDOR3YK5M6ZrX1F"",""PRRT_kwDOR3YK5M6ZrX1I"",""PRRT_kwDOR3YK5M6ZrX1K"",""PRRT_kwDOR3YK5M6aV-cR"",""PRRT_kwDOR3YK5M6ao044"",""PRRT_kwDOR3YK5M6bbxrl"",""PRRT_kwDOR3YK5M6bepfV"",""PRRT_kwDOR3YK5M6bij-i"",""PRRT_kwDOR3YK5M6bij-s"",""PRRT_kwDOR3YK5M6bimU5"",""PRRT_kwDOR3YK5M6bimUs"",""PRRT_kwDOR3YK5M6bimUu"",""PRRT_kwDOR3YK5M6b4ObY"",""PRRT_kwDOR3YK5M6b4pyr"",""PRRT_kwDOR3YK5M6b4wC-"",""PRRT_kwDOR3YK5M6b4-FX"",""PRRT_kwDOR3YK5M6cPVUK""]"	"[""attach symbol discovery to the arming claim"",""bind semantic retention to the submitted cell"",""distinguish refused attempts from admissions"",""keep transcript i o outside timed transport intervals"",""mark the transport completed before returning the verdict"",""move the deferred draw past the remaining refusal gates"",""count deferred gpu dispatches before executing the submit"",""synchronize query availability between queue and host"",""apply query transitions on prepared submissions"",""handle event operations on prepared submissions"",""keep unsignaled event waits pending"",""preserve event positions relative to deferred work"",""remove entries whose submissions do not complete"",""mark completed transport before reporting capture i o failure"",""preserve the relocation count before cleanup"",""mark every post admission failure terminal"",""admit the gpu producer against post copy vertex data""]"	warning-clean-driver-build-and-focused-test	changed-since-review
153	review-shared-change-history-77266cd7905d19db3ad1bc5d8749f7176e4e4749-660cc3520-344121fff59d	work-r3v-native-attended-status-load-float2-tuple-c-main-int-fb54988b9c3c	2026-08-17T05:06:54Z	src/amd/r300/vulkan/tests/r3v_native_attended_status_load_float2_tuple.c	main int argc char argv	7	"[""1633"",""1634"",""1647""]"	"[""PRRT_kwDOR3YK5M6Zsg50"",""PRRT_kwDOR3YK5M6Zsg5y"",""PRRT_kwDOR3YK5M6Zs0iX"",""PRRT_kwDOR3YK5M6Zs0iZ"",""PRRT_kwDOR3YK5M6ahkG-"",""PRRT_kwDOR3YK5M6ahkHF"",""PRRT_kwDOR3YK5M6ahkHN""]"	"[""stop waiting when the sampler has already stopped"",""place the census gate immediately before submission"",""verify the sampler mode before declaring census absence"",""synchronize both control legs on the same barrier"",""cite the transport claim s symbol discovery path"",""validate the nonce before consuming authorization"",""retain preparation failures in the outcome""]"	warning-clean-driver-build-and-focused-test	changed-since-review
154	review-shared-change-history-b4f6dfe21e9483984a099e2e0ce4dad73381826f-2283b0ab4-474b8451b8d8	work-r3v-native-attended-status-load-float2-tuple-c-op-submit-ab0e3d2c2bb8	2026-08-19T04:12:56Z	src/amd/r300/vulkan/tests/r3v_native_attended_status_load_float2_tuple.c	op submit void ctx uint32 t iteration	1	"[""1641""]"	"[""PRRT_kwDOR3YK5M6aV-cS""]"	"[""perform the status query inside its labeled interval""]"	warning-clean-driver-build-and-focused-test	changed-since-review
154	review-shared-change-history-b4f6dfe21e9483984a099e2e0ce4dad73381826f-2283b0ab4-474b8451b8d8	work-r3v-native-attended-status-load-float2-tuple-c-sampler-pump-2feaeee9dae6	2026-08-19T04:12:56Z	src/amd/r300/vulkan/tests/r3v_native_attended_status_load_float2_tuple.c	sampler pump struct serial run run int timeout ms	1	"[""1641""]"	"[""PRRT_kwDOR3YK5M6aV-cU""]"	"[""validate protocol identity before retaining the datagram""]"	warning-clean-driver-build-and-focused-test	changed-since-review
155	review-shared-change-history-9a9fe0890d1b0aa45d846f9a29ea4fce8b3b41f5-a5029925f-0c9cab92f78e	work-r300-cpu-vertex-job-c-original-line-129-b538663f8fb5	2026-08-19T14:14:03Z	src/amd/r300/cpu/r300_cpu_vertex_job.c	original line 129	1	"[""1643""]"	"[""PRRT_kwDOR3YK5M6aftQu""]"	"[""preserve 64 bit vertex indices across the loop""]"	warning-clean-driver-build-and-focused-test	changed-since-review
155	review-shared-change-history-9a9fe0890d1b0aa45d846f9a29ea4fce8b3b41f5-a5029925f-0c9cab92f78e	work-r300-cpu-vertex-job-c-original-line-179-04739a373024	2026-08-19T14:14:03Z	src/amd/r300/cpu/r300_cpu_vertex_job.c	original line 179	1	"[""1643""]"	"[""PRRT_kwDOR3YK5M6aftQZ""]"	"[""force separate dp4 multiply and add roundings""]"	warning-clean-driver-build-and-focused-test	changed-since-review
155	review-shared-change-history-9a9fe0890d1b0aa45d846f9a29ea4fce8b3b41f5-a5029925f-0c9cab92f78e	work-r300-cpu-vertex-job-c-original-line-21-3526a313bbf5	2026-08-19T14:14:03Z	src/amd/r300/cpu/r300_cpu_vertex_job.c	original line 21	1	"[""1643""]"	"[""PRRT_kwDOR3YK5M6aftQk""]"	"[""decode gathered lanes from little endian bytes""]"	warning-clean-driver-build-and-focused-test	changed-since-review
156	review-shared-change-history-29d75924a6eb6e49eaf2598f563207c9259f56ef-080060afd-826ccf84560a	work-r300-vertex-job-nir-h-original-line-19-07943736b651	2026-08-19T14:33:35Z	src/amd/r300/compiler/r300_vertex_job_nir.h	original line 19	1	"[""1644""]"	"[""PRRT_kwDOR3YK5M6agIl-""]"	"[""add the discovery method for the all consumer claim""]"	warning-clean-driver-build-and-focused-test	changed-since-review
157	review-shared-change-history-29d75924a6eb6e49eaf2598f563207c9259f56ef-c3bf3ce73-68a912a86fae	work-r300-vertex-job-nir-c-original-line-203-e67db47e2dc1	2026-08-19T14:33:35Z	src/amd/r300/compiler/r300_vertex_job_nir.c	original line 203	1	"[""1644""]"	"[""PRRT_kwDOR3YK5M6agIl4""]"	"[""preserve fused semantics when lowering ffma""]"	warning-clean-driver-build-and-focused-test	changed-since-review
158	review-shared-change-history-a5029925fb0357c231d21bf4e7b1ee75fdd379ec-b87ab13ac-8c8d4d493b70	work-r300-cpu-vertex-job-c-int-r300-cpu-vertex-job-0740e4669a9f	2026-08-19T15:35:07Z	src/amd/r300/cpu/r300_cpu_vertex_job.c	int r300 cpu vertex job execute const struct r300 vertex job job	1	"[""1646""]"	"[""PRRT_kwDOR3YK5M6ahapL""]"	"[""define nan propagation before asserting bit identity""]"	warning-clean-driver-build-and-focused-test	changed-since-review
159	review-shared-change-history-e82f3e8aa63f7ed9c2e80f53b78c38d981b0efa9-9ebc57897-70ef8a9530c4	work-r3v-native-burst-cell-harness-c-main-void-4d21aa527654	2026-08-19T17:31:25Z	src/amd/r300/vulkan/tests/r3v_native_burst_cell_harness.c	main void	3	"[""1648"",""1689""]"	"[""PRRT_kwDOR3YK5M6ajnPC"",""PRRT_kwDOR3YK5M6bY2TX"",""PRRT_kwDOR3YK5M6bbUz7""]"	"[""derive the evidence directory from an explicit root"",""set burst authorization before isolated lifetime legs"",""propagate lifetime leg setup failures""]"	warning-clean-driver-build-and-focused-test	changed-since-review
160	review-shared-change-history-29d75924a6eb6e49eaf2598f563207c9259f56ef-4af44f421-620297e41b52	work-r3v-physical-device-c-original-line-30-3678a66b20b4	2026-08-19T23:00:53Z	src/amd/r300/vulkan/r3v_physical_device.c	original line 30	1	"[""1652""]"	"[""PRRT_kwDOR3YK5M6ao71O""]"	"[""attach a discovery method to the header origin claim""]"	warning-clean-driver-build-and-focused-test	changed-since-review
161	review-shared-change-history-8077376b79a29299a39b37c6178b7a064a9abf29-6c32b4e31-88f21d7c4b43	work-r3v-native-separation-audit-py-original-line-150-d4ef891140af	2026-08-19T23:00:53Z	src/amd/r300/vulkan/tests/r3v_native_separation_audit.py	original line 150	1	"[""1652""]"	"[""PRRT_kwDOR3YK5M6ao71M""]"	"[""parse split include directory arguments""]"	python-test-black-and-ruff	changed-since-review
161	review-shared-change-history-8077376b79a29299a39b37c6178b7a064a9abf29-6c32b4e31-88f21d7c4b43	work-r3v-native-separation-audit-py-original-line-180-0030b932fdbd	2026-08-19T23:00:53Z	src/amd/r300/vulkan/tests/r3v_native_separation_audit.py	original line 180	1	"[""1652""]"	"[""PRRT_kwDOR3YK5M6ao71N""]"	"[""reject artifacts without a dynamic section""]"	python-test-black-and-ruff	changed-since-review
161	review-shared-change-history-8077376b79a29299a39b37c6178b7a064a9abf29-6c32b4e31-88f21d7c4b43	work-r3v-native-separation-audit-py-original-line-72-99117368a48a	2026-08-19T23:00:53Z	src/amd/r300/vulkan/tests/r3v_native_separation_audit.py	original line 72	1	"[""1652""]"	"[""PRRT_kwDOR3YK5M6ao71J""]"	"[""handle elif when tracking native active regions""]"	python-test-black-and-ruff	changed-since-review
162	review-shared-change-history-72f79f2c1a39fc65803eeaae870aced6d480a811-a5029925f-a5c03db1783e	work-r3v-implementation-boundaries-md-r2vb-migration-follows-the-fixed-triang-7784fa8affab	2026-08-19T23:40:29Z	docs/hardware/r3v-implementation-boundaries.md	r2vb migration follows the fixed triangle and cpu route	5	"[""1653""]"	"[""PRRT_kwDOR3YK5M6apYcc"",""PRRT_kwDOR3YK5M6apbJD"",""PRRT_kwDOR3YK5M6apbJF"",""PRRT_kwDOR3YK5M6apbJH"",""PRRT_kwDOR3YK5M6apbJJ""]"	"[""suggestion typo consider adding that after digest for clearer grammar"",""describe observed byte retention as best effort"",""update the roadmap to match the landed route"",""add the new route to the source reference audit"",""name both exact opt in gates""]"	documentation-symbol-and-link-check	changed-since-review
163	review-shared-change-history-98d7e02bdbc8f23a6484f9390241f4d3fd8e5389-7fc0c23a2-b720a4e1eda2	work-r3v-native-attended-public-gpu-producer-c-original-line-660-8f50a3dc25da	2026-08-20T03:56:22Z	src/amd/r300/vulkan/tests/r3v_native_attended_public_gpu_producer.c	original line 660	1	"[""1654""]"	"[""PRRT_kwDOR3YK5M6arxS9""]"	"[""classify submission refusals before device loss""]"	warning-clean-driver-build-and-focused-test	changed-since-review
163	review-shared-change-history-98d7e02bdbc8f23a6484f9390241f4d3fd8e5389-7fc0c23a2-b720a4e1eda2	work-r3v-native-attended-public-gpu-producer-c-original-line-706-04c4fad575d9	2026-08-20T03:56:22Z	src/amd/r300/vulkan/tests/r3v_native_attended_public_gpu_producer.c	original line 706	1	"[""1654""]"	"[""PRRT_kwDOR3YK5M6arxTE""]"	"[""destroy bound resources before freeing memory""]"	warning-clean-driver-build-and-focused-test	changed-since-review
164	review-shared-change-history-fe97343a914ab505bd65be95b129679f7155f38c-e82f3e8aa-cc0b9a781662	work-r3v-native-cell-c-r3v-native-deferred-draw-admit-gpu-6dd3e8545a1b	2026-08-20T03:56:22Z	src/amd/r300/vulkan/r3v_native_cell.c	r3v native deferred draw admit gpu producer	2	"[""1654"",""1741""]"	"[""PRRT_kwDOR3YK5M6arxTB"",""PRRT_kwDOR3YK5M6big3I""]"	"[""propagate carrier retention failures"",""honor zero coverage on gpu producer configurations""]"	warning-clean-driver-build-and-focused-test	changed-since-review
165	review-shared-change-history-7fc0c23a20f73941a8bb42ff5bca657873683811-01cce6697-0f35e660d0c1	work-r3v-native-attended-public-gpu-producer-c-main-int-argc-912f341d9dd8	2026-08-20T04:12:52Z	src/amd/r300/vulkan/tests/r3v_native_attended_public_gpu_producer.c	main int argc char argv	1	"[""1655""]"	"[""PRRT_kwDOR3YK5M6ar7bc""]"	"[""add the discovery method to the symbol reference""]"	warning-clean-driver-build-and-focused-test	changed-since-review
166	review-shared-change-history-4420389af742cd6354dceac2584fd4fd8ad74ec8-292c0318d-61cdb60b6ab0	work-claude-md-original-line-7-fcdb94b0b1ef	2026-08-20T06:09:15Z	build-infra/CLAUDE.md	original line 7	1	"[""1656""]"	"[""PRRT_kwDOR3YK5M6atMbC""]"	"[""keep shared build doctrine in agents md""]"	documentation-symbol-and-link-check	changed-since-review
166	review-shared-change-history-4420389af742cd6354dceac2584fd4fd8ad74ec8-292c0318d-61cdb60b6ab0	work-pkgbuild-build-b8fcb98748bd	2026-08-22T22:12:37Z	build-infra/packaging/mesa-gororoba/PKGBUILD	build	2	"[""1701""]"	"[""PRRT_kwDOR3YK5M6bbo3U"",""PRRT_kwDOR3YK5M6bbo3Z""]"	"[""stop providing vulkan after hiding the only 64 bit icd"",""update the gbm package fixture for the staged manifest""]"	repository-native-focused-check	changed-since-review
166	review-shared-change-history-4420389af742cd6354dceac2584fd4fd8ad74ec8-292c0318d-61cdb60b6ab0	work-rs482-stack-manifest-schema-json-original-line-33-6a316625e39d	2026-08-27T04:13:23Z	docs/hardware/rs482-stack-manifest.schema.json	original line 33	1	"[""1905""]"	"[""PRRT_kwDOR3YK5M6csT9i""]"	"[""reject odd length elf build ids""]"	schema-generator-and-mutation-check	changed-since-review
167	review-shared-change-history-5d0992daca915871d0a01d2e1bcedf53a8c9c76e-4af44f421-2b98c47b038f	work-r3v-native-object-c-r3v-native-validate-mapped-ranges-struct-fb8313134b68	2026-08-20T06:29:36Z	src/amd/r300/vulkan/r3v_native_object.c	r3v native validate mapped ranges struct r3v native device device	1	"[""1657""]"	"[""PRRT_kwDOR3YK5M6atdGL""]"	"[""add discovery provenance to the memory type claim""]"	warning-clean-driver-build-and-focused-test	changed-since-review
168	review-shared-change-history-29d75924a6eb6e49eaf2598f563207c9259f56ef-4af44f421-760dcf1a0791	work-meson-build-if-with-tests-0d619494ec18	2026-08-20T17:25:18Z	src/amd/r300/cpu/meson.build	if with tests	1	"[""1658""]"	"[""PRRT_kwDOR3YK5M6a5hLN""]"	"[""gate the registered k8 test on runtime sse3 support""]"	configure-build-and-artifact-check	changed-since-review
169	review-shared-change-history-b87ab13ac5719ffb2a9d90554bd03e395b53763d-080060afd-585d020d1bb5	work-r300-cpu-vertex-job-bench-c-original-line-488-ae49204e157d	2026-08-20T17:25:18Z	src/amd/r300/cpu/tests/r300_cpu_vertex_job_bench.c	original line 488	1	"[""1658""]"	"[""PRRT_kwDOR3YK5M6a5hLJ""]"	"[""qualify the tl 66 rather than its shared cpuid model""]"	warning-clean-driver-build-and-focused-test	changed-since-review
170	review-shared-change-history-e82f3e8aa63f7ed9c2e80f53b78c38d981b0efa9-94ffda29b-755c8b865c3d	work-r3v-native-public-surface-harness-c-main-void-9ef80fd09665	2026-08-20T20:57:59Z	src/amd/r300/vulkan/tests/r3v_native_public_surface_harness.c	main void	3	"[""1659"",""1743""]"	"[""PRRT_kwDOR3YK5M6a9Q3q"",""PRRT_kwDOR3YK5M6biiPI"",""PRRT_kwDOR3YK5M6biiPK""]"	"[""assert the carrier bo handle not only its wrapper"",""enable the logicop feature before accepting copy"",""advertise blend support before admitting blendenable""]"	warning-clean-driver-build-and-focused-test	changed-since-review
171	review-shared-change-history-e82f3e8aa63f7ed9c2e80f53b78c38d981b0efa9-dd8792007-0a959665412e	work-r300-cpu-vertex-job-c-static-uint32-t-float-result-20a5f2f9a401	2026-08-20T21:39:58Z	src/amd/r300/cpu/r300_cpu_vertex_job.c	static uint32 t float result to bits float value	1	"[""1660""]"	"[""PRRT_kwDOR3YK5M6a98_4""]"	"[""apply the fixed environment during constant folding""]"	warning-clean-driver-build-and-focused-test	changed-since-review
172	review-shared-change-history-e027bfab7db0f50aea0ce2a58a4cdc6c391aa569-c1b300de0-f64f90f16ff9	work-r3v-native-attended-route-dispatch-timing-c-original-line-713-530ee31cd823	2026-08-21T00:23:08Z	src/amd/r300/vulkan/tests/r3v_native_attended_route_dispatch_timing.c	original line 713	1	"[""1663""]"	"[""PRRT_kwDOR3YK5M6a_7y4""]"	"[""exclude durable evidence i o from the route timing""]"	warning-clean-driver-build-and-focused-test	changed-since-review
172	review-shared-change-history-e027bfab7db0f50aea0ce2a58a4cdc6c391aa569-c1b300de0-f64f90f16ff9	work-r3v-native-attended-route-dispatch-timing-c-original-line-774-9c134032c702	2026-08-21T00:23:08Z	src/amd/r300/vulkan/tests/r3v_native_attended_route_dispatch_timing.c	original line 774	1	"[""1663""]"	"[""PRRT_kwDOR3YK5M6a_7y7""]"	"[""classify pre ioctl refusals before device loss""]"	warning-clean-driver-build-and-focused-test	changed-since-review
173	review-shared-change-history-24ed1649a19ca58c31f0b37e531e075b60c26115-a057c5925-a091f2f6ddd9	work-pkgbuild-link-into-usr-05754d71c4ad	2026-08-21T00:42:40Z	build-infra/packaging/mesa-gororoba-debug-optimized/PKGBUILD	link into usr	3	"[""1664"",""1699""]"	"[""PRRT_kwDOR3YK5M6bAJeM"",""PRRT_kwDOR3YK5M6bAJeS"",""PRRT_kwDOR3YK5M6bbmu4""]"	"[""run the package inventory in qualification mode"",""bind the audited source tree to the staged build"",""keep the native icd behind the native launcher""]"	repository-native-focused-check	changed-since-review
174	review-shared-change-history-c1b300de0ca29571a93b6d99a1cf0e4d7fb9bae2-4eb06a49b-595e6dcd2d00	work-r3v-native-attended-route-dispatch-timing-c-main-int-argc-a96b4aadbee5	2026-08-21T00:42:40Z	src/amd/r300/vulkan/tests/r3v_native_attended_route_dispatch_timing.c	main int argc char argv	2	"[""1664"",""1667""]"	"[""PRRT_kwDOR3YK5M6bAJeQ"",""PRRT_kwDOR3YK5M6bASKQ""]"	"[""represent a refused route as unobserved"",""cite the defining symbols for the route claims""]"	warning-clean-driver-build-and-focused-test	changed-since-review
175	review-shared-change-history-24ed1649a19ca58c31f0b37e531e075b60c26115-4af44f421-b67d69d8bb61	work-r3v-qualification-inventory-py-def-evaluate-registered-set-str-options-3f7d4c7e2fb6	2026-08-21T00:45:07Z	src/amd/r300/vulkan/tests/r3v_qualification_inventory.py	def evaluate registered set str options dict str object	1	"[""1665""]"	"[""PRRT_kwDOR3YK5M6bAK9Z""]"	"[""require the packaged gallium backend""]"	python-test-black-and-ruff	changed-since-review
176	review-shared-change-history-a057c592519230f4f23e08661a70dbce45ca8428-0ee977e10-de67a578970b	work-pkgbuild-check-9c1cc6d665fe	2026-08-21T00:45:07Z	build-infra/packaging/mesa-gororoba-debug-optimized/PKGBUILD	check	1	"[""1665""]"	"[""PRRT_kwDOR3YK5M6bAK9e""]"	"[""bind the audit to the packaged build identity""]"	repository-native-focused-check	changed-since-review
177	review-shared-change-history-b5944bc15e925156ca910369ce1f4107b2f3ceb3-6594b309e-d4636061fc5d	work-rs482-native-delivery-route-admission-and-oracle-model-md-original-9c6fce4e46a2	2026-08-21T00:59:41Z	docs/hardware/rs482-native-delivery-route-admission-and-oracle-model.md	original line 84	1	"[""1666""]"	"[""PRRT_kwDOR3YK5M6bAUD1""]"	"[""document cache publication in its actual submit order""]"	documentation-symbol-and-link-check	changed-since-review
177	review-shared-change-history-b5944bc15e925156ca910369ce1f4107b2f3ceb3-6594b309e-d4636061fc5d	work-rs482-native-delivery-route-admission-and-oracle-model-md-original-f7fda9046382	2026-08-21T00:59:41Z	docs/hardware/rs482-native-delivery-route-admission-and-oracle-model.md	original line 349	1	"[""1666""]"	"[""PRRT_kwDOR3YK5M6bAUDz""]"	"[""define the build directory before running meson tests""]"	documentation-symbol-and-link-check	changed-since-review
178	review-shared-change-history-6594b309ef5ccb3945196308926ce1a2aa893e94-8b62d3293-d303efaab953	work-rs482-native-delivery-route-admission-and-oracle-model-md-make-6339d9ba4cbf	2026-08-21T01:11:26Z	docs/hardware/rs482-native-delivery-route-admission-and-oracle-model.md	make configure build test	2	"[""1668""]"	"[""PRRT_kwDOR3YK5M6bAatf"",""PRRT_kwDOR3YK5M6bAath""]"	"[""replace the calibration placeholder with exact targets"",""rebuild calibration targets through the make lane""]"	documentation-symbol-and-link-check	changed-since-review
179	review-shared-change-history-873da3b8e03dbeea1e9f1fc3ff69a7b41a4b68c5-4af44f421-e6242b6c8743	work-r3v-implementation-boundaries-md-exit-status-0c0ea6485e2f	2026-08-21T01:11:26Z	docs/hardware/r3v-implementation-boundaries.md	exit status	1	"[""1668""]"	"[""PRRT_kwDOR3YK5M6bAatl""]"	"[""scope the pre seed claim to required write regions""]"	documentation-symbol-and-link-check	changed-since-review
180	review-shared-change-history-dd879200731e8a3b717fcf95dd5f78d5fd1e3a7f-428f6dcbb-091195a9b651	work-r3v-native-cell-c-r3v-native-deferred-draw-verify-gpu-399e0b9192ec	2026-08-21T01:11:26Z	src/amd/r300/vulkan/r3v_native_cell.c	r3v native deferred draw verify gpu producer	1	"[""1668""]"	"[""PRRT_kwDOR3YK5M6bAatc""]"	"[""track completed admission instead of producer length""]"	warning-clean-driver-build-and-focused-test	changed-since-review
181	review-shared-change-history-4af44f4212f06b31e8fd5577645a97953b7b3924-080060afd-efd7d1d37388	work-r3v-implementation-boundaries-md-symbol-aa6b666dbb62	2026-08-21T07:11:04Z	docs/hardware/r3v-implementation-boundaries.md	symbol	5	"[""1672"",""1673""]"	"[""PRRT_kwDOR3YK5M6bEYn2"",""PRRT_kwDOR3YK5M6bEYn6"",""PRRT_kwDOR3YK5M6bEYn8"",""PRRT_kwDOR3YK5M6bEYoD"",""PRRT_kwDOR3YK5M6bF0CE""]"	"[""name the va frontend instead of gl state trackers"",""separate encode requirements from decode requirements"",""preserve the distinct packed format encodings"",""remove the unreachable bridge from the r3v capability count"",""update the remaining native compute state descriptions""]"	documentation-symbol-and-link-check	changed-since-review
182	review-shared-change-history-4c66f695592786d3fe1b7f7b1aaad1a6b8b78f8f-9e834dbc3-e498215e16f8	work-r3v-native-compute-c-original-line-429-3ab72980ee73	2026-08-21T08:31:32Z	src/amd/r300/vulkan/r3v_native_compute.c	original line 429	1	"[""1673""]"	"[""PRRT_kwDOR3YK5M6bF0Bl""]"	"[""resolve descriptor contents at submission time""]"	warning-clean-driver-build-and-focused-test	changed-since-review
182	review-shared-change-history-4c66f695592786d3fe1b7f7b1aaad1a6b8b78f8f-9e834dbc3-e498215e16f8	work-r3v-native-compute-c-original-line-503-ed6b565eff37	2026-08-21T08:31:32Z	src/amd/r300/vulkan/r3v_native_compute.c	original line 503	1	"[""1673""]"	"[""PRRT_kwDOR3YK5M6bF0Bg""]"	"[""keep recorded dispatches executable after submission""]"	warning-clean-driver-build-and-focused-test	changed-since-review
182	review-shared-change-history-4c66f695592786d3fe1b7f7b1aaad1a6b8b78f8f-9e834dbc3-e498215e16f8	work-r3v-native-compute-c-original-line-172-ddf5f8614090	2026-08-21T08:31:33Z	src/amd/r300/vulkan/r3v_native_compute.c	original line 172	1	"[""1673""]"	"[""PRRT_kwDOR3YK5M6bF0B2""]"	"[""enforce descriptor count capacity during allocation""]"	warning-clean-driver-build-and-focused-test	changed-since-review
182	review-shared-change-history-4c66f695592786d3fe1b7f7b1aaad1a6b8b78f8f-9e834dbc3-e498215e16f8	work-r3v-native-compute-c-original-line-188-dbd566cd59dd	2026-08-21T08:31:33Z	src/amd/r300/vulkan/r3v_native_compute.c	original line 188	1	"[""1673""]"	"[""PRRT_kwDOR3YK5M6bF0B-""]"	"[""clear rolled back descriptor handles on failure""]"	warning-clean-driver-build-and-focused-test	changed-since-review
183	review-shared-change-history-b6ea89213c0ca1b4bd1e70d6678a3766554aaa2a-4dbdf525e-ffe6ec86172f	work-r3v-qualification-inventory-py-original-line-138-3c76e5fafff2	2026-08-21T08:53:41Z	src/amd/r300/vulkan/tests/r3v_qualification_inventory.py	original line 138	1	"[""1674""]"	"[""PRRT_kwDOR3YK5M6bGNq9""]"	"[""make the parity requirement conditional for native only builds""]"	python-test-black-and-ruff	changed-since-review
184	review-shared-change-history-0b9e0af087f3a19d1f08d6b5b8e520f736ea3293-57cd7d18c-f0ccc190d951	work-r3v-physical-device-c-r3v-physical-device-init-features-struct-bd2d88b13b70	2026-08-21T09:05:30Z	src/amd/r300/vulkan/r3v_physical_device.c	r3v physical device init features struct vk features features	1	"[""1674""]"	"[""PRRT_kwDOR3YK5M6bGb9I""]"	"[""honor robust vertex fetches before advertising robustbufferaccess""]"	warning-clean-driver-build-and-focused-test	changed-since-review
185	review-shared-change-history-57cd7d18c3db8e4e49b94006c5974c1d68dfa5b7-8077376b7-1492c536c814	work-r3v-physical-device-c-r3v-hybrid-compute-enabled-void-9458755a9117	2026-08-21T22:07:59Z	src/amd/r300/vulkan/r3v_physical_device.c	r3v hybrid compute enabled void	1	"[""1675""]"	"[""PRRT_kwDOR3YK5M6bTm1P""]"	"[""base the multiview blocker on the shader path""]"	warning-clean-driver-build-and-focused-test	changed-since-review
186	review-shared-change-history-57cd7d18c3db8e4e49b94006c5974c1d68dfa5b7-6c32b4e31-8dbedcfdc1a8	work-r300-common-boundary-audit-py-original-line-28-c66244332c63	2026-08-22T07:02:40Z	src/amd/r300/common/tests/r300_common_boundary_audit.py	original line 28	1	"[""1681""]"	"[""PRRT_kwDOR3YK5M6bXPWn""]"	"[""reject sibling relative layer includes""]"	python-test-black-and-ruff	changed-since-review
186	review-shared-change-history-57cd7d18c3db8e4e49b94006c5974c1d68dfa5b7-6c32b4e31-8dbedcfdc1a8	work-r300-common-boundary-audit-py-original-line-67-71807bec458c	2026-08-22T07:02:40Z	src/amd/r300/common/tests/r300_common_boundary_audit.py	original line 67	1	"[""1681""]"	"[""PRRT_kwDOR3YK5M6bXPWi""]"	"[""reject the r300 compiler s canonical api names""]"	python-test-black-and-ruff	changed-since-review
187	review-shared-change-history-cb4a85347364abcb36e517adb26ea36fe43e84b4-0cadf1840-04b713f1d3c0	work-readme-md-original-line-8-0f7910eed4ac	2026-08-22T07:32:44Z	src/amd/r300/common/README.md	original line 8	1	"[""1682""]"	"[""PRRT_kwDOR3YK5M6bXYQs""]"	"[""name the legacy cutover instead of p2""]"	documentation-symbol-and-link-check	changed-since-review
188	review-shared-change-history-cb4a85347364abcb36e517adb26ea36fe43e84b4-57cd7d18c-31da50b48168	work-r300-common-consumer-census-py-original-line-119-3d25326bbd82	2026-08-22T07:32:44Z	src/amd/r300/common/tests/r300_common_consumer_census.py	original line 119	1	"[""1682""]"	"[""PRRT_kwDOR3YK5M6bXYQt""]"	"[""exclude commented tests from proof registrations""]"	python-test-black-and-ruff	changed-since-review
189	review-shared-change-history-cde81528e7a80308a3fa1932924503d9410ab8a4-9ebc57897-42354a3bca0c	work-meson-build-if-with-tests-0d695476f279	2026-08-22T09:04:38Z	src/amd/r300/vulkan/meson.build	if with tests	7	"[""1687"",""1698"",""1699"",""1759"",""1792""]"	"[""PRRT_kwDOR3YK5M6bXyZy"",""PRRT_kwDOR3YK5M6bblRu"",""PRRT_kwDOR3YK5M6bbmu0"",""PRRT_kwDOR3YK5M6bbmu1"",""PRRT_kwDOR3YK5M6bbmuz"",""PRRT_kwDOR3YK5M6b1VSg"",""PRRT_kwDOR3YK5M6cFxqM""]"	"[""replace the p2 label with the ownership mechanism"",""retarget activation to the surviving native manifest"",""align the source audit with the actual preprocessor defines"",""update the canonical native boundary build identity"",""keep the meson identity change free of mass reindentation"",""gate the audit with the tests named by its ledger"",""do not report full absence when nm is unavailable""]"	configure-build-and-artifact-check	changed-since-review
190	review-shared-change-history-5a892d595928bdae0378d0f6562de020d02373e6-676da2142-d16300cd17ab	work-readme-md-in-particular-ca665b7b1344	2026-08-22T21:08:55Z	src/amd/r300/vulkan/README.md	in particular	1	"[""1689""]"	"[""PRRT_kwDOR3YK5M6bbUz_""]"	"[""retain coverage for the live gallium lifetime helper""]"	documentation-symbol-and-link-check	changed-since-review
191	review-shared-change-history-9a264e890516b55dedf0be15e63febe56a5c9224-0d0e7f747-5d9094427d86	work-r3v-native-descriptor-test-c-original-line-268-60abce9b7060	2026-08-22T21:17:32Z	src/amd/r300/vulkan/tests/r3v_native_descriptor_test.c	original line 268	1	"[""1691""]"	"[""PRRT_kwDOR3YK5M6bbXjE""]"	"[""verify the advertised alignment is a power of two""]"	warning-clean-driver-build-and-focused-test	changed-since-review
191	review-shared-change-history-9a264e890516b55dedf0be15e63febe56a5c9224-0d0e7f747-5d9094427d86	work-r3v-native-descriptor-test-c-original-line-356-959cc9e3f3d8	2026-08-22T21:17:32Z	src/amd/r300/vulkan/tests/r3v_native_descriptor_test.c	original line 356	1	"[""1691""]"	"[""PRRT_kwDOR3YK5M6bbXjB""]"	"[""restore the live gallium ubo binding test""]"	warning-clean-driver-build-and-focused-test	changed-since-review
191	review-shared-change-history-9a264e890516b55dedf0be15e63febe56a5c9224-0d0e7f747-5d9094427d86	work-r3v-native-descriptor-test-c-original-line-375-3161df917648	2026-08-22T21:17:32Z	src/amd/r300/vulkan/tests/r3v_native_descriptor_test.c	original line 375	1	"[""1691""]"	"[""PRRT_kwDOR3YK5M6bbXi-""]"	"[""restore the live gallium immutable sampler test""]"	warning-clean-driver-build-and-focused-test	changed-since-review
191	review-shared-change-history-9a264e890516b55dedf0be15e63febe56a5c9224-0d0e7f747-5d9094427d86	work-r3v-native-descriptor-test-c-original-line-513-5d430b95f01e	2026-08-22T21:17:32Z	src/amd/r300/vulkan/tests/r3v_native_descriptor_test.c	original line 513	1	"[""1691""]"	"[""PRRT_kwDOR3YK5M6bbXi7""]"	"[""isolate the vk whole size boundary""]"	warning-clean-driver-build-and-focused-test	changed-since-review
191	review-shared-change-history-9a264e890516b55dedf0be15e63febe56a5c9224-0d0e7f747-5d9094427d86	work-r3v-native-descriptor-test-c-original-line-8-6b039b02d892	2026-08-22T21:17:32Z	src/amd/r300/vulkan/tests/r3v_native_descriptor_test.c	original line 8	1	"[""1691""]"	"[""PRRT_kwDOR3YK5M6bbXi9""]"	"[""add symbol discovery locations to the descriptor claims""]"	warning-clean-driver-build-and-focused-test	changed-since-review
192	review-shared-change-history-79f1a5a2c02c6e6f3b6784b3fe89dd24a230175e-9376af93b-66248a5f449e	work-meson-build-if-with-tests-71b7dca6bbb7	2026-08-22T21:28:19Z	src/gallium/drivers/r300/meson.build	if with tests	1	"[""1693""]"	"[""PRRT_kwDOR3YK5M6bbawf""]"	"[""keep spir v warnings visible in the oracle""]"	configure-build-and-artifact-check	changed-since-review
193	review-shared-change-history-41d774592cb536a8f74e5247c9a9a855725b397e-31650bf8e-9c7cdb4ea6cd	work-r300-vertex-front-end-parity-manifest-original-line-1-697a7b4c2e43	2026-08-22T21:42:00Z	src/amd/r300/compiler/tests/r300_vertex_front_end_parity.manifest	original line 1	1	"[""1697""]"	"[""PRRT_kwDOR3YK5M6bbfvI""]"	"[""add the required spdx grant to the new manifest""]"	repository-native-focused-check	changed-since-review
194	review-shared-change-history-4c66f695592786d3fe1b7f7b1aaad1a6b8b78f8f-41d774592-d1b11dd64ffa	work-r300-vertex-front-end-parity-test-c-static-void-test-72006ada2107	2026-08-22T21:42:00Z	src/amd/r300/compiler/tests/r300_vertex_front_end_parity_test.c	static void test front end parity void	1	"[""1697""]"	"[""PRRT_kwDOR3YK5M6bbfvK""]"	"[""reject trailing columns in manifest rows""]"	warning-clean-driver-build-and-focused-test	changed-since-review
195	review-shared-change-history-8077376b79a29299a39b37c6178b7a064a9abf29-91836a959-c5458bda30bc	work-readme-md-rs480-family-integrated-graphics-processors-33f187f923d6	2026-08-22T22:00:14Z	src/amd/r300/vulkan/README.md	rs480 family integrated graphics processors	1	"[""1698""]"	"[""PRRT_kwDOR3YK5M6bblRz""]"	"[""rewrite the remaining gallium backed status section""]"	documentation-symbol-and-link-check	changed-since-review
196	review-shared-change-history-8077376b79a29299a39b37c6178b7a064a9abf29-cf515799b-322f1a7efed2	work-r3v-qualification-inventory-py-original-line-206-f8a335e9bde5	2026-08-22T22:00:14Z	src/amd/r300/vulkan/tests/r3v_qualification_inventory.py	original line 206	1	"[""1698""]"	"[""PRRT_kwDOR3YK5M6bblR3""]"	"[""restore the removed inventory self test calibration""]"	python-test-black-and-ruff	changed-since-review
197	review-shared-change-history-24e9863bb0a297de10298b8de7a33e6cfcbbd986-e50678009-d1f886d3abe1	work-r3v-physical-device-c-r3v-physical-device-init-properties-struct-087d6f8518c2	2026-08-22T22:05:11Z	src/amd/r300/vulkan/r3v_physical_device.c	r3v physical device init properties struct vk properties const props	1	"[""1699""]"	"[""PRRT_kwDOR3YK5M6bbmu7""]"	"[""rebaseline the conformance harness for the renamed implementation""]"	warning-clean-driver-build-and-focused-test	changed-since-review
198	review-shared-change-history-a015140709531fdfbb364921ce32e9c3fa56c14c-23809ecb8-5613957d738f	work-makefile-artifact-check-source-root-check-vostro-prefix-check-7f7d1809db78	2026-08-22T22:05:11Z	build-infra/Makefile	artifact check source root check vostro prefix check	2	"[""1699"",""1752""]"	"[""PRRT_kwDOR3YK5M6bbmu5"",""PRRT_kwDOR3YK5M6bjpd1""]"	"[""detect the superseded native icd after incremental installs"",""update the artifact check help after removing the warning""]"	configure-build-and-artifact-check	changed-since-review
199	review-shared-change-history-1a09900f7b5b27eaeb25fd2cbdb1ccc50c5b173a-a24c5eb9c-e7f0935207d5	work-r3v-rename-ratchet-py-original-line-122-4879ede8fa40	2026-08-22T22:10:27Z	src/amd/r300/vulkan/tests/r3v_rename_ratchet.py	original line 122	1	"[""1700""]"	"[""PRRT_kwDOR3YK5M6bboN8""]"	"[""ratchet each survivor occurrence""]"	python-test-black-and-ruff	changed-since-review
199	review-shared-change-history-1a09900f7b5b27eaeb25fd2cbdb1ccc50c5b173a-a24c5eb9c-e7f0935207d5	work-r3v-rename-ratchet-py-original-line-71-bdd5f6f80b13	2026-08-22T22:10:27Z	src/amd/r300/vulkan/tests/r3v_rename_ratchet.py	original line 71	1	"[""1700""]"	"[""PRRT_kwDOR3YK5M6bboN9""]"	"[""scan every textual source type""]"	python-test-black-and-ruff	changed-since-review
199	review-shared-change-history-1a09900f7b5b27eaeb25fd2cbdb1ccc50c5b173a-a24c5eb9c-e7f0935207d5	work-r3v-rename-ratchet-py-original-line-118-a64276270e43	2026-08-22T22:10:28Z	src/amd/r300/vulkan/tests/r3v_rename_ratchet.py	original line 118	1	"[""1700""]"	"[""PRRT_kwDOR3YK5M6bboN_""]"	"[""reject additions to the finite ledger""]"	python-test-black-and-ruff	changed-since-review
199	review-shared-change-history-1a09900f7b5b27eaeb25fd2cbdb1ccc50c5b173a-a24c5eb9c-e7f0935207d5	work-r3v-rename-ratchet-py-original-line-38-c4f30cf20c32	2026-08-22T22:10:28Z	src/amd/r300/vulkan/tests/r3v_rename_ratchet.py	original line 38	1	"[""1700""]"	"[""PRRT_kwDOR3YK5M6bboN-""]"	"[""match every standalone r3v native identity""]"	python-test-black-and-ruff	changed-since-review
199	review-shared-change-history-1a09900f7b5b27eaeb25fd2cbdb1ccc50c5b173a-a24c5eb9c-e7f0935207d5	work-r3v-rename-ratchet-py-original-line-88-12c30eebeffb	2026-08-22T22:10:28Z	src/amd/r300/vulkan/tests/r3v_rename_ratchet.py	original line 88	1	"[""1700""]"	"[""PRRT_kwDOR3YK5M6bboOA""]"	"[""include path names in the rename scan""]"	python-test-black-and-ruff	changed-since-review
199	review-shared-change-history-1a09900f7b5b27eaeb25fd2cbdb1ccc50c5b173a-a24c5eb9c-e7f0935207d5	work-r3v-rename-ratchet-py-original-line-66-e836827155a4	2026-08-25T00:31:25Z	src/amd/r300/vulkan/tests/r3v_rename_ratchet.py	original line 66	1	"[""1780""]"	"[""PRRT_kwDOR3YK5M6b5amq""]"	"[""initialize the self test fixture as a git repository""]"	python-test-black-and-ruff	changed-since-review
200	review-shared-change-history-91836a959f1cfda67e5c78a812bc0d90d0a03e90-a01514070-d0df6217217e	work-r3v-rename-allowlist-txt-original-line-14-40a92d3cde2c	2026-08-22T22:10:28Z	docs/r3v-rename-allowlist.txt	original line 14	1	"[""1700""]"	"[""PRRT_kwDOR3YK5M6bboOB""]"	"[""use the canonical steinmarder evidence path""]"	documentation-symbol-and-link-check	changed-since-review
201	review-shared-change-history-679e17425422212a375a34b5712893fd76b1bfbf-f67f00261-4ac265719820	work-driver-root-audit-py-original-line-35-d582aea61d41	2026-08-22T22:12:37Z	build-infra/scripts/driver_root_audit.py	original line 35	1	"[""1701""]"	"[""PRRT_kwDOR3YK5M6bbo3X""]"	"[""audit the top level amd entry edge""]"	python-test-black-and-ruff	changed-since-review
202	review-shared-change-history-b994e46a625267a56a6e78ad074d11c2ac5c0296-74e1dd755-16ad0de284e5	work-pkgbuild-install-pkgname-install-d2078529a9e0	2026-08-22T22:12:37Z	build-infra/packaging/mesa-gororoba-debug-optimized/PKGBUILD	install pkgname install	1	"[""1701""]"	"[""PRRT_kwDOR3YK5M6bbo3Y""]"	"[""preserve the native launcher s forced icd selection""]"	repository-native-focused-check	changed-since-review
203	review-shared-change-history-6594b309ef5ccb3945196308926ce1a2aa893e94-d214e70ed-9b92cb694a7f	work-readme-md-gallium-draw-software-tcl-because-mesa-classifies-the-d11e6446f556	2026-08-22T22:22:49Z	src/amd/r300/vulkan/README.md	gallium draw software tcl because mesa classifies the family with	1	"[""1702""]"	"[""PRRT_kwDOR3YK5M6bbr4z""]"	"[""split cpu dispatch from the pm4 submission path""]"	documentation-symbol-and-link-check	changed-since-review
204	review-shared-change-history-d214e70ed81ffdc8b52ab47be9c8206073cf47ed-6bec0aa6f-106ec02e1677	work-r3v-implementation-boundaries-md-and-drm-shim-evidence-rather-than-0f646a640c77	2026-08-22T22:22:49Z	docs/hardware/r3v-implementation-boundaries.md	and drm shim evidence rather than gpu transfer or silicon evidence broader	1	"[""1702""]"	"[""PRRT_kwDOR3YK5M6bbr45""]"	"[""document the legacy compute opt in alias""]"	documentation-symbol-and-link-check	changed-since-review
204	review-shared-change-history-d214e70ed81ffdc8b52ab47be9c8206073cf47ed-6bec0aa6f-106ec02e1677	work-r3v-implementation-boundaries-md-native-initializer-fc6b69c1932e	2026-08-22T22:22:49Z	docs/hardware/r3v-implementation-boundaries.md	native initializer	1	"[""1702""]"	"[""PRRT_kwDOR3YK5M6bbr4y""]"	"[""require each icd identity pattern separately""]"	documentation-symbol-and-link-check	changed-since-review
204	review-shared-change-history-d214e70ed81ffdc8b52ab47be9c8206073cf47ed-6bec0aa6f-106ec02e1677	work-r3v-implementation-boundaries-md-owned-bo-under-an-explicit-unsnooped-2732e4c47964	2026-08-22T22:22:49Z	docs/hardware/r3v-implementation-boundaries.md	owned bo under an explicit unsnooped uma visibility contract	1	"[""1702""]"	"[""PRRT_kwDOR3YK5M6bbr48""]"	"[""attribute fragment binary ownership to the emitter""]"	documentation-symbol-and-link-check	changed-since-review
204	review-shared-change-history-d214e70ed81ffdc8b52ab47be9c8206073cf47ed-6bec0aa6f-106ec02e1677	work-r3v-implementation-boundaries-md-rg-n-fixed-strings-e-r3v-83347987e20b	2026-08-22T22:22:49Z	docs/hardware/r3v-implementation-boundaries.md	rg n fixed strings e r3v native loader application	1	"[""1702""]"	"[""PRRT_kwDOR3YK5M6bbr42""]"	"[""scope job identity to the identity vertex fixture""]"	documentation-symbol-and-link-check	changed-since-review
205	review-shared-change-history-e50678009138c99f30b83aea23ae083213b8a58c-41d774592-0bcb4cc6f876	work-r3v-physical-device-c-r3v-get-image-format-properties-3dc19611b8c7	2026-08-22T22:32:20Z	src/amd/r300/vulkan/r3v_physical_device.c	r3v get image format properties	5	"[""1703"",""1827""]"	"[""PRRT_kwDOR3YK5M6bbuo0"",""PRRT_kwDOR3YK5M6bbuo2"",""PRRT_kwDOR3YK5M6bbuo3"",""PRRT_kwDOR3YK5M6cWv2t"",""PRRT_kwDOR3YK5M6cWv2z""]"	"[""cite the image mechanism by symbol not filename"",""preserve the explicit conformance gap classification"",""name the actual family specific extent gates"",""withhold 1d sampled support until shaders can consume it"",""cap render layer offsets at the coloroffset ceiling""]"	warning-clean-driver-build-and-focused-test	changed-since-review
206	review-shared-change-history-c1c76da5053cb35655bd2c46a95fe027fb255e60-e50678009-f1dd62f775d1	work-r3v-native-submit-order-harness-c-original-line-229-be77caafb553	2026-08-22T22:52:08Z	src/amd/r300/vulkan/tests/r3v_native_submit_order_harness.c	original line 229	1	"[""1705""]"	"[""PRRT_kwDOR3YK5M6bb0RX""]"	"[""derive the manifest fixture from tmpdir""]"	warning-clean-driver-build-and-focused-test	changed-since-review
206	review-shared-change-history-c1c76da5053cb35655bd2c46a95fe027fb255e60-e50678009-f1dd62f775d1	work-r3v-native-submit-order-harness-c-original-line-236-d596cce2f069	2026-08-22T22:52:08Z	src/amd/r300/vulkan/tests/r3v_native_submit_order_harness.c	original line 236	1	"[""1705""]"	"[""PRRT_kwDOR3YK5M6bb0RZ""]"	"[""inject retention failure independently of process privileges""]"	warning-clean-driver-build-and-focused-test	changed-since-review
206	review-shared-change-history-c1c76da5053cb35655bd2c46a95fe027fb255e60-e50678009-f1dd62f775d1	work-r3v-native-submit-order-harness-c-original-line-727-abaa3d9a6943	2026-08-22T22:52:08Z	src/amd/r300/vulkan/tests/r3v_native_submit_order_harness.c	original line 727	1	"[""1705""]"	"[""PRRT_kwDOR3YK5M6bb0Ra""]"	"[""assert the closed gate retention outcome""]"	warning-clean-driver-build-and-focused-test	changed-since-review
207	review-shared-change-history-4eb06a49be58551844a93a51de5639cf64f3558a-7dd3f6fbb-1c238d2829e5	work-r3v-native-route-timing-digest-test-c-main-void-34efd76d8d3c	2026-08-22T22:55:48Z	src/amd/r300/vulkan/tests/r3v_native_route_timing_digest_test.c	main void	1	"[""1706""]"	"[""PRRT_kwDOR3YK5M6bb1Y3""]"	"[""isolate the cpu pin known bad calibration""]"	warning-clean-driver-build-and-focused-test	changed-since-review
208	review-shared-change-history-6594b309ef5ccb3945196308926ce1a2aa893e94-c09621537-a5be7ca83d64	work-r3v-native-submit-order-harness-c-run-arm-enum-arm-e2b8586c7be2	2026-08-22T23:16:45Z	src/amd/r300/vulkan/tests/r3v_native_submit_order_harness.c	run arm enum arm arm const char name	2	"[""1708"",""1723""]"	"[""PRRT_kwDOR3YK5M6bb7Gp"",""PRRT_kwDOR3YK5M6beOn7""]"	"[""clip robust zero w vertices instead of losing the device"",""make the oob arm use a genuinely short vertex buffer""]"	warning-clean-driver-build-and-focused-test	changed-since-review
209	review-shared-change-history-01cce6697e2122401327f7dbc7d873adb7b0a897-5f7f33471-8f09e85e0ff3	work-r3v-native-attended-fetched-gpu-producer-procedure-md-original-line-d14af10c5b7a	2026-08-23T01:37:46Z	docs/hardware/r3v-native-attended-fetched-gpu-producer-procedure.md	original line 76	1	"[""1711""]"	"[""PRRT_kwDOR3YK5M6bcfKS""]"	"[""correct the declaration consumption guidance""]"	documentation-symbol-and-link-check	changed-since-review
210	review-shared-change-history-d214e70ed81ffdc8b52ab47be9c8206073cf47ed-41d774592-09a8f8fb4dd4	work-r3v-native-cell-c-admit-fetched-producer-struct-r3v-native-0049d6bdab02	2026-08-23T01:40:37Z	src/amd/r300/vulkan/r3v_native_cell.c	admit fetched producer struct r3v native device device	1	"[""1712""]"	"[""PRRT_kwDOR3YK5M6bcf4J""]"	"[""describe the vbpntr pointer as a byte address""]"	warning-clean-driver-build-and-focused-test	changed-since-review
211	review-shared-change-history-01cce6697e2122401327f7dbc7d873adb7b0a897-5f7f33471-91d1a28e3047	work-rs482-native-delivery-route-admission-and-oracle-model-md-format-8e166018fb84	2026-08-23T05:09:32Z	docs/hardware/rs482-native-delivery-route-admission-and-oracle-model.md	format and returns one decision the cpu route by default the r2vb host model	3	"[""1715""]"	"[""PRRT_kwDOR3YK5M6bdRyV"",""PRRT_kwDOR3YK5M6bdRyX"",""PRRT_kwDOR3YK5M6bdRyY""]"	"[""use the repository relative digest header path"",""correct the digest header s stale evidence class"",""rename the chronology based evidence bundle""]"	documentation-symbol-and-link-check	changed-since-review
212	review-shared-change-history-7dd3f6fbb379de20d3c2c7d983d24523acfdbd84-af766adab-6dc2b789e755	work-r3v-native-route-timing-digest-test-c-main-int-argc-d160cbadb9e4	2026-08-23T06:28:10Z	src/amd/r300/vulkan/tests/r3v_native_route_timing_digest_test.c	main int argc char argv	1	"[""1718""]"	"[""PRRT_kwDOR3YK5M6bdlO7""]"	"[""check the cpu pin before the fetched pin""]"	warning-clean-driver-build-and-focused-test	changed-since-review
213	review-shared-change-history-c9bd4e6bc836fe7d172176dd0c977779537d14d5-1a8033cbe-0075713083f8	work-r300-tcl-bypass-triangle-c-original-line-35-47d27cd7183b	2026-08-23T07:41:41Z	src/amd/r300/common/r300_tcl_bypass_triangle.c	original line 35	1	"[""1720""]"	"[""PRRT_kwDOR3YK5M6bd5Hs""]"	"[""record the varying vector claim s discovery method""]"	warning-clean-driver-build-and-focused-test	changed-since-review
214	review-shared-change-history-c9bd4e6bc836fe7d172176dd0c977779537d14d5-a190f69df-608c9aedae91	work-r3v-native-draw-c-r3v-cmddraw-vkcommandbuffer-commandbuffer-uint32-t-3b03554923a2	2026-08-23T08:52:43Z	src/amd/r300/vulkan/r3v_native_draw.c	r3v cmddraw vkcommandbuffer commandbuffer uint32 t vertexcount	1	"[""1723""]"	"[""PRRT_kwDOR3YK5M6beOn6""]"	"[""limit the alias check to the fetched index span""]"	warning-clean-driver-build-and-focused-test	changed-since-review
215	review-shared-change-history-c5cc11945f60ddc34a1011b1bde47762a33887ab-64fa102e6-d12d9b9fc690	work-r300-triangle-manifest-c-main-int-argc-char-argv-f7cd5813dd0c	2026-08-23T10:01:22Z	src/amd/r300/common/r300_triangle_manifest.c	main int argc char argv	2	"[""1724""]"	"[""PRRT_kwDOR3YK5M6beiHU"",""PRRT_kwDOR3YK5M6beiHX""]"	"[""size the manifest vertex bo for the requested family member"",""preserve the varying shape in the instanced cell kind""]"	warning-clean-driver-build-and-focused-test	changed-since-review
216	review-shared-change-history-2a11aa0c8253be67db77dd45cc6f02e8ad4b5c77-adfa7ce2b-3f47822071f6	work-r3v-native-queue-c-enum-r3v-native-observed-route-bac9b09ccbb5	2026-08-23T10:26:39Z	src/amd/r300/vulkan/r3v_native_queue.c	enum r3v native observed route	1	"[""1726""]"	"[""PRRT_kwDOR3YK5M6bepfU""]"	"[""clear compute route classification on host only submits""]"	warning-clean-driver-build-and-focused-test	changed-since-review
217	review-shared-change-history-d02bda1a06e35e35f08127a42ace08a0052e6351-0bb1427b5-b554b841d054	work-r3v-qualification-inventory-py-original-line-115-b7998f1a8b6c	2026-08-23T10:26:39Z	src/amd/r300/vulkan/tests/r3v_qualification_inventory.py	original line 115	1	"[""1726""]"	"[""PRRT_kwDOR3YK5M6bepfX""]"	"[""require the carrier replay in qualification inventory""]"	python-test-black-and-ruff	changed-since-review
218	review-shared-change-history-d02bda1a06e35e35f08127a42ace08a0052e6351-723036632-9187abbd32ff	work-r3v-native-compute-c-r3v-native-cmd-buffer-execute-deferred-c0ced8e843f8	2026-08-23T10:26:39Z	src/amd/r300/vulkan/r3v_native_compute.c	r3v native cmd buffer execute deferred dispatch	2	"[""1726""]"	"[""PRRT_kwDOR3YK5M6bepfW"",""PRRT_kwDOR3YK5M6bepfY""]"	"[""invalidate a freshly mapped input before building the oracle"",""surface failures while retaining gpu oracle evidence""]"	warning-clean-driver-build-and-focused-test	changed-since-review
219	review-shared-change-history-300a75557165c988818944e1fef1157d847406bc-92a1e7e25-18e350b97f44	work-r3v-native-arming-runner-c-main-int-argc-char-argv-c11be7853cf4	2026-08-23T10:34:58Z	src/amd/r300/vulkan/tests/r3v_native_arming_runner.c	main int argc char argv	2	"[""1728"",""1830""]"	"[""PRRT_kwDOR3YK5M6ber32"",""PRRT_kwDOR3YK5M6cW_fu""]"	"[""check route gates before reporting compute identity as armed"",""reject malformed composed offsets before narrowing""]"	warning-clean-driver-build-and-focused-test	changed-since-review
220	review-shared-change-history-8e1387b5c97e329dd7b12f9937d691611c40f63e-60ae71b6e-453960ecc138	work-r3v-implementation-boundaries-md-reference-pass-offline-kernel-parser-re-c3000375a3dc	2026-08-23T16:28:26Z	docs/hardware/r3v-implementation-boundaries.md	reference pass offline kernel parser replay with known bad arms	2	"[""1729""]"	"[""PRRT_kwDOR3YK5M6bgkg9"",""PRRT_kwDOR3YK5M6bgkhA""]"	"[""update the completion matrix for the delivered gpu carrier"",""use an audit that covers the compute queue""]"	documentation-symbol-and-link-check	changed-since-review
221	review-shared-change-history-8e1387b5c97e329dd7b12f9937d691611c40f63e-60ae71b6e-30e067e63fc8	work-r300-compute-verb-c-r300-compute-verb-rows-valid-const-fb88b09d2bae	2026-08-23T21:06:41Z	src/amd/r300/common/r300_compute_verb.c	r300 compute verb rows valid const struct r300 compute verb row table	1	"[""1732""]"	"[""PRRT_kwDOR3YK5M6biIrZ""]"	"[""reject host executor evidence when the cpu route is absent""]"	warning-clean-driver-build-and-focused-test	changed-since-review
222	review-shared-change-history-8e1387b5c97e329dd7b12f9937d691611c40f63e-60ae71b6e-8b4fdac8d7a2	work-r300-compute-verb-h-enum-r300-compute-verb-2d9ca2088e13	2026-08-23T21:06:42Z	src/amd/r300/common/r300_compute_verb.h	enum r300 compute verb	1	"[""1732""]"	"[""PRRT_kwDOR3YK5M6biIrd""]"	"[""update the r3v boundary contract for mandatory operation ids""]"	warning-clean-driver-build-and-focused-test	changed-since-review
223	review-shared-change-history-2d088af50f199d4685ea3b4c6b6ced163d5b0f8e-e0b3d4ae9-c54a5ef11b15	work-agents-md-emitting-after-issuing-the-prefetch-the-one-wait-8af6c430f1a2	2026-08-23T21:27:24Z	AGENTS.md	emitting after issuing the prefetch the one wait lands at end of ib before	1	"[""1677""]"	"[""PRRT_kwDOR3YK5M6biQDP""]"	"[""preserve the documented sentence boundary options""]"	documentation-symbol-and-link-check	changed-since-review
223	review-shared-change-history-2d088af50f199d4685ea3b4c6b6ced163d5b0f8e-e0b3d4ae9-c54a5ef11b15	work-agents-md-source-comments-name-durable-mechanisms-exact-chip-isa-d2c3912f060e	2026-08-23T21:27:24Z	AGENTS.md	source comments name durable mechanisms exact chip isa register rule api spec	1	"[""1677""]"	"[""PRRT_kwDOR3YK5M6biQDN""]"	"[""reconcile the mechanism split criteria""]"	documentation-symbol-and-link-check	changed-since-review
224	review-shared-change-history-1099b1c71adc2055b4018cb4b6bc70cc9a7223f0-1d0ecc2e4-352dc243b37a	work-r3v-native-transfer-ops-test-c-original-line-169-8a9f3e2f621e	2026-08-23T21:47:34Z	src/amd/r300/vulkan/tests/r3v_native_transfer_ops_test.c	original line 169	1	"[""1735""]"	"[""PRRT_kwDOR3YK5M6biXQN""]"	"[""nitpick testing the update test checks the first and third dwords but never checks the middle dword at offset 68 so an implementation that corrupts or omits the second dword still passes the supposedly full size update verification""]"	warning-clean-driver-build-and-focused-test	changed-since-review
224	review-shared-change-history-1099b1c71adc2055b4018cb4b6bc70cc9a7223f0-1d0ecc2e4-352dc243b37a	work-r3v-native-transfer-ops-test-c-original-line-344-9f612a985544	2026-08-23T21:55:07Z	src/amd/r300/vulkan/tests/r3v_native_transfer_ops_test.c	original line 344	1	"[""1735""]"	"[""PRRT_kwDOR3YK5M6biZ2M""]"	"[""transition the test images before blitting""]"	warning-clean-driver-build-and-focused-test	changed-since-review
225	review-shared-change-history-a190f69df686f6558b0e3ef847ef62793ffcaf50-9a264e890-60e73dfd6289	work-r3v-native-recording-c-r3v-cmdbeginquery-f57553b30383	2026-08-23T21:55:06Z	src/amd/r300/vulkan/r3v_native_recording.c	r3v cmdbeginquery	2	"[""1735""]"	"[""PRRT_kwDOR3YK5M6biZ2F"",""PRRT_kwDOR3YK5M6biZ2P""]"	"[""close up the spaced double hyphen"",""add the required symbol discovery locator""]"	warning-clean-driver-build-and-focused-test	changed-since-review
225	review-shared-change-history-a190f69df686f6558b0e3ef847ef62793ffcaf50-9a264e890-60e73dfd6289	work-r3v-native-recording-c-r3v-cmdfillbuffer-00c7cf77fb22	2026-08-23T21:55:06Z	src/amd/r300/vulkan/r3v_native_recording.c	r3v cmdfillbuffer	2	"[""1735""]"	"[""PRRT_kwDOR3YK5M6biZ2B"",""PRRT_kwDOR3YK5M6biZ2D""]"	"[""reject transfers recorded after a deferred dispatch"",""accept a whole size fill that rounds down to zero""]"	warning-clean-driver-build-and-focused-test	changed-since-review
226	review-shared-change-history-0d0e7f74784c996c7bf1d4414fb3a02dafa8beff-8e1387b5c-bf6eefe9963b	work-r3v-native-descriptor-test-c-check-update-poison-const-struct-de0168abcf31	2026-08-23T21:59:35Z	src/amd/r300/vulkan/tests/r3v_native_descriptor_test.c	check update poison const struct fixture f	3	"[""1737""]"	"[""PRRT_kwDOR3YK5M6bibVs"",""PRRT_kwDOR3YK5M6bibVu"",""PRRT_kwDOR3YK5M6bibVw""]"	"[""bind job descriptors before testing dispatch compatibility"",""report a command pool reset failure"",""isolate the bind time compatibility verdict""]"	warning-clean-driver-build-and-focused-test	changed-since-review
227	review-shared-change-history-0d0e7f74784c996c7bf1d4414fb3a02dafa8beff-8e1387b5c-c6d38f8c31df	work-r3v-native-compute-c-r3v-cmdbinddescriptorsets-vkcommandbuffer-commandbu-c29168f34ac1	2026-08-23T21:59:35Z	src/amd/r300/vulkan/r3v_native_compute.c	r3v cmdbinddescriptorsets vkcommandbuffer commandbuffer	2	"[""1737""]"	"[""PRRT_kwDOR3YK5M6bibVq"",""PRRT_kwDOR3YK5M6bibVr""]"	"[""accept compatible layouts with later descriptor sets"",""include push constant ranges in layout compatibility""]"	warning-clean-driver-build-and-focused-test	changed-since-review
227	review-shared-change-history-0d0e7f74784c996c7bf1d4414fb3a02dafa8beff-8e1387b5c-c6d38f8c31df	work-r3v-native-compute-c-r3v-cmddispatch-vkcommandbuffer-commandbuffer-uint3-ab9e110639fe	2026-08-24T20:04:47Z	src/amd/r300/vulkan/r3v_native_compute.c	r3v cmddispatch vkcommandbuffer commandbuffer uint32 t groupcountx	1	"[""1760""]"	"[""PRRT_kwDOR3YK5M6b1g0R""]"	"[""ignore stage visibility when comparing compatible layouts""]"	warning-clean-driver-build-and-focused-test	changed-since-review
227	review-shared-change-history-0d0e7f74784c996c7bf1d4414fb3a02dafa8beff-8e1387b5c-c6d38f8c31df	work-r3v-native-compute-c-r3v-updatedescriptorsets-vkdevice-device-uint32-t-08f2e8c91222	2026-08-24T20:04:47Z	src/amd/r300/vulkan/r3v_native_compute.c	r3v updatedescriptorsets vkdevice device uint32 t descriptorwritecount	2	"[""1760""]"	"[""PRRT_kwDOR3YK5M6b1g0H"",""PRRT_kwDOR3YK5M6b1-TO""]"	"[""continue descriptor updates across compatible bindings"",""preserve array elements for later descriptor copies""]"	warning-clean-driver-build-and-focused-test	changed-since-review
228	review-shared-change-history-98959caa8f8f735899b1d1390d650d1ae450887e-1ad514dc9-098692370c94	work-r3v-native-h-struct-r3v-native-vertex-stream-desc-48564f5af6d1	2026-08-23T22:03:52Z	src/amd/r300/vulkan/r3v_native.h	struct r3v native vertex stream desc	1	"[""1738""]"	"[""PRRT_kwDOR3YK5M6bicrk""]"	"[""remove the unused stream vertex count""]"	warning-clean-driver-build-and-focused-test	changed-since-review
229	review-shared-change-history-812cf7df40581a3ccb779baf92fe18a83a552220-ebc8348c2-8fca71601632	work-r3v-native-pipeline-c-fixed-state-matches-cell-const-vkgraphicspipelinec-e421fcd80050	2026-08-23T22:15:13Z	src/amd/r300/vulkan/r3v_native_pipeline.c	fixed state matches cell const vkgraphicspipelinecreateinfo info	1	"[""1742""]"	"[""PRRT_kwDOR3YK5M6bigfg""]"	"[""avoid dereferencing ignored depth stencil state""]"	warning-clean-driver-build-and-focused-test	changed-since-review
230	review-shared-change-history-b6df2f8ef84dda8b2c505b389e50e3faadada672-b07680fb7-e1e1655efbfd	work-r3v-private-h-extern-c-63a21abce17b	2026-08-23T22:16:21Z	src/amd/r300/vulkan/r3v_private.h	extern c	1	"[""1741""]"	"[""PRRT_kwDOR3YK5M6big3F""]"	"[""contain the 1x only vulkan 1 0 limit deviation""]"	warning-clean-driver-build-and-focused-test	changed-since-review
231	review-shared-change-history-1219d78e0411c9c13549f9b4cda1e4577e0ad8fb-adfa7ce2b-c80d7a30fee3	work-r3v-native-recording-c-r3v-native-copy-buffer-range-ok-218308edec53	2026-08-23T22:25:42Z	src/amd/r300/vulkan/r3v_native_recording.c	r3v native copy buffer range ok const struct r3v native buffer buffer	2	"[""1744"",""1746""]"	"[""PRRT_kwDOR3YK5M6bij-j"",""PRRT_kwDOR3YK5M6bimUw""]"	"[""grow the query op list instead of poisoning at 16"",""reject or replay event operations from secondary buffers""]"	warning-clean-driver-build-and-focused-test	changed-since-review
231	review-shared-change-history-1219d78e0411c9c13549f9b4cda1e4577e0ad8fb-adfa7ce2b-c80d7a30fee3	work-r3v-native-recording-c-r3v-cmdresetevent-b71a8165ef41	2026-08-23T22:25:43Z	src/amd/r300/vulkan/r3v_native_recording.c	r3v cmdresetevent	1	"[""1744""]"	"[""PRRT_kwDOR3YK5M6bij-k""]"	"[""restrict reset rejection to the active query itself""]"	warning-clean-driver-build-and-focused-test	changed-since-review
232	review-shared-change-history-adfa7ce2b0e930e3f198f703477c8c0797338246-13683abd6-1ac9701306b8	work-r3v-native-object-c-r3v-resetevent-vkdevice-device-vkevent-event-010649ed9072	2026-08-23T22:25:42Z	src/amd/r300/vulkan/r3v_native_object.c	r3v resetevent vkdevice device vkevent event	2	"[""1744""]"	"[""PRRT_kwDOR3YK5M6bij-h"",""PRRT_kwDOR3YK5M6bij-l""]"	"[""honor wait while query execution is pending"",""write 32 bit availability in host byte order""]"	warning-clean-driver-build-and-focused-test	changed-since-review
233	review-shared-change-history-1219d78e0411c9c13549f9b4cda1e4577e0ad8fb-adfa7ce2b-015cffcd0d68	work-r3v-native-object-lifetime-test-c-check-sampler-use-fail-988552c6abb0	2026-08-23T22:25:43Z	src/amd/r300/vulkan/tests/r3v_native_object_lifetime_test.c	check sampler use fail closed const struct fixture f	1	"[""1744""]"	"[""PRRT_kwDOR3YK5M6bij-p""]"	"[""reset the query before the positive begin end leg""]"	warning-clean-driver-build-and-focused-test	changed-since-review
234	review-shared-change-history-adfa7ce2b0e930e3f198f703477c8c0797338246-a3d731fdd-c1e537fd76a8	work-r3v-native-recording-c-r3v-cmdendquery-290ec3676967	2026-08-23T22:26:59Z	src/amd/r300/vulkan/r3v_native_recording.c	r3v cmdendquery	2	"[""1745""]"	"[""PRRT_kwDOR3YK5M6bikcH"",""PRRT_kwDOR3YK5M6bikcL""]"	"[""reject secondaries containing deferred dispatches"",""reject secondary buffers that are not executable""]"	warning-clean-driver-build-and-focused-test	changed-since-review
235	review-shared-change-history-adfa7ce2b0e930e3f198f703477c8c0797338246-f1303a673-eb52e990f886	work-r3v-native-object-lifetime-test-c-check-query-zero-span-2e2a1a740763	2026-08-23T22:26:59Z	src/amd/r300/vulkan/tests/r3v_native_object_lifetime_test.c	check query zero span const struct fixture f	1	"[""1745""]"	"[""PRRT_kwDOR3YK5M6bikcK""]"	"[""reset the primary through a permitted command pool path""]"	warning-clean-driver-build-and-focused-test	changed-since-review
236	review-shared-change-history-2e18300a2b42035a97b5fd350656b99cb9dbd7e0-8e1387b5c-d75a39fe988c	work-r3v-native-object-lifetime-test-c-check-host-events-const-3759cddb8cfb	2026-08-23T22:28:47Z	src/amd/r300/vulkan/tests/r3v_native_object_lifetime_test.c	check host events const struct fixture f	3	"[""1747""]"	"[""PRRT_kwDOR3YK5M6bilH6"",""PRRT_kwDOR3YK5M6bilH7"",""PRRT_kwDOR3YK5M6bilH9""]"	"[""bound fence waits to expose signaling failures"",""calibrate the semaphore wait oracle"",""anchor the synchronous submission claim to its symbols""]"	warning-clean-driver-build-and-focused-test	changed-since-review
237	review-shared-change-history-a3d731fddaf773e547e3a057a93394025833e651-1099b1c71-ed73f39b066f	work-r3v-native-h-struct-r3v-native-query-pool-0d4140e72d67	2026-08-23T22:32:15Z	src/amd/r300/vulkan/r3v_native.h	struct r3v native query pool	1	"[""1746""]"	"[""PRRT_kwDOR3YK5M6bimU2""]"	"[""remove the 16 operation event recording ceiling""]"	warning-clean-driver-build-and-focused-test	changed-since-review
238	review-shared-change-history-a015140709531fdfbb364921ce32e9c3fa56c14c-23809ecb8-8ff3b83a197c	work-r3v-physical-device-c-r3v-physical-device-init-limits-struct-45aed731754b	2026-08-23T22:32:51Z	src/amd/r300/vulkan/r3v_physical_device.c	r3v physical device init limits struct vk properties const props	1	"[""1748""]"	"[""PRRT_kwDOR3YK5M6bimgO""]"	"[""replace the stale vulkan floor explanation""]"	warning-clean-driver-build-and-focused-test	changed-since-review
239	review-shared-change-history-ca164de881b81c1338ca63091bc50aa43c6c99f8-2e18300a2-4c2f857f7f3e	work-meson-build-if-with-tests-and-with-tools-contains-drm-1eebd483b0f6	2026-08-24T15:56:46Z	src/amd/r300/vulkan/meson.build	if with tests and with tools contains drm shim and cc get define	3	"[""1756"",""1760"",""1847""]"	"[""PRRT_kwDOR3YK5M6bwuq4"",""PRRT_kwDOR3YK5M6b1-TU"",""PRRT_kwDOR3YK5M6chLnU""]"	"[""register the pin outside the drm shim only block"",""add the typed pool calibration to qualification inventory"",""make wrong runner bindings fail the calibration""]"	configure-build-and-artifact-check	changed-since-review
240	review-shared-change-history-a3d731fddaf773e547e3a057a93394025833e651-8e1387b5c-481c617c7ec6	work-r3v-advertised-surface-deqp-binding-tsv-original-line-8-9b9190c10f30	2026-08-24T19:55:10Z	src/amd/r300/vulkan/tests/r3v_advertised_surface_deqp_binding.tsv	original line 8	1	"[""1759""]"	"[""PRRT_kwDOR3YK5M6b1VSk""]"	"[""exercise the xlib route before claiming it is bound""]"	schema-generator-and-mutation-check	changed-since-review
241	review-shared-change-history-8e1387b5c97e329dd7b12f9937d691611c40f63e-13683abd6-0375eab40766	work-r3v-native-object-lifetime-test-c-check-buffer-binding-const-414936dceb58	2026-08-24T19:55:11Z	src/amd/r300/vulkan/tests/r3v_native_object_lifetime_test.c	check buffer binding const struct fixture f	1	"[""1759""]"	"[""PRRT_kwDOR3YK5M6b1VSr""]"	"[""add discovery provenance to the bridge claim""]"	warning-clean-driver-build-and-focused-test	changed-since-review
242	review-shared-change-history-8e1387b5c97e329dd7b12f9937d691611c40f63e-bd7fcf753-f92cd387f01b	work-r3v-native-compute-c-r3v-createdescriptorsetlayout-vkdevice-device-f637baf936e2	2026-08-24T20:04:47Z	src/amd/r300/vulkan/r3v_native_compute.c	r3v createdescriptorsetlayout vkdevice device	1	"[""1760""]"	"[""PRRT_kwDOR3YK5M6b1g0M""]"	"[""account for admitted dynamic descriptors at bind""]"	warning-clean-driver-build-and-focused-test	changed-since-review
243	review-shared-change-history-1099b1c71adc2055b4018cb4b6bc70cc9a7223f0-ebc8348c2-d190129ae80b	work-r3v-native-recording-c-r3v-cmdclearcolorimage-64444ff4dc3d	2026-08-24T20:12:10Z	src/amd/r300/vulkan/r3v_native_recording.c	r3v cmdclearcolorimage	1	"[""1762""]"	"[""PRRT_kwDOR3YK5M6b1pYE""]"	"[""support clears for every admitted destination format""]"	warning-clean-driver-build-and-focused-test	changed-since-review
244	review-shared-change-history-88ce4466f7a042a93cb70866208c901bf86433c3-225cea235-5b349f40bcf9	work-r3v-conformance-runner-py-original-line-233-89aeb9bc6035	2026-08-24T20:12:38Z	src/amd/r300/vulkan/tests/r3v_conformance_runner.py	original line 233	1	"[""1761""]"	"[""PRRT_kwDOR3YK5M6b1p6V""]"	"[""verify that the drm shim preload actually succeeded""]"	python-test-black-and-ruff	changed-since-review
244	review-shared-change-history-88ce4466f7a042a93cb70866208c901bf86433c3-225cea235-5b349f40bcf9	work-r3v-conformance-runner-py-original-line-312-ed542a491718	2026-08-24T20:12:38Z	src/amd/r300/vulkan/tests/r3v_conformance_runner.py	original line 312	1	"[""1761""]"	"[""PRRT_kwDOR3YK5M6b1p6J""]"	"[""keep incomplete case records non passing""]"	python-test-black-and-ruff	changed-since-review
244	review-shared-change-history-88ce4466f7a042a93cb70866208c901bf86433c3-225cea235-5b349f40bcf9	work-r3v-conformance-runner-py-original-line-389-986d8425236a	2026-08-24T20:12:38Z	src/amd/r300/vulkan/tests/r3v_conformance_runner.py	original line 389	1	"[""1761""]"	"[""PRRT_kwDOR3YK5M6b1p6C""]"	"[""fail runs that report a late framework abort""]"	python-test-black-and-ruff	changed-since-review
244	review-shared-change-history-88ce4466f7a042a93cb70866208c901bf86433c3-225cea235-5b349f40bcf9	work-r3v-conformance-runner-py-original-line-435-f7fbe186c089	2026-08-24T20:12:38Z	src/amd/r300/vulkan/tests/r3v_conformance_runner.py	original line 435	1	"[""1761""]"	"[""PRRT_kwDOR3YK5M6b1p6O""]"	"[""require a fresh output directory before parsing artifacts""]"	python-test-black-and-ruff	changed-since-review
244	review-shared-change-history-88ce4466f7a042a93cb70866208c901bf86433c3-225cea235-5b349f40bcf9	work-r3v-conformance-runner-py-original-line-480-db9770ec16d2	2026-08-24T20:12:38Z	src/amd/r300/vulkan/tests/r3v_conformance_runner.py	original line 480	1	"[""1761""]"	"[""PRRT_kwDOR3YK5M6b1p5-""]"	"[""refuse to grade mismatched source identities""]"	python-test-black-and-ruff	changed-since-review
244	review-shared-change-history-88ce4466f7a042a93cb70866208c901bf86433c3-225cea235-5b349f40bcf9	work-r3v-conformance-runner-py-original-line-257-dfe379ae9ad8	2026-08-24T20:12:39Z	src/amd/r300/vulkan/tests/r3v_conformance_runner.py	original line 257	1	"[""1761""]"	"[""PRRT_kwDOR3YK5M6b1p6r""]"	"[""preserve repeated dmesg events in the run delta""]"	python-test-black-and-ruff	changed-since-review
244	review-shared-change-history-88ce4466f7a042a93cb70866208c901bf86433c3-225cea235-5b349f40bcf9	work-r3v-conformance-runner-py-original-line-292-7b84d11cd052	2026-08-24T20:12:39Z	src/amd/r300/vulkan/tests/r3v_conformance_runner.py	original line 292	1	"[""1761""]"	"[""PRRT_kwDOR3YK5M6b1p6Z""]"	"[""reject duplicate case records in the qpa log""]"	python-test-black-and-ruff	changed-since-review
244	review-shared-change-history-88ce4466f7a042a93cb70866208c901bf86433c3-225cea235-5b349f40bcf9	work-r3v-conformance-runner-py-original-line-541-2012bc3e8353	2026-08-24T20:12:39Z	src/amd/r300/vulkan/tests/r3v_conformance_runner.py	original line 541	1	"[""1761""]"	"[""PRRT_kwDOR3YK5M6b1p6x""]"	"[""require the qpa session identity fields""]"	python-test-black-and-ruff	changed-since-review
244	review-shared-change-history-88ce4466f7a042a93cb70866208c901bf86433c3-225cea235-5b349f40bcf9	work-r3v-conformance-runner-py-original-line-71-fd38879168a2	2026-08-24T20:12:39Z	src/amd/r300/vulkan/tests/r3v_conformance_runner.py	original line 71	1	"[""1761""]"	"[""PRRT_kwDOR3YK5M6b1p6m""]"	"[""record environment variables that select runtime identity""]"	python-test-black-and-ruff	changed-since-review
244	review-shared-change-history-88ce4466f7a042a93cb70866208c901bf86433c3-225cea235-5b349f40bcf9	work-r3v-conformance-runner-py-class-runnerrefusal-exception-2f5da6707149	2026-08-24T21:55:46Z	src/amd/r300/vulkan/tests/r3v_conformance_runner.py	class runnerrefusal exception	3	"[""1767""]"	"[""PRRT_kwDOR3YK5M6b3cjS"",""PRRT_kwDOR3YK5M6b3ziV"",""PRRT_kwDOR3YK5M6b3zid""]"	"[""enforce each slice s required evidence class"",""require hazard identity before launching an ad hoc run"",""bind the deqp executable to the pinned cts revision""]"	python-test-black-and-ruff	changed-since-review
245	review-shared-change-history-0d0e7f74784c996c7bf1d4414fb3a02dafa8beff-13683abd6-b58c8ba366b5	work-r3v-conformance-nonpass-ledger-tsv-original-line-2-eb6786ee734c	2026-08-24T20:12:39Z	src/amd/r300/vulkan/tests/r3v_conformance_nonpass_ledger.tsv	original line 2	1	"[""1761""]"	"[""PRRT_kwDOR3YK5M6b1p6h""]"	"[""restrict accepted notsupported results to optional cases""]"	schema-generator-and-mutation-check	changed-since-review
246	review-shared-change-history-8e1387b5c97e329dd7b12f9937d691611c40f63e-e68f40792-b2f97213d851	work-r3v-physical-device-c-r3v-getphysicaldevicequeuefamilyproperties2-vkphys-19ae2db7502b	2026-08-24T20:21:15Z	src/amd/r300/vulkan/r3v_physical_device.c	r3v getphysicaldevicequeuefamilyproperties2 vkphysicaldevice physicaldevice	1	"[""1765""]"	"[""PRRT_kwDOR3YK5M6b10Jz""]"	"[""record the discovery method for the queue claim authority""]"	warning-clean-driver-build-and-focused-test	changed-since-review
247	review-shared-change-history-60ae71b6e75360b9cc12dd4b524381da9da7feb4-c9d5859ca-1fdf182244de	work-r300-compute-verb-c-static-const-struct-r300-compute-verb-e298b05a31e3	2026-08-24T20:32:31Z	src/amd/r300/common/r300_compute_verb.c	static const struct r300 compute verb row rows r300 compute verb count	2	"[""1765""]"	"[""PRRT_kwDOR3YK5M6b2Bd-"",""PRRT_kwDOR3YK5M6b2BeE""]"	"[""keep finite verb coverage behind the nonconformance gate"",""reject truncated tables in the conformance predicate""]"	warning-clean-driver-build-and-focused-test	changed-since-review
248	review-shared-change-history-225cea235e853f762377956a6329f5e8ab1661b3-1f91536e6-76cc56194d6c	work-r3v-conformance-partition-py-original-line-216-0809d4e66236	2026-08-24T21:55:46Z	src/amd/r300/vulkan/tests/r3v_conformance_partition.py	original line 216	1	"[""1767""]"	"[""PRRT_kwDOR3YK5M6b3cja""]"	"[""restrict slice names to output safe basenames""]"	python-test-black-and-ruff	changed-since-review
248	review-shared-change-history-225cea235e853f762377956a6329f5e8ab1661b3-1f91536e6-76cc56194d6c	work-r3v-conformance-partition-py-original-line-255-2d1db908f12d	2026-08-24T22:12:53Z	src/amd/r300/vulkan/tests/r3v_conformance_partition.py	original line 255	1	"[""1767""]"	"[""PRRT_kwDOR3YK5M6b3tnS""]"	"[""reserve the uncovered artifact name""]"	python-test-black-and-ruff	changed-since-review
248	review-shared-change-history-225cea235e853f762377956a6329f5e8ab1661b3-1f91536e6-76cc56194d6c	work-r3v-conformance-partition-py-original-line-275-68a4353107c2	2026-08-24T22:12:53Z	src/amd/r300/vulkan/tests/r3v_conformance_partition.py	original line 275	1	"[""1767""]"	"[""PRRT_kwDOR3YK5M6b3tnM""]"	"[""validate required evidence before opening the slice""]"	python-test-black-and-ruff	changed-since-review
248	review-shared-change-history-225cea235e853f762377956a6329f5e8ab1661b3-1f91536e6-76cc56194d6c	work-r3v-conformance-partition-py-original-line-291-37b2735fbe75	2026-08-24T22:12:53Z	src/amd/r300/vulkan/tests/r3v_conformance_partition.py	original line 291	1	"[""1767""]"	"[""PRRT_kwDOR3YK5M6b3tnP""]"	"[""reconcile pilot coverage with the corpus denominator""]"	python-test-black-and-ruff	changed-since-review
249	review-shared-change-history-88ce4466f7a042a93cb70866208c901bf86433c3-225cea235-069074e6bc40	work-r3v-conformance-partition-py-original-line-245-a2f69a5dda2b	2026-08-24T21:55:46Z	src/amd/r300/vulkan/tests/r3v_conformance_partition.py	original line 245	1	"[""1767""]"	"[""PRRT_kwDOR3YK5M6b3cjY""]"	"[""validate executable state against the partition authority""]"	python-test-black-and-ruff	changed-since-review
250	review-shared-change-history-225cea235e853f762377956a6329f5e8ab1661b3-7f7feec24-e8940c4528a5	work-r3v-conformance-runner-py-def-execute-args-9396c0cd229d	2026-08-24T22:19:00Z	src/amd/r300/vulkan/tests/r3v_conformance_runner.py	def execute args	11	"[""1767"",""1771"",""1772"",""1781"",""1786""]"	"[""PRRT_kwDOR3YK5M6b3zih"",""PRRT_kwDOR3YK5M6b3zio"",""PRRT_kwDOR3YK5M6b4UK1"",""PRRT_kwDOR3YK5M6b4UK5"",""PRRT_kwDOR3YK5M6b4bt5"",""PRRT_kwDOR3YK5M6b4btv"",""PRRT_kwDOR3YK5M6b41T8"",""PRRT_kwDOR3YK5M6b41UE"",""PRRT_kwDOR3YK5M6b6xcP"",""PRRT_kwDOR3YK5M6b8cXw"",""PRRT_kwDOR3YK5M6b8cXz""]"	"[""record one consistent caselist digest in the receipt"",""clear stale artifacts before recording a refused rerun"",""compare the declared caselist against its file digest"",""downgrade identity mismatches from verified result"",""clear verified result when an expected identity mismatches"",""compare the declared caselist digest using the manifest convention"",""require the queue report digest for verified result"",""bump the receipt schema for mandatory queue evidence"",""derive the caselist digest and cases from one snapshot"",""require an active per case capture before the planning bypass"",""stop the shard when kernel log continuity is lost""]"	python-test-black-and-ruff	changed-since-review
250	review-shared-change-history-225cea235e853f762377956a6329f5e8ab1661b3-7f7feec24-e8940c4528a5	work-r3v-conformance-runner-py-def-seal-receipt-e4e20bebf64e	2026-08-24T22:56:21Z	src/amd/r300/vulkan/tests/r3v_conformance_runner.py	def seal receipt	8	"[""1771"",""1772""]"	"[""PRRT_kwDOR3YK5M6b4UK-"",""PRRT_kwDOR3YK5M6b4UKy"",""PRRT_kwDOR3YK5M6b4ULB"",""PRRT_kwDOR3YK5M6b4bt2"",""PRRT_kwDOR3YK5M6b4btr"",""PRRT_kwDOR3YK5M6b4btz"",""PRRT_kwDOR3YK5M6b4buF"",""PRRT_kwDOR3YK5M6b4tFj""]"	"[""match runtime events to the current boot"",""drain child output while supervising deqp"",""start the case deadline only after a case begins"",""bind runtime events to the current boot"",""drain child output while supervising deqp"",""reject queue reports without the required ledger digest"",""track case markers rather than raw log size"",""reject non object runtime event json""]"	python-test-black-and-ruff	changed-since-review
251	review-shared-change-history-225cea235e853f762377956a6329f5e8ab1661b3-7f7feec24-eea41b438440	work-readme-md-hazard-is-assigned-from-the-cts-sources-a-d9bc20366441	2026-08-24T22:25:29Z	src/amd/r300/vulkan/README.md	hazard is assigned from the cts sources a family whose tests reach	1	"[""1768""]"	"[""PRRT_kwDOR3YK5M6b35q0""]"	"[""require verified provenance before verified result runs""]"	documentation-symbol-and-link-check	changed-since-review
252	review-shared-change-history-300a75557165c988818944e1fef1157d847406bc-bd7fcf753-637fb81ee318	work-r3v-native-plan-c-original-line-220-0649dd453d54	2026-08-24T22:28:04Z	src/amd/r300/vulkan/r3v_native_plan.c	original line 220	1	"[""1769""]"	"[""PRRT_kwDOR3YK5M6b38XI""]"	"[""allow the full kernel release abi length""]"	warning-clean-driver-build-and-focused-test	changed-since-review
252	review-shared-change-history-300a75557165c988818944e1fef1157d847406bc-bd7fcf753-637fb81ee318	work-r3v-native-plan-c-original-line-287-b2bdf50b42c4	2026-08-24T22:28:04Z	src/amd/r300/vulkan/r3v_native_plan.c	original line 287	1	"[""1769""]"	"[""PRRT_kwDOR3YK5M6b38W2""]"	"[""reject a trailing relocation column""]"	warning-clean-driver-build-and-focused-test	changed-since-review
252	review-shared-change-history-300a75557165c988818944e1fef1157d847406bc-bd7fcf753-637fb81ee318	work-r3v-native-plan-c-original-line-431-4f0b80b4d69f	2026-08-24T22:28:04Z	src/amd/r300/vulkan/r3v_native_plan.c	original line 431	1	"[""1769""]"	"[""PRRT_kwDOR3YK5M6b38Wt""]"	"[""enforce the referenced byte ceiling while parsing""]"	warning-clean-driver-build-and-focused-test	changed-since-review
252	review-shared-change-history-300a75557165c988818944e1fef1157d847406bc-bd7fcf753-637fb81ee318	work-r3v-native-plan-c-original-line-648-18f45218d96c	2026-08-24T22:28:04Z	src/amd/r300/vulkan/r3v_native_plan.c	original line 648	1	"[""1769""]"	"[""PRRT_kwDOR3YK5M6b38XE""]"	"[""bind the live evidence directory path""]"	warning-clean-driver-build-and-focused-test	changed-since-review
252	review-shared-change-history-300a75557165c988818944e1fef1157d847406bc-bd7fcf753-637fb81ee318	work-r3v-native-plan-c-original-line-768-aa07e5b0c2af	2026-08-24T22:28:04Z	src/amd/r300/vulkan/r3v_native_plan.c	original line 768	1	"[""1769""]"	"[""PRRT_kwDOR3YK5M6b38XO""]"	"[""check the deadline when finishing the session""]"	warning-clean-driver-build-and-focused-test	changed-since-review
252	review-shared-change-history-300a75557165c988818944e1fef1157d847406bc-bd7fcf753-637fb81ee318	work-r3v-native-plan-c-original-line-645-2f165e1c6db7	2026-08-24T22:49:31Z	src/amd/r300/vulkan/r3v_native_plan.c	original line 645	1	"[""1770""]"	"[""PRRT_kwDOR3YK5M6b4Obo""]"	"[""reject plans whose entries exceed the cumulative ceiling""]"	warning-clean-driver-build-and-focused-test	changed-since-review
252	review-shared-change-history-300a75557165c988818944e1fef1157d847406bc-bd7fcf753-637fb81ee318	work-r3v-native-plan-c-original-line-798-94ac79451ec6	2026-08-24T22:58:06Z	src/amd/r300/vulkan/r3v_native_plan.c	original line 798	1	"[""1769""]"	"[""PRRT_kwDOR3YK5M6b4Vuk""]"	"[""bind contamination to immutable device gate state""]"	warning-clean-driver-build-and-focused-test	changed-since-review
252	review-shared-change-history-300a75557165c988818944e1fef1157d847406bc-bd7fcf753-637fb81ee318	work-r3v-native-plan-c-original-line-724-94f47181c2dd	2026-08-24T22:58:07Z	src/amd/r300/vulkan/r3v_native_plan.c	original line 724	1	"[""1769""]"	"[""PRRT_kwDOR3YK5M6b4Vup""]"	"[""reject overflowing body sizes before sealing""]"	warning-clean-driver-build-and-focused-test	changed-since-review
252	review-shared-change-history-300a75557165c988818944e1fef1157d847406bc-bd7fcf753-637fb81ee318	work-r3v-native-plan-c-original-line-869-afb1b60350bc	2026-08-24T22:58:07Z	src/amd/r300/vulkan/r3v_native_plan.c	original line 869	1	"[""1769""]"	"[""PRRT_kwDOR3YK5M6b4Vum""]"	"[""consume each plan across all replay sessions""]"	warning-clean-driver-build-and-focused-test	changed-since-review
252	review-shared-change-history-300a75557165c988818944e1fef1157d847406bc-bd7fcf753-637fb81ee318	work-r3v-native-plan-c-original-line-889-d8dc75faa956	2026-08-24T22:58:07Z	src/amd/r300/vulkan/r3v_native_plan.c	original line 889	1	"[""1769""]"	"[""PRRT_kwDOR3YK5M6b4Vuq""]"	"[""reject unplanned zero ib command buffers""]"	warning-clean-driver-build-and-focused-test	changed-since-review
253	review-shared-change-history-4653e691f1692ad7c7e37835316e6cf7d82fc7bc-baf48620c-4eead625b6da	work-meson-build-r3v-native-files-files-ddc0c86c5189	2026-08-24T22:28:04Z	src/amd/r300/vulkan/meson.build	r3v native files files	2	"[""1769"",""1770""]"	"[""PRRT_kwDOR3YK5M6b38XR"",""PRRT_kwDOR3YK5M6b4wDC""]"	"[""add the plan header to native boundary audits"",""link plan capture consumers with libdl""]"	configure-build-and-artifact-check	changed-since-review
254	review-shared-change-history-7d847324637a0c3fdb998778fe6ab0b5242107ee-300a75557-b363c98fddec	work-r3v-native-plan-c-original-line-308-47b1f8227465	2026-08-24T22:28:04Z	src/amd/r300/vulkan/r3v_native_plan.c	original line 308	1	"[""1769""]"	"[""PRRT_kwDOR3YK5M6b38Wk""]"	"[""reject invalid relocation directions before sealing""]"	warning-clean-driver-build-and-focused-test	changed-since-review
254	review-shared-change-history-7d847324637a0c3fdb998778fe6ab0b5242107ee-300a75557-b363c98fddec	work-r3v-native-plan-c-original-line-590-5952f7e1a4a1	2026-08-24T22:28:04Z	src/amd/r300/vulkan/r3v_native_plan.c	original line 590	1	"[""1769""]"	"[""PRRT_kwDOR3YK5M6b38W8""]"	"[""keep undersized output buffers untouched""]"	warning-clean-driver-build-and-focused-test	changed-since-review
255	review-shared-change-history-26b04af5186ffa9c81c9f86ea67d56a9b2ee9baf-59b77649a-d2ed9ef1cfd2	work-r3v-native-plan-capture-c-original-line-204-9ee85ce5ffdf	2026-08-24T22:49:31Z	src/amd/r300/vulkan/r3v_native_plan_capture.c	original line 204	1	"[""1770""]"	"[""PRRT_kwDOR3YK5M6b4Obl""]"	"[""create the capture temporary file without following links""]"	warning-clean-driver-build-and-focused-test	changed-since-review
255	review-shared-change-history-26b04af5186ffa9c81c9f86ea67d56a9b2ee9baf-59b77649a-d2ed9ef1cfd2	work-r3v-native-plan-capture-c-original-line-214-fff6accafec8	2026-08-24T22:59:18Z	src/amd/r300/vulkan/r3v_native_plan_capture.c	original line 214	1	"[""1770""]"	"[""PRRT_kwDOR3YK5M6b4WuS""]"	"[""sync the capture directory after replacing the transcript""]"	warning-clean-driver-build-and-focused-test	changed-since-review
255	review-shared-change-history-26b04af5186ffa9c81c9f86ea67d56a9b2ee9baf-59b77649a-d2ed9ef1cfd2	work-r3v-native-plan-capture-c-original-line-122-9c894559b7c5	2026-08-24T23:11:21Z	src/amd/r300/vulkan/r3v_native_plan_capture.c	original line 122	1	"[""1770""]"	"[""PRRT_kwDOR3YK5M6b4gap""]"	"[""allow capture files directly under the root directory""]"	warning-clean-driver-build-and-focused-test	changed-since-review
255	review-shared-change-history-26b04af5186ffa9c81c9f86ea67d56a9b2ee9baf-59b77649a-d2ed9ef1cfd2	work-r3v-native-plan-capture-c-original-line-277-326fa3d6036c	2026-08-24T23:11:21Z	src/amd/r300/vulkan/r3v_native_plan_capture.c	original line 277	1	"[""1770""]"	"[""PRRT_kwDOR3YK5M6b4gaf""]"	"[""refuse capture when dso identity collection fails""]"	warning-clean-driver-build-and-focused-test	changed-since-review
255	review-shared-change-history-26b04af5186ffa9c81c9f86ea67d56a9b2ee9baf-59b77649a-d2ed9ef1cfd2	work-r3v-native-plan-capture-c-original-line-57-967f09bcf8f6	2026-08-24T23:11:21Z	src/amd/r300/vulkan/r3v_native_plan_capture.c	original line 57	1	"[""1770""]"	"[""PRRT_kwDOR3YK5M6b4gah""]"	"[""preserve all four fetched cell relocation roles""]"	warning-clean-driver-build-and-focused-test	changed-since-review
255	review-shared-change-history-26b04af5186ffa9c81c9f86ea67d56a9b2ee9baf-59b77649a-d2ed9ef1cfd2	work-r3v-native-plan-capture-c-original-line-100-811188037f75	2026-08-24T23:23:10Z	src/amd/r300/vulkan/r3v_native_plan_capture.c	original line 100	1	"[""1770""]"	"[""PRRT_kwDOR3YK5M6b4pyo""]"	"[""add semantic roles for the compute identity carrier""]"	warning-clean-driver-build-and-focused-test	changed-since-review
256	review-shared-change-history-baf48620c79c19566965936e10cb66c5c1419cf5-26b04af51-078e7bb0e076	work-r3v-native-plan-capture-c-original-line-53-360eccac05d3	2026-08-24T22:49:31Z	src/amd/r300/vulkan/r3v_native_plan_capture.c	original line 53	1	"[""1770""]"	"[""PRRT_kwDOR3YK5M6b4Obs""]"	"[""verify the capture parent is a directory""]"	warning-clean-driver-build-and-focused-test	changed-since-review
256	review-shared-change-history-baf48620c79c19566965936e10cb66c5c1419cf5-26b04af51-078e7bb0e076	work-r3v-native-plan-capture-c-original-line-30-7cdeb8742e88	2026-08-24T22:59:18Z	src/amd/r300/vulkan/r3v_native_plan_capture.c	original line 30	1	"[""1770""]"	"[""PRRT_kwDOR3YK5M6b4WuM""]"	"[""verify that the active drm fd belongs to the shim""]"	warning-clean-driver-build-and-focused-test	changed-since-review
256	review-shared-change-history-baf48620c79c19566965936e10cb66c5c1419cf5-26b04af51-078e7bb0e076	work-r3v-native-plan-capture-c-original-line-55-0073ba97075a	2026-08-24T22:59:18Z	src/amd/r300/vulkan/r3v_native_plan_capture.c	original line 55	1	"[""1770""]"	"[""PRRT_kwDOR3YK5M6b4WuG""]"	"[""reserve the capture destination at initialization""]"	warning-clean-driver-build-and-focused-test	changed-since-review
257	review-shared-change-history-7f7feec24572361f74134376433c0ba63f6219c2-d78bf73c8-d5bc5e15fa49	work-r3v-conformance-runner-py-def-selftest-fixture-qpa-b5b9f885426e	2026-08-24T22:56:21Z	src/amd/r300/vulkan/tests/r3v_conformance_runner.py	def selftest fixture qpa	1	"[""1771""]"	"[""PRRT_kwDOR3YK5M6b4UK3""]"	"[""preserve the receipt path used by the tamper selftest""]"	python-test-black-and-ruff	changed-since-review
257	review-shared-change-history-7f7feec24572361f74134376433c0ba63f6219c2-d78bf73c8-d5bc5e15fa49	work-r3v-conformance-runner-py-original-line-78-36dc564ad672	2026-08-24T22:56:21Z	src/amd/r300/vulkan/tests/r3v_conformance_runner.py	original line 78	1	"[""1771""]"	"[""PRRT_kwDOR3YK5M6b4UK8""]"	"[""isolate home from user installed vulkan layers""]"	python-test-black-and-ruff	changed-since-review
257	review-shared-change-history-7f7feec24572361f74134376433c0ba63f6219c2-d78bf73c8-d5bc5e15fa49	work-r3v-conformance-runner-py-def-host-identity-d85b49352e99	2026-08-24T23:05:35Z	src/amd/r300/vulkan/tests/r3v_conformance_runner.py	def host identity	1	"[""1772""]"	"[""PRRT_kwDOR3YK5M6b4bt6""]"	"[""record every declared environment value in the receipt""]"	python-test-black-and-ruff	changed-since-review
257	review-shared-change-history-7f7feec24572361f74134376433c0ba63f6219c2-d78bf73c8-d5bc5e15fa49	work-r3v-conformance-runner-py-def-read-caselist-path-52440271595e	2026-08-24T23:05:35Z	src/amd/r300/vulkan/tests/r3v_conformance_runner.py	def read caselist path	7	"[""1772"",""1786""]"	"[""PRRT_kwDOR3YK5M6b4bt-"",""PRRT_kwDOR3YK5M6b4tFW"",""PRRT_kwDOR3YK5M6b8Mgh"",""PRRT_kwDOR3YK5M6b8Mgk"",""PRRT_kwDOR3YK5M6b8Mgn"",""PRRT_kwDOR3YK5M6b8cX4"",""PRRT_kwDOR3YK5M6b8cXr""]"	"[""make partition slices compatible with the shard ceiling"",""start kernel log capture before the queue report"",""propagate per case shutdown deadlines to the shard verdict"",""require every per case qpa session to close"",""reject nonce reuse across replay cases"",""bound per case directory components before mkdir"",""preserve nonzero child exits in the shard verdict""]"	python-test-black-and-ruff	changed-since-review
258	review-shared-change-history-baf48620c79c19566965936e10cb66c5c1419cf5-26b04af51-288d8415e6d1	work-r3v-native-device-c-r3v-createdevice-vkphysicaldevice-physicaldevice-61cd5ee7eac7	2026-08-24T22:59:18Z	src/amd/r300/vulkan/r3v_native_device.c	r3v createdevice vkphysicaldevice physicaldevice	3	"[""1770"",""1778""]"	"[""PRRT_kwDOR3YK5M6b4WuO"",""PRRT_kwDOR3YK5M6b5DPW"",""PRRT_kwDOR3YK5M6b5JqO""]"	"[""exclude attended manifest retention from capture mode"",""check replay before consuming the capture claim"",""return vulkan oom for replay allocation failures""]"	warning-clean-driver-build-and-focused-test	changed-since-review
259	review-shared-change-history-13683abd6ad3fcbf0d052d1a63b24793b59211fa-1d0ecc2e4-49d9c1326d97	work-r3v-physical-device-c-r3v-get-format-properties-const-struct-9f2e5eccc034	2026-08-24T23:23:43Z	src/amd/r300/vulkan/r3v_physical_device.c	r3v get format properties const struct r3v physical device const device	2	"[""1773"",""1817""]"	"[""PRRT_kwDOR3YK5M6b4qNU"",""PRRT_kwDOR3YK5M6cVXXR""]"	"[""advertise texel buffer features only with an access route"",""include sampled usage in image format queries""]"	warning-clean-driver-build-and-focused-test	changed-since-review
260	review-shared-change-history-1d0ecc2e4930d7ebb2c0c0cfb2bf577f02c885b8-60ae71b6e-e72868182dc3	work-r3v-host-model-fail-decomposition-md-original-line-112-d51947035e19	2026-08-24T23:26:48Z	docs/hardware/r3v-host-model-fail-decomposition.md	original line 112	1	"[""1775""]"	"[""PRRT_kwDOR3YK5M6b4si1""]"	"[""validate buffer views against buffer state""]"	documentation-symbol-and-link-check	changed-since-review
260	review-shared-change-history-1d0ecc2e4930d7ebb2c0c0cfb2bf577f02c885b8-60ae71b6e-e72868182dc3	work-r3v-host-model-fail-decomposition-md-original-line-115-29f277b9a1e0	2026-08-24T23:26:48Z	docs/hardware/r3v-host-model-fail-decomposition.md	original line 115	1	"[""1775""]"	"[""PRRT_kwDOR3YK5M6b4si6""]"	"[""avoid claiming the fixed fragment stage binds a sampler""]"	documentation-symbol-and-link-check	changed-since-review
260	review-shared-change-history-1d0ecc2e4930d7ebb2c0c0cfb2bf577f02c885b8-60ae71b6e-e72868182dc3	work-r3v-host-model-fail-decomposition-md-original-line-120-56b3447c1c07	2026-08-24T23:26:48Z	docs/hardware/r3v-host-model-fail-decomposition.md	original line 120	1	"[""1775""]"	"[""PRRT_kwDOR3YK5M6b4siu""]"	"[""treat refusal counts as first failures not closed cases""]"	documentation-symbol-and-link-check	changed-since-review
260	review-shared-change-history-1d0ecc2e4930d7ebb2c0c0cfb2bf577f02c885b8-60ae71b6e-e72868182dc3	work-r3v-host-model-fail-decomposition-md-original-line-143-3b95da54c56d	2026-08-24T23:26:48Z	docs/hardware/r3v-host-model-fail-decomposition.md	original line 143	1	"[""1775""]"	"[""PRRT_kwDOR3YK5M6b4si8""]"	"[""mark the extension enumeration race as untraced""]"	documentation-symbol-and-link-check	changed-since-review
260	review-shared-change-history-1d0ecc2e4930d7ebb2c0c0cfb2bf577f02c885b8-60ae71b6e-e72868182dc3	work-r3v-host-model-fail-decomposition-md-original-line-36-38f5e2919d65	2026-08-24T23:26:48Z	docs/hardware/r3v-host-model-fail-decomposition.md	original line 36	1	"[""1775""]"	"[""PRRT_kwDOR3YK5M6b4sjB""]"	"[""replace task local provenance with a rerunnable command""]"	documentation-symbol-and-link-check	changed-since-review
260	review-shared-change-history-1d0ecc2e4930d7ebb2c0c0cfb2bf577f02c885b8-60ae71b6e-e72868182dc3	work-r3v-host-model-fail-decomposition-md-original-line-136-b5478e38a1d5	2026-08-24T23:50:26Z	docs/hardware/r3v-host-model-fail-decomposition.md	original line 136	1	"[""1775""]"	"[""PRRT_kwDOR3YK5M6b49hM""]"	"[""include format query support in the optimal image rung""]"	documentation-symbol-and-link-check	changed-since-review
260	review-shared-change-history-1d0ecc2e4930d7ebb2c0c0cfb2bf577f02c885b8-60ae71b6e-e72868182dc3	work-r3v-host-model-fail-decomposition-md-original-line-6-7e8c1ae5769c	2026-08-24T23:50:26Z	docs/hardware/r3v-host-model-fail-decomposition.md	original line 6	1	"[""1775""]"	"[""PRRT_kwDOR3YK5M6b49hP""]"	"[""use repository relative conformance paths""]"	documentation-symbol-and-link-check	changed-since-review
260	review-shared-change-history-1d0ecc2e4930d7ebb2c0c0cfb2bf577f02c885b8-60ae71b6e-e72868182dc3	work-r3v-host-model-fail-decomposition-md-original-line-68-57e4a7d2d814	2026-08-24T23:50:26Z	docs/hardware/r3v-host-model-fail-decomposition.md	original line 68	1	"[""1775""]"	"[""PRRT_kwDOR3YK5M6b49hR""]"	"[""reconcile the reported classes with the configured ledger""]"	documentation-symbol-and-link-check	changed-since-review
261	review-shared-change-history-9b1e0fb29210904f70fdb11ad11c645580b8a678-1d0ecc2e4-d9f492abf461	work-r3v-host-model-fail-decomposition-md-original-line-110-df794fa7aea7	2026-08-24T23:26:48Z	docs/hardware/r3v-host-model-fail-decomposition.md	original line 110	1	"[""1775""]"	"[""PRRT_kwDOR3YK5M6b4sio""]"	"[""trace image usage before defining the format cell""]"	documentation-symbol-and-link-check	changed-since-review
261	review-shared-change-history-9b1e0fb29210904f70fdb11ad11c645580b8a678-1d0ecc2e4-d9f492abf461	work-r3v-host-model-fail-decomposition-md-original-line-113-1cf10e0e8580	2026-08-24T23:26:48Z	docs/hardware/r3v-host-model-fail-decomposition.md	original line 113	2	"[""1775""]"	"[""PRRT_kwDOR3YK5M6b4si3"",""PRRT_kwDOR3YK5M6b4si_""]"	"[""map opnot to the existing stencil invert verb"",""classify compute content validation as submission""]"	documentation-symbol-and-link-check	changed-since-review
261	review-shared-change-history-9b1e0fb29210904f70fdb11ad11c645580b8a678-1d0ecc2e4-d9f492abf461	work-r3v-host-model-fail-decomposition-md-original-line-59-0ad00db77310	2026-08-24T23:26:48Z	docs/hardware/r3v-host-model-fail-decomposition.md	original line 59	1	"[""1775""]"	"[""PRRT_kwDOR3YK5M6b4six""]"	"[""record discovery methods for the source claims""]"	documentation-symbol-and-link-check	changed-since-review
262	review-shared-change-history-7f7feec24572361f74134376433c0ba63f6219c2-4b11002d5-c5e151bb60ab	work-readme-md-default-context-requires-a-graphics-compute-queue-and-9d9747f10970	2026-08-24T23:32:21Z	src/amd/r300/vulkan/README.md	default context requires a graphics compute queue and aborts on the	1	"[""1771""]"	"[""PRRT_kwDOR3YK5M6b4wph""]"	"[""enforce the documented queue claim report""]"	documentation-symbol-and-link-check	changed-since-review
263	review-shared-change-history-710d7e3c12b5e6eecd6a9356de5295618b201d1d-cebc5f008-e5ba30e4218c	work-r3v-wsi-denominator-md-original-line-138-b19a8511c65c	2026-08-24T23:37:58Z	docs/hardware/r3v-wsi-denominator.md	original line 138	1	"[""1777""]"	"[""PRRT_kwDOR3YK5M6b40lk""]"	"[""distinguish unsupported results from unexecuted wsi cases""]"	documentation-symbol-and-link-check	changed-since-review
263	review-shared-change-history-710d7e3c12b5e6eecd6a9356de5295618b201d1d-cebc5f008-e5ba30e4218c	work-r3v-wsi-denominator-md-original-line-172-f4bde9741e21	2026-08-24T23:37:58Z	docs/hardware/r3v-wsi-denominator.md	original line 172	1	"[""1777""]"	"[""PRRT_kwDOR3YK5M6b40lv""]"	"[""make the comment parity check inspect the adjacent comment""]"	documentation-symbol-and-link-check	changed-since-review
263	review-shared-change-history-710d7e3c12b5e6eecd6a9356de5295618b201d1d-cebc5f008-e5ba30e4218c	work-r3v-wsi-denominator-md-original-line-184-fedd90c38949	2026-08-24T23:37:58Z	docs/hardware/r3v-wsi-denominator.md	original line 184	1	"[""1777""]"	"[""PRRT_kwDOR3YK5M6b40lw""]"	"[""model the actual common wsi image in the refusal test""]"	documentation-symbol-and-link-check	changed-since-review
263	review-shared-change-history-710d7e3c12b5e6eecd6a9356de5295618b201d1d-cebc5f008-e5ba30e4218c	work-r3v-wsi-denominator-md-original-line-19-50f883532fc8	2026-08-24T23:37:58Z	docs/hardware/r3v-wsi-denominator.md	original line 19	1	"[""1777""]"	"[""PRRT_kwDOR3YK5M6b40le""]"	"[""make the wsi backend inventory configuration specific""]"	documentation-symbol-and-link-check	changed-since-review
263	review-shared-change-history-710d7e3c12b5e6eecd6a9356de5295618b201d1d-cebc5f008-e5ba30e4218c	work-r3v-wsi-denominator-md-original-line-195-468c903955ec	2026-08-24T23:37:58Z	docs/hardware/r3v-wsi-denominator.md	original line 195	1	"[""1777""]"	"[""PRRT_kwDOR3YK5M6b40lt""]"	"[""use a real meson platform option in the proposed audit""]"	documentation-symbol-and-link-check	changed-since-review
263	review-shared-change-history-710d7e3c12b5e6eecd6a9356de5295618b201d1d-cebc5f008-e5ba30e4218c	work-r3v-wsi-denominator-md-original-line-57-24d592afa114	2026-08-24T23:37:58Z	docs/hardware/r3v-wsi-denominator.md	original line 57	1	"[""1777""]"	"[""PRRT_kwDOR3YK5M6b40lr""]"	"[""include the missing wsi device dispatch overlay in the gap""]"	documentation-symbol-and-link-check	changed-since-review
263	review-shared-change-history-710d7e3c12b5e6eecd6a9356de5295618b201d1d-cebc5f008-e5ba30e4218c	work-r3v-wsi-denominator-md-original-line-203-895cbb0cd6d1	2026-08-24T23:52:31Z	docs/hardware/r3v-wsi-denominator.md	original line 203	1	"[""1777""]"	"[""PRRT_kwDOR3YK5M6b4-89""]"	"[""exclude the unconditionally registered wrapper test""]"	documentation-symbol-and-link-check	changed-since-review
264	review-shared-change-history-d2b2d888ed784999a7c90886228532021b52d268-13683abd6-21ca67d4c99a	work-r3v-physical-device-c-r3v-wsi-proc-addr-vkphysicaldevice-physicaldevice-1a4fbf89acfd	2026-08-24T23:37:58Z	src/amd/r300/vulkan/r3v_physical_device.c	r3v wsi proc addr vkphysicaldevice physicaldevice const char pname	4	"[""1777""]"	"[""PRRT_kwDOR3YK5M6b40ln"",""PRRT_kwDOR3YK5M6b40lp"",""PRRT_kwDOR3YK5M6b40ly"",""PRRT_kwDOR3YK5M6b4-8-""]"	"[""account for the common wsi software override"",""limit the wants linear claim to the cpu path"",""document the non shm software presentation fallback"",""account for host memory import on the shm path""]"	warning-clean-driver-build-and-focused-test	changed-since-review
265	review-shared-change-history-ed39a483c8022512d3d540d03211bc58dcbf2fcf-2cb307652-b47c0ab03463	work-r3v-native-object-lifetime-test-c-check-buffer-view-refusal-d0443dcccacc	2026-08-24T23:54:43Z	src/amd/r300/vulkan/tests/r3v_native_object_lifetime_test.c	check buffer view refusal const struct fixture f	2	"[""1773""]"	"[""PRRT_kwDOR3YK5M6b5AeL"",""PRRT_kwDOR3YK5M6b5AeN""]"	"[""remove the review finding number from the source comment"",""bind the negative case buffers before creating views""]"	warning-clean-driver-build-and-focused-test	changed-since-review
266	review-shared-change-history-1d0ecc2e4930d7ebb2c0c0cfb2bf577f02c885b8-710d7e3c1-637fc6801e98	work-r3v-native-transfer-ops-test-c-check-texel-formats-const-8da4f5f6f360	2026-08-25T00:18:00Z	src/amd/r300/vulkan/tests/r3v_native_transfer_ops_test.c	check texel formats const struct fixture f	2	"[""1779""]"	"[""PRRT_kwDOR3YK5M6b5QBD"",""PRRT_kwDOR3YK5M6b5dEO""]"	"[""skip the abort oracle when assertions are disabled"",""transition the image before the optimal round trip""]"	warning-clean-driver-build-and-focused-test	changed-since-review
267	review-shared-change-history-60ae71b6e75360b9cc12dd4b524381da9da7feb4-b2c7a53ae-9c3ec78998b5	work-r3v-host-model-fail-decomposition-md-population-plausibly-does-9c7c6af223b6	2026-08-25T00:35:10Z	docs/hardware/r3v-host-model-fail-decomposition.md	population plausibly does	1	"[""1779""]"	"[""PRRT_kwDOR3YK5M6b5dEM""]"	"[""update the refusal row to describe the current guard""]"	documentation-symbol-and-link-check	changed-since-review
267	review-shared-change-history-60ae71b6e75360b9cc12dd4b524381da9da7feb4-b2c7a53ae-9c3ec78998b5	work-r3v-host-model-fail-decomposition-md-pr-sized-rung-and-f176e3226d5a	2026-08-25T00:35:10Z	docs/hardware/r3v-host-model-fail-decomposition.md	pr sized rung and bundling any of them into pr 1 would put a	2	"[""1779""]"	"[""PRRT_kwDOR3YK5M6b5dEI"",""PRRT_kwDOR3YK5M6b5dEP""]"	"[""remove the workspace local build directory name"",""remove the private pr number from the durable report""]"	documentation-symbol-and-link-check	changed-since-review
268	review-shared-change-history-ebc8348c2ec8951c28056c17b036a365856cd12a-7d380acb9-d471af02e38a	work-r3v-native-image-c-r3v-createimage-vkdevice-device-const-vkimagecreatein-9e4f03d70557	2026-08-25T00:35:10Z	src/amd/r300/vulkan/r3v_native_image.c	r3v createimage vkdevice device const vkimagecreateinfo pcreateinfo	5	"[""1779"",""1804"",""1821"",""1827""]"	"[""PRRT_kwDOR3YK5M6b5dEU"",""PRRT_kwDOR3YK5M6cL5w0"",""PRRT_kwDOR3YK5M6cV9mj"",""PRRT_kwDOR3YK5M6cWv21"",""PRRT_kwDOR3YK5M6cWv2p""]"	"[""add the required discovery method to the layout claim"",""use the target row pitch for attachment clears"",""admit sampled images in the format properties query"",""reject sampled color role aliasing before building relocation slots"",""carry array layers through transfer commands""]"	warning-clean-driver-build-and-focused-test	changed-since-review
269	review-shared-change-history-00e3c5dd25deb8545a531a6725b0d76c50156e1c-59b77649a-638870bf4659	work-r3v-conformance-runner-py-def-run-mode-expect-dmesg-after-a8998dfa7053	2026-08-25T02:34:52Z	src/amd/r300/vulkan/tests/r3v_conformance_runner.py	def run mode expect dmesg after none dso none cases caselist	1	"[""1781""]"	"[""PRRT_kwDOR3YK5M6b6xcT""]"	"[""keep the byte digest rationale in one canonical comment""]"	python-test-black-and-ruff	changed-since-review
270	review-shared-change-history-c9d5859cab6f6ca834d731a062b23dfd770da496-00e3c5dd2-3e4f50c61ca3	work-readme-md-passes-timeout-the-receipt-keeps-the-exit-code-df650aaceb7c	2026-08-25T03:10:43Z	src/amd/r300/vulkan/README.md	passes timeout the receipt keeps the exit code that named the	2	"[""1783""]"	"[""PRRT_kwDOR3YK5M6b7H--"",""PRRT_kwDOR3YK5M6b7H-5""]"	"[""bind the timeout recipe to its measurement evidence"",""require the classified nonpass exit specifically""]"	documentation-symbol-and-link-check	changed-since-review
271	review-shared-change-history-b2c7a53aead941875e0c67204a025df54f2b5d9c-c5861da17-0db1d481d3e6	work-r3v-host-model-fail-decomposition-md-before-deqp-vk-memory-2207c737ccd3	2026-08-25T03:18:02Z	docs/hardware/r3v-host-model-fail-decomposition.md	before deqp vk memory pipeline barrier moves off fail 100	4	"[""1784""]"	"[""PRRT_kwDOR3YK5M6b7Ma-"",""PRRT_kwDOR3YK5M6b7Ma9"",""PRRT_kwDOR3YK5M6b7Ma_"",""PRRT_kwDOR3YK5M6b7MbC""]"	"[""split framebuffer failures from the sampled image class"",""remove the host specific implicit layer path"",""base the pipeline barrier class on the implemented routes"",""remove the concurrent pr state from the durable document""]"	documentation-symbol-and-link-check	changed-since-review
272	review-shared-change-history-ed39a483c8022512d3d540d03211bc58dcbf2fcf-e8445512d-f51102a462ce	work-r3v-conformance-nonpass-ledger-tsv-compatibility-warning-compatibilitywa-11f73e62f22b	2026-08-25T03:18:02Z	src/amd/r300/vulkan/tests/r3v_conformance_nonpass_ledger.tsv	compatibility warning compatibilitywarning deqp vk accepted deqp compatibi	2	"[""1784"",""1828""]"	"[""PRRT_kwDOR3YK5M6b7Ma6"",""PRRT_kwDOR3YK5M6cWtVL""]"	"[""restrict classifications to the observed failure details"",""update the documented ledger row count""]"	schema-generator-and-mutation-check	changed-since-review
273	review-shared-change-history-31650bf8e57d52a812104aeb6cc60449099a86d1-813f5899c-ade40b19827f	work-rs482-gpu-compute-substrate-atlas-md-original-line-619-c998804756c8	2026-08-25T04:40:18Z	docs/hardware/rs482-gpu-compute-substrate-atlas.md	original line 619	1	"[""1785""]"	"[""PRRT_kwDOR3YK5M6b8BBs""]"	"[""describe the executing identity route as producer only""]"	documentation-symbol-and-link-check	changed-since-review
273	review-shared-change-history-31650bf8e57d52a812104aeb6cc60449099a86d1-813f5899c-ade40b19827f	work-rs482-gpu-compute-substrate-atlas-md-original-line-517-e8c56b550af3	2026-08-25T04:40:19Z	docs/hardware/rs482-gpu-compute-substrate-atlas.md	original line 517	1	"[""1785""]"	"[""PRRT_kwDOR3YK5M6b8BB1""]"	"[""reconcile the authoritative bitwise evidence class""]"	documentation-symbol-and-link-check	changed-since-review
273	review-shared-change-history-31650bf8e57d52a812104aeb6cc60449099a86d1-813f5899c-ade40b19827f	work-rs482-gpu-compute-substrate-atlas-md-original-line-701-2a4f32eebe97	2026-08-25T04:40:19Z	docs/hardware/rs482-gpu-compute-substrate-atlas.md	original line 701	1	"[""1785""]"	"[""PRRT_kwDOR3YK5M6b8BCA""]"	"[""restrict the fp16 round trip claim to supported values""]"	documentation-symbol-and-link-check	changed-since-review
273	review-shared-change-history-31650bf8e57d52a812104aeb6cc60449099a86d1-813f5899c-ade40b19827f	work-rs482-gpu-compute-substrate-atlas-md-original-line-736-33d2d9e2f1c0	2026-08-25T04:40:19Z	docs/hardware/rs482-gpu-compute-substrate-atlas.md	original line 736	1	"[""1785""]"	"[""PRRT_kwDOR3YK5M6b8BB6""]"	"[""apply the identity carrier s 4096 invocation ceiling""]"	documentation-symbol-and-link-check	changed-since-review
273	review-shared-change-history-31650bf8e57d52a812104aeb6cc60449099a86d1-813f5899c-ade40b19827f	work-rs482-gpu-compute-substrate-atlas-md-original-line-113-eed1c540ee22	2026-08-25T04:52:28Z	docs/hardware/rs482-gpu-compute-substrate-atlas.md	original line 113	1	"[""1785""]"	"[""PRRT_kwDOR3YK5M6b8JKl""]"	"[""treat cs track bounds as necessary rather than sufficient""]"	documentation-symbol-and-link-check	changed-since-review
273	review-shared-change-history-31650bf8e57d52a812104aeb6cc60449099a86d1-813f5899c-ade40b19827f	work-rs482-gpu-compute-substrate-atlas-md-original-line-269-c4e6a6daf118	2026-08-25T04:52:28Z	docs/hardware/rs482-gpu-compute-substrate-atlas.md	original line 269	1	"[""1785""]"	"[""PRRT_kwDOR3YK5M6b8JKp""]"	"[""prove non power of two folded z recovery""]"	documentation-symbol-and-link-check	changed-since-review
273	review-shared-change-history-31650bf8e57d52a812104aeb6cc60449099a86d1-813f5899c-ade40b19827f	work-rs482-gpu-compute-substrate-atlas-md-original-line-308-dbee20dcaea1	2026-08-25T04:52:28Z	docs/hardware/rs482-gpu-compute-substrate-atlas.md	original line 308	1	"[""1785""]"	"[""PRRT_kwDOR3YK5M6b8JKd""]"	"[""qualify sampler delivery by fp24 conversion""]"	documentation-symbol-and-link-check	changed-since-review
273	review-shared-change-history-31650bf8e57d52a812104aeb6cc60449099a86d1-813f5899c-ade40b19827f	work-rs482-gpu-compute-substrate-atlas-md-original-line-445-b1e4555148b3	2026-08-25T04:52:28Z	docs/hardware/rs482-gpu-compute-substrate-atlas.md	original line 445	1	"[""1785""]"	"[""PRRT_kwDOR3YK5M6b8JKw""]"	"[""use the rs480 r400 compiler budget""]"	documentation-symbol-and-link-check	changed-since-review
273	review-shared-change-history-31650bf8e57d52a812104aeb6cc60449099a86d1-813f5899c-ade40b19827f	work-rs482-gpu-compute-substrate-atlas-md-original-line-496-e2251cc15561	2026-08-25T04:52:28Z	docs/hardware/rs482-gpu-compute-substrate-atlas.md	original line 496	1	"[""1785""]"	"[""PRRT_kwDOR3YK5M6b8JK0""]"	"[""include bit 14 in the blend function field""]"	documentation-symbol-and-link-check	changed-since-review
273	review-shared-change-history-31650bf8e57d52a812104aeb6cc60449099a86d1-813f5899c-ade40b19827f	work-rs482-gpu-compute-substrate-atlas-md-original-line-552-fcd27aa8590b	2026-08-25T04:52:28Z	docs/hardware/rs482-gpu-compute-substrate-atlas.md	original line 552	1	"[""1785""]"	"[""PRRT_kwDOR3YK5M6b8JKt""]"	"[""include the 16 bit integer color target""]"	documentation-symbol-and-link-check	changed-since-review
273	review-shared-change-history-31650bf8e57d52a812104aeb6cc60449099a86d1-813f5899c-ade40b19827f	work-rs482-gpu-compute-substrate-atlas-md-original-line-618-7ec56d7c989e	2026-08-25T04:52:28Z	docs/hardware/rs482-gpu-compute-substrate-atlas.md	original line 618	1	"[""1785""]"	"[""PRRT_kwDOR3YK5M6b8JK1""]"	"[""remove the resolved depth format probe""]"	documentation-symbol-and-link-check	changed-since-review
273	review-shared-change-history-31650bf8e57d52a812104aeb6cc60449099a86d1-813f5899c-ade40b19827f	work-rs482-gpu-compute-substrate-atlas-md-original-line-627-75d1854ef9fc	2026-08-25T04:52:28Z	docs/hardware/rs482-gpu-compute-substrate-atlas.md	original line 627	1	"[""1785""]"	"[""PRRT_kwDOR3YK5M6b8JKg""]"	"[""include render to texture ping pong as a cpu free carrier""]"	documentation-symbol-and-link-check	changed-since-review
273	review-shared-change-history-31650bf8e57d52a812104aeb6cc60449099a86d1-813f5899c-ade40b19827f	work-rs482-gpu-compute-substrate-atlas-md-original-line-818-4272033268ec	2026-08-25T04:52:28Z	docs/hardware/rs482-gpu-compute-substrate-atlas.md	original line 818	1	"[""1785""]"	"[""PRRT_kwDOR3YK5M6b8JKi""]"	"[""reconcile the completed mrt emission probe""]"	documentation-symbol-and-link-check	changed-since-review
273	review-shared-change-history-31650bf8e57d52a812104aeb6cc60449099a86d1-813f5899c-ade40b19827f	work-rs482-gpu-compute-substrate-atlas-md-original-line-92-14f428ed3e5a	2026-08-25T04:52:28Z	docs/hardware/rs482-gpu-compute-substrate-atlas.md	original line 92	1	"[""1785""]"	"[""PRRT_kwDOR3YK5M6b8JKk""]"	"[""scope the do not touch list to direct probing""]"	documentation-symbol-and-link-check	changed-since-review
274	review-shared-change-history-c9d5859cab6f6ca834d731a062b23dfd770da496-31650bf8e-39321177237e	work-rs482-gpu-compute-substrate-atlas-md-original-line-711-8d2c603623ed	2026-08-25T04:40:18Z	docs/hardware/rs482-gpu-compute-substrate-atlas.md	original line 711	1	"[""1785""]"	"[""PRRT_kwDOR3YK5M6b8BBv""]"	"[""count all fourteen absent gpu routes""]"	documentation-symbol-and-link-check	changed-since-review
274	review-shared-change-history-c9d5859cab6f6ca834d731a062b23dfd770da496-31650bf8e-39321177237e	work-rs482-gpu-compute-substrate-atlas-md-original-line-247-d7bee3fa451e	2026-08-25T04:40:19Z	docs/hardware/rs482-gpu-compute-substrate-atlas.md	original line 247	1	"[""1785""]"	"[""PRRT_kwDOR3YK5M6b8BB5""]"	"[""identify the fifth validated vap register""]"	documentation-symbol-and-link-check	changed-since-review
275	review-shared-change-history-00e3c5dd25deb8545a531a6725b0d76c50156e1c-59b77649a-40b3d9c3febf	work-r3v-native-plan-compose-shard-py-original-line-66-37f563bfa65c	2026-08-25T04:57:06Z	src/amd/r300/vulkan/tests/r3v_native_plan_compose_shard.py	original line 66	1	"[""1786""]"	"[""PRRT_kwDOR3YK5M6b8Mgm""]"	"[""bind transcript filenames to the shard case map""]"	python-test-black-and-ruff	changed-since-review
276	review-shared-change-history-0f807535cfda5bf35b33bd8869a80d5480b566e4-7dd3f6fbb-f756cccaaf6c	work-r3v-native-plan-capture-harness-c-main-int-argc-char-48d17a9f3e1f	2026-08-25T06:40:46Z	src/amd/r300/vulkan/tests/r3v_native_plan_capture_harness.c	main int argc char argv	1	"[""1787""]"	"[""PRRT_kwDOR3YK5M6b9gLy""]"	"[""describe the command buffer as remaining in recording state""]"	warning-clean-driver-build-and-focused-test	changed-since-review
277	review-shared-change-history-fb709b391ec528b8f9c767dab90eb785d8093594-300a75557-24c868813d13	work-r3v-native-plan-capture-c-r3v-native-plan-capture-init-846f23753340	2026-08-25T06:40:46Z	src/amd/r300/vulkan/r3v_native_plan_capture.c	r3v native plan capture init struct r3v native plan capture capture	1	"[""1787""]"	"[""PRRT_kwDOR3YK5M6b9gLt""]"	"[""record ordinal transcript members in the runner receipt""]"	warning-clean-driver-build-and-focused-test	changed-since-review
278	review-shared-change-history-81526f6ae547d3c0d6e7cb30aa26c2215af42e19-e16bfb045-d343c79d7d22	work-r3v-current-program-status-md-original-line-108-a474b61b681a	2026-08-25T08:13:16Z	docs/hardware/r3v-current-program-status.md	original line 108	1	"[""1788""]"	"[""PRRT_kwDOR3YK5M6b_C-H""]"	"[""preserve verified result host model receipts""]"	documentation-symbol-and-link-check	changed-since-review
278	review-shared-change-history-81526f6ae547d3c0d6e7cb30aa26c2215af42e19-e16bfb045-d343c79d7d22	work-r3v-current-program-status-md-original-line-16-84f2eee6f540	2026-08-25T08:13:16Z	docs/hardware/r3v-current-program-status.md	original line 16	1	"[""1788""]"	"[""PRRT_kwDOR3YK5M6b_C-N""]"	"[""identify the actual mesa revision described by the table""]"	documentation-symbol-and-link-check	changed-since-review
279	review-shared-change-history-c5861da177d780bb8cf254b0d2777771b1e9c73b-81526f6ae-c7d441206161	work-readme-md-records-shader-admission-r300-command-stream-construction-drm-8227acc0ac61	2026-08-25T08:13:16Z	src/amd/r300/vulkan/README.md	records shader admission r300 command stream construction drm submission	2	"[""1788""]"	"[""PRRT_kwDOR3YK5M6b_C-B"",""PRRT_kwDOR3YK5M6b_C96""]"	"[""attribute queue claim refusal to the report runner"",""remove duplicated queue claim mode definitions""]"	documentation-symbol-and-link-check	changed-since-review
280	review-shared-change-history-81526f6ae547d3c0d6e7cb30aa26c2215af42e19-e16bfb045-77137214fa53	work-readme-md-an-ib-and-r3v-native-plan-capture-record-ca987136b886	2026-08-25T08:49:28Z	src/amd/r300/vulkan/README.md	an ib and r3v native plan capture record sees only command buffers	1	"[""1789""]"	"[""PRRT_kwDOR3YK5M6b_6on""]"	"[""replace copied run totals with a status document link""]"	documentation-symbol-and-link-check	changed-since-review
281	review-shared-change-history-de712cd4c674f476c5c2d9b6371da8907b8eebe8-4420389af-a51d83919dd1	work-r3v-host-model-fail-decomposition-md-above-and-a-concurrent-5791d88e78d1	2026-08-25T08:49:28Z	docs/hardware/r3v-host-model-fail-decomposition.md	above and a concurrent pr is landing opnot admission in	4	"[""1789""]"	"[""PRRT_kwDOR3YK5M6b_6o-"",""PRRT_kwDOR3YK5M6b_6o0"",""PRRT_kwDOR3YK5M6b_6os"",""PRRT_kwDOR3YK5M6b_6pG""]"	"[""treat the r8 draw target as a gpu format change"",""expand the decomposition s declared scope"",""attach a receipt or command to the new measurement"",""reclassify the mixed usage cases by the first guard""]"	documentation-symbol-and-link-check	changed-since-review
282	review-shared-change-history-fb709b391ec528b8f9c767dab90eb785d8093594-1f91536e6-cd382d03595d	work-r3v-conformance-runner-py-def-evidence-class-env-host-icd-80efb943b220	2026-08-25T13:11:34Z	src/amd/r300/vulkan/tests/r3v_conformance_runner.py	def evidence class env host icd	2	"[""1790""]"	"[""PRRT_kwDOR3YK5M6cFWo2"",""PRRT_kwDOR3YK5M6cFWoh""]"	"[""resolve the declared tracer before changing directories"",""reject transcripts that predate the planning case""]"	python-test-black-and-ruff	changed-since-review
282	review-shared-change-history-fb709b391ec528b8f9c767dab90eb785d8093594-1f91536e6-cd382d03595d	work-r3v-conformance-runner-py-def-hazard-probe-e018b4523c20	2026-08-25T13:11:34Z	src/amd/r300/vulkan/tests/r3v_conformance_runner.py	def hazard probe	3	"[""1790"",""1957""]"	"[""PRRT_kwDOR3YK5M6cFWo7"",""PRRT_kwDOR3YK5M6cFWou"",""PRRT_kwDOR3YK5M6dCkne""]"	"[""let the kernel hazard outrank the planning refusal"",""require every shard case in the planning witness"",""preserve version 3 receipt semantics during verification""]"	python-test-black-and-ruff	changed-since-review
282	review-shared-change-history-fb709b391ec528b8f9c767dab90eb785d8093594-1f91536e6-cd382d03595d	work-r3v-conformance-runner-py-original-line-155-92c9b29cafd6	2026-08-25T13:11:34Z	src/amd/r300/vulkan/tests/r3v_conformance_runner.py	original line 155	1	"[""1790""]"	"[""PRRT_kwDOR3YK5M6cFWpC""]"	"[""record the discovery method for the driver claims""]"	python-test-black-and-ruff	changed-since-review
283	review-shared-change-history-e16bfb045fd1ae8096ede8e4af76356ac7f3157e-ecac30ba2-68ea011ab728	work-r3v-current-program-status-md-the-first-eleven-by-hazard-d9273b4bf88d	2026-08-25T13:11:35Z	docs/hardware/r3v-current-program-status.md	the first eleven by hazard	1	"[""1790""]"	"[""PRRT_kwDOR3YK5M6cFWpP""]"	"[""replace the workspace specific evidence path""]"	documentation-symbol-and-link-check	changed-since-review
284	review-shared-change-history-ebc8348c2ec8951c28056c17b036a365856cd12a-2cb307652-a592876e313b	work-r3v-native-transfer-ops-test-c-check-optimal-tiling-const-e6548268d754	2026-08-25T13:28:38Z	src/amd/r300/vulkan/tests/r3v_native_transfer_ops_test.c	check optimal tiling const struct fixture f	2	"[""1792""]"	"[""PRRT_kwDOR3YK5M6cFxqU"",""PRRT_kwDOR3YK5M6cGMeY""]"	"[""assert the documented image refusal result"",""include the symbol discovery method""]"	warning-clean-driver-build-and-focused-test	changed-since-review
285	review-shared-change-history-1f91536e6394b52f3969336a0b585106c3b6e5f9-4420389af-279e19cdb8a1	work-r3v-conformance-runner-py-def-planning-tracer-declared-3ff18605778c	2026-08-25T13:33:13Z	src/amd/r300/vulkan/tests/r3v_conformance_runner.py	def planning tracer declared	2	"[""1794""]"	"[""PRRT_kwDOR3YK5M6cF4uB"",""PRRT_kwDOR3YK5M6cF4uH""]"	"[""accept only markers created by the current case"",""require every capture device to report an empty outcome""]"	python-test-black-and-ruff	changed-since-review
286	review-shared-change-history-9f65f5f61e53a9ca26b082e1b27222c374cd28da-ebdf4b8f0-4b9d2aa921d0	work-r3v-current-program-status-md-the-preceding-receipts-are-r3v-68f2e1c7131b	2026-08-25T13:50:24Z	docs/hardware/r3v-current-program-status.md	the preceding receipts are r3v command slice first target run rs482	3	"[""1795""]"	"[""PRRT_kwDOR3YK5M6cGRyz"",""PRRT_kwDOR3YK5M6cGRzE"",""PRRT_kwDOR3YK5M6cGRzN""]"	"[""update the pinned evidence repository head"",""advance the mesa head past the receipt source"",""correct the second device count""]"	documentation-symbol-and-link-check	changed-since-review
287	review-shared-change-history-ebdf4b8f0ada6f3f4e125f072e2178483716321c-159c69e21-54f597f5d24a	work-r3v-current-program-status-md-commit-whose-state-a-revision-44bc7b5223a5	2026-08-25T15:15:41Z	docs/hardware/r3v-current-program-status.md	commit whose state a revision of this table describes	1	"[""1796""]"	"[""PRRT_kwDOR3YK5M6cIUnm""]"	"[""reconcile the mesa head with the declared target source""]"	documentation-symbol-and-link-check	changed-since-review
288	review-shared-change-history-627920b789eca908f936d6e75a67df4a5e36b8ce-300a75557-92c21468e304	work-r3v-current-program-status-md-p1-host-model-rungs-that-66618ed7e3a7	2026-08-25T16:18:47Z	docs/hardware/r3v-current-program-status.md	p1 host model rungs that move classified rows without a new gate	7	"[""1798""]"	"[""PRRT_kwDOR3YK5M6cJt9j"",""PRRT_kwDOR3YK5M6cJt-F"",""PRRT_kwDOR3YK5M6cJt9-"",""PRRT_kwDOR3YK5M6cJt91"",""PRRT_kwDOR3YK5M6cJt96"",""PRRT_kwDOR3YK5M6cJt9q"",""PRRT_kwDOR3YK5M6cJt9w""]"	"[""keep architecture facts in their named authority"",""name the structurally unsupported format feature"",""define how removal satisfies the rung one gate"",""admit a baseline sampled image before executing sampling"",""align the intermediate framebuffer limit receipts"",""name the wsi prerequisite instead of its issue number"",""qualify the radeontool package path with its repository""]"	documentation-symbol-and-link-check	changed-since-review
289	review-shared-change-history-300a75557165c988818944e1fef1157d847406bc-e2c722972-4019c87653f8	work-r3v-current-program-status-md-p0-blocks-the-next-target-4f7f3b702150	2026-08-25T16:34:14Z	docs/hardware/r3v-current-program-status.md	p0 blocks the next target run	13	"[""1799"",""1802"",""1805"",""1810"",""1820""]"	"[""PRRT_kwDOR3YK5M6cKCuE"",""PRRT_kwDOR3YK5M6cKCuP"",""PRRT_kwDOR3YK5M6cLYDU"",""PRRT_kwDOR3YK5M6cL7kB"",""PRRT_kwDOR3YK5M6cL7kJ"",""PRRT_kwDOR3YK5M6cL7kM"",""PRRT_kwDOR3YK5M6cL7kT"",""PRRT_kwDOR3YK5M6cL7kW"",""PRRT_kwDOR3YK5M6cL7ke"",""PRRT_kwDOR3YK5M6cPnEl"",""PRRT_kwDOR3YK5M6cPnEp"",""PRRT_kwDOR3YK5M6cPnEu"",""PRRT_kwDOR3YK5M6cV3bi""]"	"[""keep the constant row open until vulkan binds the payload"",""reconcile the silicon evidence classification"",""keep the evidence gate closed after a failed precondition"",""update the authoritative latest receipt table"",""include host clear addressing in the offset mechanism"",""describe the full reference target family"",""reconcile the fragment constant task with the new exception"",""advance the recorded mesa repository head"",""qualify the non reference lowering claim"",""keep the open receipt fact in one location"",""name the retained transcript bundle"",""cite the vulkan rule for ignoring tessellation state"",""do not promote sampled cts cases to silicon evidence""]"	documentation-symbol-and-link-check	changed-since-review
290	review-shared-change-history-92a1e7e25e0001dd6fee922eb0e74dbb75ca6996-7d380acb9-610d190b82d5	work-r300-tcl-bypass-triangle-c-const-float-r300-tcl-bypass-2e978e9a8673	2026-08-25T16:34:14Z	src/amd/r300/common/r300_tcl_bypass_triangle.c	const float r300 tcl bypass triangle varying vertices	2	"[""1799"",""1842""]"	"[""PRRT_kwDOR3YK5M6cKCuK"",""PRRT_kwDOR3YK5M6cX8PA""]"	"[""reject multi triangle shapes until vertices expand"",""ground normalized tex0 copying in a named source""]"	warning-clean-driver-build-and-focused-test	changed-since-review
291	review-shared-change-history-92a1e7e25e0001dd6fee922eb0e74dbb75ca6996-7d380acb9-813943a7a252	work-r300-tcl-bypass-triangle-test-c-test-family-emit-deviates-329e7c6d469b	2026-08-25T16:34:14Z	src/amd/r300/common/tests/r300_tcl_bypass_triangle_test.c	test family emit deviates in count words alone void	1	"[""1799""]"	"[""PRRT_kwDOR3YK5M6cKCuS""]"	"[""calibrate the oracle with a pitch only witness""]"	warning-clean-driver-build-and-focused-test	changed-since-review
292	review-shared-change-history-4c94a065befc8de7c101141237e53fe58982cb4e-92a1e7e25-ca8c98442009	work-r3v-native-attended-render-shape-procedure-md-original-line-99-8d494363904b	2026-08-25T16:41:43Z	docs/hardware/r3v-native-attended-render-shape-procedure.md	original line 99	1	"[""1800""]"	"[""PRRT_kwDOR3YK5M6cKMDV""]"	"[""describe the token as pre ioctl consumption""]"	documentation-symbol-and-link-check	changed-since-review
293	review-shared-change-history-92a1e7e25e0001dd6fee922eb0e74dbb75ca6996-7d380acb9-0f78d119f961	work-r3v-native-attended-render-shape-c-original-line-70-84c21d05d93e	2026-08-25T16:41:43Z	src/amd/r300/vulkan/tests/r3v_native_attended_render_shape.c	original line 70	1	"[""1800""]"	"[""PRRT_kwDOR3YK5M6cKMC_""]"	"[""publish the readback with the durable evidence writer""]"	warning-clean-driver-build-and-focused-test	changed-since-review
294	review-shared-change-history-ebc8348c2ec8951c28056c17b036a365856cd12a-0f807535c-abeb23a316ed	work-r3v-native-cell-c-r3v-native-record-tcl-bypass-triangle-c4d5801dfde2	2026-08-25T16:41:43Z	src/amd/r300/vulkan/r3v_native_cell.c	r3v native record tcl bypass triangle vkcommandbuffer commandbuffer	2	"[""1800""]"	"[""PRRT_kwDOR3YK5M6cKMDE"",""PRRT_kwDOR3YK5M6cKMDR""]"	"[""limit the sentinel fill to the declared footprint"",""reject multi triangle shapes or initialize every vertex""]"	warning-clean-driver-build-and-focused-test	changed-since-review
295	review-shared-change-history-4c94a065befc8de7c101141237e53fe58982cb4e-7d380acb9-05d55640f901	work-r3v-native-attended-render-shape-procedure-md-deviation-there-names-4ce16313f5e1	2026-08-25T17:40:14Z	docs/hardware/r3v-native-attended-render-shape-procedure.md	deviation there names the session not a parameter	1	"[""1801""]"	"[""PRRT_kwDOR3YK5M6cLUoL""]"	"[""correct the asymmetric arm s expected dword""]"	documentation-symbol-and-link-check	changed-since-review
296	review-shared-change-history-7d380acb9b92d0de445217a4c35eb53cccc03901-dc60471e5-69ae154eb1f4	work-r300-tcl-bypass-triangle-h-struct-r300-triangle-render-shape-e3e5869b4880	2026-08-25T17:40:14Z	src/amd/r300/common/r300_tcl_bypass_triangle.h	struct r300 triangle render shape	2	"[""1801"",""1982""]"	"[""PRRT_kwDOR3YK5M6cLUoP"",""PRRT_kwDOR3YK5M6dGxHy""]"	"[""record the pitch claim s symbol discovery method"",""honor varying passes in the native recorder""]"	warning-clean-driver-build-and-focused-test	changed-since-review
297	review-shared-change-history-7d380acb9b92d0de445217a4c35eb53cccc03901-dc60471e5-ede60d697f5b	work-r300-tcl-bypass-triangle-c-r300-tcl-bypass-triangle-render-4a749849e3b6	2026-08-25T17:40:14Z	src/amd/r300/common/r300_tcl_bypass_triangle.c	r300 tcl bypass triangle render shape validate	1	"[""1801""]"	"[""PRRT_kwDOR3YK5M6cLUoS""]"	"[""report the new eight pixel pitch requirement""]"	warning-clean-driver-build-and-focused-test	changed-since-review
297	review-shared-change-history-7d380acb9b92d0de445217a4c35eb53cccc03901-dc60471e5-ede60d697f5b	work-r300-tcl-bypass-triangle-c-uint32-t-a0d6f71fa214	2026-08-25T17:40:14Z	src/amd/r300/common/r300_tcl_bypass_triangle.c	uint32 t	1	"[""1801""]"	"[""PRRT_kwDOR3YK5M6cLUoW""]"	"[""use the canary row constant in the oracle""]"	warning-clean-driver-build-and-focused-test	changed-since-review
298	review-shared-change-history-0f807535cfda5bf35b33bd8869a80d5480b566e4-7d380acb9-7e532ad37bdd	work-r3v-native-cell-c-emit-and-install-triangle-cell-struct-030f25fb3088	2026-08-25T18:09:36Z	src/amd/r300/vulkan/r3v_native_cell.c	emit and install triangle cell struct r3v native device device	2	"[""1804"",""1806""]"	"[""PRRT_kwDOR3YK5M6cL5wo"",""PRRT_kwDOR3YK5M6cOnQT""]"	"[""preserve admitted constants on the reference target"",""carry offsets through varying and multi triangle emitters""]"	warning-clean-driver-build-and-focused-test	changed-since-review
299	review-shared-change-history-7d380acb9b92d0de445217a4c35eb53cccc03901-dc60471e5-d2609e681bb8	work-r3v-native-h-vk-define-nondisp-handle-casts-r3v-native-87e5ad9b1dec	2026-08-25T18:09:36Z	src/amd/r300/vulkan/r3v_native.h	vk define nondisp handle casts r3v native buffer view base vkbufferview	1	"[""1804""]"	"[""PRRT_kwDOR3YK5M6cL5w6""]"	"[""pack attachment clears in the image s lane order""]"	warning-clean-driver-build-and-focused-test	changed-since-review
300	review-shared-change-history-dc60471e58b6198ffe3b065d3164d08a4afa0664-ecc21f36c-b23d88370a7a	work-r3v-native-recording-c-static-bool-b6982d51509f	2026-08-25T18:09:36Z	src/amd/r300/vulkan/r3v_native_recording.c	static bool	1	"[""1804""]"	"[""PRRT_kwDOR3YK5M6cL5wu""]"	"[""execute render readbacks after the draw""]"	warning-clean-driver-build-and-focused-test	changed-since-review
301	review-shared-change-history-bd7fcf75397e409a3d1e15e595e940d6411dffc3-93ff2e17a-a196cb182031	work-r3v-native-image-c-r3v-bindimagememory-vkdevice-device-vkimage-image-381756219a61	2026-08-25T20:14:24Z	src/amd/r300/vulkan/r3v_native_image.c	r3v bindimagememory vkdevice device vkimage image vkdevicememory memory	1	"[""1806""]"	"[""PRRT_kwDOR3YK5M6cOnQO""]"	"[""clear the dedicated requirement before accepting render offsets""]"	warning-clean-driver-build-and-focused-test	changed-since-review
302	review-shared-change-history-ecc21f36cf7893d5fc9ea51a13b33377fe5b11b1-bd7fcf753-5397f5bb980e	work-r3v-native-draw-c-r3v-cmdbeginrenderpass-vkcommandbuffer-commandbuffer-612e6bf76415	2026-08-25T20:21:28Z	src/amd/r300/vulkan/r3v_native_draw.c	r3v cmdbeginrenderpass vkcommandbuffer commandbuffer	2	"[""1806"",""1808""]"	"[""PRRT_kwDOR3YK5M6cOwlq"",""PRRT_kwDOR3YK5M6cPeND""]"	"[""store load op clear texels in little endian order"",""reject copy backed passes when a dispatch is pending""]"	warning-clean-driver-build-and-focused-test	changed-since-review
303	review-shared-change-history-65ab7cab5157a9fcfa5db5fc83f1005f317b5549-5f3d46014-528adad44988	work-agents-md-original-line-5-78b52c499aa1	2026-08-25T20:51:35Z	AGENTS.md	original line 5	1	"[""1809""]"	"[""PRRT_kwDOR3YK5M6cPdS1""]"	"[""add the transcript record promised by this commit""]"	documentation-symbol-and-link-check	changed-since-review
304	review-shared-change-history-5f3d4601460d80140c3e6de31fee224d4c69cab7-aa981dd2f-cde5144ee134	work-agents-md-original-line-16-e0b824ae042e	2026-08-25T20:57:20Z	AGENTS.md	original line 16	1	"[""1810""]"	"[""PRRT_kwDOR3YK5M6cPnEh""]"	"[""align the claimed doctrine source with gemini md""]"	documentation-symbol-and-link-check	changed-since-review
305	review-shared-change-history-aa2455435d5c288ddafd8c51917d595be6ed3b3b-e8445512d-c875f5e0e811	work-r3v-current-program-status-md-bit-the-ledger-claim-and-a771b43a4e04	2026-08-26T01:17:13Z	docs/hardware/r3v-current-program-status.md	bit the ledger claim and the gate state disagree	1	"[""1811""]"	"[""PRRT_kwDOR3YK5M6cTcXk""]"	"[""remove completed work from the p0 blocker list""]"	documentation-symbol-and-link-check	changed-since-review
305	review-shared-change-history-aa2455435d5c288ddafd8c51917d595be6ed3b3b-e8445512d-c875f5e0e811	work-r3v-current-program-status-md-first-real-submission-waits-on-09d7084a5cba	2026-08-26T01:17:13Z	docs/hardware/r3v-current-program-status.md	first real submission waits on a planning pass that lands transcripts	3	"[""1811""]"	"[""PRRT_kwDOR3YK5M6cTcXg"",""PRRT_kwDOR3YK5M6cTcXq"",""PRRT_kwDOR3YK5M6cTcXu""]"	"[""reconcile the head with the latest receipt"",""limit the refutation to the smoke triangle case"",""name the transcript bearing planning receipt""]"	documentation-symbol-and-link-check	changed-since-review
306	review-shared-change-history-2cb307652cc8b14e61abd9fd3d71ff5e935c5eae-bd7fcf753-14ebd4d33b1b	work-r3v-native-recording-c-r3v-cmdexecutecommands-a0885c858438	2026-08-26T01:38:27Z	src/amd/r300/vulkan/r3v_native_recording.c	r3v cmdexecutecommands	3	"[""1812""]"	"[""PRRT_kwDOR3YK5M6cTquQ"",""PRRT_kwDOR3YK5M6cTquT"",""PRRT_kwDOR3YK5M6cTquX""]"	"[""deep copy replayed update payloads"",""preserve cross type secondary operation order"",""reject nonempty replay after a pending dispatch""]"	warning-clean-driver-build-and-focused-test	changed-since-review
307	review-shared-change-history-e8445512d3a15311e53b3539068a736e04c79ee1-c190b5f0a-a786880d67b1	work-r3v-current-program-status-md-conformance-expands-by-executed-mechanism-e641571280bf	2026-08-26T02:15:52Z	docs/hardware/r3v-current-program-status.md	conformance expands by executed mechanism and each rung opens only after	4	"[""1815""]"	"[""PRRT_kwDOR3YK5M6cUCrg"",""PRRT_kwDOR3YK5M6cUCrh"",""PRRT_kwDOR3YK5M6cUCrj"",""PRRT_kwDOR3YK5M6cUCrr""]"	"[""refresh the canonical status when closing the rung"",""qualify the secondary replay ordering claim"",""name the vulkan blit rule behind the resample formula"",""separate rung 1 movement from its eight case receipt""]"	documentation-symbol-and-link-check	changed-since-review
308	review-shared-change-history-bd7fcf75397e409a3d1e15e595e940d6411dffc3-d81fbed89-40600c5e5289	work-r300-tcl-bypass-triangle-c-r300-tcl-bypass-triangle-emit-cc69b2030358	2026-08-26T02:21:49Z	src/amd/r300/common/r300_tcl_bypass_triangle.c	r300 tcl bypass triangle emit into	5	"[""1816"",""1819""]"	"[""PRRT_kwDOR3YK5M6cUGdH"",""PRRT_kwDOR3YK5M6cUGdO"",""PRRT_kwDOR3YK5M6cUGdR"",""PRRT_kwDOR3YK5M6cVr2b"",""PRRT_kwDOR3YK5M6cVr2e""]"	"[""program all four texture component selectors"",""reject pitches that exceed the format2 field"",""add the required source trace to the footprint claim"",""record silicon validation before landing the selector change"",""attach the selector claim to its exact source""]"	warning-clean-driver-build-and-focused-test	changed-since-review
309	review-shared-change-history-93ff2e17aeca881926adb92dc6493bb34018be2a-5453c8437-e9c17ddf8556	work-r3v-native-draw-c-record-draw-vkcommandbuffer-commandbuffer-const-struct-f597fcf01c71	2026-08-26T04:25:51Z	src/amd/r300/vulkan/r3v_native_draw.c	record draw vkcommandbuffer commandbuffer const struct draw args args	3	"[""1817"",""1827""]"	"[""PRRT_kwDOR3YK5M6cVXXY"",""PRRT_kwDOR3YK5M6cVXXd"",""PRRT_kwDOR3YK5M6cWv24""]"	"[""resolve sampled descriptors when submission executes"",""free the carrier on sampled descriptor refusals"",""preserve nonzero target offsets in varying draw emitters""]"	warning-clean-driver-build-and-focused-test	changed-since-review
310	review-shared-change-history-93ff2e17aeca881926adb92dc6493bb34018be2a-f0620ab5b-f5f4973364aa	work-r3v-native-attended-sampled-c-original-line-13-ef672bb7fad3	2026-08-26T04:26:54Z	src/amd/r300/vulkan/tests/r3v_native_attended_sampled.c	original line 13	1	"[""1818""]"	"[""PRRT_kwDOR3YK5M6cVYAf""]"	"[""provide a sampled cell arming path""]"	warning-clean-driver-build-and-focused-test	changed-since-review
310	review-shared-change-history-93ff2e17aeca881926adb92dc6493bb34018be2a-f0620ab5b-f5f4973364aa	work-r3v-native-attended-sampled-c-original-line-711-d29bc3d73708	2026-08-26T04:26:54Z	src/amd/r300/vulkan/tests/r3v_native_attended_sampled.c	original line 711	1	"[""1818""]"	"[""PRRT_kwDOR3YK5M6cVYAi""]"	"[""require the full render shape oracle verdict""]"	warning-clean-driver-build-and-focused-test	changed-since-review
310	review-shared-change-history-93ff2e17aeca881926adb92dc6493bb34018be2a-f0620ab5b-f5f4973364aa	work-r3v-native-attended-sampled-c-original-line-10-2839b27ef503	2026-08-26T04:26:55Z	src/amd/r300/vulkan/tests/r3v_native_attended_sampled.c	original line 10	1	"[""1818""]"	"[""PRRT_kwDOR3YK5M6cVYAp""]"	"[""use texture data that discriminates coordinate failures""]"	warning-clean-driver-build-and-focused-test	changed-since-review
310	review-shared-change-history-93ff2e17aeca881926adb92dc6493bb34018be2a-f0620ab5b-f5f4973364aa	work-r3v-native-attended-sampled-c-original-line-356-1257407f4067	2026-08-26T04:26:55Z	src/amd/r300/vulkan/tests/r3v_native_attended_sampled.c	original line 356	1	"[""1818""]"	"[""PRRT_kwDOR3YK5M6cVYAj""]"	"[""transition the host written texture before sampling""]"	warning-clean-driver-build-and-focused-test	changed-since-review
310	review-shared-change-history-93ff2e17aeca881926adb92dc6493bb34018be2a-f0620ab5b-f5f4973364aa	work-r3v-native-attended-sampled-c-original-line-67-9ab5ce311974	2026-08-26T04:26:55Z	src/amd/r300/vulkan/tests/r3v_native_attended_sampled.c	original line 67	1	"[""1818""]"	"[""PRRT_kwDOR3YK5M6cVYAs""]"	"[""use the durable evidence writer for the readback""]"	warning-clean-driver-build-and-focused-test	changed-since-review
311	review-shared-change-history-7ae57798ec2661ff7e9eb245e174fcbdee1baef0-de712cd4c-d5751e8ee4a1	work-r3v-current-program-status-md-above-is-rung-zero-the-7c5726e21378	2026-08-26T05:32:43Z	docs/hardware/r3v-current-program-status.md	above is rung zero the ladder after it runs in this order	28	"[""1822"",""1824"",""1825"",""1826"",""1829"",""1831"",""1836"",""1839"",""1846"",""1848"",""1849"",""1865""]"	"[""PRRT_kwDOR3YK5M6cWDMj"",""PRRT_kwDOR3YK5M6cWPv1"",""PRRT_kwDOR3YK5M6cWPv6"",""PRRT_kwDOR3YK5M6cWPvu"",""PRRT_kwDOR3YK5M6cWTLd"",""PRRT_kwDOR3YK5M6cWTLh"",""PRRT_kwDOR3YK5M6cWTLl"",""PRRT_kwDOR3YK5M6cWUtX"",""PRRT_kwDOR3YK5M6cWUta"",""PRRT_kwDOR3YK5M6cW12I"",""PRRT_kwDOR3YK5M6cW12N"",""PRRT_kwDOR3YK5M6cW12R"",""PRRT_kwDOR3YK5M6cW12U"",""PRRT_kwDOR3YK5M6cW-e_"",""PRRT_kwDOR3YK5M6cW-fF"",""PRRT_kwDOR3YK5M6cW-fI"",""PRRT_kwDOR3YK5M6cXe3W"",""PRRT_kwDOR3YK5M6cXe3b"",""PRRT_kwDOR3YK5M6cXpKj"",""PRRT_kwDOR3YK5M6cXpKo"",""PRRT_kwDOR3YK5M6cY3aN"",""PRRT_kwDOR3YK5M6chXIA"",""PRRT_kwDOR3YK5M6chXun"",""PRRT_kwDOR3YK5M6chXuo"",""PRRT_kwDOR3YK5M6chXur"",""PRRT_kwDOR3YK5M6cm0lo"",""PRRT_kwDOR3YK5M6cm0l2"",""PRRT_kwDOR3YK5M6cm0lv""]"	"[""state the silicon observation positively"",""keep nearest and clamp semantics open"",""retain s axis addressing as open work"",""bound the receipt to half row discrimination"",""name the layered image ledger row explicitly"",""scope the layered route gate to the array cases"",""require both routes before admitting the combined usage"",""scope the zero movement claim to the measured families"",""add the promised sampler state rung"",""keep the render to sample coherency edge open"",""reconcile rung 7 with the ladder s strict ordering"",""require vram placement rather than device local memory"",""make the first msaa arm distinguish multisampling"",""record the composed cell s required offset"",""add the discovery method to the emitter claim"",""close the em dash substitute against both words"",""add discovery locations to the new code claims"",""account for the fifth payload falling outside the chunk"",""remove the unsupported recorder calibration claim"",""record the composed kind s arming blocker"",""retain an edge oracle before accepting the msaa arm"",""keep resolve semantics marked as a hypothesis"",""add discovery methods to the new code claims"",""reconcile the fragment color outcomes"",""base the allocation claim on the final placement"",""record the discovery method for the new source locator"",""link the canonical memory placement contract"",""describe vram residency as unproven rather than absent""]"	documentation-symbol-and-link-check	changed-since-review
312	review-shared-change-history-5453c84376b798dd7cc68a5f65defc68037c4b15-511ef9d73-76977ab90eaa	work-r3v-native-attended-sampled-c-main-int-argc-char-argv-6d3d4dc94d7f	2026-08-26T05:40:53Z	src/amd/r300/vulkan/tests/r3v_native_attended_sampled.c	main int argc char argv	1	"[""1823""]"	"[""PRRT_kwDOR3YK5M6cWI8k""]"	"[""use a split aware oracle for the rows arm""]"	warning-clean-driver-build-and-focused-test	changed-since-review
313	review-shared-change-history-4420389af742cd6354dceac2584fd4fd8ad74ec8-292c0318d-ad0c8de92ead	work-r3v-host-model-fail-decomposition-md-itself-admit-imagetype-1d-cd6d6e43e0e3	2026-08-26T05:56:13Z	docs/hardware/r3v-host-model-fail-decomposition.md	itself admit imagetype 1d and admitting imagetype 1d does not by	2	"[""1825""]"	"[""PRRT_kwDOR3YK5M6cWUtT"",""PRRT_kwDOR3YK5M6cWUtc""]"	"[""preserve the five distinct refusal shapes"",""stop assigning the retired class to new seals""]"	documentation-symbol-and-link-check	changed-since-review
314	review-shared-change-history-511ef9d736cf3e3800c25b31dd5abe0e0540a6a3-a0b08e61f-de4529543751	work-r300-tcl-bypass-triangle-c-r300-tcl-bypass-triangle-render-ec50480f6203	2026-08-26T06:46:49Z	src/amd/r300/common/r300_tcl_bypass_triangle.c	r300 tcl bypass triangle render shape emit	1	"[""1830""]"	"[""PRRT_kwDOR3YK5M6cW_fi""]"	"[""reuse one relocation slot for the shared target bo""]"	warning-clean-driver-build-and-focused-test	changed-since-review
315	review-shared-change-history-eae1df80d9c7db3162ed27614fc74de2325ad665-5f2615641-f2f42b67e80f	work-r3v-native-arming-c-r3v-native-arming-evaluate-const-struct-91b8d5b84bc0	2026-08-26T06:46:49Z	src/amd/r300/vulkan/r3v_native_arming.c	r3v native arming evaluate const struct r3v native arming facts facts	1	"[""1830""]"	"[""PRRT_kwDOR3YK5M6cW_f5""]"	"[""add the composed kind to the queue geometry gate""]"	warning-clean-driver-build-and-focused-test	changed-since-review
316	review-shared-change-history-13701e615400edf1e437c61df559419793a3088f-84cf229c0-55a4dbbbcf6e	work-r3v-native-h-r3v-native-image-layer-pitch-bytes-uint32-1822efd8d81b	2026-08-26T06:50:13Z	src/amd/r300/vulkan/r3v_native.h	r3v native image layer pitch bytes uint32 t row pitch bytes uint32 t height	1	"[""1832""]"	"[""PRRT_kwDOR3YK5M6cXCto""]"	"[""add the required symbol discovery method""]"	warning-clean-driver-build-and-focused-test	changed-since-review
317	review-shared-change-history-a0b08e61fb38f57fe17f038bfaddd9f5dd47ef34-f6a34ad39-2f2ce0efd8f9	work-r300-tcl-bypass-triangle-c-r300-tcl-bypass-triangle-varying-9f7d196918b1	2026-08-26T07:12:05Z	src/amd/r300/common/r300_tcl_bypass_triangle.c	r300 tcl bypass triangle varying extent oracle	3	"[""1834""]"	"[""PRRT_kwDOR3YK5M6cXXTc"",""PRRT_kwDOR3YK5M6cXXTj"",""PRRT_kwDOR3YK5M6cXXTo""]"	"[""preserve the sentinel in the canary check"",""compare analytic membership at every pixel"",""refuse empty analytic footprints""]"	warning-clean-driver-build-and-focused-test	changed-since-review
318	review-shared-change-history-f6a34ad39990d74a4752ccfdf0d67c55b398fef5-84cf229c0-39cc51eaa075	work-r300-tcl-bypass-triangle-c-composed-sample-emit-const-struct-97cb1c3402f9	2026-08-26T07:16:47Z	src/amd/r300/common/r300_tcl_bypass_triangle.c	composed sample emit const struct r300 triangle composed render sample c	1	"[""1835""]"	"[""PRRT_kwDOR3YK5M6cXcoc""]"	"[""enforce the documented double bind refusal for identity maps""]"	warning-clean-driver-build-and-focused-test	changed-since-review
319	review-shared-change-history-f6a34ad39990d74a4752ccfdf0d67c55b398fef5-84cf229c0-4766481dbb90	work-r300-tcl-bypass-triangle-h-int-r300-tcl-bypass-triangle-45b11f238036	2026-08-26T07:16:47Z	src/amd/r300/common/r300_tcl_bypass_triangle.h	int r300 tcl bypass triangle composed render sample emit	1	"[""1835""]"	"[""PRRT_kwDOR3YK5M6cXcoV""]"	"[""add the required discovery location to the winsys claim""]"	warning-clean-driver-build-and-focused-test	changed-since-review
320	review-shared-change-history-84cf229c0d6e290d4a5694efa957454bc04b22c9-4fafa6b13-97b199638228	work-r300-tcl-bypass-triangle-c-r300-tcl-bypass-triangle-coverage-82f24546ba77	2026-08-26T07:25:57Z	src/amd/r300/common/r300_tcl_bypass_triangle.c	r300 tcl bypass triangle coverage oracle	1	"[""1837""]"	"[""PRRT_kwDOR3YK5M6cXmVc""]"	"[""stop reading the admitted set in predicted mode""]"	warning-clean-driver-build-and-focused-test	changed-since-review
321	review-shared-change-history-be6eb55ff61e6ac44b7e475f70f9edc76d1f8d5b-451d77f25-7bd8c96b7ede	work-r3v-native-attended-sampled-c-pfn-vkvoidfunction-vk-icdgetinstanceprocad-de26af02ffc4	2026-08-26T07:25:57Z	src/amd/r300/vulkan/tests/r3v_native_attended_sampled.c	pfn vkvoidfunction vk icdgetinstanceprocaddr vkinstance instance	1	"[""1837""]"	"[""PRRT_kwDOR3YK5M6cXmVY""]"	"[""cite the vertex path the runner actually executes""]"	warning-clean-driver-build-and-focused-test	changed-since-review
322	review-shared-change-history-84cf229c0d6e290d4a5694efa957454bc04b22c9-eae1df80d-6d57616cb6c1	work-r3v-native-cell-c-r3v-native-record-r2vb-status-load-324b7eb7452c	2026-08-26T07:31:31Z	src/amd/r300/vulkan/r3v_native_cell.c	r3v native record r2vb status load burst float4 model	4	"[""1838""]"	"[""PRRT_kwDOR3YK5M6cXsrS"",""PRRT_kwDOR3YK5M6cXsrV"",""PRRT_kwDOR3YK5M6cXsrY"",""PRRT_kwDOR3YK5M6cXsrc""]"	"[""admit the composed kind through the queue geometry gate"",""validate composed buffer footprints before installation"",""bind the composed arming runner s relocation payloads"",""add the composed kind to the plan serialization table""]"	warning-clean-driver-build-and-focused-test	changed-since-review
323	review-shared-change-history-eae1df80d9c7db3162ed27614fc74de2325ad665-5f2615641-5c7a56b563eb	work-r3v-native-arming-runner-c-cell-emit-struct-r300-tcl-c3e3e1b947b2	2026-08-26T07:42:40Z	src/amd/r300/vulkan/tests/r3v_native_arming_runner.c	cell emit struct r300 tcl bypass triangle ib cell	1	"[""1840""]"	"[""PRRT_kwDOR3YK5M6cX5F9""]"	"[""update the program status with the bound digest""]"	warning-clean-driver-build-and-focused-test	changed-since-review
324	review-shared-change-history-eae1df80d9c7db3162ed27614fc74de2325ad665-5f2615641-7df7f460f8cf	work-r3v-native-queue-c-cell-geometry-unfrozen-const-struct-r3v-46aa1a5d835b	2026-08-26T07:42:40Z	src/amd/r300/vulkan/r3v_native_queue.c	cell geometry unfrozen const struct r3v native cmd buffer cmd buffer	1	"[""1840""]"	"[""PRRT_kwDOR3YK5M6cX5GE""]"	"[""reject undersized bos before admitting composed submits""]"	warning-clean-driver-build-and-focused-test	changed-since-review
325	review-shared-change-history-f34c5c5ebbea17e56dd5fd49a9122d175544ac5c-99ae7f779-8253dcd3d271	work-r3v-native-attended-composed-c-original-line-12-9ea983fc473f	2026-08-26T08:21:12Z	src/amd/r300/vulkan/tests/r3v_native_attended_composed.c	original line 12	1	"[""1843""]"	"[""PRRT_kwDOR3YK5M6cYkQD""]"	"[""add the composed runner to the attended procedure""]"	warning-clean-driver-build-and-focused-test	changed-since-review
325	review-shared-change-history-f34c5c5ebbea17e56dd5fd49a9122d175544ac5c-99ae7f779-8253dcd3d271	work-r3v-native-attended-composed-c-original-line-142-2123e448c49f	2026-08-26T08:21:12Z	src/amd/r300/vulkan/tests/r3v_native_attended_composed.c	original line 142	1	"[""1843""]"	"[""PRRT_kwDOR3YK5M6cYkQJ""]"	"[""print the complete authorized cell digest""]"	warning-clean-driver-build-and-focused-test	changed-since-review
325	review-shared-change-history-f34c5c5ebbea17e56dd5fd49a9122d175544ac5c-99ae7f779-8253dcd3d271	work-r3v-native-attended-composed-c-original-line-303-f86bde5686f7	2026-08-26T08:21:12Z	src/amd/r300/vulkan/tests/r3v_native_attended_composed.c	original line 303	1	"[""1843""]"	"[""PRRT_kwDOR3YK5M6cYkQA""]"	"[""seed the two targets with distinct sentinels""]"	warning-clean-driver-build-and-focused-test	changed-since-review
325	review-shared-change-history-f34c5c5ebbea17e56dd5fd49a9122d175544ac5c-99ae7f779-8253dcd3d271	work-r3v-native-attended-composed-c-original-line-354-bb0f4c3e1d38	2026-08-26T08:21:12Z	src/amd/r300/vulkan/tests/r3v_native_attended_composed.c	original line 354	1	"[""1843""]"	"[""PRRT_kwDOR3YK5M6cYkQF""]"	"[""retain outcomes after an accepted submit failure""]"	warning-clean-driver-build-and-focused-test	changed-since-review
326	review-shared-change-history-3a32ad98562dd20c4860014c53ef5e95e7c0680b-1b0a2e11d-1a2e0b2a644f	work-r300-tcl-bypass-triangle-test-c-test-varying-shape-vertices-68107db2efe0	2026-08-26T08:21:13Z	src/amd/r300/common/tests/r300_tcl_bypass_triangle_test.c	test varying shape vertices scale positions alone void	1	"[""1843""]"	"[""PRRT_kwDOR3YK5M6cYkQM""]"	"[""resume the register scan at the next packet boundary""]"	warning-clean-driver-build-and-focused-test	changed-since-review
327	review-shared-change-history-661a73bf5bb99146ce096cc086613c7a819895f3-ddd2b086c-a07fd2ef23e1	work-r3v-native-attended-composed-render-sample-procedure-md-original-line-c916e554b009	2026-08-26T08:22:39Z	docs/hardware/r3v-native-attended-composed-render-sample-procedure.md	original line 78	1	"[""1844""]"	"[""PRRT_kwDOR3YK5M6cYl82""]"	"[""state that the token is written before the ioctl""]"	documentation-symbol-and-link-check	changed-since-review
327	review-shared-change-history-661a73bf5bb99146ce096cc086613c7a819895f3-ddd2b086c-a07fd2ef23e1	work-r3v-native-attended-composed-render-sample-procedure-md-original-line-e6f65c326ae9	2026-08-26T08:22:39Z	docs/hardware/r3v-native-attended-composed-render-sample-procedure.md	original line 16	1	"[""1844""]"	"[""PRRT_kwDOR3YK5M6cYl8z""]"	"[""override the shared procedure s executable checks""]"	documentation-symbol-and-link-check	changed-since-review
328	review-shared-change-history-99ae7f779dd196aec81f5eef3c02f0ddf0f2fbbc-15e794e1b-de2adb845b42	work-r3v-native-attended-composed-c-main-int-argc-char-argv-59d94baeaac5	2026-08-26T08:22:39Z	src/amd/r300/vulkan/tests/r3v_native_attended_composed.c	main int argc char argv	1	"[""1844""]"	"[""PRRT_kwDOR3YK5M6cYl8v""]"	"[""separate an untouched target from an unpublished fetch""]"	warning-clean-driver-build-and-focused-test	changed-since-review
329	review-shared-change-history-1b0a2e11dfb54b35af550012234ff5648ebf0111-7ac62205e-1f747ec90bb9	work-r300-tcl-bypass-triangle-c-r300-tcl-bypass-triangle-coverage-55a18c466e94	2026-08-26T08:39:29Z	src/amd/r300/common/r300_tcl_bypass_triangle.c	r300 tcl bypass triangle coverage oracle predicted	1	"[""1845""]"	"[""PRRT_kwDOR3YK5M6cY5SD""]"	"[""make the resolve oracle sample aware""]"	warning-clean-driver-build-and-focused-test	changed-since-review
330	review-shared-change-history-15e794e1b6218b8fe59b7e9577a07d2b0a38aa99-74e17e547-c3b5fa3193b1	work-r3v-native-attended-composed-c-report-const-char-label-const-dbf0d79f3f80	2026-08-26T15:24:30Z	src/amd/r300/vulkan/tests/r3v_native_attended_composed.c	report const char label const struct r300 triangle coverage verdict v	1	"[""1847""]"	"[""PRRT_kwDOR3YK5M6chLnN""]"	"[""ignore manifest state in record only mode""]"	warning-clean-driver-build-and-focused-test	changed-since-review
331	review-shared-change-history-7ac62205eb882df42462d849cc549086b59227ea-92fc8a2c3-9731033d1aeb	work-r300-tcl-bypass-triangle-c-r300-tcl-bypass-triangle-interior-b52bc335f53d	2026-08-26T15:35:00Z	src/amd/r300/common/r300_tcl_bypass_triangle.c	r300 tcl bypass triangle interior oracle	1	"[""1848""]"	"[""PRRT_kwDOR3YK5M6chXH7""]"	"[""record the symbol discovery method for the r300g claim""]"	warning-clean-driver-build-and-focused-test	changed-since-review
331	review-shared-change-history-7ac62205eb882df42462d849cc549086b59227ea-92fc8a2c3-9731033d1aeb	work-r300-tcl-bypass-triangle-h-void-r300-tcl-bypass-triangle-ff19f7842a70	2026-08-26T15:35:00Z	src/amd/r300/common/r300_tcl_bypass_triangle.h	void r300 tcl bypass triangle interior oracle	1	"[""1848""]"	"[""PRRT_kwDOR3YK5M6chXH3""]"	"[""restrict the oracle contract to resolved buffers""]"	warning-clean-driver-build-and-focused-test	changed-since-review
332	review-shared-change-history-51f57acd4012136e17651596b9591d25d90d6175-4b0c1f55a-9f169a0241b5	work-agents-md-structure-agent-loaded-markdown-documents-with-clean-predictab-65dc76c1fb17	2026-08-26T17:57:34Z	AGENTS.md	structure agent loaded markdown documents with clean predictable formatting	1	"[""1851""]"	"[""PRRT_kwDOR3YK5M6ckBQ7""]"	"[""limit the closure rule to typographic dash substitutes""]"	documentation-symbol-and-link-check	changed-since-review
333	review-shared-change-history-aa981dd2fb3a6b1901dc611f950542979c2730a5-51f57acd4-05a78fefc43d	work-agents-md-these-rules-are-enforceable-later-sections-explain-mechanism-6b95ca4be917	2026-08-26T17:57:49Z	AGENTS.md	these rules are enforceable later sections explain mechanism or rationale and n	3	"[""1850""]"	"[""PRRT_kwDOR3YK5M6ckBkH"",""PRRT_kwDOR3YK5M6ckBkO"",""PRRT_kwDOR3YK5M6ckBkR""]"	"[""keep retired distcc pump out of cache wiring"",""call the rev parse result the repository root"",""retarget the remaining sibling repository references""]"	documentation-symbol-and-link-check	changed-since-review
333	review-shared-change-history-aa981dd2fb3a6b1901dc611f950542979c2730a5-51f57acd4-05a78fefc43d	work-agents-md-when-open-proofs-is-available-use-proof-names-2decc56edcf5	2026-08-26T17:57:49Z	AGENTS.md	when open proofs is available use proof names as review checks	2	"[""1850""]"	"[""PRRT_kwDOR3YK5M6ckBkA"",""PRRT_kwDOR3YK5M6ckBkF""]"	"[""describe the software tcl classification without inferring silicon"",""store captures under the canonical r300 evidence directory""]"	documentation-symbol-and-link-check	changed-since-review
334	review-shared-change-history-92fc8a2c371472b667a10471e6f8a18de66fd847-dede1a1b3-8b0a9321a6bb	work-r300-tcl-bypass-triangle-c-r300-tcl-bypass-triangle-bind-304fce058989	2026-08-26T18:33:07Z	src/amd/r300/common/r300_tcl_bypass_triangle.c	r300 tcl bypass triangle bind reloc indices	4	"[""1853""]"	"[""PRRT_kwDOR3YK5M6ckuV3"",""PRRT_kwDOR3YK5M6ckuVp"",""PRRT_kwDOR3YK5M6ckuVy"",""PRRT_kwDOR3YK5M6ckuWB""]"	"[""reject a resolve color identical to the render color"",""reapply aa state after the nested first draw contracts"",""reject incompatible resolve destination shapes"",""derive emitted mspos data from the canonical sample table""]"	warning-clean-driver-build-and-focused-test	changed-since-review
334	review-shared-change-history-92fc8a2c371472b667a10471e6f8a18de66fd847-dede1a1b3-8b0a9321a6bb	work-r300-tcl-bypass-triangle-c-r300-tcl-bypass-triangle-validate-6f77a10b9fee	2026-08-26T18:33:08Z	src/amd/r300/common/r300_tcl_bypass_triangle.c	r300 tcl bypass triangle validate reloc sites	1	"[""1853""]"	"[""PRRT_kwDOR3YK5M6ckuV8""]"	"[""distinguish five site streams before accepting a slot sequence""]"	warning-clean-driver-build-and-focused-test	changed-since-review
335	review-shared-change-history-b5acf9f4e07272c713c0c51152a949d9cdd89b83-27e590ad4-44df4a37fc23	work-merged-review-thread-resolution-campaign-md-original-line-49-86a59b5af1fb	2026-08-26T19:15:21Z	build-infra/docs/merged-review-thread-resolution-campaign.md	original line 49	1	"[""1855""]"	"[""PRRT_kwDOR3YK5M6clgPe""]"	"[""check in the frontier capture generator""]"	documentation-symbol-and-link-check	changed-since-review
336	review-shared-change-history-b5acf9f4e07272c713c0c51152a949d9cdd89b83-4e3411822-6557140a73d7	work-merged-review-thread-action-frontier-tsv-original-line-2-96eb38c12512	2026-08-26T19:15:21Z	build-infra/docs/merged-review-thread-action-frontier.tsv	original line 2	1	"[""1855""]"	"[""PRRT_kwDOR3YK5M6clgPs""]"	"[""add discovery provenance to frontier code locators""]"	schema-generator-and-mutation-check	changed-since-review
336	review-shared-change-history-b5acf9f4e07272c713c0c51152a949d9cdd89b83-4e3411822-6557140a73d7	work-merged-review-thread-action-frontier-tsv-original-line-9-6de3c723a742	2026-08-26T19:15:21Z	build-infra/docs/merged-review-thread-action-frontier.tsv	original line 9	1	"[""1855""]"	"[""PRRT_kwDOR3YK5M6clgPZ""]"	"[""refresh the makefile evidence owner to the changed blob""]"	schema-generator-and-mutation-check	changed-since-review
337	review-shared-change-history-b5acf9f4e07272c713c0c51152a949d9cdd89b83-e4aa59105-6a5ab00feef3	work-review-thread-frontier-py-original-line-295-2ffa64a25969	2026-08-26T19:15:21Z	build-infra/scripts/review_thread_frontier.py	original line 295	1	"[""1855""]"	"[""PRRT_kwDOR3YK5M6clgPl""]"	"[""reject closure times that predate the review thread""]"	python-test-black-and-ruff	changed-since-review
338	review-shared-change-history-d6661faf431e4998f5e7d1879b1d6d6eb3c7bf7c-73759399b-9e86655119f3	work-merged-review-thread-resolution-ledger-tsv-original-line-2-0e8951d4f879	2026-08-26T19:23:50Z	build-infra/docs/merged-review-thread-resolution-ledger.tsv	original line 2	1	"[""1856""]"	"[""PRRT_kwDOR3YK5M6clpsR""]"	"[""align the evidence pr and merge time with the evidence commit""]"	schema-generator-and-mutation-check	changed-since-review
339	review-shared-change-history-73759399b38e424bc37ce26f60fa228b6ccc35eb-5553f18dd-adc24c7c8431	work-merged-review-thread-action-frontier-tsv-original-line-38-87420329d642	2026-08-26T20:10:21Z	build-infra/docs/merged-review-thread-action-frontier.tsv	original line 38	1	"[""1862""]"	"[""PRRT_kwDOR3YK5M6cmfBH""]"	"[""track the robustness implementations as evidence owners""]"	schema-generator-and-mutation-check	changed-since-review
339	review-shared-change-history-73759399b38e424bc37ce26f60fa228b6ccc35eb-5553f18dd-adc24c7c8431	work-merged-review-thread-action-frontier-tsv-original-line-4-8af1d4295a4c	2026-08-26T20:10:21Z	build-infra/docs/merged-review-thread-action-frontier.tsv	original line 4	2	"[""1862""]"	"[""PRRT_kwDOR3YK5M6cmfBD"",""PRRT_kwDOR3YK5M6cmfBU""]"	"[""track the wide phi implementation as the evidence owner"",""synchronize the campaign s current classification""]"	schema-generator-and-mutation-check	changed-since-review
339	review-shared-change-history-73759399b38e424bc37ce26f60fa228b6ccc35eb-5553f18dd-adc24c7c8431	work-merged-review-thread-action-frontier-tsv-original-line-48-2e3b8bb0658c	2026-08-26T20:10:21Z	build-infra/docs/merged-review-thread-action-frontier.tsv	original line 48	1	"[""1862""]"	"[""PRRT_kwDOR3YK5M6cmfBM""]"	"[""track the tg4 metadata mapping as the evidence owner""]"	schema-generator-and-mutation-check	changed-since-review
340	review-shared-change-history-de7dadb87bd04645746160f6a0198f7ce5099669-ed31e4154-c263f031da59	work-review-thread-resolution-py-original-line-205-fcd7920434c0	2026-08-26T20:47:50Z	build-infra/scripts/review_thread_resolution.py	original line 205	1	"[""1868""]"	"[""PRRT_kwDOR3YK5M6cnJc8""]"	"[""validate resolution authority before mutating threads""]"	python-test-black-and-ruff	changed-since-review
340	review-shared-change-history-de7dadb87bd04645746160f6a0198f7ce5099669-ed31e4154-c263f031da59	work-review-thread-resolution-py-original-line-184-8fa3088ae76b	2026-08-26T20:47:51Z	build-infra/scripts/review_thread_resolution.py	original line 184	1	"[""1868""]"	"[""PRRT_kwDOR3YK5M6cnJdJ""]"	"[""reject non boolean journal completion states""]"	python-test-black-and-ruff	changed-since-review
340	review-shared-change-history-de7dadb87bd04645746160f6a0198f7ce5099669-ed31e4154-c263f031da59	work-review-thread-resolution-py-original-line-220-94b704c8a28b	2026-08-26T20:47:51Z	build-infra/scripts/review_thread_resolution.py	original line 220	1	"[""1868""]"	"[""PRRT_kwDOR3YK5M6cnJdC""]"	"[""reconcile successful mutations when resuming""]"	python-test-black-and-ruff	changed-since-review
340	review-shared-change-history-de7dadb87bd04645746160f6a0198f7ce5099669-ed31e4154-c263f031da59	work-review-thread-resolution-py-original-line-226-ad77ca4a18e2	2026-08-26T20:47:51Z	build-infra/scripts/review_thread_resolution.py	original line 226	1	"[""1868""]"	"[""PRRT_kwDOR3YK5M6cnJdL""]"	"[""preserve the completed journal on resolver reruns""]"	python-test-black-and-ruff	changed-since-review
340	review-shared-change-history-de7dadb87bd04645746160f6a0198f7ce5099669-ed31e4154-c263f031da59	work-review-thread-resolution-py-original-line-238-a5909e803a24	2026-08-26T20:47:51Z	build-infra/scripts/review_thread_resolution.py	original line 238	1	"[""1868""]"	"[""PRRT_kwDOR3YK5M6cnJdH""]"	"[""keep the resolution checker read only""]"	python-test-black-and-ruff	changed-since-review
341	review-shared-change-history-e0492b811b51ddfda017f2e819286a577174baca-808e258f1-7cce332b75d0	work-merged-review-thread-resolution-campaign-md-relevant-focused-gate-resolu-05d35a82ffb2	2026-08-26T20:50:22Z	build-infra/docs/merged-review-thread-resolution-campaign.md	relevant focused gate resolution of the exact graphql thread id and a final	3	"[""1870"",""1882""]"	"[""PRRT_kwDOR3YK5M6cnMP3"",""PRRT_kwDOR3YK5M6coWE1"",""PRRT_kwDOR3YK5M6coWEm""]"	"[""add the active capture to the offline contract"",""count the supplemental responses in the capture summary"",""move the retained capture to the evidence repository""]"	documentation-symbol-and-link-check	changed-since-review
342	review-shared-change-history-a110dfb796c40aac3c01c79e088c673f64f1f4c4-cad61db3c-d07e80391f20	work-draw-vs-nir-c-draw-vs-nir-io-slots-const-890df8cecb4e	2026-08-26T21:26:39Z	src/gallium/auxiliary/draw/draw_vs_nir.c	draw vs nir io slots const struct glsl type type bool bindless	2	"[""1876""]"	"[""PRRT_kwDOR3YK5M6cnzYC"",""PRRT_kwDOR3YK5M6cnzYM""]"	"[""rebind remapped generic output semantics"",""preserve semantics for variableless lowered outputs""]"	warning-clean-build-and-focused-test	changed-since-review
343	review-shared-change-history-808e258f17e4ae05fd17c90cbe39c9bf47dfdcc4-397aa1923-4e4f456267fb	work-merged-review-thread-batch-registry-tsv-original-line-4-a1248e8bc913	2026-08-26T21:38:23Z	build-infra/docs/merged-review-thread-batch-registry.tsv	original line 4	2	"[""1877"",""1881""]"	"[""PRRT_kwDOR3YK5M6cn_H-"",""PRRT_kwDOR3YK5M6coNQ7""]"	"[""wire batch 0003 into the canonical frontier checks"",""qualify the actual commit before closing the batch""]"	schema-generator-and-mutation-check	changed-since-review
344	review-shared-change-history-808e258f17e4ae05fd17c90cbe39c9bf47dfdcc4-e4aa59105-941b3b79b92c	work-action-frontier-tsv-original-line-2-d61223f31f48	2026-08-26T21:38:23Z	build-infra/docs/review-thread-classifications/merged-thread-frontier-92b67f719e7b/action-frontier.tsv	original line 2	1	"[""1877""]"	"[""PRRT_kwDOR3YK5M6cn_IA""]"	"[""record exact discovery techniques for the new locators""]"	schema-generator-and-mutation-check	changed-since-review
344	review-shared-change-history-808e258f17e4ae05fd17c90cbe39c9bf47dfdcc4-e4aa59105-941b3b79b92c	work-action-frontier-tsv-original-line-35-6dd1ac63b0d0	2026-08-26T21:38:23Z	build-infra/docs/review-thread-classifications/merged-thread-frontier-92b67f719e7b/action-frontier.tsv	original line 35	1	"[""1877""]"	"[""PRRT_kwDOR3YK5M6cn_ID""]"	"[""give build test rows an executable probe""]"	schema-generator-and-mutation-check	changed-since-review
344	review-shared-change-history-808e258f17e4ae05fd17c90cbe39c9bf47dfdcc4-e4aa59105-941b3b79b92c	work-assessments-tsv-original-line-1-d9b87f81563c	2026-08-26T21:38:23Z	build-infra/docs/review-thread-classifications/merged-thread-frontier-92b67f719e7b/assessments.tsv	original line 1	1	"[""1877""]"	"[""PRRT_kwDOR3YK5M6cn_IE""]"	"[""add an epistemic tier to each classified claim""]"	schema-generator-and-mutation-check	changed-since-review
344	review-shared-change-history-808e258f17e4ae05fd17c90cbe39c9bf47dfdcc4-e4aa59105-941b3b79b92c	work-assessments-tsv-original-line-19-dd8958b28cbb	2026-08-26T21:38:23Z	build-infra/docs/review-thread-classifications/merged-thread-frontier-92b67f719e7b/assessments.tsv	original line 19	1	"[""1877""]"	"[""PRRT_kwDOR3YK5M6cn_II""]"	"[""keep the install hook thread open until its diagnostics match""]"	schema-generator-and-mutation-check	changed-since-review
344	review-shared-change-history-808e258f17e4ae05fd17c90cbe39c9bf47dfdcc4-e4aa59105-941b3b79b92c	work-assessments-tsv-original-line-22-04e954f2671c	2026-08-26T21:38:23Z	build-infra/docs/review-thread-classifications/merged-thread-frontier-92b67f719e7b/assessments.tsv	original line 22	1	"[""1877""]"	"[""PRRT_kwDOR3YK5M6cn_IG""]"	"[""name the actual deployment consent variable""]"	schema-generator-and-mutation-check	changed-since-review
345	review-shared-change-history-b8802d7a89bc4cea83656fb1a148c9b1d69a9fee-05d14e686-75905637cf35	work-makefile-export-hostenv-input-46a68443b3d8	2026-08-26T21:45:35Z	build-infra/Makefile	export hostenv input	2	"[""1878""]"	"[""PRRT_kwDOR3YK5M6coGKc"",""PRRT_kwDOR3YK5M6coGKf""]"	"[""avoid invalidating the frontier s makefile evidence"",""continue validating the closed second batch""]"	configure-build-and-artifact-check	changed-since-review
346	review-shared-change-history-7af98fb2fd11549810dfaf5bb44775cd35642368-fc343bf32-3354d94e6944	work-merged-review-thread-resolution-campaign-md-mutation-journal-records-an-439b6241a6a2	2026-08-26T21:53:01Z	build-infra/docs/merged-review-thread-resolution-campaign.md	mutation journal records an ordered resolution prefix after every successful	1	"[""1881""]"	"[""PRRT_kwDOR3YK5M6coNQ4""]"	"[""rename the now closed third frontier""]"	documentation-symbol-and-link-check	changed-since-review
347	review-shared-change-history-0a7321fa55abf355a1084cf0bc8b5d97e1a1906d-5b2ec8602-1c01461d287a	work-action-frontier-tsv-original-line-3-5ec2357b6366	2026-08-26T21:53:03Z	build-infra/docs/review-thread-classifications/merged-thread-frontier-92b67f719e7b/action-frontier.tsv	original line 3	1	"[""1879""]"	"[""PRRT_kwDOR3YK5M6coNTm""]"	"[""cover retired target absence across the whole makefile""]"	schema-generator-and-mutation-check	changed-since-review
348	review-shared-change-history-12d789e1fede9074aa5d18d6547c080e35e7689e-5b2ec8602-9afa2bf4b398	work-review-thread-frontier-py-def-validate-files-b1b80460c88e	2026-08-26T21:53:04Z	build-infra/scripts/review_thread_frontier.py	def validate files	1	"[""1879""]"	"[""PRRT_kwDOR3YK5M6coNTp""]"	"[""bind worktree evidence for the full validation interval""]"	python-test-black-and-ruff	changed-since-review
349	review-shared-change-history-fc343bf327db0800f2d1ed960b8adbf4026fd4b6-3e36c9bce-cd67f73cf27a	work-merged-review-thread-batch-registry-tsv-batch-id-state-denominator-af4e50a9dc52	2026-08-26T22:02:32Z	build-infra/docs/merged-review-thread-batch-registry.tsv	batch id state denominator commit closure commit first thread id cutoff thread i	2	"[""1882""]"	"[""PRRT_kwDOR3YK5M6coWEa"",""PRRT_kwDOR3YK5M6coWEg""]"	"[""replace the chronological frontier directory name"",""add the active capture to the standard verification gate""]"	schema-generator-and-mutation-check	changed-since-review
350	review-shared-change-history-05d14e686f3620d5822daef37caaf7ab3ea67254-ed20af083-6c276c38dd01	work-makefile-audit-source-root-check-source-root-control-unit-test-fbe7f8ea0dfa	2026-08-26T22:34:54Z	build-infra/Makefile	audit source root check source root control unit test	1	"[""1885""]"	"[""PRRT_kwDOR3YK5M6coxvi""]"	"[""read ccache s configured compiler path before probing""]"	configure-build-and-artifact-check	changed-since-review
351	review-shared-change-history-cad61db3c2003d28fd44bbdbd3d0c8bff1447d91-f7f60db09-25b35b4a0bb5	work-draw-vs-nir-c-draw-vs-nir-io-spans-nir-7c46090b44d1	2026-08-26T22:56:26Z	src/gallium/auxiliary/draw/draw_vs_nir.c	draw vs nir io spans nir shader nir	3	"[""1888""]"	"[""PRRT_kwDOR3YK5M6cpCXy"",""PRRT_kwDOR3YK5M6cpCX0"",""PRRT_kwDOR3YK5M6cpCX5""]"	"[""bounds check the dynamic offset before storing"",""reject dynamically indexed compact output arrays"",""decode r300 s float domain output indices""]"	warning-clean-build-and-focused-test	changed-since-review
352	review-shared-change-history-05d14e686f3620d5822daef37caaf7ab3ea67254-ed20af083-e1a1a03ed6cf	work-assessments-tsv-original-line-14-b5c418cce13c	2026-08-27T01:17:23Z	build-infra/docs/review-thread-classifications/merged-thread-frontier-after-QY6A8/assessments.tsv	original line 14	1	"[""1895""]"	"[""PRRT_kwDOR3YK5M6cqmNA""]"	"[""reclassify the retained hbtcl 02c definition""]"	schema-generator-and-mutation-check	changed-since-review
352	review-shared-change-history-05d14e686f3620d5822daef37caaf7ab3ea67254-ed20af083-e1a1a03ed6cf	work-assessments-tsv-original-line-30-4c1acf87a0df	2026-08-27T01:17:23Z	build-infra/docs/review-thread-classifications/merged-thread-frontier-after-QY6A8/assessments.tsv	original line 30	1	"[""1895""]"	"[""PRRT_kwDOR3YK5M6cqmNG""]"	"[""record the missing rtz discriminator""]"	schema-generator-and-mutation-check	changed-since-review
352	review-shared-change-history-05d14e686f3620d5822daef37caaf7ab3ea67254-ed20af083-e1a1a03ed6cf	work-assessments-tsv-original-line-31-750161afdd61	2026-08-27T01:17:23Z	build-infra/docs/review-thread-classifications/merged-thread-frontier-after-QY6A8/assessments.tsv	original line 31	1	"[""1895""]"	"[""PRRT_kwDOR3YK5M6cqmNE""]"	"[""reclassify the implemented typed split gate""]"	schema-generator-and-mutation-check	changed-since-review
353	review-shared-change-history-20475d62f179460ff34d1ba69546121998332102-79ae1d8c1-549007daad88	work-test-review-thread-classification-py-def-test-third-classification-rejec-0c8bca7844ec	2026-08-27T01:17:23Z	build-infra/tests/test_review_thread_classification.py	def test third classification rejects missing assessment none	1	"[""1895""]"	"[""PRRT_kwDOR3YK5M6cqmNH""]"	"[""wire batch 0004 into the authoritative verification target""]"	python-test-black-and-ruff	changed-since-review
354	review-shared-change-history-263c9e82cb8efb475d1866a0e5566ba060a4ed12-abc5b0757-97eeec7ad57a	work-assessments-tsv-original-line-3-a302c36b493c	2026-08-27T01:26:30Z	build-infra/docs/review-thread-classifications/merged-thread-frontier-after-QY6A8/assessments.tsv	original line 3	1	"[""1896""]"	"[""PRRT_kwDOR3YK5M6cqsGy""]"	"[""keep the production distcc audit inside the evidence slice""]"	schema-generator-and-mutation-check	changed-since-review
355	review-shared-change-history-48f01c597f39b22edc69f30e3ac51b36f5ae6b7e-e0fb9fdbd-3c338b630b7c	work-merged-review-thread-resolution-campaign-md-at-2026-08-27t01-c49196f96102	2026-08-27T02:11:53Z	build-infra/docs/merged-review-thread-resolution-campaign.md	at 2026 08 27t01 11 19z the final live verification completed at	1	"[""1899""]"	"[""PRRT_kwDOR3YK5M6crIP6""]"	"[""preserve the all row barrier in fixed row transitions""]"	documentation-symbol-and-link-check	changed-since-review
356	review-shared-change-history-4cf709a16011ff323127c8ac179603a5bf5c1552-a2bfd6032-7cfa70720ea1	work-assessments-tsv-original-line-23-e17ba9f16052	2026-08-27T02:11:53Z	build-infra/docs/review-thread-classifications/merged-thread-frontier-after-TvpLc/assessments.tsv	original line 23	1	"[""1899""]"	"[""PRRT_kwDOR3YK5M6crIPy""]"	"[""keep nonhexadecimal build ids actionable""]"	schema-generator-and-mutation-check	changed-since-review
356	review-shared-change-history-4cf709a16011ff323127c8ac179603a5bf5c1552-a2bfd6032-7cfa70720ea1	work-assessments-tsv-original-line-27-d49f6cb27c59	2026-08-27T02:11:53Z	build-infra/docs/review-thread-classifications/merged-thread-frontier-after-TvpLc/assessments.tsv	original line 27	1	"[""1899""]"	"[""PRRT_kwDOR3YK5M6crIP0""]"	"[""keep bare repository root isolation actionable""]"	schema-generator-and-mutation-check	changed-since-review
356	review-shared-change-history-4cf709a16011ff323127c8ac179603a5bf5c1552-a2bfd6032-7cfa70720ea1	work-assessments-tsv-original-line-36-811a9dd30499	2026-08-27T02:11:53Z	build-infra/docs/review-thread-classifications/merged-thread-frontier-after-TvpLc/assessments.tsv	original line 36	1	"[""1899""]"	"[""PRRT_kwDOR3YK5M6crIP2""]"	"[""keep source view root isolation actionable""]"	schema-generator-and-mutation-check	changed-since-review
357	review-shared-change-history-6b1396652e1c5785277f252d88ceb019a72a1646-20286a21d-f53be1d372d3	work-headless-hardware-gl-runner-md-original-line-218-33ecc7adae55	2026-08-27T02:40:04Z	headless-hardware-gl-runner.md	original line 218	1	"[""1901""]"	"[""PRRT_kwDOR3YK5M6craCR""]"	"[""launch xorg with the selected mesa build""]"	documentation-symbol-and-link-check	changed-since-review
357	review-shared-change-history-6b1396652e1c5785277f252d88ceb019a72a1646-20286a21d-f53be1d372d3	work-headless-hardware-gl-runner-md-original-line-224-ef0aca13d6ea	2026-08-27T02:40:04Z	headless-hardware-gl-runner.md	original line 224	1	"[""1901""]"	"[""PRRT_kwDOR3YK5M6craCD""]"	"[""restore the display manager on xorg startup failures""]"	documentation-symbol-and-link-check	changed-since-review
357	review-shared-change-history-6b1396652e1c5785277f252d88ceb019a72a1646-20286a21d-f53be1d372d3	work-headless-hardware-gl-runner-md-original-line-265-4150631086e2	2026-08-27T02:40:04Z	headless-hardware-gl-runner.md	original line 265	1	"[""1901""]"	"[""PRRT_kwDOR3YK5M6craCA""]"	"[""fail closed on each provider identity check""]"	documentation-symbol-and-link-check	changed-since-review
357	review-shared-change-history-6b1396652e1c5785277f252d88ceb019a72a1646-20286a21d-f53be1d372d3	work-headless-hardware-gl-runner-md-original-line-305-81c4ce1f4083	2026-08-27T02:40:04Z	headless-hardware-gl-runner.md	original line 305	1	"[""1901""]"	"[""PRRT_kwDOR3YK5M6craCM""]"	"[""reject kernel deltas that contain gpu faults""]"	documentation-symbol-and-link-check	changed-since-review
357	review-shared-change-history-6b1396652e1c5785277f252d88ceb019a72a1646-20286a21d-f53be1d372d3	work-headless-hardware-gl-runner-md-original-line-323-f2c3a5e49eea	2026-08-27T02:40:04Z	headless-hardware-gl-runner.md	original line 323	1	"[""1901""]"	"[""PRRT_kwDOR3YK5M6craCJ""]"	"[""verify the unit pid before sending a privileged signal""]"	documentation-symbol-and-link-check	changed-since-review
357	review-shared-change-history-6b1396652e1c5785277f252d88ceb019a72a1646-20286a21d-f53be1d372d3	work-headless-hardware-gl-runner-md-original-line-35-833190efb695	2026-08-27T02:40:04Z	headless-hardware-gl-runner.md	original line 35	1	"[""1901""]"	"[""PRRT_kwDOR3YK5M6craCP""]"	"[""normalize accepted pci bdfs before sysfs lookup""]"	documentation-symbol-and-link-check	changed-since-review
357	review-shared-change-history-6b1396652e1c5785277f252d88ceb019a72a1646-20286a21d-f53be1d372d3	work-headless-hardware-gl-runner-md-original-line-90-83fa0d378af4	2026-08-27T02:40:04Z	headless-hardware-gl-runner.md	original line 90	1	"[""1901""]"	"[""PRRT_kwDOR3YK5M6craB9""]"	"[""open the selected render node for gbm""]"	documentation-symbol-and-link-check	changed-since-review
358	review-shared-change-history-4420389af742cd6354dceac2584fd4fd8ad74ec8-292c0318d-5a7bb9b1721a	work-rs482-source-authority-md-evidence-and-leaves-the-source-to-3bf9c6f51183	2026-08-27T04:13:23Z	docs/hardware/rs482-source-authority.md	evidence and leaves the source to payload claim open the value	1	"[""1905""]"	"[""PRRT_kwDOR3YK5M6csT9h""]"	"[""constrain the evidence commit as a git object""]"	documentation-symbol-and-link-check	changed-since-review
359	review-shared-change-history-ab91af3e930c32924d6b0b02a700e47c9df6c6d4-a658cfdae-0ed00e7352f9	work-merged-review-thread-resolution-campaign-md-the-production-root-account-3dd75e93f2d8	2026-08-27T15:17:20Z	build-infra/docs/merged-review-thread-resolution-campaign.md	the production root account rejection retains its exact diagnostic pr 1918	1	"[""1921""]"	"[""PRRT_kwDOR3YK5M6c3wqe""]"	"[""retain the four out of batch thread ids""]"	documentation-symbol-and-link-check	changed-since-review
360	review-shared-change-history-9d9dcbfead84aff98f31cdedd006bc9102900bd8-a07febecc-aae50d86dfe0	work-merged-review-thread-resolution-campaign-md-falsifier-and-merged-evidenc-f4cd15b60dda	2026-08-27T19:44:43Z	build-infra/docs/merged-review-thread-resolution-campaign.md	falsifier and merged evidence commit when one exists	1	"[""1938""]"	"[""PRRT_kwDOR3YK5M6c9ONa""]"	"[""update the canonical fifth batch status summary""]"	documentation-symbol-and-link-check	changed-since-review
361	review-shared-change-history-c2174808ccce0b2d138f12684f50fbe07baab384-da44c2d7c-0563d647ec26	work-merged-review-thread-resolution-campaign-md-commits-are-ancestors-of-c56018865d37	2026-08-27T20:53:10Z	build-infra/docs/merged-review-thread-resolution-campaign.md	commits are ancestors of origin main their declared target files match the	1	"[""1942""]"	"[""PRRT_kwDOR3YK5M6c-egT""]"	"[""wire the sixth batch into the offline validation target""]"	documentation-symbol-and-link-check	changed-since-review
362	review-shared-change-history-c2174808ccce0b2d138f12684f50fbe07baab384-da44c2d7c-17ae2573e6d0	work-assessments-tsv-original-line-1-4272c32ad20e	2026-08-27T20:53:10Z	build-infra/docs/review-thread-classifications/merged-thread-frontier-after-WhUFS/assessments.tsv	original line 1	1	"[""1942""]"	"[""PRRT_kwDOR3YK5M6c-egj""]"	"[""rename the classification directory by its mechanism""]"	schema-generator-and-mutation-check	changed-since-review
362	review-shared-change-history-c2174808ccce0b2d138f12684f50fbe07baab384-da44c2d7c-17ae2573e6d0	work-assessments-tsv-original-line-40-228a93ad9a94	2026-08-27T20:53:10Z	build-infra/docs/review-thread-classifications/merged-thread-frontier-after-WhUFS/assessments.tsv	original line 40	1	"[""1942""]"	"[""PRRT_kwDOR3YK5M6c-egb""]"	"[""advance the window route evidence commit""]"	schema-generator-and-mutation-check	changed-since-review
362	review-shared-change-history-c2174808ccce0b2d138f12684f50fbe07baab384-da44c2d7c-17ae2573e6d0	work-assessments-tsv-original-line-45-1d3986f00581	2026-08-27T20:53:10Z	build-infra/docs/review-thread-classifications/merged-thread-frontier-after-WhUFS/assessments.tsv	original line 45	1	"[""1942""]"	"[""PRRT_kwDOR3YK5M6c-ege""]"	"[""bound the generated header policy evidence target""]"	schema-generator-and-mutation-check	changed-since-review
363	review-shared-change-history-b492c4be6895ab8330fdb60c11a4a49fc98b4873-14743cd7b-5ae3dca8ad76	work-r3v-native-attended-msaa-resolve-procedure-md-entry-names-the-d7bb7b6eeb68	2026-08-28T01:06:52Z	docs/hardware/r3v-native-attended-msaa-resolve-procedure.md	entry names the emitted stream arms gb aa config and the subsample	1	"[""1951""]"	"[""PRRT_kwDOR3YK5M6dBuyx""]"	"[""issue the recorded arm does not establish linear byte ordering or refute a tiled swizzle the downsample expectation is one constant dword 0xdf20609f across all judged pixels and the census only counts matching dwords without recording""]"	documentation-symbol-and-link-check	changed-since-review
364	review-shared-change-history-263c9e82cb8efb475d1866a0e5566ba060a4ed12-abc5b0757-de6a1fc661d3	work-makefile-define-install-pair-449377484755	2026-08-28T02:20:49Z	build-infra/Makefile	define install pair	1	"[""1957""]"	"[""PRRT_kwDOR3YK5M6dCknc""]"	"[""keep reproducible tier builds packageable""]"	configure-build-and-artifact-check	changed-since-review
365	review-closed-without-merge-28-db8a528134d49e111bdc1a46929d216e36ffc9af-627af0f24db2	work-terakan-draw-c-terakan-cmddraw-vkcommandbuffer-const-commandbuffer-uint3-900f68a6fb22	2026-05-15T12:00:15Z	src/amd/terascale/vulkan/terakan_draw.c	terakan cmddraw vkcommandbuffer const commandbuffer uint32 t const vertexcount	1	"[""28""]"	"[""PRRT_kwDOR3YK5M6CWWKm""]"	"[""update attachment layer state inside each multiview draw""]"	warning-clean-driver-build-and-focused-test	changed-without-merged-anchor
366	review-closed-without-merge-46-8898b5e0effc490d0f3ed7655575dae33a16b69a-0ed4bf38b0be	work-terakan-nir-lower-abi-c-terakan-nir-binding-mutable-resource-93b555541a7e	2026-05-16T02:25:34Z	src/amd/terascale/vulkan/nir/terakan_nir_lower_abi.c	terakan nir binding mutable resource index	1	"[""46""]"	"[""PRRT_kwDOR3YK5M6ChBF4""]"	"[""index dynamic robustness loads by vec4 row""]"	warning-clean-driver-build-and-focused-test	changed-without-merged-anchor
367	review-closed-without-merge-99-942000657f5d076f799bd80dcb5d07069c8ff3d7-763073b260ec	work-terakan-dmabuf-carrier-c-static-const-struct-terakan-carrier-policy-b84601ff7ee9	2026-05-18T22:44:41Z	src/amd/terascale/vulkan/terakan_dmabuf_carrier.c	static const struct terakan carrier policy palm carrier policy	1	"[""99""]"	"[""PRRT_kwDOR3YK5M6C_gYg""]"	"[""the carrier policy reason string claims the non palm default is native noop legacy for every other terakan chip family but then lists only a subset missing at least chip hemlock chip barts chip turks chip caicos which are also recogn""]"	warning-clean-driver-build-and-focused-test	changed-without-merged-anchor
368	review-closed-without-merge-786-ca6e98a17da81579140758d0566456232829d430-557c86aba6f7	work-vl-h264-slice-parser-c-original-line-201-66c947bbe1e8	2026-06-22T22:06:09Z	src/gallium/auxiliary/vl/vl_h264_slice_parser.c	original line 201	1	"[""786""]"	"[""PRRT_kwDOR3YK5M6LaOsq""]"	"[""use the va supplied active reference count""]"	warning-clean-build-and-focused-test	changed-without-merged-anchor
368	review-closed-without-merge-786-ca6e98a17da81579140758d0566456232829d430-557c86aba6f7	work-vl-h264-slice-parser-test-c-original-line-87-43283acd7a1b	2026-06-22T22:06:09Z	src/gallium/auxiliary/vl/tests/vl_h264_slice_parser_test.c	original line 87	1	"[""786""]"	"[""PRRT_kwDOR3YK5M6LaOsk""]"	"[""trim the next annex b start code from the fixture""]"	warning-clean-build-and-focused-test	changed-without-merged-anchor
368	review-closed-without-merge-786-ca6e98a17da81579140758d0566456232829d430-557c86aba6f7	work-vl-h264-cavlc-tables-h-original-line-7-5cb04185aaf6	2026-06-24T18:15:13Z	src/gallium/auxiliary/vl/vl_h264_cavlc_tables.h	original line 7	1	"[""786""]"	"[""PRRT_kwDOR3YK5M6L_w9G""]"	"[""keep cavlc table generation inside mesa""]"	warning-clean-build-and-focused-test	changed-without-merged-anchor
368	review-closed-without-merge-786-ca6e98a17da81579140758d0566456232829d430-557c86aba6f7	work-vl-h264-mb-decode-c-original-line-212-e3e3d014fc2d	2026-06-24T18:15:13Z	src/gallium/auxiliary/vl/vl_h264_mb_decode.c	original line 212	2	"[""786""]"	"[""PRRT_kwDOR3YK5M6L_w9U"",""PRRT_kwDOR3YK5M6L_w9Y""]"	"[""copy slice deblock controls into each contract"",""mark native intra macroblocks with unused references""]"	warning-clean-build-and-focused-test	changed-without-merged-anchor
368	review-closed-without-merge-786-ca6e98a17da81579140758d0566456232829d430-557c86aba6f7	work-vl-h264-slice-parser-c-original-line-187-97c53e0beb1e	2026-06-24T18:15:13Z	src/gallium/auxiliary/vl/vl_h264_slice_parser.c	original line 187	1	"[""786""]"	"[""PRRT_kwDOR3YK5M6L_w9c""]"	"[""reject field coded slices before raster decoding""]"	warning-clean-build-and-focused-test	changed-without-merged-anchor
369	review-missing-current-path-src-gallium-drivers-r300-r300-reg-h-cc3d9776d727	work-r300-reg-h-enum-14beab4c6967	2026-08-12T10:57:33Z	src/gallium/drivers/r300/r300_reg.h	enum	1	"[""1487""]"	"[""PRRT_kwDOR3YK5M6Yimy3""]"	"[""replace the survey name with the measured register property""]"	warning-clean-driver-build-and-focused-test	current-path-missing
370	review-missing-current-path-src-amd-r300-common-r300-delivery-route-fde7da487588	work-r300-delivery-route-h-enum-r300-delivery-route-580d304dbc59	2026-08-14T00:41:12Z	src/amd/r300/common/r300_delivery_route.h	enum r300 delivery route	2	"[""1590"",""1716""]"	"[""PRRT_kwDOR3YK5M6ZIGc_"",""PRRT_kwDOR3YK5M6bddHc""]"	"[""ground the position space contract in a named source"",""correct the unsupported per width silicon retention claim""]"	warning-clean-driver-build-and-focused-test	current-path-missing
370	review-missing-current-path-src-amd-r300-common-r300-delivery-route-fde7da487588	work-r300-delivery-route-h-original-line-23-0fccff7a8f49	2026-08-21T06:39:43Z	src/amd/r300/common/r300_delivery_route.h	original line 23	2	"[""1671""]"	"[""PRRT_kwDOR3YK5M6bD2er"",""PRRT_kwDOR3YK5M6bD75B""]"	"[""issue recheck the 0 1077 ratio against the stated medians for numerical consistency"",""keep capture statistics in the evidence record""]"	warning-clean-driver-build-and-focused-test	current-path-missing
370	review-missing-current-path-src-amd-r300-common-r300-delivery-route-fde7da487588	work-r300-delivery-route-h-original-line-16-4811b05294ac	2026-08-21T06:44:44Z	src/amd/r300/common/r300_delivery_route.h	original line 16	1	"[""1671""]"	"[""PRRT_kwDOR3YK5M6bD75G""]"	"[""close the matching route default research frontier""]"	warning-clean-driver-build-and-focused-test	current-path-missing
370	review-missing-current-path-src-amd-r300-common-r300-delivery-route-fde7da487588	work-r300-delivery-route-h-original-line-19-d5afc944939e	2026-08-21T06:44:44Z	src/amd/r300/common/r300_delivery_route.h	original line 19	2	"[""1671""]"	"[""PRRT_kwDOR3YK5M6bD747"",""PRRT_kwDOR3YK5M6bD75O""]"	"[""include the cpu gather in the deciding interval"",""identify the measured silicon by pci id""]"	warning-clean-driver-build-and-focused-test	current-path-missing
370	review-missing-current-path-src-amd-r300-common-r300-delivery-route-fde7da487588	work-r300-delivery-route-h-original-line-36-ee6de2cf8d04	2026-08-23T07:01:20Z	src/amd/r300/common/r300_delivery_route.h	original line 36	1	"[""1719""]"	"[""PRRT_kwDOR3YK5M6bduD0""]"	"[""nitpick the new resolver header states that the fetched route has already been timed against the cpu default but docs hardware rs482 native delivery route admission and oracle model md still says that this timing cut is an open research i""]"	warning-clean-driver-build-and-focused-test	current-path-missing
370	review-missing-current-path-src-amd-r300-common-r300-delivery-route-fde7da487588	work-r300-delivery-route-h-original-line-35-1cd594729aa6	2026-08-23T07:04:06Z	src/amd/r300/common/r300_delivery_route.h	original line 35	1	"[""1719""]"	"[""PRRT_kwDOR3YK5M6bdux7""]"	"[""reconcile the completed timing result with the open frontier""]"	warning-clean-driver-build-and-focused-test	current-path-missing
371	review-missing-current-path-src-amd-r300-vulkan-r3v-pipeline-c-55b25022df39	work-r3v-pipeline-c-original-line-1-4d2bfd508529	2026-08-17T22:08:34Z	src/amd/r300/vulkan/r3v_pipeline.c	original line 1	1	"[""1635""]"	"[""PRRT_kwDOR3YK5M6Z6OR9""]"	"[""restore the truncated r3v pipeline source""]"	warning-clean-driver-build-and-focused-test	current-path-missing
372	review-missing-current-path-src-amd-r300-common-r300-compute-spirv-bc6bdbdea664	work-r300-compute-spirv-c-original-line-456-65bb4cd79ca7	2026-08-21T08:31:33Z	src/amd/r300/common/r300_compute_spirv.c	original line 456	1	"[""1673""]"	"[""PRRT_kwDOR3YK5M6bF0B5""]"	"[""check instruction length before reading operands""]"	warning-clean-driver-build-and-focused-test	current-path-missing
373	review-missing-current-path-src-amd-r300-common-r300-vertex-spirv-2592f9409b30	work-r300-vertex-spirv-c-original-line-333-847ec89c12bd	2026-08-21T08:53:41Z	src/amd/r300/common/r300_vertex_spirv.c	original line 333	1	"[""1674""]"	"[""PRRT_kwDOR3YK5M6bGNqz""]"	"[""validate instruction length before reading operands""]"	warning-clean-driver-build-and-focused-test	current-path-missing
373	review-missing-current-path-src-amd-r300-common-r300-vertex-spirv-2592f9409b30	work-r300-vertex-spirv-c-original-line-716-80ba25f94641	2026-08-21T08:53:41Z	src/amd/r300/common/r300_vertex_spirv.c	original line 716	1	"[""1674""]"	"[""PRRT_kwDOR3YK5M6bGNq5""]"	"[""keep the position store as the final emitted instruction""]"	warning-clean-driver-build-and-focused-test	current-path-missing
373	review-missing-current-path-src-amd-r300-common-r300-vertex-spirv-2592f9409b30	work-r300-vertex-spirv-c-original-line-359-1243ed43fc17	2026-08-21T09:05:30Z	src/amd/r300/common/r300_vertex_spirv.c	original line 359	1	"[""1674""]"	"[""PRRT_kwDOR3YK5M6bGb9D""]"	"[""match opentrypoint s name before admitting the stage""]"	warning-clean-driver-build-and-focused-test	current-path-missing
373	review-missing-current-path-src-amd-r300-common-r300-vertex-spirv-2592f9409b30	work-r300-vertex-spirv-c-admit-module-const-uint32-t-words-6bb0947e38d3	2026-08-22T23:05:10Z	src/amd/r300/common/r300_vertex_spirv.c	admit module const uint32 t words size t word count	1	"[""1707""]"	"[""PRRT_kwDOR3YK5M6bb35C""]"	"[""decode entry names in spir v byte order""]"	warning-clean-driver-build-and-focused-test	current-path-missing
374	review-missing-current-path-src-amd-r300-vulkan-r3v-identity-map-fbd321be3dd7	work-r3v-identity-map-c-r3v-const-fill-dispatch-replay-struct-09476c60a722	2026-08-21T23:46:35Z	src/amd/r300/vulkan/r3v_identity_map.c	r3v const fill dispatch replay struct r3v device device	3	"[""1678""]"	"[""PRRT_kwDOR3YK5M6bUqtT"",""PRRT_kwDOR3YK5M6bUqtW"",""PRRT_kwDOR3YK5M6bUqtY""]"	"[""honor descriptor ranges during gather replay"",""replay null ubo descriptors as zero words"",""preserve load ordering for aliased gather descriptors""]"	warning-clean-driver-build-and-focused-test	current-path-missing
375	review-missing-current-path-src-amd-r300-vulkan-r3v-queue-c-9e88ee15c3ed	work-r3v-queue-c-r3v-replay-dispatch-struct-r3v-device-device-bb0c1d8647e5	2026-08-21T23:46:35Z	src/amd/r300/vulkan/r3v_queue.c	r3v replay dispatch struct r3v device device	1	"[""1678""]"	"[""PRRT_kwDOR3YK5M6bUqtU""]"	"[""exempt cpu only gathers from the raster size gate""]"	warning-clean-driver-build-and-focused-test	current-path-missing
376	review-missing-current-path-src-amd-r300-vulkan-tests-r3v-gallium-ec1f0101a323	work-r3v-gallium-ownership-disposition-py-original-line-224-cfd7e61ffee3	2026-08-22T09:04:38Z	src/amd/r300/vulkan/tests/r3v_gallium_ownership_disposition.py	original line 224	1	"[""1687""]"	"[""PRRT_kwDOR3YK5M6bXyZv""]"	"[""include shared loader files in the retirement scope""]"	python-test-black-and-ruff	current-path-missing
376	review-missing-current-path-src-amd-r300-vulkan-tests-r3v-gallium-ec1f0101a323	work-r3v-gallium-ownership-disposition-py-original-line-369-da7704d31223	2026-08-22T09:04:38Z	src/amd/r300/vulkan/tests/r3v_gallium_ownership_disposition.py	original line 369	1	"[""1687""]"	"[""PRRT_kwDOR3YK5M6bXyZt""]"	"[""verify that each basis consumes the candidate""]"	python-test-black-and-ruff	current-path-missing
377	review-missing-current-path-src-amd-r300-vulkan-r3v-dp4-fs-39a0f164b378	work-r3v-dp4-fs-nir-c-original-line-54-4347a71260e5	2026-08-22T22:00:14Z	src/amd/r300/vulkan/r3v_dp4_fs_nir.c	original line 54	1	"[""1698""]"	"[""PRRT_kwDOR3YK5M6bblR1""]"	"[""retire the compiler hooks whose producers were deleted""]"	warning-clean-driver-build-and-focused-test	current-path-missing
378	review-missing-current-path-src-amd-r300-common-r300-delivery-route-bff604995bd3	work-r300-delivery-route-c-r300-delivery-route-resolve-const-char-1a2bae6d8781	2026-08-23T01:30:08Z	src/amd/r300/common/r300_delivery_route.c	r300 delivery route resolve const char gate value	1	"[""1709""]"	"[""PRRT_kwDOR3YK5M6bcdSF""]"	"[""transform fetched positions before marking them window space""]"	warning-clean-driver-build-and-focused-test	current-path-missing
379	review-recover-review-source-1635-ac091fb266f69b89b87a1850487111239a6a6100-4ca94039731d	work-gitlab-ci-inc-yml-original-line-16-5815e441adad	2026-08-17T22:08:34Z	src/gallium/drivers/r300/ci/gitlab-ci-inc.yml	original line 16	1	"[""1635""]"	"[""PRRT_kwDOR3YK5M6Z6OSA""]"	"[""include the relocated gallium tests in r300 ci rules""]"	schema-generator-and-mutation-check	review-source-unavailable
379	review-recover-review-source-1635-ac091fb266f69b89b87a1850487111239a6a6100-4ca94039731d	work-r300-r2vb-c-original-line-1-894922fba941	2026-08-17T22:08:34Z	src/gallium/drivers/r300/r300_r2vb.c	original line 1	1	"[""1635""]"	"[""PRRT_kwDOR3YK5M6Z6OR5""]"	"[""restore the truncated gallium r300 r2vb source""]"	warning-clean-driver-build-and-focused-test	review-source-unavailable
380	review-recover-review-source-1735-d255cb1caf098ea698176210373b73534049cf1f-1813-eb06dfe4a8c1	work-r3v-native-recording-c-r3v-cmdblitimage-0a4212bf4b12	2026-08-23T21:55:07Z	src/amd/r300/vulkan/r3v_native_recording.c	r3v cmdblitimage	3	"[""1735"",""1813"",""1814""]"	"[""PRRT_kwDOR3YK5M6biZ2J"",""PRRT_kwDOR3YK5M6cT_6U"",""PRRT_kwDOR3YK5M6cUAYV""]"	"[""align the format feature table with the blit path"",""advertise the formats accepted by the scaling blit"",""advertise the newly supported blit format features""]"	warning-clean-driver-build-and-focused-test	partial-history
381	review-recover-review-source-1760-ca5c31182b1fa7d8503406115790eb9a7b0d8b7f-1813-106bda5413ae	work-r3v-conformance-nonpass-ledger-tsv-waiver-waiver-deqp-vk-accepted-23f46c206294	2026-08-24T20:29:55Z	src/amd/r300/vulkan/tests/r3v_conformance_nonpass_ledger.tsv	waiver waiver deqp vk accepted a waived case is a khronos granted exceptio	2	"[""1760"",""1813""]"	"[""PRRT_kwDOR3YK5M6b1-TQ"",""PRRT_kwDOR3YK5M6cT_6Y""]"	"[""keep immutable sampler refusals in the descriptor ledger"",""remove the closed scaling blit wall from the ledger""]"	schema-generator-and-mutation-check	partial-history
