cluster_rank	cluster_id	review_route	review_group_count	thread_count	review_path_count	pull_request_count	oldest_thread_created_at	newest_thread_created_at	validation_gates	history_states	path_change_candidates	representative_work_group_id	next_action
1	review-one-change-commit-3742009c13db4a63b0bcfdb37b1e8f2bc5d04e40-787346a4a0be	one-change-commit	2	2	2	2	2026-08-10T12:33:42Z	2026-08-15T22:10:39Z	"[""python-test-black-and-ruff"",""warning-clean-driver-build-and-focused-test""]"	"[""changed-since-review""]"	"[""3742009c13db4a63b0bcfdb37b1e8f2bc5d04e40""]"	work-terakan-softfp64-lifetime-contract-test-py-def-verify-contract-source-e5c30b962861	compare-the-review-claim-with-the-single-later-commit
2	review-one-change-commit-df19f9f8ce039d894ee7bf5ed0158a873b5720e7-d34fe9465cd2	one-change-commit	2	3	2	2	2026-08-14T01:05:15Z	2026-08-14T22:46:33Z	"[""documentation-symbol-and-link-check"",""python-test-black-and-ruff""]"	"[""changed-since-review""]"	"[""df19f9f8ce039d894ee7bf5ed0158a873b5720e7""]"	work-r300-r2vb-producer-manifest-check-py-def-validate-outdir-path-bfd931d37bd4	compare-the-review-claim-with-the-single-later-commit
3	review-one-change-commit-cbe9d2597cdfecf75e6cee9653a499a61957f894-d13cc3bd1b76	one-change-commit	2	2	1	1	2026-08-14T02:00:06Z	2026-08-14T02:00:06Z	"[""warning-clean-driver-build-and-focused-test""]"	"[""changed-since-review""]"	"[""cbe9d2597cdfecf75e6cee9653a499a61957f894""]"	work-r3v-memory-properties-contract-test-c-original-line-10-48af69cc2b19	compare-the-review-claim-with-the-single-later-commit
4	review-one-change-commit-3bd7c9fc002ee3e0f46ff0f37c8a7a8605ea2a83-a0ec1586b877	one-change-commit	1	2	1	1	2026-08-14T13:57:31Z	2026-08-14T13:58:04Z	"[""python-test-black-and-ruff""]"	"[""changed-since-review""]"	"[""3bd7c9fc002ee3e0f46ff0f37c8a7a8605ea2a83""]"	work-r3v-native-producer-arming-runner-check-py-def-main-f7ee8f3da7d5	compare-the-review-claim-with-the-single-later-commit
5	review-one-change-commit-428f6dcbb0e1cd71417e1169c385f9e62f2ac0b7-efaa3066a9dd	one-change-commit	2	2	2	2	2026-08-14T14:16:04Z	2026-08-16T13:16:49Z	"[""warning-clean-driver-build-and-focused-test""]"	"[""changed-since-review""]"	"[""428f6dcbb0e1cd71417e1169c385f9e62f2ac0b7""]"	work-r300-r2vb-reingest-manifest-c-original-line-2-97a3387e4ac7	compare-the-review-claim-with-the-single-later-commit
6	review-one-change-commit-1a8033cbeec7650ebd5a0cce7c298aa06d6d67d8-48f0febcc9d5	one-change-commit	1	1	1	1	2026-08-14T22:46:33Z	2026-08-14T22:46:33Z	"[""warning-clean-driver-build-and-focused-test""]"	"[""changed-since-review""]"	"[""1a8033cbeec7650ebd5a0cce7c298aa06d6d67d8""]"	work-r300-us-source-read-h-enum-r300-source-read-model-6087a25848e2	compare-the-review-claim-with-the-single-later-commit
7	review-one-change-commit-5b7fbd51140acd73c82e5c8d6ff9b9d50e01509b-a10212ee3552	one-change-commit	1	1	1	1	2026-08-15T23:53:13Z	2026-08-15T23:53:13Z	"[""warning-clean-driver-build-and-focused-test""]"	"[""changed-since-review""]"	"[""5b7fbd51140acd73c82e5c8d6ff9b9d50e01509b""]"	work-r300-pm4-builder-c-r300-pm4-reloc-nop-struct-r300-9487ac93309d	compare-the-review-claim-with-the-single-later-commit
8	review-one-change-commit-9ebc57897138fd5c4b6ab087a21452da1caf7a56-50205fc559fb	one-change-commit	1	1	1	1	2026-08-21T00:59:40Z	2026-08-21T00:59:40Z	"[""warning-clean-driver-build-and-focused-test""]"	"[""changed-since-review""]"	"[""9ebc57897138fd5c4b6ab087a21452da1caf7a56""]"	work-r3v-native-burst-cell-harness-c-run-burst-leg-vkinstance-aa8bd4a0156f	compare-the-review-claim-with-the-single-later-commit
9	review-one-change-commit-60ae71b6e75360b9cc12dd4b524381da9da7feb4-959dd8f15fa9	one-change-commit	4	4	2	2	2026-08-21T08:31:32Z	2026-08-23T21:06:42Z	"[""warning-clean-driver-build-and-focused-test""]"	"[""changed-since-review""]"	"[""60ae71b6e75360b9cc12dd4b524381da9da7feb4""]"	work-r300-cpu-compute-job-c-original-line-39-8e7a32b31e5b	compare-the-review-claim-with-the-single-later-commit
10	review-one-change-commit-367a218ff2b765194bd18d30ab84c41078341404-5d1a49c73ff1	one-change-commit	1	1	1	1	2026-08-22T07:02:40Z	2026-08-22T07:02:40Z	"[""warning-clean-driver-build-and-focused-test""]"	"[""changed-since-review""]"	"[""367a218ff2b765194bd18d30ab84c41078341404""]"	work-r300-common-boundary-known-bad-object-c-original-line-8-bea2dbe3e603	compare-the-review-claim-with-the-single-later-commit
11	review-one-change-commit-41d774592cb536a8f74e5247c9a9a855725b397e-36e2eb5e61c9	one-change-commit	1	1	1	1	2026-08-22T21:13:54Z	2026-08-22T21:13:54Z	"[""warning-clean-driver-build-and-focused-test""]"	"[""changed-since-review""]"	"[""41d774592cb536a8f74e5247c9a9a855725b397e""]"	work-r300-vertex-job-nir-c-r300-vertex-job-spirv-to-4357e0030c4e	compare-the-review-claim-with-the-single-later-commit
12	review-one-change-commit-79f1a5a2c02c6e6f3b6784b3fe89dd24a230175e-10f159c9596a	one-change-commit	2	2	1	1	2026-08-22T21:28:19Z	2026-08-22T21:28:19Z	"[""warning-clean-driver-build-and-focused-test""]"	"[""changed-since-review""]"	"[""79f1a5a2c02c6e6f3b6784b3fe89dd24a230175e""]"	work-r300-r2vb-typed-route-oracle-test-c-original-line-15-69cedd691702	compare-the-review-claim-with-the-single-later-commit
13	review-one-change-commit-8077376b79a29299a39b37c6178b7a064a9abf29-99eda97ff92f	one-change-commit	2	2	2	1	2026-08-22T22:00:13Z	2026-08-22T22:00:14Z	"[""configure-build-and-artifact-check"",""repository-native-focused-check""]"	"[""changed-since-review""]"	"[""8077376b79a29299a39b37c6178b7a064a9abf29""]"	work-meson-options-option-cf4f4737a530	compare-the-review-claim-with-the-single-later-commit
14	review-one-change-commit-0f807535cfda5bf35b33bd8869a80d5480b566e4-30a02baa2ff9	one-change-commit	1	1	1	1	2026-08-22T22:55:48Z	2026-08-22T22:55:48Z	"[""warning-clean-driver-build-and-focused-test""]"	"[""changed-since-review""]"	"[""0f807535cfda5bf35b33bd8869a80d5480b566e4""]"	work-r300-retained-route-digests-h-original-line-21-1cc15cd19e5e	compare-the-review-claim-with-the-single-later-commit
15	review-one-change-commit-c9bd4e6bc836fe7d172176dd0c977779537d14d5-6ad598768f88	one-change-commit	1	1	1	1	2026-08-22T23:16:46Z	2026-08-22T23:16:46Z	"[""warning-clean-driver-build-and-focused-test""]"	"[""changed-since-review""]"	"[""c9bd4e6bc836fe7d172176dd0c977779537d14d5""]"	work-r300-vertex-stream-h-struct-r300-vertex-stream-7a2a30d0e690	compare-the-review-claim-with-the-single-later-commit
16	review-one-change-commit-01cce6697e2122401327f7dbc7d873adb7b0a897-834193575828	one-change-commit	1	1	1	1	2026-08-23T01:37:46Z	2026-08-23T01:37:46Z	"[""python-test-black-and-ruff""]"	"[""changed-since-review""]"	"[""01cce6697e2122401327f7dbc7d873adb7b0a897""]"	work-r3v-native-fetched-gpu-producer-arming-runner-check-py-original-5cbe87912df9	compare-the-review-claim-with-the-single-later-commit
17	review-one-change-commit-ac11072b3279364cb257784f8129c9aa4fa3df39-7ec9d92064ca	one-change-commit	1	1	1	1	2026-08-23T10:26:39Z	2026-08-23T10:26:39Z	"[""warning-clean-driver-build-and-focused-test""]"	"[""changed-since-review""]"	"[""ac11072b3279364cb257784f8129c9aa4fa3df39""]"	work-r300-compute-identity-carrier-c-original-line-57-dbbde9690099	compare-the-review-claim-with-the-single-later-commit
18	review-one-change-commit-8e1387b5c97e329dd7b12f9937d691611c40f63e-eaf3e3c301f1	one-change-commit	7	7	3	2	2026-08-23T10:34:58Z	2026-08-24T19:40:38Z	"[""documentation-symbol-and-link-check"",""python-test-black-and-ruff"",""warning-clean-driver-build-and-focused-test""]"	"[""changed-since-review""]"	"[""8e1387b5c97e329dd7b12f9937d691611c40f63e""]"	work-r3v-native-attended-compute-identity-c-original-line-509-453dca74e074	compare-the-review-claim-with-the-single-later-commit
19	review-one-change-commit-13683abd6ad3fcbf0d052d1a63b24793b59211fa-99272a519da3	one-change-commit	3	3	2	3	2026-08-23T22:32:15Z	2026-08-24T23:23:43Z	"[""python-test-black-and-ruff"",""warning-clean-driver-build-and-focused-test""]"	"[""changed-since-review""]"	"[""13683abd6ad3fcbf0d052d1a63b24793b59211fa""]"	work-r3v-native-object-c-r3v-destroyquerypool-vkdevice-device-vkquerypool-poo-5750f88c4dc1	compare-the-review-claim-with-the-single-later-commit
20	review-one-change-commit-ebc8348c2ec8951c28056c17b036a365856cd12a-5c3ff362e1e0	one-change-commit	2	2	1	1	2026-08-23T22:32:51Z	2026-08-23T22:32:51Z	"[""python-test-black-and-ruff""]"	"[""changed-since-review""]"	"[""ebc8348c2ec8951c28056c17b036a365856cd12a""]"	work-r3v-native-advertised-surface-audit-py-original-line-88-8875412fb5af	compare-the-review-claim-with-the-single-later-commit
21	review-one-change-commit-e68f40792d4bbdcc1961cae439a8b0264c25c9ce-8f779d4e51cc	one-change-commit	10	10	2	2	2026-08-24T15:47:19Z	2026-08-24T15:52:22Z	"[""documentation-symbol-and-link-check"",""warning-clean-driver-build-and-focused-test""]"	"[""changed-since-review""]"	"[""e68f40792d4bbdcc1961cae439a8b0264c25c9ce""]"	work-r3v-vulkan-memory-model-over-radeon-drm-md-original-line-2290898a0779	compare-the-review-claim-with-the-single-later-commit
22	review-one-change-commit-8afa214faa11235fb25f8de610ed3b36d32b1d43-7a67c5e7a958	one-change-commit	1	1	1	1	2026-08-24T15:56:46Z	2026-08-24T15:56:46Z	"[""schema-generator-and-mutation-check""]"	"[""changed-since-review""]"	"[""8afa214faa11235fb25f8de610ed3b36d32b1d43""]"	work-r3v-kernel-memory-contract-pins-tsv-original-line-10-dfc01d1e71ea	compare-the-review-claim-with-the-single-later-commit
23	review-one-change-commit-3450bcf6d364f071752cd74e49fbb6c29144a3d5-9e23cb156105	one-change-commit	8	8	1	1	2026-08-24T20:20:06Z	2026-08-24T20:20:07Z	"[""documentation-symbol-and-link-check""]"	"[""changed-since-review""]"	"[""3450bcf6d364f071752cd74e49fbb6c29144a3d5""]"	work-rs482-composed-surface-campaign-md-original-line-121-49413c777376	compare-the-review-claim-with-the-single-later-commit
24	review-one-change-commit-4653e691f1692ad7c7e37835316e6cf7d82fc7bc-456baa5c10ae	one-change-commit	3	3	1	1	2026-08-24T22:25:29Z	2026-08-24T22:54:13Z	"[""python-test-black-and-ruff""]"	"[""changed-since-review""]"	"[""4653e691f1692ad7c7e37835316e6cf7d82fc7bc""]"	work-r3v-deqp-provision-py-original-line-248-26cd482aca03	compare-the-review-claim-with-the-single-later-commit
25	review-one-change-commit-baf48620c79c19566965936e10cb66c5c1419cf5-9adbad1b8419	one-change-commit	3	3	1	1	2026-08-24T22:49:31Z	2026-08-24T22:59:18Z	"[""warning-clean-driver-build-and-focused-test""]"	"[""changed-since-review""]"	"[""baf48620c79c19566965936e10cb66c5c1419cf5""]"	work-r3v-native-plan-tool-c-original-line-159-58fd0e8c71d0	compare-the-review-claim-with-the-single-later-commit
26	review-one-change-commit-7f7feec24572361f74134376433c0ba63f6219c2-e6a6db55f323	one-change-commit	1	1	1	1	2026-08-24T23:05:34Z	2026-08-24T23:05:34Z	"[""warning-clean-driver-build-and-focused-test""]"	"[""changed-since-review""]"	"[""7f7feec24572361f74134376433c0ba63f6219c2""]"	work-r3v-native-queue-claim-report-c-original-line-41-ee265c7456b9	compare-the-review-claim-with-the-single-later-commit
27	review-one-change-commit-1f91536e6394b52f3969336a0b585106c3b6e5f9-e9a3e8426136	one-change-commit	1	2	1	2	2026-08-24T23:27:29Z	2026-08-24T23:32:21Z	"[""python-test-black-and-ruff""]"	"[""changed-since-review""]"	"[""1f91536e6394b52f3969336a0b585106c3b6e5f9""]"	work-r3v-conformance-partition-py-def-verify-manifest-path-f96dbd258557	compare-the-review-claim-with-the-single-later-commit
28	review-one-change-commit-4b11002d5b38f01f6477a2878352caea8cd28ac7-f9a6e63d1a55	one-change-commit	3	3	1	1	2026-08-24T23:32:11Z	2026-08-24T23:32:11Z	"[""python-test-black-and-ruff""]"	"[""changed-since-review""]"	"[""4b11002d5b38f01f6477a2878352caea8cd28ac7""]"	work-r3v-cs-ioctl-trace-py-original-line-215-9da48a767794	compare-the-review-claim-with-the-single-later-commit
29	review-one-change-commit-26b04af5186ffa9c81c9f86ea67d56a9b2ee9baf-f5729268d477	one-change-commit	1	2	1	1	2026-08-24T23:51:16Z	2026-08-24T23:58:32Z	"[""warning-clean-driver-build-and-focused-test""]"	"[""changed-since-review""]"	"[""26b04af5186ffa9c81c9f86ea67d56a9b2ee9baf""]"	work-r3v-native-plan-replay-c-original-line-173-03437ad4361f	compare-the-review-claim-with-the-single-later-commit
30	review-one-change-commit-59b77649a80ee880f84ba6a5301467c8cc2c0438-396d38d38c9e	one-change-commit	1	1	1	1	2026-08-25T05:19:08Z	2026-08-25T05:19:08Z	"[""python-test-black-and-ruff""]"	"[""changed-since-review""]"	"[""59b77649a80ee880f84ba6a5301467c8cc2c0438""]"	work-r3v-native-plan-compose-shard-py-original-line-160-77fe4067abcc	compare-the-review-claim-with-the-single-later-commit
31	review-one-change-commit-710d7e3c12b5e6eecd6a9356de5295618b201d1d-b862ffc35eff	one-change-commit	1	1	1	1	2026-08-25T13:28:38Z	2026-08-25T13:28:38Z	"[""python-test-black-and-ruff""]"	"[""changed-since-review""]"	"[""710d7e3c12b5e6eecd6a9356de5295618b201d1d""]"	work-r3v-wsi-init-comment-parity-audit-py-original-line-79-98b239906a2b	compare-the-review-claim-with-the-single-later-commit
32	review-one-change-commit-cebc5f008a2b1f33922597891892bb48205e557f-e40ee29b75bf	one-change-commit	1	1	1	1	2026-08-25T13:46:48Z	2026-08-25T13:46:48Z	"[""documentation-symbol-and-link-check""]"	"[""changed-since-review""]"	"[""cebc5f008a2b1f33922597891892bb48205e557f""]"	work-r3v-wsi-denominator-md-alone-would-not-open-slice-18-37139362050a	compare-the-review-claim-with-the-single-later-commit
33	review-one-change-commit-7d380acb9b92d0de445217a4c35eb53cccc03901-476ba94c2f76	one-change-commit	1	1	1	1	2026-08-25T16:41:43Z	2026-08-25T16:41:43Z	"[""warning-clean-driver-build-and-focused-test""]"	"[""changed-since-review""]"	"[""7d380acb9b92d0de445217a4c35eb53cccc03901""]"	work-r3v-native-render-shape-args-h-original-line-72-de3bcb6b478a	compare-the-review-claim-with-the-single-later-commit
34	review-one-change-commit-5553f18dd493d70594299d8b24ab9d151f1bd863-0505ae09d5d6	one-change-commit	4	4	2	1	2026-08-26T20:38:28Z	2026-08-26T20:38:28Z	"[""python-test-black-and-ruff"",""schema-generator-and-mutation-check""]"	"[""changed-since-review""]"	"[""5553f18dd493d70594299d8b24ab9d151f1bd863""]"	work-assessments-tsv-original-line-2-40313d1487ef	compare-the-review-claim-with-the-single-later-commit
35	review-unchanged-source-src-amd-r300-vulkan-tests-run-under-xvfb-eacebec67387	unchanged-source	2	2	1	1	2026-08-12T03:44:34Z	2026-08-12T03:44:34Z	"[""shellcheck-and-script-test""]"	"[""unchanged-since-review""]"	[]	work-run-under-xvfb-sh-cleanup-dir-e982551a07c5	compare-each-review-claim-with-current-source
36	review-unchanged-source-src-gallium-drivers-r300-r300-state-inlines-h-a631c6c431b6	unchanged-source	1	1	1	1	2026-08-12T10:31:51Z	2026-08-12T10:31:51Z	"[""warning-clean-driver-build-and-focused-test""]"	"[""unchanged-since-review""]"	[]	work-r300-state-inlines-h-r300-blend-factor-for-target-enum-edee58be3c28	compare-each-review-claim-with-current-source
37	review-unchanged-source-src-amd-r300-vulkan-r3v-memory-properties-contract-e495b8eca7ed	unchanged-source	3	3	1	1	2026-08-14T02:00:06Z	2026-08-14T02:00:06Z	"[""warning-clean-driver-build-and-focused-test""]"	"[""unchanged-since-review""]"	[]	work-r3v-memory-properties-contract-h-original-line-102-4da9a63a7d1e	compare-each-review-claim-with-current-source
38	review-unchanged-source-src-amd-r300-vulkan-tests-r3v-native-producer-3809a0657df1	unchanged-source	6	6	1	1	2026-08-14T02:23:42Z	2026-08-14T02:23:43Z	"[""warning-clean-driver-build-and-focused-test""]"	"[""unchanged-since-review""]"	[]	work-r3v-native-producer-cell-harness-c-original-line-193-3a7b2ba42b7b	compare-each-review-claim-with-current-source
39	review-unchanged-source-src-amd-drm-shim-tests-radeon-noop-drm-8771deff2cca	unchanged-source	2	2	1	1	2026-08-14T03:37:01Z	2026-08-14T03:37:01Z	"[""python-test-black-and-ruff""]"	"[""unchanged-since-review""]"	[]	work-radeon-noop-drm-shim-residue-check-selftest-py-original-line-6ce9526488d6	compare-each-review-claim-with-current-source
40	review-unchanged-source-src-amd-drm-shim-tests-radeon-noop-drm-cf01425c6b84	unchanged-source	1	1	1	1	2026-08-14T03:37:01Z	2026-08-14T03:37:01Z	"[""python-test-black-and-ruff""]"	"[""unchanged-since-review""]"	[]	work-radeon-noop-drm-shim-residue-check-py-original-line-37-cd8d22bf43df	compare-each-review-claim-with-current-source
41	review-unchanged-source-src-amd-r300-common-tests-run-r2vb-reingest-242a68277c84	unchanged-source	1	1	1	1	2026-08-14T14:16:04Z	2026-08-14T14:16:04Z	"[""shellcheck-and-script-test""]"	"[""unchanged-since-review""]"	[]	work-run-r2vb-reingest-replay-sh-original-line-49-c06a8f960330	compare-each-review-claim-with-current-source
42	review-unchanged-source-src-amd-r300-vulkan-tests-r3v-native-reingest-918f86337ca8	unchanged-source	1	1	1	1	2026-08-14T14:16:04Z	2026-08-14T14:16:04Z	"[""python-test-black-and-ruff""]"	"[""unchanged-since-review""]"	[]	work-r3v-native-reingest-arming-runner-check-py-original-line-82-bb6c9241aa72	compare-each-review-claim-with-current-source
43	review-unchanged-source-src-amd-r300-vulkan-tests-r3v-native-attended-cea55a3d47eb	unchanged-source	1	1	1	1	2026-08-14T19:25:24Z	2026-08-14T19:25:24Z	"[""warning-clean-driver-build-and-focused-test""]"	"[""unchanged-since-review""]"	[]	work-r3v-native-attended-reingest-c-main-int-argc-char-argv-83f7735b3455	compare-each-review-claim-with-current-source
44	review-unchanged-source-src-amd-r300-common-tests-run-r2vb-float2-09305a6c480f	unchanged-source	1	1	1	1	2026-08-15T01:01:52Z	2026-08-15T01:01:52Z	"[""shellcheck-and-script-test""]"	"[""unchanged-since-review""]"	[]	work-run-r2vb-float2-tuple-replay-sh-original-line-53-896422cadf63	compare-each-review-claim-with-current-source
45	review-unchanged-source-src-amd-r300-vulkan-tests-r3v-native-attended-9cc9f47c24a0	unchanged-source	2	2	1	1	2026-08-15T03:18:58Z	2026-08-15T03:18:58Z	"[""warning-clean-driver-build-and-focused-test""]"	"[""unchanged-since-review""]"	[]	work-r3v-native-attended-float2-tuple-c-original-line-2-a73dd8e05433	compare-each-review-claim-with-current-source
46	review-unchanged-source-src-amd-r300-vulkan-tests-r3v-native-float2-91a933fad640	unchanged-source	1	1	1	1	2026-08-15T03:18:58Z	2026-08-15T03:18:58Z	"[""python-test-black-and-ruff""]"	"[""unchanged-since-review""]"	[]	work-r3v-native-float2-tuple-arming-runner-check-py-original-line-a97abc06db8a	compare-each-review-claim-with-current-source
47	review-unchanged-source-src-amd-r300-common-r300-r2vb-fetch-pass-5085062fbe3e	unchanged-source	1	1	1	1	2026-08-16T01:30:51Z	2026-08-16T01:30:51Z	"[""warning-clean-driver-build-and-focused-test""]"	"[""unchanged-since-review""]"	[]	work-r300-r2vb-fetch-pass-c-original-line-52-4e6657b531ac	compare-each-review-claim-with-current-source
48	review-unchanged-source-src-amd-r300-common-r300-r2vb-target-state-7ed10c4951d5	unchanged-source	1	1	1	1	2026-08-16T01:35:54Z	2026-08-16T01:35:54Z	"[""warning-clean-driver-build-and-focused-test""]"	"[""unchanged-since-review""]"	[]	work-r300-r2vb-target-state-c-original-line-14-b8fea61266c7	compare-each-review-claim-with-current-source
49	review-unchanged-source-src-amd-r300-common-r300-pm4-compose-c-d6416d007c39	unchanged-source	3	3	1	1	2026-08-16T01:39:45Z	2026-08-16T01:39:45Z	"[""warning-clean-driver-build-and-focused-test""]"	"[""unchanged-since-review""]"	[]	work-r300-pm4-compose-c-original-line-45-23691b3cb161	compare-each-review-claim-with-current-source
50	review-unchanged-source-src-amd-r300-common-r300-pm4-compose-h-6d4d797decee	unchanged-source	1	1	1	1	2026-08-16T01:39:45Z	2026-08-16T01:39:45Z	"[""warning-clean-driver-build-and-focused-test""]"	"[""unchanged-since-review""]"	[]	work-r300-pm4-compose-h-original-line-37-c0b032443e4c	compare-each-review-claim-with-current-source
51	review-unchanged-source-docs-hardware-r3v-native-attended-float2-tuple-procedur-e8f2de1e8ab7	unchanged-source	1	1	1	1	2026-08-16T03:13:19Z	2026-08-16T03:13:19Z	"[""documentation-symbol-and-link-check""]"	"[""unchanged-since-review""]"	[]	work-r3v-native-attended-float2-tuple-procedure-md-producer-cell-host-00f279c830ed	compare-each-review-claim-with-current-source
52	review-unchanged-source-src-amd-r300-vulkan-tests-r3v-native-serial-ce37f40ab27f	unchanged-source	1	1	1	1	2026-08-17T02:35:30Z	2026-08-17T02:35:30Z	"[""warning-clean-driver-build-and-focused-test""]"	"[""unchanged-since-review""]"	[]	work-r3v-native-serial-cell-harness-c-original-line-127-041f3de92859	compare-each-review-claim-with-current-source
53	review-unchanged-source-src-amd-r300-compiler-r300-r2vb-nir-c-5d2583f01fd4	unchanged-source	1	1	1	1	2026-08-19T01:40:42Z	2026-08-19T01:40:42Z	"[""warning-clean-driver-build-and-focused-test""]"	"[""unchanged-since-review""]"	[]	work-r300-r2vb-nir-c-original-line-186-2ed3671830cd	compare-each-review-claim-with-current-source
54	review-unchanged-source-src-amd-r300-common-r300-pm4-builder-c-2314ca76bc18	unchanged-source	1	1	1	1	2026-08-19T02:04:19Z	2026-08-19T02:04:19Z	"[""warning-clean-driver-build-and-focused-test""]"	"[""unchanged-since-review""]"	[]	work-r300-pm4-builder-c-r300-pm4-emit-vertex-index-range-a7bc10050f7d	compare-each-review-claim-with-current-source
55	review-unchanged-source-src-amd-r300-common-r300-r2vb-float2-tuple-c33bf22b366a	unchanged-source	1	1	1	1	2026-08-19T17:31:25Z	2026-08-19T17:31:25Z	"[""warning-clean-driver-build-and-focused-test""]"	"[""unchanged-since-review""]"	[]	work-r300-r2vb-float2-tuple-pass-c-static-const-uint32-t-722f21945261	compare-each-review-claim-with-current-source
56	review-unchanged-source-src-amd-r300-common-tests-run-r2vb-float2-5f6a49520f60	unchanged-source	1	1	1	1	2026-08-19T17:31:25Z	2026-08-19T17:31:25Z	"[""shellcheck-and-script-test""]"	"[""unchanged-since-review""]"	[]	work-run-r2vb-float2-tuple-burst-replay-sh-bundle-bd82899929f0	compare-each-review-claim-with-current-source
57	review-unchanged-source-src-amd-r300-vulkan-tests-r3v-native-public-8229ac46c068	unchanged-source	1	1	1	1	2026-08-20T03:56:22Z	2026-08-20T03:56:22Z	"[""python-test-black-and-ruff""]"	"[""unchanged-since-review""]"	[]	work-r3v-native-public-gpu-producer-arming-runner-check-py-original-3b3b94ad9cd0	compare-each-review-claim-with-current-source
58	review-unchanged-source-docs-hardware-r3v-native-attended-public-gpu-producer-85facfda70e9	unchanged-source	1	1	1	1	2026-08-20T04:12:52Z	2026-08-20T04:12:52Z	"[""documentation-symbol-and-link-check""]"	"[""unchanged-since-review""]"	[]	work-r3v-native-attended-public-gpu-producer-procedure-md-this-document-6cca234cd89c	compare-each-review-claim-with-current-source
59	review-unchanged-source-src-amd-r300-common-r300-zb-depth-control-ffc3d99e3432	unchanged-source	1	1	1	1	2026-08-20T21:49:44Z	2026-08-20T21:49:44Z	"[""warning-clean-driver-build-and-focused-test""]"	"[""unchanged-since-review""]"	[]	work-r300-zb-depth-control-cell-h-original-line-103-2bdd7fa80890	compare-each-review-claim-with-current-source
60	review-unchanged-source-src-amd-r300-common-tests-run-zb-depth-4f94a9d084df	unchanged-source	1	1	1	1	2026-08-20T21:49:44Z	2026-08-20T21:49:44Z	"[""shellcheck-and-script-test""]"	"[""unchanged-since-review""]"	[]	work-run-zb-depth-control-replay-sh-original-line-68-79ff64cf2289	compare-each-review-claim-with-current-source
61	review-unchanged-source-src-amd-r300-vulkan-tests-r3v-native-attended-0aad025cf130	unchanged-source	3	3	1	1	2026-08-20T21:49:44Z	2026-08-20T21:49:44Z	"[""warning-clean-driver-build-and-focused-test""]"	"[""unchanged-since-review""]"	[]	work-r3v-native-attended-zb-depth-control-c-original-line-12-7ad42ef8f055	compare-each-review-claim-with-current-source
62	review-unchanged-source-src-amd-r300-vulkan-tests-r3v-native-zb-2638ac1389f7	unchanged-source	2	2	1	1	2026-08-20T21:49:44Z	2026-08-20T21:49:44Z	"[""warning-clean-driver-build-and-focused-test""]"	"[""unchanged-since-review""]"	[]	work-r3v-native-zb-depth-control-harness-c-original-line-195-b9bf1276c6ed	compare-each-review-claim-with-current-source
63	review-unchanged-source-src-vulkan-util-vk-physical-device-features-gen-54545c15ccd6	unchanged-source	1	3	1	1	2026-08-21T22:14:02Z	2026-08-21T22:16:58Z	"[""python-test-black-and-ruff""]"	"[""unchanged-since-review""]"	[]	work-vk-physical-device-features-gen-py-def-condition-self-physical-ce2951e59c7b	compare-each-review-claim-with-current-source
64	review-unchanged-source-src-amd-r300-vulkan-tests-r3v-native-burst-93a9479fb394	unchanged-source	1	1	1	1	2026-08-22T21:08:55Z	2026-08-22T21:08:55Z	"[""warning-clean-driver-build-and-focused-test""]"	"[""unchanged-since-review""]"	[]	work-r3v-native-burst-cell-harness-c-struct-burst-leg-0708f4f187e0	compare-each-review-claim-with-current-source
65	review-unchanged-source-src-gallium-drivers-r300-tests-r300-typed-carry-94b6834de12b	unchanged-source	2	2	1	1	2026-08-22T21:40:49Z	2026-08-22T21:40:49Z	"[""python-test-black-and-ruff""]"	"[""unchanged-since-review""]"	[]	work-r300-typed-carry-reference-check-py-original-line-78-38c20705741e	compare-each-review-claim-with-current-source
66	review-unchanged-source-src-gallium-drivers-r300-tests-typed-carry-corpus-825ca67e5530	unchanged-source	1	1	1	1	2026-08-22T21:40:49Z	2026-08-22T21:40:49Z	"[""repository-native-focused-check""]"	"[""unchanged-since-review""]"	[]	work-r300-typed-carry-reference-sha256-original-line-7-b412b6377dd1	compare-each-review-claim-with-current-source
67	review-unchanged-source-build-infra-packaging-mesa-mesa-profile-sh-321401406b80	unchanged-source	1	1	1	1	2026-08-22T22:12:37Z	2026-08-22T22:12:37Z	"[""shellcheck-and-script-test""]"	"[""unchanged-since-review""]"	[]	work-mesa-profile-sh-original-line-4-3b40fa3bf7e7	compare-each-review-claim-with-current-source
68	review-unchanged-source-src-amd-r300-cpu-r300-cpu-vertex-c-1c70f8a4cbde	unchanged-source	1	1	1	1	2026-08-22T23:16:45Z	2026-08-22T23:16:45Z	"[""warning-clean-driver-build-and-focused-test""]"	"[""unchanged-since-review""]"	[]	work-r300-cpu-vertex-c-r300-cpu-vertex-gather-baseline-ba812ac4b422	compare-each-review-claim-with-current-source
69	review-unchanged-source-src-amd-r300-common-tests-r300-fetched-route-d0af12e2c6cc	unchanged-source	1	1	1	1	2026-08-23T06:13:41Z	2026-08-23T06:13:41Z	"[""warning-clean-driver-build-and-focused-test""]"	"[""unchanged-since-review""]"	[]	work-r300-fetched-route-digests-h-original-line-11-46dc65000f0e	compare-each-review-claim-with-current-source
70	review-unchanged-source-src-amd-r300-vulkan-tests-r3v-native-attended-d2ef219b5fdb	unchanged-source	1	1	1	1	2026-08-23T07:41:41Z	2026-08-23T07:41:41Z	"[""warning-clean-driver-build-and-focused-test""]"	"[""unchanged-since-review""]"	[]	work-r3v-native-attended-varying-triangle-c-original-line-42-fdc13499674f	compare-each-review-claim-with-current-source
71	review-unchanged-source-src-amd-r300-common-tests-r300-varying-cell-f18845d43cde	unchanged-source	1	1	1	1	2026-08-23T07:54:00Z	2026-08-23T07:54:00Z	"[""warning-clean-driver-build-and-focused-test""]"	"[""unchanged-since-review""]"	[]	work-r300-varying-cell-digests-h-original-line-11-b5a9ecf3c0af	compare-each-review-claim-with-current-source
72	review-unchanged-source-src-amd-r300-cpu-r300-cpu-vertex-job-68e5f26b2296	unchanged-source	2	2	1	1	2026-08-23T10:01:22Z	2026-08-23T10:01:23Z	"[""warning-clean-driver-build-and-focused-test""]"	"[""unchanged-since-review""]"	[]	work-r300-cpu-vertex-job-c-static-inline-uint32-t-vertex-3c4811258b28	compare-each-review-claim-with-current-source
73	review-unchanged-source-src-amd-r300-common-tests-r300-compute-identity-07db06e8a5d7	unchanged-source	1	1	1	1	2026-08-23T16:28:26Z	2026-08-23T16:28:26Z	"[""warning-clean-driver-build-and-focused-test""]"	"[""unchanged-since-review""]"	[]	work-r300-compute-identity-carrier-digests-h-original-line-12-35ea05cbc68d	compare-each-review-claim-with-current-source
74	review-unchanged-source-src-amd-r300-common-tests-r300-common-liveness-ad40b40b3fa4	unchanged-source	1	1	1	1	2026-08-23T21:19:49Z	2026-08-23T21:19:49Z	"[""python-test-black-and-ruff""]"	"[""unchanged-since-review""]"	[]	work-r300-common-liveness-census-py-original-line-432-6ba43bd5cb0e	compare-each-review-claim-with-current-source
75	review-unchanged-source-src-amd-r300-vulkan-r3v-native-memory-c-903712465f35	unchanged-source	1	1	1	1	2026-08-23T21:44:26Z	2026-08-23T21:44:26Z	"[""warning-clean-driver-build-and-focused-test""]"	"[""unchanged-since-review""]"	[]	work-r3v-native-memory-c-r3v-getbuffermemoryrequirements2-vkdevice-device-3b76262aa4d2	compare-each-review-claim-with-current-source
76	review-unchanged-source-src-amd-r300-vulkan-tests-r3v-native-entrypoint-c239f2330f68	unchanged-source	1	1	1	1	2026-08-23T22:32:15Z	2026-08-23T22:32:15Z	"[""python-test-black-and-ruff""]"	"[""unchanged-since-review""]"	[]	work-r3v-native-entrypoint-audit-py-original-line-117-96d316a099a4	compare-each-review-claim-with-current-source
77	review-unchanged-source-src-amd-r300-common-r300-chip-identity-c-8f8667ba1617	unchanged-source	2	2	1	1	2026-08-23T23:07:40Z	2026-08-23T23:07:41Z	"[""warning-clean-driver-build-and-focused-test""]"	"[""unchanged-since-review""]"	[]	work-r300-chip-identity-c-r300-chip-identity-lookup-uint16-t-a4c6ad918548	compare-each-review-claim-with-current-source
78	review-unchanged-source-src-amd-r300-common-r300-chip-identity-h-a6d2ac8628cc	unchanged-source	1	1	1	1	2026-08-23T23:07:41Z	2026-08-23T23:07:41Z	"[""warning-clean-driver-build-and-focused-test""]"	"[""unchanged-since-review""]"	[]	work-r300-chip-identity-h-enum-r300-die-class-5504e961d82f	compare-each-review-claim-with-current-source
79	review-unchanged-source-src-amd-r300-common-tests-r300-common-boundary-51154570fb85	unchanged-source	1	2	1	1	2026-08-24T01:33:25Z	2026-08-24T01:33:25Z	"[""python-test-black-and-ruff""]"	"[""unchanged-since-review""]"	[]	work-r300-common-boundary-audit-py-def-strip-outer-parentheses-expression-f1a75268c1d1	compare-each-review-claim-with-current-source
80	review-unchanged-source-src-amd-r300-vulkan-tests-r3v-native-memory-99f25a9950d4	unchanged-source	4	4	1	1	2026-08-24T15:54:36Z	2026-08-24T15:54:36Z	"[""warning-clean-driver-build-and-focused-test""]"	"[""unchanged-since-review""]"	[]	work-r3v-native-memory-concurrency-harness-c-original-line-220-b952813920e9	compare-each-review-claim-with-current-source
81	review-unchanged-source-src-amd-r300-vulkan-tests-r3v-kernel-memory-f8569dd7a273	unchanged-source	2	3	1	1	2026-08-24T15:56:46Z	2026-08-24T15:56:46Z	"[""python-test-black-and-ruff""]"	"[""unchanged-since-review""]"	[]	work-r3v-kernel-memory-contract-pin-py-original-line-56-c8a8dc4fa107	compare-each-review-claim-with-current-source
82	review-unchanged-source-src-amd-r300-vulkan-tests-r3v-conformance-runner-0f5750ab99ff	unchanged-source	1	1	1	1	2026-08-24T20:12:38Z	2026-08-24T20:12:38Z	"[""repository-native-focused-check""]"	"[""unchanged-since-review""]"	[]	work-r3v-conformance-runner-fixture-info-qpa-original-line-8-69ebb996569c	compare-each-review-claim-with-current-source
83	review-unchanged-source-docs-hardware-rs482-composed-surface-campaign-md-5d85cad0c97c	unchanged-source	1	1	1	1	2026-08-24T20:17:02Z	2026-08-24T20:17:02Z	"[""documentation-symbol-and-link-check""]"	"[""unchanged-since-review""]"	[]	work-rs482-composed-surface-campaign-md-mechanisms-sharing-one-radix-i-90605bf41617	compare-each-review-claim-with-current-source
84	review-unchanged-source-src-amd-r300-vulkan-tests-r3v-native-attended-a3a383763922	unchanged-source	1	1	1	1	2026-08-24T20:21:15Z	2026-08-24T20:21:15Z	"[""warning-clean-driver-build-and-focused-test""]"	"[""unchanged-since-review""]"	[]	work-r3v-native-attended-compute-identity-c-main-int-argc-char-738f8cf99079	compare-each-review-claim-with-current-source
85	review-unchanged-source-src-amd-r300-vulkan-tests-r3v-vulkan10-requirement-6453a7b8ca7b	unchanged-source	1	1	1	1	2026-08-24T20:21:15Z	2026-08-24T20:21:15Z	"[""python-test-black-and-ruff""]"	"[""unchanged-since-review""]"	[]	work-r3v-vulkan10-requirement-inventory-py-def-parse-granted-features-physica-6d6e7cac2131	compare-each-review-claim-with-current-source
86	review-unchanged-source-src-amd-r300-vulkan-tests-r3v-deqp-provision-51540a3b761f	unchanged-source	9	11	1	1	2026-08-24T22:25:29Z	2026-08-24T23:00:16Z	"[""python-test-black-and-ruff""]"	"[""unchanged-since-review""]"	[]	work-r3v-deqp-provision-py-original-line-183-dd6d57c61a47	compare-each-review-claim-with-current-source
87	review-unchanged-source-src-amd-r300-vulkan-tests-r3v-native-plan-a57f5db273f6	unchanged-source	4	4	1	1	2026-08-24T22:59:18Z	2026-08-24T23:31:33Z	"[""warning-clean-driver-build-and-focused-test""]"	"[""unchanged-since-review""]"	[]	work-r3v-native-plan-tool-c-original-line-27-2f0c3494a7e5	compare-each-review-claim-with-current-source
88	review-unchanged-source-src-amd-r300-vulkan-tests-r3v-native-queue-1bbb29a56d87	unchanged-source	2	2	1	1	2026-08-24T23:05:35Z	2026-08-24T23:27:30Z	"[""warning-clean-driver-build-and-focused-test""]"	"[""unchanged-since-review""]"	[]	work-r3v-native-queue-claim-report-c-original-line-56-6b391a7659c3	compare-each-review-claim-with-current-source
89	review-unchanged-source-src-amd-r300-vulkan-r3v-native-object-c-49d53962d745	unchanged-source	1	2	1	1	2026-08-24T23:23:43Z	2026-08-24T23:23:43Z	"[""warning-clean-driver-build-and-focused-test""]"	"[""unchanged-since-review""]"	[]	work-r3v-native-object-c-r3v-createbufferview-vkdevice-device-fba9f34bec3f	compare-each-review-claim-with-current-source
90	review-unchanged-source-src-amd-r300-vulkan-tests-r3v-cs-ioctl-29a0654b84ea	unchanged-source	4	4	1	1	2026-08-24T23:32:11Z	2026-08-24T23:54:16Z	"[""python-test-black-and-ruff""]"	"[""unchanged-since-review""]"	[]	work-r3v-cs-ioctl-trace-py-original-line-149-d773199db045	compare-each-review-claim-with-current-source
91	review-unchanged-source-src-amd-r300-vulkan-r3v-native-plan-replay-564d513dd52a	unchanged-source	9	9	1	1	2026-08-24T23:51:16Z	2026-08-25T00:08:24Z	"[""warning-clean-driver-build-and-focused-test""]"	"[""unchanged-since-review""]"	[]	work-r3v-native-plan-replay-c-original-line-107-8b2d831b5391	compare-each-review-claim-with-current-source
92	review-unchanged-source-src-amd-r300-vulkan-tests-r3v-advertised-surface-6c28fcbdf919	unchanged-source	1	1	1	1	2026-08-24T23:54:43Z	2026-08-24T23:54:43Z	"[""python-test-black-and-ruff""]"	"[""unchanged-since-review""]"	[]	work-r3v-advertised-surface-deqp-binding-py-class-bindingfailure-exception-2d95445df36c	compare-each-review-claim-with-current-source
93	review-unchanged-source-src-amd-r300-common-r300-compute-verb-c-3e736775ed27	unchanged-source	1	1	1	1	2026-08-25T04:40:18Z	2026-08-25T04:40:18Z	"[""warning-clean-driver-build-and-focused-test""]"	"[""unchanged-since-review""]"	[]	work-r300-compute-verb-c-original-line-8-3ba8d99dcd64	compare-each-review-claim-with-current-source
94	review-unchanged-source-src-amd-r300-vulkan-tests-r3v-native-plan-af78c2a42e88	unchanged-source	2	3	1	1	2026-08-25T06:40:46Z	2026-08-25T06:40:46Z	"[""python-test-black-and-ruff""]"	"[""unchanged-since-review""]"	[]	work-r3v-native-plan-compose-shard-py-def-entry-count-tool-c557cafbe139	compare-each-review-claim-with-current-source
95	review-unchanged-source-src-amd-r300-vulkan-tests-r3v-conformance-partition-d68e4254b8e0	unchanged-source	1	2	1	1	2026-08-25T13:19:52Z	2026-08-25T13:19:52Z	"[""schema-generator-and-mutation-check""]"	"[""unchanged-since-review""]"	[]	work-r3v-conformance-partition-tsv-order-slice-groups-hazard-required-evidenc-c3ade32f15e8	compare-each-review-claim-with-current-source
96	review-unchanged-source-src-amd-r300-vulkan-tests-r3v-native-swapchain-c3f8fa2ab08c	unchanged-source	1	1	1	1	2026-08-25T13:28:38Z	2026-08-25T13:28:38Z	"[""python-test-black-and-ruff""]"	"[""unchanged-since-review""]"	[]	work-r3v-native-swapchain-absence-audit-py-original-line-32-300936af5b0e	compare-each-review-claim-with-current-source
97	review-unchanged-source-src-amd-r300-vulkan-tests-r3v-wsi-registration-4225826aad70	unchanged-source	4	4	1	1	2026-08-25T13:28:38Z	2026-08-25T13:46:47Z	"[""python-test-black-and-ruff""]"	"[""unchanged-since-review""]"	[]	work-r3v-wsi-registration-gate-audit-py-original-line-103-5149fc4d28ae	compare-each-review-claim-with-current-source
98	review-unchanged-source-src-amd-r300-vulkan-tests-r3v-wsi-init-7ad983ed858f	unchanged-source	2	2	1	1	2026-08-25T13:46:47Z	2026-08-25T13:46:47Z	"[""python-test-black-and-ruff""]"	"[""unchanged-since-review""]"	[]	work-r3v-wsi-init-comment-parity-audit-py-original-line-111-9993064f4b80	compare-each-review-claim-with-current-source
99	review-unchanged-source-src-amd-r300-vulkan-tests-r3v-conformance-partition-d9ff833490e1	unchanged-source	1	1	1	1	2026-08-25T15:15:41Z	2026-08-25T15:15:41Z	"[""python-test-black-and-ruff""]"	"[""unchanged-since-review""]"	[]	work-r3v-conformance-partition-py-def-slice-for-caselist-manifest-caselist-fe13771f9f25	compare-each-review-claim-with-current-source
100	review-unchanged-source-src-amd-r300-vulkan-tests-r3v-kernel-deployment-555112798344	unchanged-source	4	4	1	1	2026-08-25T15:15:41Z	2026-08-25T15:15:41Z	"[""python-test-black-and-ruff""]"	"[""unchanged-since-review""]"	[]	work-r3v-kernel-deployment-reconcile-py-original-line-123-8bc5de8920b6	compare-each-review-claim-with-current-source
101	review-unchanged-source-src-amd-r300-vulkan-tests-r3v-native-object-48fdf8416182	unchanged-source	1	2	1	2	2026-08-26T02:11:35Z	2026-08-26T02:12:15Z	"[""warning-clean-driver-build-and-focused-test""]"	"[""unchanged-since-review""]"	[]	work-r3v-native-object-lifetime-test-c-check-empty-secondary-execution-9717b63e587c	compare-each-review-claim-with-current-source
102	review-unchanged-source-src-amd-r300-vulkan-r3v-native-transfer-c-9b1ab1d822b9	unchanged-source	1	1	1	1	2026-08-26T02:12:15Z	2026-08-26T02:12:15Z	"[""warning-clean-driver-build-and-focused-test""]"	"[""unchanged-since-review""]"	[]	work-r3v-native-transfer-c-execute-copy-struct-r3v-native-device-173a4d8cd8e0	compare-each-review-claim-with-current-source
103	review-unchanged-source-docs-hardware-r3v-wsi-denominator-md-4de49f6d37cf	unchanged-source	1	1	1	1	2026-08-26T18:06:36Z	2026-08-26T18:06:36Z	"[""documentation-symbol-and-link-check""]"	"[""unchanged-since-review""]"	[]	work-r3v-wsi-denominator-md-driver-s-own-entry-points-69ead151e01c	compare-each-review-claim-with-current-source
104	review-unchanged-source-src-amd-terascale-vulkan-terakan-queue-c-ec9d4e7cd5b7	unchanged-source	1	1	1	1	2026-08-26T19:41:19Z	2026-08-26T19:41:19Z	"[""warning-clean-driver-build-and-focused-test""]"	"[""unchanged-since-review""]"	[]	work-terakan-queue-c-terakan-queue-submit-struct-vk-queue-const-af7bd018215c	compare-each-review-claim-with-current-source
105	review-unchanged-source-src-amd-terascale-vulkan-tests-terakan-carrier-submit-53f85487ccdc	unchanged-source	1	1	1	1	2026-08-26T19:41:19Z	2026-08-26T19:41:19Z	"[""warning-clean-driver-build-and-focused-test""]"	"[""unchanged-since-review""]"	[]	work-terakan-carrier-submit-scratch-test-c-original-line-83-283729988d3f	compare-each-review-claim-with-current-source
106	review-unchanged-source-src-amd-terascale-vulkan-nir-terakan-nir-lower-e95b7fca1caf	unchanged-source	1	1	1	1	2026-08-26T19:50:46Z	2026-08-26T19:50:46Z	"[""warning-clean-driver-build-and-focused-test""]"	"[""unchanged-since-review""]"	[]	work-terakan-nir-lower-bindings-c-terakan-nir-lower-bindings-nir-b82b42c4c466	compare-each-review-claim-with-current-source
107	review-unchanged-source-src-amd-terascale-vulkan-nir-terakan-nir-lower-b85e0b18b1ef	unchanged-source	1	1	1	1	2026-08-26T20:03:47Z	2026-08-26T20:03:47Z	"[""warning-clean-driver-build-and-focused-test""]"	"[""unchanged-since-review""]"	[]	work-terakan-nir-lower-tg4-view-swizzle-c-terakan-nir-lower-e37bc04e2755	compare-each-review-claim-with-current-source
108	review-unchanged-source-src-amd-terascale-vulkan-terakan-robustness-metadata-c-748fa5a91a35	unchanged-source	1	2	1	1	2026-08-26T20:03:47Z	2026-08-26T20:03:47Z	"[""warning-clean-driver-build-and-focused-test""]"	"[""unchanged-since-review""]"	[]	work-terakan-robustness-metadata-c-terakan-robustness-metadata-apply-ba1e699f7470	compare-each-review-claim-with-current-source
109	review-unchanged-source-build-infra-docs-review-thread-frontiers-merged-pr1-2648a08b9f70	unchanged-source	1	1	1	1	2026-08-26T20:26:55Z	2026-08-26T20:26:55Z	"[""schema-generator-and-mutation-check""]"	"[""unchanged-since-review""]"	[]	work-action-frontier-tsv-original-line-1-799bf27c95d0	compare-each-review-claim-with-current-source
110	review-unchanged-source-build-infra-docs-review-thread-frontiers-merged-pr93-7b162c0683ba	unchanged-source	1	1	1	1	2026-08-26T20:26:55Z	2026-08-26T20:26:55Z	"[""schema-generator-and-mutation-check""]"	"[""unchanged-since-review""]"	[]	work-manifest-json-original-line-1-e5894eb6dd96	compare-each-review-claim-with-current-source
111	review-unchanged-source-build-infra-scripts-review-thread-batch-capture-py-8ca7f6a22766	unchanged-source	4	4	1	1	2026-08-26T20:26:55Z	2026-08-26T20:26:55Z	"[""python-test-black-and-ruff""]"	"[""unchanged-since-review""]"	[]	work-review-thread-batch-capture-py-original-line-192-ebc202e7be5f	compare-each-review-claim-with-current-source
112	review-unchanged-source-src-amd-terascale-common-meson-build-6cd60c230df2	unchanged-source	1	1	1	1	2026-08-26T20:57:02Z	2026-08-26T20:57:02Z	"[""configure-build-and-artifact-check""]"	"[""unchanged-since-review""]"	[]	work-meson-build-amd-terascale-formats-c-custom-target-2cb85e428d82	compare-each-review-claim-with-current-source
113	review-unchanged-source-src-util-perf-gpuvis-trace-utils-h-c3fbf81e26b5	unchanged-source	1	1	1	1	2026-08-26T20:57:17Z	2026-08-26T20:57:17Z	"[""warning-clean-build-and-focused-test""]"	"[""unchanged-since-review""]"	[]	work-gpuvis-trace-utils-h-static-int-exec-tracecmd-argv-const-7eb61e99c875	compare-each-review-claim-with-current-source
114	review-unchanged-source-build-infra-docs-review-thread-frontiers-merged-thread-ba46b63c54dc	unchanged-source	1	1	1	1	2026-08-26T22:02:32Z	2026-08-26T22:02:32Z	"[""repository-native-focused-check""]"	"[""unchanged-since-review""]"	[]	work-default-branch-graphql-original-line-2-91183b2abe1b	compare-each-review-claim-with-current-source
115	review-unchanged-source-docs-hardware-rs482-producer-alu-compaction-design-md-99f4b2a748c2	unchanged-source	1	3	1	1	2026-08-26T23:52:23Z	2026-08-26T23:52:23Z	"[""documentation-symbol-and-link-check""]"	"[""unchanged-since-review""]"	[]	work-rs482-producer-alu-compaction-design-md-fp24-carry-bo-round-faec709aa998	compare-each-review-claim-with-current-source
116	review-unchanged-source-build-infra-scripts-driver-root-audit-py-195dc83539a8	unchanged-source	3	3	1	1	2026-08-27T03:25:46Z	2026-08-27T03:25:46Z	"[""python-test-black-and-ruff""]"	"[""unchanged-since-review""]"	[]	work-driver-root-audit-py-original-line-125-391a5d24666f	compare-each-review-claim-with-current-source
117	review-unchanged-source-build-infra-packaging-mesa-pkgbuild-328b9e5cedb3	unchanged-source	1	1	1	1	2026-08-28T02:20:49Z	2026-08-28T02:20:49Z	"[""repository-native-focused-check""]"	"[""unchanged-since-review""]"	[]	work-pkgbuild-source-pkgname-git-https-github-com-oichkatzelesfrettschen-mesa-9d9ada369fd1	compare-each-review-claim-with-current-source
118	review-unchanged-source-src-drm-shim-device-c-00bec3a95a5f	unchanged-source	1	1	1	1	2026-08-28T03:01:32Z	2026-08-28T03:01:32Z	"[""warning-clean-build-and-focused-test""]"	"[""unchanged-since-review""]"	[]	work-device-c-drm-shim-inherited-identity-locator-char-instance-33-c57e25e753d8	compare-each-review-claim-with-current-source
119	review-unchanged-source-build-infra-docs-review-thread-classifications-merged-t-a096368e5488	unchanged-source	1	1	1	1	2026-08-28T06:47:51Z	2026-08-28T06:47:51Z	"[""schema-generator-and-mutation-check""]"	"[""unchanged-since-review""]"	[]	work-action-frontier-tsv-drm-shim-state-token-exec-locator-p2-cd4fb6779795	compare-each-review-claim-with-current-source
120	review-unchanged-source-src-amd-r300-common-r300-tcl-bypass-triangle-56b56e4f0d16	unchanged-source	1	1	1	1	2026-08-28T08:23:08Z	2026-08-28T08:23:08Z	"[""warning-clean-driver-build-and-focused-test""]"	"[""unchanged-since-review""]"	[]	work-r300-tcl-bypass-triangle-c-r300-tcl-bypass-triangle-multi-6ad4bc2b3fe4	compare-each-review-claim-with-current-source
121	review-shared-change-history-7c94a98b7139262e83035d11ec2c382503cb110c-e4746eabf-1e45f282bb15	shared-change-history	1	1	1	1	2026-08-10T12:26:10Z	2026-08-10T12:26:10Z	"[""python-test-black-and-ruff""]"	"[""changed-since-review""]"	"[""3742009c13db4a63b0bcfdb37b1e8f2bc5d04e40"",""7c94a98b7139262e83035d11ec2c382503cb110c"",""e4746eabff4e19141894844dc6f6c11fa1945cf2""]"	work-terakan-softfp64-lifetime-contract-test-py-original-line-58-fec8187937aa	read-the-shared-commit-sequence-once-then-check-each-claim
122	review-shared-change-history-3c24bc929b87028d5c4ed2a90f79d3924594b258-2c8d19405-d7f2009d211a	shared-change-history	1	1	1	1	2026-08-12T02:30:07Z	2026-08-12T02:30:07Z	"[""warning-clean-driver-build-and-focused-test""]"	"[""changed-since-review""]"	"[""026c4500507ef2e76a811b7570b8c97fd4494c1d"",""051d4623b8405567651f857d9ae5e6ea8a2e0dbd"",""06823893832e1ae003224157a327982805c88480"",""08e38b2dc9ad77a71758a3304ba431f7e2fd64e7"",""14aaa606408a0c007f00c24fa49f5b6a482b9ef6"",""1b920c97607fd7e2bc9a4486f423313bd0eb8f34"",""240973ba7c6fc0f77fbf6feb53be359e0f193a4e"",""25f47cfc2587ae7d59009f0c9a02ea0338e399ee"",""26810a27eaf6091fa6de311378307b216e77d34a"",""2c8d19405c4a14ee5ccc4807bab0165dd3553d23"",""2da6279178e215b67b24b692c0f506c114bd3d40"",""34d05bc659acf03bad0e8e0cbd3b182d028ee053"",""34d4d329e02716972dfc92a3dfa0cefa04597fcf"",""35dd78a04bcd2581e3f7ae8c44ee2786821ca6d6"",""3a629b5068d7332525037e26755cb9626c05dacb"",""3b03c1b6346b489e703c0c825f64125b70e676a5"",""3b355908198285831108be57003bdfbd69a796cb"",""3c24bc929b87028d5c4ed2a90f79d3924594b258"",""514f9713f432df755b3e7dd205f0d077351a7b43"",""5532f9156d69dfe03e626a6fafd6d8afd62921b0"",""58b08917a08c37453cf086817606dd83d25cab42"",""5b7fbd51140acd73c82e5c8d6ff9b9d50e01509b"",""5d181e42181045dadef0276439805cfcfaac4371"",""6433a9298befc2d703857013cff3cab162ff2391"",""65154de0e147d4e9394627bc12c3425c12551e4e"",""68b94f735b215f02885ecc7b53ac98de03e6b95b"",""7c33b75438441f5f45d6eb28bd10a77de5059333"",""80d2ef69e648b4cd9f7319997a9e777eebbbdf46"",""81f1fd4b707dd87e7d49270e4ebd382ee9055f56"",""839bd4aff2caaa815d252115a14bc93f442afda4"",""85585a7048f915b0eb79503c6e962ed31c438d34"",""8a5f01edd9fe48fb6ec95e0011705b391735275b"",""9074bba904dca0198116561c42857c40223161a0"",""9da9bb3bb957b0538af8410bf41106a151af336a"",""a1a64ce5da0b589720105e08c45a9c1151e4a266"",""a48a4ffe3defdc80b7378518dce99b85b98fb814"",""a770811c55ffd772bd29af2683cf13ce3a28c1af"",""a9c250640ce62c6c88065fb69adfe0b1be6d9b98"",""aa8cbf92af83402dfab469ef2f3c17feb5278886"",""b4b6e662fa067dc0b0339185d246cb9072423259"",""bfc1791da763c59276bcac194d6a4bc68db5d2e1"",""c123b4a4e3da2c23fa535c94ccbec6b5b04d291e"",""c49f908b9fdb363056a9da9c7eac032a54e2bb13"",""c7cfc31ce865fc5677c64f40944a83e46901494a"",""cc720efe7a63d47a151a83ab356e7d5fde27e1bb"",""ccb499011d89d04f61dc012c6b2c526aa74ac231"",""d6fa0cce49b65639f4d6c167e618d4b6dc6599b7"",""d9657cf8380ebe5ff125967b76a4c2164faef2f8"",""daca21872649e2fd181ed71bfc73a6db5a2d2b60"",""df19f9f8ce039d894ee7bf5ed0158a873b5720e7"",""e2a5b7bf8e69300643d4d6b613022c1001d0303b"",""e3cc1217ce4b664a3d23e0441cb0e84e4a03b623"",""e4136947efd8a17e9e324278c9fe166a093dd093"",""e561b290b1b40aa7478f9751189b11b31e138e80"",""e6799cfcc2a82ce450d9ed6b39ff8f69cdd59f62"",""ef9a7d3a730fefda515635117e1a34f4eca5e07b"",""f369ce5466dd3d40fce47ccf228fcdd048261765"",""f81f6cc8c6dcb5f570b234ad1762cf08c7ab5944"",""fabc109980f6a1c11f20256175104f8a8d881618"",""feffa63586b63306d8e20d79809136f48d49b7e3""]"	work-r300-r2vb-c-bool-r300-r2vb-producer-interface-init-gated-849223324227	read-the-shared-commit-sequence-once-then-check-each-claim
123	review-shared-change-history-4af44f4212f06b31e8fd5577645a97953b7b3924-981dd80e8-d067dc38f199	shared-change-history	1	1	1	1	2026-08-12T03:10:44Z	2026-08-12T03:10:44Z	"[""warning-clean-driver-build-and-focused-test""]"	"[""changed-since-review""]"	"[""0d0e7f74784c996c7bf1d4414fb3a02dafa8beff"",""13683abd6ad3fcbf0d052d1a63b24793b59211fa"",""2a11aa0c8253be67db77dd45cc6f02e8ad4b5c77"",""4af44f4212f06b31e8fd5577645a97953b7b3924"",""5453c84376b798dd7cc68a5f65defc68037c4b15"",""981dd80e8b679a8d6ba06b532d8ce1aecbb7a653"",""a3d731fddaf773e547e3a057a93394025833e651"",""adfa7ce2b0e930e3f198f703477c8c0797338246"",""ebc8348c2ec8951c28056c17b036a365856cd12a""]"	work-r3v-native-loader-sweep-c-child-exit-status-int-body-aab625dc6025	read-the-shared-commit-sequence-once-then-check-each-claim
124	review-shared-change-history-c24c0dbb6b9da164768351361130d13be09b83ee-d858b1a51-6eaf8a3b74a4	shared-change-history	1	9	1	8	2026-08-12T03:47:23Z	2026-08-22T21:36:04Z	"[""configure-build-and-artifact-check""]"	"[""changed-since-review""]"	"[""00e3c5dd25deb8545a531a6725b0d76c50156e1c"",""01cce6697e2122401327f7dbc7d873adb7b0a897"",""080060afd9163cfdc80a48bb53b2e70ad98b7488"",""0aceb8aa9606b0e4381e1ce5afc099c8914a3ef1"",""0bb1427b518fc30fd6383d39cfe7485beb1b273b"",""0d0e7f74784c996c7bf1d4414fb3a02dafa8beff"",""10f9e2fa66fd28b97638124d55113218da2a57d5"",""114140ddb179c1a58cc3d38a50e430b62e30bf3a"",""13683abd6ad3fcbf0d052d1a63b24793b59211fa"",""13701e615400edf1e437c61df559419793a3088f"",""13a7613d9607af74e40127022979e901d9eef549"",""13cc6f08740b4a4086d2fd1119c5cbcee86e3dbe"",""15e794e1b6218b8fe59b7e9577a07d2b0a38aa99"",""1a09900f7b5b27eaeb25fd2cbdb1ccc50c5b173a"",""1ad514dc9e39a5ce3e6373bc35fc84c5c95dbb0c"",""1d6db4be17eb0a8c82402d426d2093756f71f4bf"",""2232b3ab7b2baef2666bd3f5bf23193e0af2f86e"",""225cea235e853f762377956a6329f5e8ab1661b3"",""22cd17ed39d198e587fd5b4d7c94619fcdbcb707"",""22eb45284fb9bfb21a21ae2b49e5e56029f047ba"",""25f47cfc2587ae7d59009f0c9a02ea0338e399ee"",""26b04af5186ffa9c81c9f86ea67d56a9b2ee9baf"",""29d75924a6eb6e49eaf2598f563207c9259f56ef"",""2cb307652cc8b14e61abd9fd3d71ff5e935c5eae"",""2e1642cf0de28f8fab338276def14a51883c317b"",""2e18300a2b42035a97b5fd350656b99cb9dbd7e0"",""2fbcf6fb2853932c290283d609f8afea05107ff3"",""300a75557165c988818944e1fef1157d847406bc"",""31650bf8e57d52a812104aeb6cc60449099a86d1"",""31b26494ea6bf9ca45670b492faf35bdce54ffb9"",""3742009c13db4a63b0bcfdb37b1e8f2bc5d04e40"",""3757172d5357cd91e512d0cbbbf0f066c4caf77b"",""393cb870255352a00fc9859f2d6624e3f10b2b87"",""41d774592cb536a8f74e5247c9a9a855725b397e"",""4337fab9b7e51ae23d0c1db75c0c107ec1a20f29"",""451d77f250a30cb4c968c8474b0ffaa1a8f1b123"",""4653e691f1692ad7c7e37835316e6cf7d82fc7bc"",""4af44f4212f06b31e8fd5577645a97953b7b3924"",""4b11002d5b38f01f6477a2878352caea8cd28ac7"",""4eb06a49be58551844a93a51de5639cf64f3558a"",""4f1be7053f69ed3abe31df485fe857f25b6734c8"",""51e2926b7cd2deabb3dfc6c09e9e3310abca4159"",""5453c84376b798dd7cc68a5f65defc68037c4b15"",""564eb861bd79084ad014566fdfd0d369fccb6f1b"",""57989aff3eeececef2a9e6fbbcc46aecd26bc4b0"",""57cd7d18c3db8e4e49b94006c5974c1d68dfa5b7"",""59b77649a80ee880f84ba6a5301467c8cc2c0438"",""5a892d595928bdae0378d0f6562de020d02373e6"",""5f2615641abebc5f1631fb02285d20a93808cbfb"",""60e253d0b93b6f203f295fdfc9459de2fa00a3f1"",""64fa102e611a869ea31d47a31fdf72ad84f28711"",""6594b309ef5ccb3945196308926ce1a2aa893e94"",""660cc3520267a83cf206715053b689e1b222f875"",""676da21429d31d76dbadd7a56ed9421708d944c3"",""682648a30f9fe5db7f18772bd953af2e44099437"",""6d7b0b5c0c5292f9b8563651b0351f714353e630"",""6e0eb8abf7184d3f0c848a7c63aad5605622916f"",""6f70ae589262f0e8835d19ba5e89d3d8e5ee344e"",""710d7e3c12b5e6eecd6a9356de5295618b201d1d"",""72218c01452bc7204a847b03d776df77a7f5babd"",""72f79f2c1a39fc65803eeaae870aced6d480a811"",""74e17e547d51997ffb074a92b1f74bef56c702a0"",""79f1a5a2c02c6e6f3b6784b3fe89dd24a230175e"",""7ab5397585453b3463dfd411a314959af7d1fb28"",""7d380acb9b92d0de445217a4c35eb53cccc03901"",""7d847324637a0c3fdb998778fe6ab0b5242107ee"",""7dd3f6fbb379de20d3c2c7d983d24523acfdbd84"",""7f7feec24572361f74134376433c0ba63f6219c2"",""7fc0c23a20f73941a8bb42ff5bca657873683811"",""8077376b79a29299a39b37c6178b7a064a9abf29"",""812cf7df40581a3ccb779baf92fe18a83a552220"",""813f5899cd3d315aa4c84213e5be5101fc03f698"",""82530aefd8ecc8e129d414fd9ffad9e502f97636"",""84cf229c0d6e290d4a5694efa957454bc04b22c9"",""88ce4466f7a042a93cb70866208c901bf86433c3"",""8b21d8a360d5de38a7423a4c118e9c1f0fb8c224"",""8e1387b5c97e329dd7b12f9937d691611c40f63e"",""8e4c01d4aaf5dbfe222d2bd3763b7ca906eb129c"",""966ab4bfce7b70d429f659d57c4e91c64a70f7b8"",""981dd80e8b679a8d6ba06b532d8ce1aecbb7a653"",""98d7e02bdbc8f23a6484f9390241f4d3fd8e5389"",""99ae7f779dd196aec81f5eef3c02f0ddf0f2fbbc"",""99e93170475b3f8ff2dee9784c5a0149f503108e"",""9dc8b06c19483b20dccaa9d455ca30d77be42b3c"",""9ebc57897138fd5c4b6ab087a21452da1caf7a56"",""9f65f5f61e53a9ca26b082e1b27222c374cd28da"",""a4c39ca2b71127b4a9ffe6a3e524428977fc7c61"",""a5029925fb0357c231d21bf4e7b1ee75fdd379ec"",""a62e4497766aff089ee68b72c96c0721935b3290"",""a94c48c9ecd87cde05b668f14c0f0ed52c6a0953"",""a988c2cf707f0190580ac4099b70670084905be3"",""a9b51d6bb161e16a838dfcc0127d5379e185725b"",""aa56b1b45773bc66ea87bc272610c7beb79fc223"",""ac11072b3279364cb257784f8129c9aa4fa3df39"",""ae2e0183f6953f872bb04b6b929b374b6f8ac1ae"",""af766adab77452239b29918eb26f033c0f00b313"",""b07680fb71b43cbb214cfc737d798fc4c5df1fd7"",""b626cee79e5a001f827b99f8d6e557fd0cb7453d"",""b6ea89213c0ca1b4bd1e70d6678a3766554aaa2a"",""baf48620c79c19566965936e10cb66c5c1419cf5"",""bd7fcf75397e409a3d1e15e595e940d6411dffc3"",""be6eb55ff61e6ac44b7e475f70f9edc76d1f8d5b"",""c096215370bdb9dd72176529c0975c271596d5a6"",""c17c780ed1a26ee723e12a31b1f4bdd83dec8141"",""c1c76da5053cb35655bd2c46a95fe027fb255e60"",""c24c0dbb6b9da164768351361130d13be09b83ee"",""c3f310b429a8061a7eda94441b306c7b999d5ebc"",""c5cc11945f60ddc34a1011b1bde47762a33887ab"",""c6f998b2c5c8a4e04c6bfd515c88cc88b42a4ffd"",""c9bd4e6bc836fe7d172176dd0c977779537d14d5"",""ca164de881b81c1338ca63091bc50aa43c6c99f8"",""cb3d078ed417e2b566f3f2eb30dad89ca3f552f7"",""cb4a85347364abcb36e517adb26ea36fe43e84b4"",""cd28064499a006a46f50f72e39c9c69dab87a7c8"",""cde81528e7a80308a3fa1932924503d9410ab8a4"",""cf515799baad6cc3d9a607bafca9116513e950fc"",""d02bda1a06e35e35f08127a42ace08a0052e6351"",""d214e70ed81ffdc8b52ab47be9c8206073cf47ed"",""d2b6fe808983612e78eb95cb0000db4e36b38a21"",""d728839da82e54829f0a2d8005d735c341ed9d95"",""d858b1a51c711dc2914b97b640c5d97cff3b00ce"",""d96851c588881e6b47d549a8e70e5fce7bba4a9c"",""d98b0d511f769eae642039b0c58998194b354b07"",""dcb79af9fd7fb8d0693909d799162565026a042e"",""e2c5f5ff9406dac8c8a1fe99654177aa36ecab77"",""e50678009138c99f30b83aea23ae083213b8a58c"",""e68f40792d4bbdcc1961cae439a8b0264c25c9ce"",""eae1df80d9c7db3162ed27614fc74de2325ad665"",""ef9a7d3a730fefda515635117e1a34f4eca5e07b"",""f743d0f9bec6e673cdd09dfd4554172aaa9b01c7"",""fe97343a914ab505bd65be95b129679f7155f38c""]"	work-meson-build-if-get-option-r3v-native-backend-d69517bd1b58	read-the-shared-commit-sequence-once-then-check-each-claim
125	review-shared-change-history-dcb79af9fd7fb8d0693909d799162565026a042e-ad9b4cccc-f3f7b5dbec38	shared-change-history	1	1	1	1	2026-08-12T03:47:23Z	2026-08-12T03:47:23Z	"[""python-test-black-and-ruff""]"	"[""changed-since-review""]"	"[""2a11aa0c8253be67db77dd45cc6f02e8ad4b5c77"",""4af44f4212f06b31e8fd5577645a97953b7b3924"",""981dd80e8b679a8d6ba06b532d8ce1aecbb7a653"",""ad9b4cccc6f354073c0ffaf256b5971f183bef81"",""adfa7ce2b0e930e3f198f703477c8c0797338246"",""d2b6fe808983612e78eb95cb0000db4e36b38a21"",""dcb79af9fd7fb8d0693909d799162565026a042e"",""ddc13ab0332e137590812f977866eb5e2ba4d1c7"",""ead47dd8ba55e2e441466a64eecb03a8245c5fde""]"	work-r3v-native-entrypoint-audit-py-def-populated-slot-1e39abd228f4	read-the-shared-commit-sequence-once-then-check-each-claim
126	review-shared-change-history-bcc499b1470a86d5d81c998942ea3ab8f46bcf22-c19345158-1243c2410207	shared-change-history	2	10	1	7	2026-08-12T04:16:40Z	2026-08-23T22:11:37Z	"[""warning-clean-driver-build-and-focused-test""]"	"[""changed-since-review""]"	"[""008110afd9942719d2ca0935b0ae37d1daab2cf5"",""0f807535cfda5bf35b33bd8869a80d5480b566e4"",""10f9e2fa66fd28b97638124d55113218da2a57d5"",""13701e615400edf1e437c61df559419793a3088f"",""13a7613d9607af74e40127022979e901d9eef549"",""1ad514dc9e39a5ce3e6373bc35fc84c5c95dbb0c"",""275a5279249d527c349f4dfdd4f93cf66e6123eb"",""300a75557165c988818944e1fef1157d847406bc"",""31650bf8e57d52a812104aeb6cc60449099a86d1"",""3757172d5357cd91e512d0cbbbf0f066c4caf77b"",""3bd7c9fc002ee3e0f46ff0f37c8a7a8605ea2a83"",""41d774592cb536a8f74e5247c9a9a855725b397e"",""428f6dcbb0e1cd71417e1169c385f9e62f2ac0b7"",""4bd28d4e6ddda782e109e29e10d87116f4a45365"",""51e2926b7cd2deabb3dfc6c09e9e3310abca4159"",""5453c84376b798dd7cc68a5f65defc68037c4b15"",""5f2615641abebc5f1631fb02285d20a93808cbfb"",""64fa102e611a869ea31d47a31fdf72ad84f28711"",""6594b309ef5ccb3945196308926ce1a2aa893e94"",""67ab87ab156a8df979e6af13a3c33e18c804355c"",""6e0eb8abf7184d3f0c848a7c63aad5605622916f"",""72f79f2c1a39fc65803eeaae870aced6d480a811"",""73b4fc07196b5bc9e5505406dfc34f4269407165"",""7d380acb9b92d0de445217a4c35eb53cccc03901"",""7dd3f6fbb379de20d3c2c7d983d24523acfdbd84"",""813f5899cd3d315aa4c84213e5be5101fc03f698"",""84cf229c0d6e290d4a5694efa957454bc04b22c9"",""88e16a3a533652f933bcedc991f9bc775f9cc2ab"",""93ff2e17aeca881926adb92dc6493bb34018be2a"",""966ab4bfce7b70d429f659d57c4e91c64a70f7b8"",""9fd78c467d217a7b69b3f1d261ca30b627945023"",""a190f69df686f6558b0e3ef847ef62793ffcaf50"",""a988c2cf707f0190580ac4099b70670084905be3"",""ab0615df41c9fe69a2bb5b902ef4371d8c26b623"",""af766adab77452239b29918eb26f033c0f00b313"",""b5944bc15e925156ca910369ce1f4107b2f3ceb3"",""bcc499b1470a86d5d81c998942ea3ab8f46bcf22"",""bd7fcf75397e409a3d1e15e595e940d6411dffc3"",""c096215370bdb9dd72176529c0975c271596d5a6"",""c193451587f6e84116ae1f4714b5a37446dc7053"",""c5cc11945f60ddc34a1011b1bde47762a33887ab"",""c60420cdbdde1ac2c5a8cf02dc3e73dd5acde532"",""c7dae69423791abaefee49603b2d45e62086ac19"",""c9bd4e6bc836fe7d172176dd0c977779537d14d5"",""cd28064499a006a46f50f72e39c9c69dab87a7c8"",""d214e70ed81ffdc8b52ab47be9c8206073cf47ed"",""d2b6fe808983612e78eb95cb0000db4e36b38a21"",""d728839da82e54829f0a2d8005d735c341ed9d95"",""d98b0d511f769eae642039b0c58998194b354b07"",""dc60471e58b6198ffe3b065d3164d08a4afa0664"",""dd879200731e8a3b717fcf95dd5f78d5fd1e3a7f"",""e50678009138c99f30b83aea23ae083213b8a58c"",""e82f3e8aa63f7ed9c2e80f53b78c38d981b0efa9"",""eae1df80d9c7db3162ed27614fc74de2325ad665"",""ebc8348c2ec8951c28056c17b036a365856cd12a"",""f0041520a6dde7486d1d1cd1afda1b8390c80431"",""f3908552caa66be265973da927882d9e92ce6c77"",""fe97343a914ab505bd65be95b129679f7155f38c""]"	work-r3v-native-cell-c-r3v-native-cmd-buffer-execute-deferred-558fd7da81a3	read-the-shared-commit-sequence-once-then-check-each-claim
127	review-shared-change-history-bcc499b1470a86d5d81c998942ea3ab8f46bcf22-c19345158-8cb786d91bbe	shared-change-history	1	3	1	1	2026-08-12T04:16:40Z	2026-08-12T04:16:40Z	"[""warning-clean-driver-build-and-focused-test""]"	"[""changed-since-review""]"	"[""bcc499b1470a86d5d81c998942ea3ab8f46bcf22"",""c193451587f6e84116ae1f4714b5a37446dc7053""]"	work-r3v-native-vertex-carrier-harness-c-main-void-f81d93989ed9	read-the-shared-commit-sequence-once-then-check-each-claim
128	review-shared-change-history-13a7613d9607af74e40127022979e901d9eef549-3757172d5-418f774b8c8c	shared-change-history	1	1	1	1	2026-08-12T10:35:17Z	2026-08-12T10:35:17Z	"[""warning-clean-driver-build-and-focused-test""]"	"[""changed-since-review""]"	"[""13a7613d9607af74e40127022979e901d9eef549"",""3757172d5357cd91e512d0cbbbf0f066c4caf77b"",""d98b0d511f769eae642039b0c58998194b354b07""]"	work-r3v-native-arming-test-c-test-each-factor-refuses-void-71c4ce255bd6	read-the-shared-commit-sequence-once-then-check-each-claim
129	review-shared-change-history-8077376b79a29299a39b37c6178b7a064a9abf29-1b5ddf724-ea3bd57786be	shared-change-history	1	2	1	2	2026-08-12T10:56:28Z	2026-08-23T05:04:41Z	"[""documentation-symbol-and-link-check""]"	"[""changed-since-review""]"	"[""15e794e1b6218b8fe59b7e9577a07d2b0a38aa99"",""1b5ddf724ae58a6ebc5be8a3d13a013ad69757df"",""292c0318de096554d204725077710d177a3196f2"",""4420389af742cd6354dceac2584fd4fd8ad74ec8"",""451d77f250a30cb4c968c8474b0ffaa1a8f1b123"",""661a73bf5bb99146ce096cc086613c7a819895f3"",""6d7b0b5c0c5292f9b8563651b0351f714353e630"",""74e17e547d51997ffb074a92b1f74bef56c702a0"",""8077376b79a29299a39b37c6178b7a064a9abf29"",""a62e4497766aff089ee68b72c96c0721935b3290"",""be6eb55ff61e6ac44b7e475f70f9edc76d1f8d5b"",""f743508a0caed97cca30fdf590a38be9234df61f"",""f743d0f9bec6e673cdd09dfd4554172aaa9b01c7""]"	work-r3v-native-attended-cell-procedure-md-the-run-proceeds-only-c56b8e9956ab	read-the-shared-commit-sequence-once-then-check-each-claim
130	review-shared-change-history-ccb499011d89d04f61dc012c6b2c526aa74ac231-58b08917a-7e306e1b6136	shared-change-history	1	1	1	1	2026-08-12T14:36:59Z	2026-08-12T14:36:59Z	"[""warning-clean-driver-build-and-focused-test""]"	"[""changed-since-review""]"	"[""08e38b2dc9ad77a71758a3304ba431f7e2fd64e7"",""14aaa606408a0c007f00c24fa49f5b6a482b9ef6"",""1b920c97607fd7e2bc9a4486f423313bd0eb8f34"",""240973ba7c6fc0f77fbf6feb53be359e0f193a4e"",""25f47cfc2587ae7d59009f0c9a02ea0338e399ee"",""2da6279178e215b67b24b692c0f506c114bd3d40"",""34d05bc659acf03bad0e8e0cbd3b182d028ee053"",""34d4d329e02716972dfc92a3dfa0cefa04597fcf"",""35dd78a04bcd2581e3f7ae8c44ee2786821ca6d6"",""3a629b5068d7332525037e26755cb9626c05dacb"",""3b03c1b6346b489e703c0c825f64125b70e676a5"",""3b355908198285831108be57003bdfbd69a796cb"",""514f9713f432df755b3e7dd205f0d077351a7b43"",""58b08917a08c37453cf086817606dd83d25cab42"",""5b7fbd51140acd73c82e5c8d6ff9b9d50e01509b"",""5d181e42181045dadef0276439805cfcfaac4371"",""6433a9298befc2d703857013cff3cab162ff2391"",""65154de0e147d4e9394627bc12c3425c12551e4e"",""68b94f735b215f02885ecc7b53ac98de03e6b95b"",""7c33b75438441f5f45d6eb28bd10a77de5059333"",""80d2ef69e648b4cd9f7319997a9e777eebbbdf46"",""81f1fd4b707dd87e7d49270e4ebd382ee9055f56"",""85585a7048f915b0eb79503c6e962ed31c438d34"",""8a5f01edd9fe48fb6ec95e0011705b391735275b"",""9074bba904dca0198116561c42857c40223161a0"",""9da9bb3bb957b0538af8410bf41106a151af336a"",""a1a64ce5da0b589720105e08c45a9c1151e4a266"",""a48a4ffe3defdc80b7378518dce99b85b98fb814"",""a9c250640ce62c6c88065fb69adfe0b1be6d9b98"",""b4b6e662fa067dc0b0339185d246cb9072423259"",""bfc1791da763c59276bcac194d6a4bc68db5d2e1"",""c123b4a4e3da2c23fa535c94ccbec6b5b04d291e"",""c49f908b9fdb363056a9da9c7eac032a54e2bb13"",""c7cfc31ce865fc5677c64f40944a83e46901494a"",""ccb499011d89d04f61dc012c6b2c526aa74ac231"",""d9657cf8380ebe5ff125967b76a4c2164faef2f8"",""daca21872649e2fd181ed71bfc73a6db5a2d2b60"",""df19f9f8ce039d894ee7bf5ed0158a873b5720e7"",""e2a5b7bf8e69300643d4d6b613022c1001d0303b"",""e3cc1217ce4b664a3d23e0441cb0e84e4a03b623"",""e4136947efd8a17e9e324278c9fe166a093dd093"",""e561b290b1b40aa7478f9751189b11b31e138e80"",""e6799cfcc2a82ce450d9ed6b39ff8f69cdd59f62"",""ef9a7d3a730fefda515635117e1a34f4eca5e07b"",""f369ce5466dd3d40fce47ccf228fcdd048261765"",""f81f6cc8c6dcb5f570b234ad1762cf08c7ab5944"",""fabc109980f6a1c11f20256175104f8a8d881618"",""feffa63586b63306d8e20d79809136f48d49b7e3""]"	work-r300-r2vb-c-void-r300-emit-rs482-r2vb-compute-loop-8eb5af635ade	read-the-shared-commit-sequence-once-then-check-each-claim
131	review-shared-change-history-3742009c13db4a63b0bcfdb37b1e8f2bc5d04e40-ef9a7d3a7-32cb892a48ed	shared-change-history	1	1	1	1	2026-08-14T00:33:46Z	2026-08-14T00:33:46Z	"[""python-test-black-and-ruff""]"	"[""changed-since-review""]"	"[""25f47cfc2587ae7d59009f0c9a02ea0338e399ee"",""3742009c13db4a63b0bcfdb37b1e8f2bc5d04e40"",""ef9a7d3a730fefda515635117e1a34f4eca5e07b"",""ffee75be0646f5b9f4dab7abfd84e8746678028f""]"	work-r3v-source-header-audit-py-original-line-43-a0f216c648c1	read-the-shared-commit-sequence-once-then-check-each-claim
132	review-shared-change-history-13a7613d9607af74e40127022979e901d9eef549-4bd28d4e6-6add1de3dd34	shared-change-history	1	1	1	1	2026-08-14T01:05:15Z	2026-08-14T01:05:15Z	"[""warning-clean-driver-build-and-focused-test""]"	"[""changed-since-review""]"	"[""13a7613d9607af74e40127022979e901d9eef549"",""3bd7c9fc002ee3e0f46ff0f37c8a7a8605ea2a83"",""4bd28d4e6ddda782e109e29e10d87116f4a45365""]"	work-r300-r2vb-producer-manifest-c-main-int-argc-char-argv-5d7a41403dd9	read-the-shared-commit-sequence-once-then-check-each-claim
133	review-shared-change-history-13a7613d9607af74e40127022979e901d9eef549-4bd28d4e6-d372219e6804	shared-change-history	1	1	1	1	2026-08-14T01:05:15Z	2026-08-14T01:05:15Z	"[""warning-clean-driver-build-and-focused-test""]"	"[""changed-since-review""]"	"[""13a7613d9607af74e40127022979e901d9eef549"",""3bd7c9fc002ee3e0f46ff0f37c8a7a8605ea2a83"",""4bd28d4e6ddda782e109e29e10d87116f4a45365"",""6594b309ef5ccb3945196308926ce1a2aa893e94"",""67ab87ab156a8df979e6af13a3c33e18c804355c"",""73949599fe6c6eaf1c628f6397d7a131fc3d4805"",""ac11072b3279364cb257784f8129c9aa4fa3df39"",""dd879200731e8a3b717fcf95dd5f78d5fd1e3a7f"",""df19f9f8ce039d894ee7bf5ed0158a873b5720e7"",""e9307acc45eee02601f02b3131cb9ce20fe5be27""]"	work-r300-r2vb-producer-pass-c-int-3d9d833517b2	read-the-shared-commit-sequence-once-then-check-each-claim
134	review-shared-change-history-cb3d078ed417e2b566f3f2eb30dad89ca3f552f7-4bd28d4e6-ae9254fff442	shared-change-history	4	4	1	1	2026-08-14T01:24:56Z	2026-08-14T01:24:56Z	"[""documentation-symbol-and-link-check""]"	"[""changed-since-review""]"	"[""3bd7c9fc002ee3e0f46ff0f37c8a7a8605ea2a83"",""4bd28d4e6ddda782e109e29e10d87116f4a45365"",""5e58d1a41314479752bd9e4d865bf69b4c5793ee"",""73949599fe6c6eaf1c628f6397d7a131fc3d4805"",""cb3d078ed417e2b566f3f2eb30dad89ca3f552f7"",""df19f9f8ce039d894ee7bf5ed0158a873b5720e7"",""e9307acc45eee02601f02b3131cb9ce20fe5be27""]"	work-r3v-native-attended-producer-procedure-md-original-line-38-592b332c4c53	read-the-shared-commit-sequence-once-then-check-each-claim
135	review-shared-change-history-4bd28d4e6ddda782e109e29e10d87116f4a45365-73949599f-22d3bbee96ed	shared-change-history	3	3	1	1	2026-08-14T01:26:49Z	2026-08-14T01:26:49Z	"[""warning-clean-driver-build-and-focused-test""]"	"[""changed-since-review""]"	"[""3bd7c9fc002ee3e0f46ff0f37c8a7a8605ea2a83"",""4bd28d4e6ddda782e109e29e10d87116f4a45365"",""73949599fe6c6eaf1c628f6397d7a131fc3d4805""]"	work-r3v-native-attended-producer-c-original-line-2-322788f83112	read-the-shared-commit-sequence-once-then-check-each-claim
136	review-shared-change-history-4bd28d4e6ddda782e109e29e10d87116f4a45365-cd2806449-49ac9a82409d	shared-change-history	1	1	1	1	2026-08-14T01:26:49Z	2026-08-14T01:26:49Z	"[""warning-clean-driver-build-and-focused-test""]"	"[""changed-since-review""]"	"[""0f807535cfda5bf35b33bd8869a80d5480b566e4"",""10f9e2fa66fd28b97638124d55113218da2a57d5"",""13701e615400edf1e437c61df559419793a3088f"",""1ad514dc9e39a5ce3e6373bc35fc84c5c95dbb0c"",""275a5279249d527c349f4dfdd4f93cf66e6123eb"",""300a75557165c988818944e1fef1157d847406bc"",""31650bf8e57d52a812104aeb6cc60449099a86d1"",""3757172d5357cd91e512d0cbbbf0f066c4caf77b"",""3bd7c9fc002ee3e0f46ff0f37c8a7a8605ea2a83"",""41d774592cb536a8f74e5247c9a9a855725b397e"",""428f6dcbb0e1cd71417e1169c385f9e62f2ac0b7"",""4bd28d4e6ddda782e109e29e10d87116f4a45365"",""51e2926b7cd2deabb3dfc6c09e9e3310abca4159"",""5453c84376b798dd7cc68a5f65defc68037c4b15"",""5f2615641abebc5f1631fb02285d20a93808cbfb"",""64fa102e611a869ea31d47a31fdf72ad84f28711"",""6594b309ef5ccb3945196308926ce1a2aa893e94"",""67ab87ab156a8df979e6af13a3c33e18c804355c"",""6e0eb8abf7184d3f0c848a7c63aad5605622916f"",""72f79f2c1a39fc65803eeaae870aced6d480a811"",""73b4fc07196b5bc9e5505406dfc34f4269407165"",""7d380acb9b92d0de445217a4c35eb53cccc03901"",""7dd3f6fbb379de20d3c2c7d983d24523acfdbd84"",""813f5899cd3d315aa4c84213e5be5101fc03f698"",""84cf229c0d6e290d4a5694efa957454bc04b22c9"",""93ff2e17aeca881926adb92dc6493bb34018be2a"",""966ab4bfce7b70d429f659d57c4e91c64a70f7b8"",""a190f69df686f6558b0e3ef847ef62793ffcaf50"",""a988c2cf707f0190580ac4099b70670084905be3"",""ab0615df41c9fe69a2bb5b902ef4371d8c26b623"",""af766adab77452239b29918eb26f033c0f00b313"",""b5944bc15e925156ca910369ce1f4107b2f3ceb3"",""bd7fcf75397e409a3d1e15e595e940d6411dffc3"",""c096215370bdb9dd72176529c0975c271596d5a6"",""c5cc11945f60ddc34a1011b1bde47762a33887ab"",""c7dae69423791abaefee49603b2d45e62086ac19"",""c9bd4e6bc836fe7d172176dd0c977779537d14d5"",""cd28064499a006a46f50f72e39c9c69dab87a7c8"",""d214e70ed81ffdc8b52ab47be9c8206073cf47ed"",""d2b6fe808983612e78eb95cb0000db4e36b38a21"",""d728839da82e54829f0a2d8005d735c341ed9d95"",""d98b0d511f769eae642039b0c58998194b354b07"",""dc60471e58b6198ffe3b065d3164d08a4afa0664"",""dd879200731e8a3b717fcf95dd5f78d5fd1e3a7f"",""e50678009138c99f30b83aea23ae083213b8a58c"",""e82f3e8aa63f7ed9c2e80f53b78c38d981b0efa9"",""eae1df80d9c7db3162ed27614fc74de2325ad665"",""ebc8348c2ec8951c28056c17b036a365856cd12a"",""f0041520a6dde7486d1d1cd1afda1b8390c80431"",""f3908552caa66be265973da927882d9e92ce6c77"",""fe97343a914ab505bd65be95b129679f7155f38c""]"	work-r3v-native-cell-c-r3v-native-record-direct-write-vkcommandbuffer-a4f0332c89b9	read-the-shared-commit-sequence-once-then-check-each-claim
137	review-shared-change-history-1ade6f743b0c204a27ba88e6e73852cbb89bce80-c6dbe5486-825465fab321	shared-change-history	1	1	1	1	2026-08-14T02:03:25Z	2026-08-14T02:03:25Z	"[""warning-clean-build-and-focused-test""]"	"[""changed-since-review""]"	"[""1ade6f743b0c204a27ba88e6e73852cbb89bce80"",""400df9e74aeacc6917410a887a3bf33bf5fda167"",""7cc2fad09eac2f38dd1cbec2a26f32c7a1366f1b"",""918de2300b09090fe306e171b1c3f9bcec72dd65"",""c6dbe54869e151f93f0bee8c7752ac0501dc43af"",""e52ba950b00cc9449acb20a433b687ee97b8bfb6""]"	work-radeon-noop-drm-shim-c-test-fd-identity-fallback-int-e13ba3089bd0	read-the-shared-commit-sequence-once-then-check-each-claim
138	review-shared-change-history-1ade6f743b0c204a27ba88e6e73852cbb89bce80-76df5bc73-afdae6019e07	shared-change-history	1	1	1	1	2026-08-14T02:15:30Z	2026-08-14T02:15:30Z	"[""configure-build-and-artifact-check""]"	"[""changed-since-review""]"	"[""0b426c293ff1703e8fd887d18c69df959451f2c7"",""1ade6f743b0c204a27ba88e6e73852cbb89bce80"",""400df9e74aeacc6917410a887a3bf33bf5fda167"",""76df5bc7358b88fd6751ad5f8413f2383338ae6d"",""7cc2fad09eac2f38dd1cbec2a26f32c7a1366f1b"",""918de2300b09090fe306e171b1c3f9bcec72dd65"",""e52ba950b00cc9449acb20a433b687ee97b8bfb6"",""e7c80fe34c480cd632acb6b0ea8e3477a92dad43""]"	work-meson-build-if-with-tests-and-cc-get-define-cc12c9010c0c	read-the-shared-commit-sequence-once-then-check-each-claim
139	review-shared-change-history-0b52c740d47f9aa978dc3b533d0abff921e82d28-05023afc2-3f2f2add8ffd	shared-change-history	3	3	1	1	2026-08-14T03:23:09Z	2026-08-14T03:23:09Z	"[""warning-clean-build-and-focused-test""]"	"[""changed-since-review""]"	"[""05023afc27fcc9fb0637ecacfa425d9fc4263a81"",""0b52c740d47f9aa978dc3b533d0abff921e82d28""]"	work-drm-shim-c-copy-open-how-argument-const-struct-open-0ef18f8ff812	read-the-shared-commit-sequence-once-then-check-each-claim
140	review-shared-change-history-4bd28d4e6ddda782e109e29e10d87116f4a45365-3bd7c9fc0-a734d1a0b2c3	shared-change-history	4	4	2	1	2026-08-14T07:09:24Z	2026-08-14T07:09:24Z	"[""python-test-black-and-ruff"",""warning-clean-driver-build-and-focused-test""]"	"[""changed-since-review""]"	"[""3bd7c9fc002ee3e0f46ff0f37c8a7a8605ea2a83"",""4bd28d4e6ddda782e109e29e10d87116f4a45365""]"	work-r3v-native-producer-arming-runner-c-original-line-2-783a9535fddd	read-the-shared-commit-sequence-once-then-check-each-claim
141	review-shared-change-history-73949599fe6c6eaf1c628f6397d7a131fc3d4805-5e58d1a41-e89a8ddb90b7	shared-change-history	1	3	1	1	2026-08-14T13:57:31Z	2026-08-14T13:58:04Z	"[""documentation-symbol-and-link-check""]"	"[""changed-since-review""]"	"[""3bd7c9fc002ee3e0f46ff0f37c8a7a8605ea2a83"",""5e58d1a41314479752bd9e4d865bf69b4c5793ee"",""73949599fe6c6eaf1c628f6397d7a131fc3d4805"",""df19f9f8ce039d894ee7bf5ed0158a873b5720e7"",""e9307acc45eee02601f02b3131cb9ce20fe5be27""]"	work-r3v-native-attended-producer-procedure-md-carrier-expected-extent-compar-3d67ef27ff9b	read-the-shared-commit-sequence-once-then-check-each-claim
142	review-shared-change-history-cd28064499a006a46f50f72e39c9c69dab87a7c8-3bd7c9fc0-c36c681133b9	shared-change-history	1	1	1	1	2026-08-14T13:57:31Z	2026-08-14T13:57:31Z	"[""warning-clean-driver-build-and-focused-test""]"	"[""changed-since-review""]"	"[""0f807535cfda5bf35b33bd8869a80d5480b566e4"",""10f9e2fa66fd28b97638124d55113218da2a57d5"",""13701e615400edf1e437c61df559419793a3088f"",""1ad514dc9e39a5ce3e6373bc35fc84c5c95dbb0c"",""275a5279249d527c349f4dfdd4f93cf66e6123eb"",""300a75557165c988818944e1fef1157d847406bc"",""31650bf8e57d52a812104aeb6cc60449099a86d1"",""3757172d5357cd91e512d0cbbbf0f066c4caf77b"",""3bd7c9fc002ee3e0f46ff0f37c8a7a8605ea2a83"",""41d774592cb536a8f74e5247c9a9a855725b397e"",""428f6dcbb0e1cd71417e1169c385f9e62f2ac0b7"",""51e2926b7cd2deabb3dfc6c09e9e3310abca4159"",""5453c84376b798dd7cc68a5f65defc68037c4b15"",""5f2615641abebc5f1631fb02285d20a93808cbfb"",""64fa102e611a869ea31d47a31fdf72ad84f28711"",""6594b309ef5ccb3945196308926ce1a2aa893e94"",""67ab87ab156a8df979e6af13a3c33e18c804355c"",""6e0eb8abf7184d3f0c848a7c63aad5605622916f"",""72f79f2c1a39fc65803eeaae870aced6d480a811"",""73b4fc07196b5bc9e5505406dfc34f4269407165"",""7d380acb9b92d0de445217a4c35eb53cccc03901"",""7dd3f6fbb379de20d3c2c7d983d24523acfdbd84"",""813f5899cd3d315aa4c84213e5be5101fc03f698"",""84cf229c0d6e290d4a5694efa957454bc04b22c9"",""93ff2e17aeca881926adb92dc6493bb34018be2a"",""966ab4bfce7b70d429f659d57c4e91c64a70f7b8"",""a190f69df686f6558b0e3ef847ef62793ffcaf50"",""a988c2cf707f0190580ac4099b70670084905be3"",""ab0615df41c9fe69a2bb5b902ef4371d8c26b623"",""af766adab77452239b29918eb26f033c0f00b313"",""b5944bc15e925156ca910369ce1f4107b2f3ceb3"",""bd7fcf75397e409a3d1e15e595e940d6411dffc3"",""c096215370bdb9dd72176529c0975c271596d5a6"",""c5cc11945f60ddc34a1011b1bde47762a33887ab"",""c7dae69423791abaefee49603b2d45e62086ac19"",""c9bd4e6bc836fe7d172176dd0c977779537d14d5"",""cd28064499a006a46f50f72e39c9c69dab87a7c8"",""d214e70ed81ffdc8b52ab47be9c8206073cf47ed"",""d2b6fe808983612e78eb95cb0000db4e36b38a21"",""d728839da82e54829f0a2d8005d735c341ed9d95"",""d98b0d511f769eae642039b0c58998194b354b07"",""dc60471e58b6198ffe3b065d3164d08a4afa0664"",""dd879200731e8a3b717fcf95dd5f78d5fd1e3a7f"",""e50678009138c99f30b83aea23ae083213b8a58c"",""e82f3e8aa63f7ed9c2e80f53b78c38d981b0efa9"",""eae1df80d9c7db3162ed27614fc74de2325ad665"",""ebc8348c2ec8951c28056c17b036a365856cd12a"",""f0041520a6dde7486d1d1cd1afda1b8390c80431"",""f3908552caa66be265973da927882d9e92ce6c77"",""fe97343a914ab505bd65be95b129679f7155f38c""]"	work-r3v-native-cell-c-r3v-native-producer-cell-install-struct-845eaa0bae88	read-the-shared-commit-sequence-once-then-check-each-claim
143	review-shared-change-history-cd28064499a006a46f50f72e39c9c69dab87a7c8-3bd7c9fc0-3ecbc6f9b4ec	shared-change-history	1	2	1	2	2026-08-14T13:58:04Z	2026-08-23T21:06:41Z	"[""configure-build-and-artifact-check""]"	"[""changed-since-review""]"	"[""0cadf1840f5ad4294bda8890310918d74592cb00"",""1e7e3d827ac558d04790ca4d6ec5500d6556c974"",""31650bf8e57d52a812104aeb6cc60449099a86d1"",""3a629b5068d7332525037e26755cb9626c05dacb"",""3bd7c9fc002ee3e0f46ff0f37c8a7a8605ea2a83"",""4c66f695592786d3fe1b7f7b1aaad1a6b8b78f8f"",""64fa102e611a869ea31d47a31fdf72ad84f28711"",""6594b309ef5ccb3945196308926ce1a2aa893e94"",""715e32e02bf3ac49fba725f297d67c1fcc1204f8"",""72f79f2c1a39fc65803eeaae870aced6d480a811"",""7c33b75438441f5f45d6eb28bd10a77de5059333"",""80d2ef69e648b4cd9f7319997a9e777eebbbdf46"",""813f5899cd3d315aa4c84213e5be5101fc03f698"",""8b62d329392fe3f1100198f88bb6f9ea43ecb61f"",""99e93170475b3f8ff2dee9784c5a0149f503108e"",""9e834dbc3131e3998158efb3a8a7815e1622fce1"",""a13d0fb460ac82417fa4a75997014e175752277e"",""a5029925fb0357c231d21bf4e7b1ee75fdd379ec"",""ac11072b3279364cb257784f8129c9aa4fa3df39"",""b601657bd195eb90d36fcd62244c2f110ae93273"",""c5cc11945f60ddc34a1011b1bde47762a33887ab"",""c9bd4e6bc836fe7d172176dd0c977779537d14d5"",""cb4a85347364abcb36e517adb26ea36fe43e84b4"",""cd28064499a006a46f50f72e39c9c69dab87a7c8"",""d214e70ed81ffdc8b52ab47be9c8206073cf47ed"",""d98b0d511f769eae642039b0c58998194b354b07"",""dd879200731e8a3b717fcf95dd5f78d5fd1e3a7f"",""e2b1e0203445c81f745e389948639929489693d4"",""f3908552caa66be265973da927882d9e92ce6c77"",""fe97343a914ab505bd65be95b129679f7155f38c"",""ffee75be0646f5b9f4dab7abfd84e8746678028f""]"	work-meson-build-test-a354f458a42e	read-the-shared-commit-sequence-once-then-check-each-claim
144	review-shared-change-history-5e58d1a41314479752bd9e4d865bf69b4c5793ee-3bd7c9fc0-9624edc63973	shared-change-history	1	2	1	1	2026-08-14T19:25:24Z	2026-08-14T19:25:24Z	"[""documentation-symbol-and-link-check""]"	"[""changed-since-review""]"	"[""3bd7c9fc002ee3e0f46ff0f37c8a7a8605ea2a83"",""5e58d1a41314479752bd9e4d865bf69b4c5793ee"",""df19f9f8ce039d894ee7bf5ed0158a873b5720e7"",""e9307acc45eee02601f02b3131cb9ce20fe5be27""]"	work-r3v-native-attended-producer-procedure-md-tail-disturbed-0-slot-323ffa4a129d	read-the-shared-commit-sequence-once-then-check-each-claim
145	review-shared-change-history-e9307acc45eee02601f02b3131cb9ce20fe5be27-df19f9f8c-6925088198f5	shared-change-history	1	1	1	1	2026-08-14T20:15:19Z	2026-08-14T20:15:19Z	"[""warning-clean-driver-build-and-focused-test""]"	"[""changed-since-review""]"	"[""6594b309ef5ccb3945196308926ce1a2aa893e94"",""67ab87ab156a8df979e6af13a3c33e18c804355c"",""ac11072b3279364cb257784f8129c9aa4fa3df39"",""dd879200731e8a3b717fcf95dd5f78d5fd1e3a7f"",""df19f9f8ce039d894ee7bf5ed0158a873b5720e7"",""e9307acc45eee02601f02b3131cb9ce20fe5be27""]"	work-r300-r2vb-producer-pass-c-r300-r2vb-producer-fp24-sweep-4da87facc12f	read-the-shared-commit-sequence-once-then-check-each-claim
146	review-shared-change-history-df19f9f8ce039d894ee7bf5ed0158a873b5720e7-d98b0d511-8f9be0820816	shared-change-history	2	2	1	1	2026-08-15T01:01:52Z	2026-08-15T01:01:52Z	"[""warning-clean-driver-build-and-focused-test""]"	"[""changed-since-review""]"	"[""d98b0d511f769eae642039b0c58998194b354b07"",""df19f9f8ce039d894ee7bf5ed0158a873b5720e7"",""f0041520a6dde7486d1d1cd1afda1b8390c80431""]"	work-r300-r2vb-float2-tuple-pass-c-original-line-1-bee14b100205	read-the-shared-commit-sequence-once-then-check-each-claim
147	review-shared-change-history-4fa201b313a260bff2346dfa18dbb7bb007421c2-1ed8ffbc4-578b54ea728e	shared-change-history	1	1	1	1	2026-08-15T03:18:58Z	2026-08-15T03:18:58Z	"[""documentation-symbol-and-link-check""]"	"[""changed-since-review""]"	"[""1ed8ffbc44cce22d980cf942b9704ea7e29cfaf8"",""4fa201b313a260bff2346dfa18dbb7bb007421c2"",""99abd045014a09f65658f7863a2c59805658eba1"",""df19f9f8ce039d894ee7bf5ed0158a873b5720e7""]"	work-r3v-native-attended-float2-tuple-procedure-md-original-line-25-85f30a8c16f8	read-the-shared-commit-sequence-once-then-check-each-claim
148	review-shared-change-history-70cb48ff40d83e237df66251480fcc87e9477954-428f6dcbb-e0d0bd9f6410	shared-change-history	1	1	1	1	2026-08-16T01:56:02Z	2026-08-16T01:56:02Z	"[""warning-clean-driver-build-and-focused-test""]"	"[""changed-since-review""]"	"[""428f6dcbb0e1cd71417e1169c385f9e62f2ac0b7"",""70cb48ff40d83e237df66251480fcc87e9477954""]"	work-r300-r2vb-reingest-compose-parity-test-c-original-line-109-a8e7ea9893ff	read-the-shared-commit-sequence-once-then-check-each-claim
149	review-shared-change-history-3757172d5357cd91e512d0cbbbf0f066c4caf77b-660cc3520-a600d35c7925	shared-change-history	5	5	2	1	2026-08-16T21:38:07Z	2026-08-16T21:38:07Z	"[""warning-clean-driver-build-and-focused-test""]"	"[""changed-since-review""]"	"[""3757172d5357cd91e512d0cbbbf0f066c4caf77b"",""660cc3520267a83cf206715053b689e1b222f875""]"	work-r3v-native-status-load-machine-c-original-line-219-e4798369535b	read-the-shared-commit-sequence-once-then-check-each-claim
150	review-shared-change-history-ef9a7d3a730fefda515635117e1a34f4eca5e07b-25f47cfc2-bb8a9ba5f11e	shared-change-history	1	1	1	1	2026-08-16T21:40:51Z	2026-08-16T21:40:51Z	"[""warning-clean-driver-build-and-focused-test""]"	"[""changed-since-review""]"	"[""240973ba7c6fc0f77fbf6feb53be359e0f193a4e"",""25f47cfc2587ae7d59009f0c9a02ea0338e399ee"",""3b355908198285831108be57003bdfbd69a796cb"",""57cd7d18c3db8e4e49b94006c5974c1d68dfa5b7"",""ef9a7d3a730fefda515635117e1a34f4eca5e07b""]"	work-r300-screen-c-static-void-r300-query-memory-info-struct-c8fd947a65f3	read-the-shared-commit-sequence-once-then-check-each-claim
151	review-shared-change-history-d98b0d511f769eae642039b0c58998194b354b07-fb041b554-ac7bf31eddd8	shared-change-history	3	3	1	1	2026-08-17T00:33:28Z	2026-08-17T00:33:28Z	"[""warning-clean-driver-build-and-focused-test""]"	"[""changed-since-review""]"	"[""2283b0ab4d43516a53fcd4b93f161b8a4b054fc8"",""660cc3520267a83cf206715053b689e1b222f875"",""77266cd7905d19db3ad1bc5d8749f7176e4e4749"",""b4f6dfe21e9483984a099e2e0ce4dad73381826f"",""d98b0d511f769eae642039b0c58998194b354b07"",""f0041520a6dde7486d1d1cd1afda1b8390c80431"",""fb041b5541937a790c971f17cb31807991609d8c""]"	work-r3v-native-attended-status-load-float2-tuple-c-original-line-c7a0c9cb6543	read-the-shared-commit-sequence-once-then-check-each-claim
152	review-shared-change-history-d98b0d511f769eae642039b0c58998194b354b07-660cc3520-7a8fd109a675	shared-change-history	1	17	1	10	2026-08-17T02:35:31Z	2026-08-25T20:45:52Z	"[""warning-clean-driver-build-and-focused-test""]"	"[""changed-since-review""]"	"[""14d41350a7d29ed484b247e119139600650ea080"",""26b04af5186ffa9c81c9f86ea67d56a9b2ee9baf"",""275a5279249d527c349f4dfdd4f93cf66e6123eb"",""2a11aa0c8253be67db77dd45cc6f02e8ad4b5c77"",""300a75557165c988818944e1fef1157d847406bc"",""4538830584f03901861c076922b7c8c408df27d4"",""4af44f4212f06b31e8fd5577645a97953b7b3924"",""4eb06a49be58551844a93a51de5639cf64f3558a"",""5f2615641abebc5f1631fb02285d20a93808cbfb"",""64fa102e611a869ea31d47a31fdf72ad84f28711"",""6594b309ef5ccb3945196308926ce1a2aa893e94"",""660cc3520267a83cf206715053b689e1b222f875"",""67ab87ab156a8df979e6af13a3c33e18c804355c"",""73b4fc07196b5bc9e5505406dfc34f4269407165"",""7dd3f6fbb379de20d3c2c7d983d24523acfdbd84"",""84cf229c0d6e290d4a5694efa957454bc04b22c9"",""94ffda29b9fa054897b6c41a4a177c95c0ca2d0a"",""99e93170475b3f8ff2dee9784c5a0149f503108e"",""adfa7ce2b0e930e3f198f703477c8c0797338246"",""af766adab77452239b29918eb26f033c0f00b313"",""b4f6dfe21e9483984a099e2e0ce4dad73381826f"",""baf48620c79c19566965936e10cb66c5c1419cf5"",""bd7fcf75397e409a3d1e15e595e940d6411dffc3"",""c5cc11945f60ddc34a1011b1bde47762a33887ab"",""c7dae69423791abaefee49603b2d45e62086ac19"",""d98b0d511f769eae642039b0c58998194b354b07"",""dc380fd9cddf1f112abf0921f5478bd9142ad359"",""e027bfab7db0f50aea0ce2a58a4cdc6c391aa569"",""eae1df80d9c7db3162ed27614fc74de2325ad665"",""ebc8348c2ec8951c28056c17b036a365856cd12a"",""ecc21f36cf7893d5fc9ea51a13b33377fe5b11b1"",""f0041520a6dde7486d1d1cd1afda1b8390c80431"",""fe97343a914ab505bd65be95b129679f7155f38c""]"	work-r3v-native-queue-c-r3v-native-queue-submit-struct-vk-606161d6cc8c	read-the-shared-commit-sequence-once-then-check-each-claim
153	review-shared-change-history-77266cd7905d19db3ad1bc5d8749f7176e4e4749-660cc3520-344121fff59d	shared-change-history	1	7	1	3	2026-08-17T05:06:54Z	2026-08-19T15:41:34Z	"[""warning-clean-driver-build-and-focused-test""]"	"[""changed-since-review""]"	"[""2283b0ab4d43516a53fcd4b93f161b8a4b054fc8"",""660cc3520267a83cf206715053b689e1b222f875"",""77266cd7905d19db3ad1bc5d8749f7176e4e4749"",""b4f6dfe21e9483984a099e2e0ce4dad73381826f"",""f0041520a6dde7486d1d1cd1afda1b8390c80431""]"	work-r3v-native-attended-status-load-float2-tuple-c-main-int-fb54988b9c3c	read-the-shared-commit-sequence-once-then-check-each-claim
154	review-shared-change-history-b4f6dfe21e9483984a099e2e0ce4dad73381826f-2283b0ab4-474b8451b8d8	shared-change-history	2	2	1	1	2026-08-19T04:12:56Z	2026-08-19T04:12:56Z	"[""warning-clean-driver-build-and-focused-test""]"	"[""changed-since-review""]"	"[""2283b0ab4d43516a53fcd4b93f161b8a4b054fc8"",""b4f6dfe21e9483984a099e2e0ce4dad73381826f"",""f0041520a6dde7486d1d1cd1afda1b8390c80431""]"	work-r3v-native-attended-status-load-float2-tuple-c-op-submit-ab0e3d2c2bb8	read-the-shared-commit-sequence-once-then-check-each-claim
155	review-shared-change-history-9a9fe0890d1b0aa45d846f9a29ea4fce8b3b41f5-a5029925f-0c9cab92f78e	shared-change-history	3	3	1	1	2026-08-19T14:14:03Z	2026-08-19T14:14:03Z	"[""warning-clean-driver-build-and-focused-test""]"	"[""changed-since-review""]"	"[""29d75924a6eb6e49eaf2598f563207c9259f56ef"",""41d774592cb536a8f74e5247c9a9a855725b397e"",""9a9fe0890d1b0aa45d846f9a29ea4fce8b3b41f5"",""a5029925fb0357c231d21bf4e7b1ee75fdd379ec"",""b87ab13ac5719ffb2a9d90554bd03e395b53763d"",""c9bd4e6bc836fe7d172176dd0c977779537d14d5"",""d214e70ed81ffdc8b52ab47be9c8206073cf47ed"",""d2b6fe808983612e78eb95cb0000db4e36b38a21"",""dd879200731e8a3b717fcf95dd5f78d5fd1e3a7f"",""e50678009138c99f30b83aea23ae083213b8a58c"",""e82f3e8aa63f7ed9c2e80f53b78c38d981b0efa9""]"	work-r300-cpu-vertex-job-c-original-line-129-b538663f8fb5	read-the-shared-commit-sequence-once-then-check-each-claim
156	review-shared-change-history-29d75924a6eb6e49eaf2598f563207c9259f56ef-080060afd-826ccf84560a	shared-change-history	1	1	1	1	2026-08-19T14:33:35Z	2026-08-19T14:33:35Z	"[""warning-clean-driver-build-and-focused-test""]"	"[""changed-since-review""]"	"[""080060afd9163cfdc80a48bb53b2e70ad98b7488"",""29d75924a6eb6e49eaf2598f563207c9259f56ef"",""41d774592cb536a8f74e5247c9a9a855725b397e""]"	work-r300-vertex-job-nir-h-original-line-19-07943736b651	read-the-shared-commit-sequence-once-then-check-each-claim
157	review-shared-change-history-29d75924a6eb6e49eaf2598f563207c9259f56ef-c3bf3ce73-68a912a86fae	shared-change-history	1	1	1	1	2026-08-19T14:33:35Z	2026-08-19T14:33:35Z	"[""warning-clean-driver-build-and-focused-test""]"	"[""changed-since-review""]"	"[""29d75924a6eb6e49eaf2598f563207c9259f56ef"",""41d774592cb536a8f74e5247c9a9a855725b397e"",""c3bf3ce73b810b73e7cec2da91588622ac1ea17b""]"	work-r300-vertex-job-nir-c-original-line-203-e67db47e2dc1	read-the-shared-commit-sequence-once-then-check-each-claim
158	review-shared-change-history-a5029925fb0357c231d21bf4e7b1ee75fdd379ec-b87ab13ac-8c8d4d493b70	shared-change-history	1	1	1	1	2026-08-19T15:35:07Z	2026-08-19T15:35:07Z	"[""warning-clean-driver-build-and-focused-test""]"	"[""changed-since-review""]"	"[""29d75924a6eb6e49eaf2598f563207c9259f56ef"",""41d774592cb536a8f74e5247c9a9a855725b397e"",""a5029925fb0357c231d21bf4e7b1ee75fdd379ec"",""b87ab13ac5719ffb2a9d90554bd03e395b53763d"",""c9bd4e6bc836fe7d172176dd0c977779537d14d5"",""d214e70ed81ffdc8b52ab47be9c8206073cf47ed"",""d2b6fe808983612e78eb95cb0000db4e36b38a21"",""dd879200731e8a3b717fcf95dd5f78d5fd1e3a7f"",""e50678009138c99f30b83aea23ae083213b8a58c"",""e82f3e8aa63f7ed9c2e80f53b78c38d981b0efa9""]"	work-r300-cpu-vertex-job-c-int-r300-cpu-vertex-job-0740e4669a9f	read-the-shared-commit-sequence-once-then-check-each-claim
159	review-shared-change-history-e82f3e8aa63f7ed9c2e80f53b78c38d981b0efa9-9ebc57897-70ef8a9530c4	shared-change-history	1	3	1	2	2026-08-19T17:31:25Z	2026-08-22T21:08:55Z	"[""warning-clean-driver-build-and-focused-test""]"	"[""changed-since-review""]"	"[""9ebc57897138fd5c4b6ab087a21452da1caf7a56"",""e82f3e8aa63f7ed9c2e80f53b78c38d981b0efa9""]"	work-r3v-native-burst-cell-harness-c-main-void-4d21aa527654	read-the-shared-commit-sequence-once-then-check-each-claim
160	review-shared-change-history-29d75924a6eb6e49eaf2598f563207c9259f56ef-4af44f421-620297e41b52	shared-change-history	1	1	1	1	2026-08-19T23:00:53Z	2026-08-19T23:00:53Z	"[""warning-clean-driver-build-and-focused-test""]"	"[""changed-since-review""]"	"[""080060afd9163cfdc80a48bb53b2e70ad98b7488"",""0b9e0af087f3a19d1f08d6b5b8e520f736ea3293"",""13683abd6ad3fcbf0d052d1a63b24793b59211fa"",""1d0ecc2e4930d7ebb2c0c0cfb2bf577f02c885b8"",""23809ecb8d46f6153311d7cfa4419b0c57e88a75"",""24e9863bb0a297de10298b8de7a33e6cfcbbd986"",""29d75924a6eb6e49eaf2598f563207c9259f56ef"",""3bfafd1e35a20b7024389b1ae47af94d979e27fd"",""41d774592cb536a8f74e5247c9a9a855725b397e"",""4af44f4212f06b31e8fd5577645a97953b7b3924"",""5453c84376b798dd7cc68a5f65defc68037c4b15"",""57cd7d18c3db8e4e49b94006c5974c1d68dfa5b7"",""8077376b79a29299a39b37c6178b7a064a9abf29"",""8e1387b5c97e329dd7b12f9937d691611c40f63e"",""93ff2e17aeca881926adb92dc6493bb34018be2a"",""a015140709531fdfbb364921ce32e9c3fa56c14c"",""a3d731fddaf773e547e3a057a93394025833e651"",""a988c2cf707f0190580ac4099b70670084905be3"",""b6df2f8ef84dda8b2c505b389e50e3faadada672"",""bd7fcf75397e409a3d1e15e595e940d6411dffc3"",""d2b2d888ed784999a7c90886228532021b52d268"",""e50678009138c99f30b83aea23ae083213b8a58c"",""e68f40792d4bbdcc1961cae439a8b0264c25c9ce"",""ebc8348c2ec8951c28056c17b036a365856cd12a""]"	work-r3v-physical-device-c-original-line-30-3678a66b20b4	read-the-shared-commit-sequence-once-then-check-each-claim
161	review-shared-change-history-8077376b79a29299a39b37c6178b7a064a9abf29-6c32b4e31-88f21d7c4b43	shared-change-history	3	3	1	1	2026-08-19T23:00:53Z	2026-08-19T23:00:53Z	"[""python-test-black-and-ruff""]"	"[""changed-since-review""]"	"[""23809ecb8d46f6153311d7cfa4419b0c57e88a75"",""6c32b4e315c631480f42c9540fd36ec64b0f18e5"",""8077376b79a29299a39b37c6178b7a064a9abf29""]"	work-r3v-native-separation-audit-py-original-line-150-d4ef891140af	read-the-shared-commit-sequence-once-then-check-each-claim
162	review-shared-change-history-72f79f2c1a39fc65803eeaae870aced6d480a811-a5029925f-a5c03db1783e	shared-change-history	1	5	1	1	2026-08-19T23:40:29Z	2026-08-19T23:44:05Z	"[""documentation-symbol-and-link-check""]"	"[""changed-since-review""]"	"[""080060afd9163cfdc80a48bb53b2e70ad98b7488"",""0bb1427b518fc30fd6383d39cfe7485beb1b273b"",""1a5c07ce10d5efc8592101374468c787899d084b"",""31650bf8e57d52a812104aeb6cc60449099a86d1"",""41d774592cb536a8f74e5247c9a9a855725b397e"",""4af44f4212f06b31e8fd5577645a97953b7b3924"",""60ae71b6e75360b9cc12dd4b524381da9da7feb4"",""6bea7436da734ace2cd7e654c6487a4ee08151cb"",""6bec0aa6fbf13ffedd6b43e5cbf2fd5220b34e9c"",""72f79f2c1a39fc65803eeaae870aced6d480a811"",""74023eb71b34141ce214b337349fdcec650e7c94"",""7dd3f6fbb379de20d3c2c7d983d24523acfdbd84"",""813f5899cd3d315aa4c84213e5be5101fc03f698"",""873da3b8e03dbeea1e9f1fc3ff69a7b41a4b68c5"",""8e1387b5c97e329dd7b12f9937d691611c40f63e"",""91836a959f1cfda67e5c78a812bc0d90d0a03e90"",""99e93170475b3f8ff2dee9784c5a0149f503108e"",""9e834dbc3131e3998158efb3a8a7815e1622fce1"",""a5029925fb0357c231d21bf4e7b1ee75fdd379ec"",""af766adab77452239b29918eb26f033c0f00b313"",""b5944bc15e925156ca910369ce1f4107b2f3ceb3"",""b87ab13ac5719ffb2a9d90554bd03e395b53763d"",""c9bd4e6bc836fe7d172176dd0c977779537d14d5"",""d02bda1a06e35e35f08127a42ace08a0052e6351"",""d214e70ed81ffdc8b52ab47be9c8206073cf47ed"",""d2b6fe808983612e78eb95cb0000db4e36b38a21"",""e82f3e8aa63f7ed9c2e80f53b78c38d981b0efa9""]"	work-r3v-implementation-boundaries-md-r2vb-migration-follows-the-fixed-triang-7784fa8affab	read-the-shared-commit-sequence-once-then-check-each-claim
163	review-shared-change-history-98d7e02bdbc8f23a6484f9390241f4d3fd8e5389-7fc0c23a2-b720a4e1eda2	shared-change-history	2	2	1	1	2026-08-20T03:56:22Z	2026-08-20T03:56:22Z	"[""warning-clean-driver-build-and-focused-test""]"	"[""changed-since-review""]"	"[""01cce6697e2122401327f7dbc7d873adb7b0a897"",""7fc0c23a20f73941a8bb42ff5bca657873683811"",""98d7e02bdbc8f23a6484f9390241f4d3fd8e5389""]"	work-r3v-native-attended-public-gpu-producer-c-original-line-660-8f50a3dc25da	read-the-shared-commit-sequence-once-then-check-each-claim
164	review-shared-change-history-fe97343a914ab505bd65be95b129679f7155f38c-e82f3e8aa-cc0b9a781662	shared-change-history	1	2	1	2	2026-08-20T03:56:22Z	2026-08-23T22:16:21Z	"[""warning-clean-driver-build-and-focused-test""]"	"[""changed-since-review""]"	"[""0f807535cfda5bf35b33bd8869a80d5480b566e4"",""10f9e2fa66fd28b97638124d55113218da2a57d5"",""13701e615400edf1e437c61df559419793a3088f"",""1ad514dc9e39a5ce3e6373bc35fc84c5c95dbb0c"",""275a5279249d527c349f4dfdd4f93cf66e6123eb"",""300a75557165c988818944e1fef1157d847406bc"",""31650bf8e57d52a812104aeb6cc60449099a86d1"",""41d774592cb536a8f74e5247c9a9a855725b397e"",""428f6dcbb0e1cd71417e1169c385f9e62f2ac0b7"",""51e2926b7cd2deabb3dfc6c09e9e3310abca4159"",""5453c84376b798dd7cc68a5f65defc68037c4b15"",""5f2615641abebc5f1631fb02285d20a93808cbfb"",""64fa102e611a869ea31d47a31fdf72ad84f28711"",""6594b309ef5ccb3945196308926ce1a2aa893e94"",""73b4fc07196b5bc9e5505406dfc34f4269407165"",""7d380acb9b92d0de445217a4c35eb53cccc03901"",""7dd3f6fbb379de20d3c2c7d983d24523acfdbd84"",""813f5899cd3d315aa4c84213e5be5101fc03f698"",""84cf229c0d6e290d4a5694efa957454bc04b22c9"",""93ff2e17aeca881926adb92dc6493bb34018be2a"",""966ab4bfce7b70d429f659d57c4e91c64a70f7b8"",""a190f69df686f6558b0e3ef847ef62793ffcaf50"",""a988c2cf707f0190580ac4099b70670084905be3"",""af766adab77452239b29918eb26f033c0f00b313"",""b5944bc15e925156ca910369ce1f4107b2f3ceb3"",""bd7fcf75397e409a3d1e15e595e940d6411dffc3"",""c096215370bdb9dd72176529c0975c271596d5a6"",""c5cc11945f60ddc34a1011b1bde47762a33887ab"",""c7dae69423791abaefee49603b2d45e62086ac19"",""c9bd4e6bc836fe7d172176dd0c977779537d14d5"",""d214e70ed81ffdc8b52ab47be9c8206073cf47ed"",""d2b6fe808983612e78eb95cb0000db4e36b38a21"",""dc60471e58b6198ffe3b065d3164d08a4afa0664"",""dd879200731e8a3b717fcf95dd5f78d5fd1e3a7f"",""e50678009138c99f30b83aea23ae083213b8a58c"",""e82f3e8aa63f7ed9c2e80f53b78c38d981b0efa9"",""eae1df80d9c7db3162ed27614fc74de2325ad665"",""ebc8348c2ec8951c28056c17b036a365856cd12a"",""fe97343a914ab505bd65be95b129679f7155f38c""]"	work-r3v-native-cell-c-r3v-native-deferred-draw-admit-gpu-6dd3e8545a1b	read-the-shared-commit-sequence-once-then-check-each-claim
165	review-shared-change-history-7fc0c23a20f73941a8bb42ff5bca657873683811-01cce6697-0f35e660d0c1	shared-change-history	1	1	1	1	2026-08-20T04:12:52Z	2026-08-20T04:12:52Z	"[""warning-clean-driver-build-and-focused-test""]"	"[""changed-since-review""]"	"[""01cce6697e2122401327f7dbc7d873adb7b0a897"",""7fc0c23a20f73941a8bb42ff5bca657873683811""]"	work-r3v-native-attended-public-gpu-producer-c-main-int-argc-912f341d9dd8	read-the-shared-commit-sequence-once-then-check-each-claim
166	review-shared-change-history-4420389af742cd6354dceac2584fd4fd8ad74ec8-292c0318d-61cdb60b6ab0	shared-change-history	3	4	3	3	2026-08-20T06:09:15Z	2026-08-27T04:13:23Z	"[""documentation-symbol-and-link-check"",""repository-native-focused-check"",""schema-generator-and-mutation-check""]"	"[""changed-since-review""]"	"[""292c0318de096554d204725077710d177a3196f2"",""4420389af742cd6354dceac2584fd4fd8ad74ec8"",""f743d0f9bec6e673cdd09dfd4554172aaa9b01c7""]"	work-claude-md-original-line-7-fcdb94b0b1ef	read-the-shared-commit-sequence-once-then-check-each-claim
167	review-shared-change-history-5d0992daca915871d0a01d2e1bcedf53a8c9c76e-4af44f421-2b98c47b038f	shared-change-history	1	1	1	1	2026-08-20T06:29:36Z	2026-08-20T06:29:36Z	"[""warning-clean-driver-build-and-focused-test""]"	"[""changed-since-review""]"	"[""13683abd6ad3fcbf0d052d1a63b24793b59211fa"",""2a11aa0c8253be67db77dd45cc6f02e8ad4b5c77"",""4af44f4212f06b31e8fd5577645a97953b7b3924"",""5d0992daca915871d0a01d2e1bcedf53a8c9c76e"",""981dd80e8b679a8d6ba06b532d8ce1aecbb7a653"",""adfa7ce2b0e930e3f198f703477c8c0797338246""]"	work-r3v-native-object-c-r3v-native-validate-mapped-ranges-struct-fb8313134b68	read-the-shared-commit-sequence-once-then-check-each-claim
168	review-shared-change-history-29d75924a6eb6e49eaf2598f563207c9259f56ef-4af44f421-760dcf1a0791	shared-change-history	1	1	1	1	2026-08-20T17:25:18Z	2026-08-20T17:25:18Z	"[""configure-build-and-artifact-check""]"	"[""changed-since-review""]"	"[""29d75924a6eb6e49eaf2598f563207c9259f56ef"",""4af44f4212f06b31e8fd5577645a97953b7b3924"",""4dbdf525e95ef176f2323ef5ea6ec14dbd264356"",""b6ea89213c0ca1b4bd1e70d6678a3766554aaa2a"",""dd879200731e8a3b717fcf95dd5f78d5fd1e3a7f""]"	work-meson-build-if-with-tests-0d619494ec18	read-the-shared-commit-sequence-once-then-check-each-claim
169	review-shared-change-history-b87ab13ac5719ffb2a9d90554bd03e395b53763d-080060afd-585d020d1bb5	shared-change-history	1	1	1	1	2026-08-20T17:25:18Z	2026-08-20T17:25:18Z	"[""warning-clean-driver-build-and-focused-test""]"	"[""changed-since-review""]"	"[""080060afd9163cfdc80a48bb53b2e70ad98b7488"",""292c0318de096554d204725077710d177a3196f2"",""41d774592cb536a8f74e5247c9a9a855725b397e"",""4420389af742cd6354dceac2584fd4fd8ad74ec8"",""b87ab13ac5719ffb2a9d90554bd03e395b53763d"",""dd879200731e8a3b717fcf95dd5f78d5fd1e3a7f"",""f743d0f9bec6e673cdd09dfd4554172aaa9b01c7""]"	work-r300-cpu-vertex-job-bench-c-original-line-488-ae49204e157d	read-the-shared-commit-sequence-once-then-check-each-claim
170	review-shared-change-history-e82f3e8aa63f7ed9c2e80f53b78c38d981b0efa9-94ffda29b-755c8b865c3d	shared-change-history	1	3	1	2	2026-08-20T20:57:59Z	2026-08-23T22:20:26Z	"[""warning-clean-driver-build-and-focused-test""]"	"[""changed-since-review""]"	"[""0f807535cfda5bf35b33bd8869a80d5480b566e4"",""10f9e2fa66fd28b97638124d55113218da2a57d5"",""14d41350a7d29ed484b247e119139600650ea080"",""2232b3ab7b2baef2666bd3f5bf23193e0af2f86e"",""23003871b2dd06b940512aade2f283c45e1e804a"",""275a5279249d527c349f4dfdd4f93cf66e6123eb"",""2e18300a2b42035a97b5fd350656b99cb9dbd7e0"",""393cb870255352a00fc9859f2d6624e3f10b2b87"",""3bfafd1e35a20b7024389b1ae47af94d979e27fd"",""41d774592cb536a8f74e5247c9a9a855725b397e"",""4337fab9b7e51ae23d0c1db75c0c107ec1a20f29"",""51e2926b7cd2deabb3dfc6c09e9e3310abca4159"",""5453c84376b798dd7cc68a5f65defc68037c4b15"",""64fa102e611a869ea31d47a31fdf72ad84f28711"",""682648a30f9fe5db7f18772bd953af2e44099437"",""73b4fc07196b5bc9e5505406dfc34f4269407165"",""7d380acb9b92d0de445217a4c35eb53cccc03901"",""7dd3f6fbb379de20d3c2c7d983d24523acfdbd84"",""812cf7df40581a3ccb779baf92fe18a83a552220"",""8576d34d1deb01144c123a2e7066abbf52bdcfc9"",""8e1387b5c97e329dd7b12f9937d691611c40f63e"",""8e4c01d4aaf5dbfe222d2bd3763b7ca906eb129c"",""937dbcb62ff8173c66e94e0e89322442915f9c14"",""94ffda29b9fa054897b6c41a4a177c95c0ca2d0a"",""98959caa8f8f735899b1d1390d650d1ae450887e"",""a190f69df686f6558b0e3ef847ef62793ffcaf50"",""a4c39ca2b71127b4a9ffe6a3e524428977fc7c61"",""ae2e0183f6953f872bb04b6b929b374b6f8ac1ae"",""af766adab77452239b29918eb26f033c0f00b313"",""c3f310b429a8061a7eda94441b306c7b999d5ebc"",""c5cc11945f60ddc34a1011b1bde47762a33887ab"",""c7dae69423791abaefee49603b2d45e62086ac19"",""dc380fd9cddf1f112abf0921f5478bd9142ad359"",""dc60471e58b6198ffe3b065d3164d08a4afa0664"",""dced3e68e922a69e6eaefced4cebab206b1d7af2"",""e82f3e8aa63f7ed9c2e80f53b78c38d981b0efa9"",""ebc8348c2ec8951c28056c17b036a365856cd12a"",""ecc21f36cf7893d5fc9ea51a13b33377fe5b11b1"",""f7b2fe40e4b338b69843d457db428000f56fb7b7"",""fcf09c5b472f9c2b301ea08e9859551ae9d075fb""]"	work-r3v-native-public-surface-harness-c-main-void-9ef80fd09665	read-the-shared-commit-sequence-once-then-check-each-claim
171	review-shared-change-history-e82f3e8aa63f7ed9c2e80f53b78c38d981b0efa9-dd8792007-0a959665412e	shared-change-history	1	1	1	1	2026-08-20T21:39:58Z	2026-08-20T21:39:58Z	"[""warning-clean-driver-build-and-focused-test""]"	"[""changed-since-review""]"	"[""41d774592cb536a8f74e5247c9a9a855725b397e"",""c9bd4e6bc836fe7d172176dd0c977779537d14d5"",""d214e70ed81ffdc8b52ab47be9c8206073cf47ed"",""d2b6fe808983612e78eb95cb0000db4e36b38a21"",""dd879200731e8a3b717fcf95dd5f78d5fd1e3a7f"",""e50678009138c99f30b83aea23ae083213b8a58c"",""e82f3e8aa63f7ed9c2e80f53b78c38d981b0efa9""]"	work-r300-cpu-vertex-job-c-static-uint32-t-float-result-20a5f2f9a401	read-the-shared-commit-sequence-once-then-check-each-claim
172	review-shared-change-history-e027bfab7db0f50aea0ce2a58a4cdc6c391aa569-c1b300de0-f64f90f16ff9	shared-change-history	2	2	1	1	2026-08-21T00:23:08Z	2026-08-21T00:23:08Z	"[""warning-clean-driver-build-and-focused-test""]"	"[""changed-since-review""]"	"[""4eb06a49be58551844a93a51de5639cf64f3558a"",""7dd3f6fbb379de20d3c2c7d983d24523acfdbd84"",""af766adab77452239b29918eb26f033c0f00b313"",""c1b300de0ca29571a93b6d99a1cf0e4d7fb9bae2"",""e027bfab7db0f50aea0ce2a58a4cdc6c391aa569""]"	work-r3v-native-attended-route-dispatch-timing-c-original-line-713-530ee31cd823	read-the-shared-commit-sequence-once-then-check-each-claim
173	review-shared-change-history-24ed1649a19ca58c31f0b37e531e075b60c26115-a057c5925-a091f2f6ddd9	shared-change-history	1	3	1	2	2026-08-21T00:42:40Z	2026-08-22T22:05:11Z	"[""repository-native-focused-check""]"	"[""changed-since-review""]"	"[""0ee977e1035c63e9cb339e51a2abf48bf1371dba"",""217378421cb218e216d5f4d135101c25a7892a3b"",""229aaf2d4d56d53ab8ef75875b689fc6136975d9"",""24ed1649a19ca58c31f0b37e531e075b60c26115"",""292c0318de096554d204725077710d177a3196f2"",""4420389af742cd6354dceac2584fd4fd8ad74ec8"",""4b965810d471ad11a2c94369a9f75dd127651c3f"",""74e1dd755b905828dd9098207d8d63d77f87e8c8"",""8077376b79a29299a39b37c6178b7a064a9abf29"",""a057c592519230f4f23e08661a70dbce45ca8428"",""b994e46a625267a56a6e78ad074d11c2ac5c0296"",""f743d0f9bec6e673cdd09dfd4554172aaa9b01c7""]"	work-pkgbuild-link-into-usr-05754d71c4ad	read-the-shared-commit-sequence-once-then-check-each-claim
174	review-shared-change-history-c1b300de0ca29571a93b6d99a1cf0e4d7fb9bae2-4eb06a49b-595e6dcd2d00	shared-change-history	1	2	1	2	2026-08-21T00:42:40Z	2026-08-21T00:56:27Z	"[""warning-clean-driver-build-and-focused-test""]"	"[""changed-since-review""]"	"[""4eb06a49be58551844a93a51de5639cf64f3558a"",""7dd3f6fbb379de20d3c2c7d983d24523acfdbd84"",""af766adab77452239b29918eb26f033c0f00b313"",""c1b300de0ca29571a93b6d99a1cf0e4d7fb9bae2""]"	work-r3v-native-attended-route-dispatch-timing-c-main-int-argc-a96b4aadbee5	read-the-shared-commit-sequence-once-then-check-each-claim
175	review-shared-change-history-24ed1649a19ca58c31f0b37e531e075b60c26115-4af44f421-b67d69d8bb61	shared-change-history	1	1	1	1	2026-08-21T00:45:07Z	2026-08-21T00:45:07Z	"[""python-test-black-and-ruff""]"	"[""changed-since-review""]"	"[""01cce6697e2122401327f7dbc7d873adb7b0a897"",""080060afd9163cfdc80a48bb53b2e70ad98b7488"",""0bb1427b518fc30fd6383d39cfe7485beb1b273b"",""0cadf1840f5ad4294bda8890310918d74592cb00"",""10f9e2fa66fd28b97638124d55113218da2a57d5"",""1ad514dc9e39a5ce3e6373bc35fc84c5c95dbb0c"",""1e7e3d827ac558d04790ca4d6ec5500d6556c974"",""24ed1649a19ca58c31f0b37e531e075b60c26115"",""292c0318de096554d204725077710d177a3196f2"",""2fbcf6fb2853932c290283d609f8afea05107ff3"",""31650bf8e57d52a812104aeb6cc60449099a86d1"",""31b26494ea6bf9ca45670b492faf35bdce54ffb9"",""41d774592cb536a8f74e5247c9a9a855725b397e"",""4337fab9b7e51ae23d0c1db75c0c107ec1a20f29"",""4420389af742cd6354dceac2584fd4fd8ad74ec8"",""4af44f4212f06b31e8fd5577645a97953b7b3924"",""4dbdf525e95ef176f2323ef5ea6ec14dbd264356"",""4eb06a49be58551844a93a51de5639cf64f3558a"",""51e2926b7cd2deabb3dfc6c09e9e3310abca4159"",""57cd7d18c3db8e4e49b94006c5974c1d68dfa5b7"",""5a2ef1ef3ab5a26292f24533787efd9dd00026e0"",""5a892d595928bdae0378d0f6562de020d02373e6"",""6594b309ef5ccb3945196308926ce1a2aa893e94"",""676da21429d31d76dbadd7a56ed9421708d944c3"",""79f1a5a2c02c6e6f3b6784b3fe89dd24a230175e"",""7fc0c23a20f73941a8bb42ff5bca657873683811"",""8077376b79a29299a39b37c6178b7a064a9abf29"",""812cf7df40581a3ccb779baf92fe18a83a552220"",""813f5899cd3d315aa4c84213e5be5101fc03f698"",""9376af93bbcc443f0d76f6ef0e15c925a8c768ec"",""966ab4bfce7b70d429f659d57c4e91c64a70f7b8"",""99e93170475b3f8ff2dee9784c5a0149f503108e"",""9e834dbc3131e3998158efb3a8a7815e1622fce1"",""9ebc57897138fd5c4b6ab087a21452da1caf7a56"",""a13d0fb460ac82417fa4a75997014e175752277e"",""a988c2cf707f0190580ac4099b70670084905be3"",""b6ea89213c0ca1b4bd1e70d6678a3766554aaa2a"",""c096215370bdb9dd72176529c0975c271596d5a6"",""c1c76da5053cb35655bd2c46a95fe027fb255e60"",""c3f310b429a8061a7eda94441b306c7b999d5ebc"",""c9bd4e6bc836fe7d172176dd0c977779537d14d5"",""cb4a85347364abcb36e517adb26ea36fe43e84b4"",""cde81528e7a80308a3fa1932924503d9410ab8a4"",""cf515799baad6cc3d9a607bafca9116513e950fc"",""d02bda1a06e35e35f08127a42ace08a0052e6351"",""d214e70ed81ffdc8b52ab47be9c8206073cf47ed"",""d2b6fe808983612e78eb95cb0000db4e36b38a21"",""e50678009138c99f30b83aea23ae083213b8a58c"",""f743d0f9bec6e673cdd09dfd4554172aaa9b01c7""]"	work-r3v-qualification-inventory-py-def-evaluate-registered-set-str-options-3f7d4c7e2fb6	read-the-shared-commit-sequence-once-then-check-each-claim
176	review-shared-change-history-a057c592519230f4f23e08661a70dbce45ca8428-0ee977e10-de67a578970b	shared-change-history	1	1	1	1	2026-08-21T00:45:07Z	2026-08-21T00:45:07Z	"[""repository-native-focused-check""]"	"[""changed-since-review""]"	"[""0ee977e1035c63e9cb339e51a2abf48bf1371dba"",""217378421cb218e216d5f4d135101c25a7892a3b"",""229aaf2d4d56d53ab8ef75875b689fc6136975d9"",""292c0318de096554d204725077710d177a3196f2"",""4420389af742cd6354dceac2584fd4fd8ad74ec8"",""4b965810d471ad11a2c94369a9f75dd127651c3f"",""74e1dd755b905828dd9098207d8d63d77f87e8c8"",""8077376b79a29299a39b37c6178b7a064a9abf29"",""a057c592519230f4f23e08661a70dbce45ca8428"",""b994e46a625267a56a6e78ad074d11c2ac5c0296"",""f743d0f9bec6e673cdd09dfd4554172aaa9b01c7""]"	work-pkgbuild-check-9c1cc6d665fe	read-the-shared-commit-sequence-once-then-check-each-claim
177	review-shared-change-history-b5944bc15e925156ca910369ce1f4107b2f3ceb3-6594b309e-d4636061fc5d	shared-change-history	2	2	1	1	2026-08-21T00:59:41Z	2026-08-21T00:59:41Z	"[""documentation-symbol-and-link-check""]"	"[""changed-since-review""]"	"[""01cce6697e2122401327f7dbc7d873adb7b0a897"",""1b5ddf724ae58a6ebc5be8a3d13a013ad69757df"",""31650bf8e57d52a812104aeb6cc60449099a86d1"",""5f7f33471182c79abf7be14959f87ba8297665fd"",""6594b309ef5ccb3945196308926ce1a2aa893e94"",""813f5899cd3d315aa4c84213e5be5101fc03f698"",""8b62d329392fe3f1100198f88bb6f9ea43ecb61f"",""b5944bc15e925156ca910369ce1f4107b2f3ceb3""]"	work-rs482-native-delivery-route-admission-and-oracle-model-md-original-9c6fce4e46a2	read-the-shared-commit-sequence-once-then-check-each-claim
178	review-shared-change-history-6594b309ef5ccb3945196308926ce1a2aa893e94-8b62d3293-d303efaab953	shared-change-history	1	2	1	1	2026-08-21T01:11:26Z	2026-08-21T01:11:26Z	"[""documentation-symbol-and-link-check""]"	"[""changed-since-review""]"	"[""01cce6697e2122401327f7dbc7d873adb7b0a897"",""1b5ddf724ae58a6ebc5be8a3d13a013ad69757df"",""31650bf8e57d52a812104aeb6cc60449099a86d1"",""5f7f33471182c79abf7be14959f87ba8297665fd"",""6594b309ef5ccb3945196308926ce1a2aa893e94"",""813f5899cd3d315aa4c84213e5be5101fc03f698"",""8b62d329392fe3f1100198f88bb6f9ea43ecb61f""]"	work-rs482-native-delivery-route-admission-and-oracle-model-md-make-6339d9ba4cbf	read-the-shared-commit-sequence-once-then-check-each-claim
179	review-shared-change-history-873da3b8e03dbeea1e9f1fc3ff69a7b41a4b68c5-4af44f421-e6242b6c8743	shared-change-history	1	1	1	1	2026-08-21T01:11:26Z	2026-08-21T01:11:26Z	"[""documentation-symbol-and-link-check""]"	"[""changed-since-review""]"	"[""080060afd9163cfdc80a48bb53b2e70ad98b7488"",""0bb1427b518fc30fd6383d39cfe7485beb1b273b"",""1a5c07ce10d5efc8592101374468c787899d084b"",""31650bf8e57d52a812104aeb6cc60449099a86d1"",""41d774592cb536a8f74e5247c9a9a855725b397e"",""4af44f4212f06b31e8fd5577645a97953b7b3924"",""60ae71b6e75360b9cc12dd4b524381da9da7feb4"",""6bec0aa6fbf13ffedd6b43e5cbf2fd5220b34e9c"",""74023eb71b34141ce214b337349fdcec650e7c94"",""7dd3f6fbb379de20d3c2c7d983d24523acfdbd84"",""813f5899cd3d315aa4c84213e5be5101fc03f698"",""873da3b8e03dbeea1e9f1fc3ff69a7b41a4b68c5"",""8e1387b5c97e329dd7b12f9937d691611c40f63e"",""91836a959f1cfda67e5c78a812bc0d90d0a03e90"",""99e93170475b3f8ff2dee9784c5a0149f503108e"",""9e834dbc3131e3998158efb3a8a7815e1622fce1"",""af766adab77452239b29918eb26f033c0f00b313"",""c9bd4e6bc836fe7d172176dd0c977779537d14d5"",""d02bda1a06e35e35f08127a42ace08a0052e6351"",""d214e70ed81ffdc8b52ab47be9c8206073cf47ed"",""d2b6fe808983612e78eb95cb0000db4e36b38a21""]"	work-r3v-implementation-boundaries-md-exit-status-0c0ea6485e2f	read-the-shared-commit-sequence-once-then-check-each-claim
180	review-shared-change-history-dd879200731e8a3b717fcf95dd5f78d5fd1e3a7f-428f6dcbb-091195a9b651	shared-change-history	1	1	1	1	2026-08-21T01:11:26Z	2026-08-21T01:11:26Z	"[""warning-clean-driver-build-and-focused-test""]"	"[""changed-since-review""]"	"[""0f807535cfda5bf35b33bd8869a80d5480b566e4"",""10f9e2fa66fd28b97638124d55113218da2a57d5"",""13701e615400edf1e437c61df559419793a3088f"",""1ad514dc9e39a5ce3e6373bc35fc84c5c95dbb0c"",""275a5279249d527c349f4dfdd4f93cf66e6123eb"",""300a75557165c988818944e1fef1157d847406bc"",""31650bf8e57d52a812104aeb6cc60449099a86d1"",""41d774592cb536a8f74e5247c9a9a855725b397e"",""428f6dcbb0e1cd71417e1169c385f9e62f2ac0b7"",""51e2926b7cd2deabb3dfc6c09e9e3310abca4159"",""5453c84376b798dd7cc68a5f65defc68037c4b15"",""5f2615641abebc5f1631fb02285d20a93808cbfb"",""64fa102e611a869ea31d47a31fdf72ad84f28711"",""6594b309ef5ccb3945196308926ce1a2aa893e94"",""73b4fc07196b5bc9e5505406dfc34f4269407165"",""7d380acb9b92d0de445217a4c35eb53cccc03901"",""7dd3f6fbb379de20d3c2c7d983d24523acfdbd84"",""813f5899cd3d315aa4c84213e5be5101fc03f698"",""84cf229c0d6e290d4a5694efa957454bc04b22c9"",""93ff2e17aeca881926adb92dc6493bb34018be2a"",""966ab4bfce7b70d429f659d57c4e91c64a70f7b8"",""a190f69df686f6558b0e3ef847ef62793ffcaf50"",""a988c2cf707f0190580ac4099b70670084905be3"",""af766adab77452239b29918eb26f033c0f00b313"",""bd7fcf75397e409a3d1e15e595e940d6411dffc3"",""c096215370bdb9dd72176529c0975c271596d5a6"",""c5cc11945f60ddc34a1011b1bde47762a33887ab"",""c7dae69423791abaefee49603b2d45e62086ac19"",""c9bd4e6bc836fe7d172176dd0c977779537d14d5"",""d214e70ed81ffdc8b52ab47be9c8206073cf47ed"",""d2b6fe808983612e78eb95cb0000db4e36b38a21"",""dc60471e58b6198ffe3b065d3164d08a4afa0664"",""dd879200731e8a3b717fcf95dd5f78d5fd1e3a7f"",""e50678009138c99f30b83aea23ae083213b8a58c"",""eae1df80d9c7db3162ed27614fc74de2325ad665"",""ebc8348c2ec8951c28056c17b036a365856cd12a""]"	work-r3v-native-cell-c-r3v-native-deferred-draw-verify-gpu-399e0b9192ec	read-the-shared-commit-sequence-once-then-check-each-claim
181	review-shared-change-history-4af44f4212f06b31e8fd5577645a97953b7b3924-080060afd-efd7d1d37388	shared-change-history	1	5	1	2	2026-08-21T07:11:04Z	2026-08-21T08:31:33Z	"[""documentation-symbol-and-link-check""]"	"[""changed-since-review""]"	"[""080060afd9163cfdc80a48bb53b2e70ad98b7488"",""0bb1427b518fc30fd6383d39cfe7485beb1b273b"",""1a5c07ce10d5efc8592101374468c787899d084b"",""31650bf8e57d52a812104aeb6cc60449099a86d1"",""41d774592cb536a8f74e5247c9a9a855725b397e"",""4af44f4212f06b31e8fd5577645a97953b7b3924"",""60ae71b6e75360b9cc12dd4b524381da9da7feb4"",""6bec0aa6fbf13ffedd6b43e5cbf2fd5220b34e9c"",""74023eb71b34141ce214b337349fdcec650e7c94"",""7dd3f6fbb379de20d3c2c7d983d24523acfdbd84"",""813f5899cd3d315aa4c84213e5be5101fc03f698"",""8e1387b5c97e329dd7b12f9937d691611c40f63e"",""91836a959f1cfda67e5c78a812bc0d90d0a03e90"",""99e93170475b3f8ff2dee9784c5a0149f503108e"",""9e834dbc3131e3998158efb3a8a7815e1622fce1"",""af766adab77452239b29918eb26f033c0f00b313"",""c9bd4e6bc836fe7d172176dd0c977779537d14d5"",""d02bda1a06e35e35f08127a42ace08a0052e6351"",""d214e70ed81ffdc8b52ab47be9c8206073cf47ed"",""d2b6fe808983612e78eb95cb0000db4e36b38a21""]"	work-r3v-implementation-boundaries-md-symbol-aa6b666dbb62	read-the-shared-commit-sequence-once-then-check-each-claim
182	review-shared-change-history-4c66f695592786d3fe1b7f7b1aaad1a6b8b78f8f-9e834dbc3-e498215e16f8	shared-change-history	4	4	1	1	2026-08-21T08:31:32Z	2026-08-21T08:31:33Z	"[""warning-clean-driver-build-and-focused-test""]"	"[""changed-since-review""]"	"[""0d0e7f74784c996c7bf1d4414fb3a02dafa8beff"",""31650bf8e57d52a812104aeb6cc60449099a86d1"",""4c66f695592786d3fe1b7f7b1aaad1a6b8b78f8f"",""72303663292b3a2a1d86ce8601dfc501acbf9d73"",""73b4fc07196b5bc9e5505406dfc34f4269407165"",""813f5899cd3d315aa4c84213e5be5101fc03f698"",""8e1387b5c97e329dd7b12f9937d691611c40f63e"",""99e93170475b3f8ff2dee9784c5a0149f503108e"",""9a264e890516b55dedf0be15e63febe56a5c9224"",""9e834dbc3131e3998158efb3a8a7815e1622fce1"",""ac11072b3279364cb257784f8129c9aa4fa3df39"",""bd7fcf75397e409a3d1e15e595e940d6411dffc3"",""c7dae69423791abaefee49603b2d45e62086ac19"",""d02bda1a06e35e35f08127a42ace08a0052e6351""]"	work-r3v-native-compute-c-original-line-429-3ab72980ee73	read-the-shared-commit-sequence-once-then-check-each-claim
183	review-shared-change-history-b6ea89213c0ca1b4bd1e70d6678a3766554aaa2a-4dbdf525e-ffe6ec86172f	shared-change-history	1	1	1	1	2026-08-21T08:53:41Z	2026-08-21T08:53:41Z	"[""python-test-black-and-ruff""]"	"[""changed-since-review""]"	"[""01cce6697e2122401327f7dbc7d873adb7b0a897"",""0bb1427b518fc30fd6383d39cfe7485beb1b273b"",""0cadf1840f5ad4294bda8890310918d74592cb00"",""10f9e2fa66fd28b97638124d55113218da2a57d5"",""1ad514dc9e39a5ce3e6373bc35fc84c5c95dbb0c"",""1e7e3d827ac558d04790ca4d6ec5500d6556c974"",""292c0318de096554d204725077710d177a3196f2"",""2fbcf6fb2853932c290283d609f8afea05107ff3"",""31650bf8e57d52a812104aeb6cc60449099a86d1"",""31b26494ea6bf9ca45670b492faf35bdce54ffb9"",""41d774592cb536a8f74e5247c9a9a855725b397e"",""4337fab9b7e51ae23d0c1db75c0c107ec1a20f29"",""4420389af742cd6354dceac2584fd4fd8ad74ec8"",""4dbdf525e95ef176f2323ef5ea6ec14dbd264356"",""4eb06a49be58551844a93a51de5639cf64f3558a"",""51e2926b7cd2deabb3dfc6c09e9e3310abca4159"",""57cd7d18c3db8e4e49b94006c5974c1d68dfa5b7"",""5a2ef1ef3ab5a26292f24533787efd9dd00026e0"",""5a892d595928bdae0378d0f6562de020d02373e6"",""6594b309ef5ccb3945196308926ce1a2aa893e94"",""676da21429d31d76dbadd7a56ed9421708d944c3"",""79f1a5a2c02c6e6f3b6784b3fe89dd24a230175e"",""7fc0c23a20f73941a8bb42ff5bca657873683811"",""8077376b79a29299a39b37c6178b7a064a9abf29"",""812cf7df40581a3ccb779baf92fe18a83a552220"",""813f5899cd3d315aa4c84213e5be5101fc03f698"",""9376af93bbcc443f0d76f6ef0e15c925a8c768ec"",""966ab4bfce7b70d429f659d57c4e91c64a70f7b8"",""99e93170475b3f8ff2dee9784c5a0149f503108e"",""9e834dbc3131e3998158efb3a8a7815e1622fce1"",""9ebc57897138fd5c4b6ab087a21452da1caf7a56"",""a13d0fb460ac82417fa4a75997014e175752277e"",""a988c2cf707f0190580ac4099b70670084905be3"",""b6ea89213c0ca1b4bd1e70d6678a3766554aaa2a"",""c096215370bdb9dd72176529c0975c271596d5a6"",""c1c76da5053cb35655bd2c46a95fe027fb255e60"",""c3f310b429a8061a7eda94441b306c7b999d5ebc"",""c9bd4e6bc836fe7d172176dd0c977779537d14d5"",""cb4a85347364abcb36e517adb26ea36fe43e84b4"",""cde81528e7a80308a3fa1932924503d9410ab8a4"",""cf515799baad6cc3d9a607bafca9116513e950fc"",""d02bda1a06e35e35f08127a42ace08a0052e6351"",""d214e70ed81ffdc8b52ab47be9c8206073cf47ed"",""d2b6fe808983612e78eb95cb0000db4e36b38a21"",""e50678009138c99f30b83aea23ae083213b8a58c"",""f743d0f9bec6e673cdd09dfd4554172aaa9b01c7""]"	work-r3v-qualification-inventory-py-original-line-138-3c76e5fafff2	read-the-shared-commit-sequence-once-then-check-each-claim
184	review-shared-change-history-0b9e0af087f3a19d1f08d6b5b8e520f736ea3293-57cd7d18c-f0ccc190d951	shared-change-history	1	1	1	1	2026-08-21T09:05:30Z	2026-08-21T09:05:30Z	"[""warning-clean-driver-build-and-focused-test""]"	"[""changed-since-review""]"	"[""0b9e0af087f3a19d1f08d6b5b8e520f736ea3293"",""13683abd6ad3fcbf0d052d1a63b24793b59211fa"",""1d0ecc2e4930d7ebb2c0c0cfb2bf577f02c885b8"",""23809ecb8d46f6153311d7cfa4419b0c57e88a75"",""24e9863bb0a297de10298b8de7a33e6cfcbbd986"",""3bfafd1e35a20b7024389b1ae47af94d979e27fd"",""41d774592cb536a8f74e5247c9a9a855725b397e"",""5453c84376b798dd7cc68a5f65defc68037c4b15"",""57cd7d18c3db8e4e49b94006c5974c1d68dfa5b7"",""8077376b79a29299a39b37c6178b7a064a9abf29"",""8e1387b5c97e329dd7b12f9937d691611c40f63e"",""93ff2e17aeca881926adb92dc6493bb34018be2a"",""a015140709531fdfbb364921ce32e9c3fa56c14c"",""a3d731fddaf773e547e3a057a93394025833e651"",""a988c2cf707f0190580ac4099b70670084905be3"",""b6df2f8ef84dda8b2c505b389e50e3faadada672"",""bd7fcf75397e409a3d1e15e595e940d6411dffc3"",""d2b2d888ed784999a7c90886228532021b52d268"",""e50678009138c99f30b83aea23ae083213b8a58c"",""e68f40792d4bbdcc1961cae439a8b0264c25c9ce"",""ebc8348c2ec8951c28056c17b036a365856cd12a""]"	work-r3v-physical-device-c-r3v-physical-device-init-features-struct-bd2d88b13b70	read-the-shared-commit-sequence-once-then-check-each-claim
185	review-shared-change-history-57cd7d18c3db8e4e49b94006c5974c1d68dfa5b7-8077376b7-1492c536c814	shared-change-history	1	1	1	1	2026-08-21T22:07:59Z	2026-08-21T22:07:59Z	"[""warning-clean-driver-build-and-focused-test""]"	"[""changed-since-review""]"	"[""13683abd6ad3fcbf0d052d1a63b24793b59211fa"",""1d0ecc2e4930d7ebb2c0c0cfb2bf577f02c885b8"",""23809ecb8d46f6153311d7cfa4419b0c57e88a75"",""24e9863bb0a297de10298b8de7a33e6cfcbbd986"",""3bfafd1e35a20b7024389b1ae47af94d979e27fd"",""41d774592cb536a8f74e5247c9a9a855725b397e"",""5453c84376b798dd7cc68a5f65defc68037c4b15"",""57cd7d18c3db8e4e49b94006c5974c1d68dfa5b7"",""8077376b79a29299a39b37c6178b7a064a9abf29"",""8e1387b5c97e329dd7b12f9937d691611c40f63e"",""93ff2e17aeca881926adb92dc6493bb34018be2a"",""a015140709531fdfbb364921ce32e9c3fa56c14c"",""a3d731fddaf773e547e3a057a93394025833e651"",""a988c2cf707f0190580ac4099b70670084905be3"",""b6df2f8ef84dda8b2c505b389e50e3faadada672"",""bd7fcf75397e409a3d1e15e595e940d6411dffc3"",""d2b2d888ed784999a7c90886228532021b52d268"",""e50678009138c99f30b83aea23ae083213b8a58c"",""e68f40792d4bbdcc1961cae439a8b0264c25c9ce"",""ebc8348c2ec8951c28056c17b036a365856cd12a""]"	work-r3v-physical-device-c-r3v-hybrid-compute-enabled-void-9458755a9117	read-the-shared-commit-sequence-once-then-check-each-claim
186	review-shared-change-history-57cd7d18c3db8e4e49b94006c5974c1d68dfa5b7-6c32b4e31-8dbedcfdc1a8	shared-change-history	2	2	1	1	2026-08-22T07:02:40Z	2026-08-22T07:02:40Z	"[""python-test-black-and-ruff""]"	"[""changed-since-review""]"	"[""23809ecb8d46f6153311d7cfa4419b0c57e88a75"",""57cd7d18c3db8e4e49b94006c5974c1d68dfa5b7"",""6c32b4e315c631480f42c9540fd36ec64b0f18e5""]"	work-r300-common-boundary-audit-py-original-line-28-c66244332c63	read-the-shared-commit-sequence-once-then-check-each-claim
187	review-shared-change-history-cb4a85347364abcb36e517adb26ea36fe43e84b4-0cadf1840-04b713f1d3c0	shared-change-history	1	1	1	1	2026-08-22T07:32:44Z	2026-08-22T07:32:44Z	"[""documentation-symbol-and-link-check""]"	"[""changed-since-review""]"	"[""0cadf1840f5ad4294bda8890310918d74592cb00"",""1e7e3d827ac558d04790ca4d6ec5500d6556c974"",""275a5279249d527c349f4dfdd4f93cf66e6123eb"",""31650bf8e57d52a812104aeb6cc60449099a86d1"",""57cd7d18c3db8e4e49b94006c5974c1d68dfa5b7"",""6594b309ef5ccb3945196308926ce1a2aa893e94"",""813f5899cd3d315aa4c84213e5be5101fc03f698"",""8b62d329392fe3f1100198f88bb6f9ea43ecb61f"",""99e93170475b3f8ff2dee9784c5a0149f503108e"",""9e834dbc3131e3998158efb3a8a7815e1622fce1"",""a13d0fb460ac82417fa4a75997014e175752277e"",""ac11072b3279364cb257784f8129c9aa4fa3df39"",""b07680fb71b43cbb214cfc737d798fc4c5df1fd7"",""cb4a85347364abcb36e517adb26ea36fe43e84b4"",""ffee75be0646f5b9f4dab7abfd84e8746678028f""]"	work-readme-md-original-line-8-0f7910eed4ac	read-the-shared-commit-sequence-once-then-check-each-claim
188	review-shared-change-history-cb4a85347364abcb36e517adb26ea36fe43e84b4-57cd7d18c-31da50b48168	shared-change-history	1	1	1	1	2026-08-22T07:32:44Z	2026-08-22T07:32:44Z	"[""python-test-black-and-ruff""]"	"[""changed-since-review""]"	"[""31650bf8e57d52a812104aeb6cc60449099a86d1"",""57cd7d18c3db8e4e49b94006c5974c1d68dfa5b7"",""813f5899cd3d315aa4c84213e5be5101fc03f698"",""cb4a85347364abcb36e517adb26ea36fe43e84b4""]"	work-r300-common-consumer-census-py-original-line-119-3d25326bbd82	read-the-shared-commit-sequence-once-then-check-each-claim
189	review-shared-change-history-cde81528e7a80308a3fa1932924503d9410ab8a4-9ebc57897-42354a3bca0c	shared-change-history	1	7	1	5	2026-08-22T09:04:38Z	2026-08-25T13:28:38Z	"[""configure-build-and-artifact-check""]"	"[""changed-since-review""]"	"[""00e3c5dd25deb8545a531a6725b0d76c50156e1c"",""01cce6697e2122401327f7dbc7d873adb7b0a897"",""0aceb8aa9606b0e4381e1ce5afc099c8914a3ef1"",""0bb1427b518fc30fd6383d39cfe7485beb1b273b"",""0d0e7f74784c996c7bf1d4414fb3a02dafa8beff"",""10f9e2fa66fd28b97638124d55113218da2a57d5"",""13683abd6ad3fcbf0d052d1a63b24793b59211fa"",""13701e615400edf1e437c61df559419793a3088f"",""13cc6f08740b4a4086d2fd1119c5cbcee86e3dbe"",""15e794e1b6218b8fe59b7e9577a07d2b0a38aa99"",""1a09900f7b5b27eaeb25fd2cbdb1ccc50c5b173a"",""1ad514dc9e39a5ce3e6373bc35fc84c5c95dbb0c"",""2232b3ab7b2baef2666bd3f5bf23193e0af2f86e"",""225cea235e853f762377956a6329f5e8ab1661b3"",""22cd17ed39d198e587fd5b4d7c94619fcdbcb707"",""22eb45284fb9bfb21a21ae2b49e5e56029f047ba"",""26b04af5186ffa9c81c9f86ea67d56a9b2ee9baf"",""2cb307652cc8b14e61abd9fd3d71ff5e935c5eae"",""2e18300a2b42035a97b5fd350656b99cb9dbd7e0"",""2fbcf6fb2853932c290283d609f8afea05107ff3"",""300a75557165c988818944e1fef1157d847406bc"",""31650bf8e57d52a812104aeb6cc60449099a86d1"",""393cb870255352a00fc9859f2d6624e3f10b2b87"",""41d774592cb536a8f74e5247c9a9a855725b397e"",""4337fab9b7e51ae23d0c1db75c0c107ec1a20f29"",""451d77f250a30cb4c968c8474b0ffaa1a8f1b123"",""4653e691f1692ad7c7e37835316e6cf7d82fc7bc"",""4b11002d5b38f01f6477a2878352caea8cd28ac7"",""4eb06a49be58551844a93a51de5639cf64f3558a"",""4f1be7053f69ed3abe31df485fe857f25b6734c8"",""51e2926b7cd2deabb3dfc6c09e9e3310abca4159"",""5453c84376b798dd7cc68a5f65defc68037c4b15"",""57989aff3eeececef2a9e6fbbcc46aecd26bc4b0"",""57cd7d18c3db8e4e49b94006c5974c1d68dfa5b7"",""59b77649a80ee880f84ba6a5301467c8cc2c0438"",""5a892d595928bdae0378d0f6562de020d02373e6"",""5f2615641abebc5f1631fb02285d20a93808cbfb"",""64fa102e611a869ea31d47a31fdf72ad84f28711"",""6594b309ef5ccb3945196308926ce1a2aa893e94"",""676da21429d31d76dbadd7a56ed9421708d944c3"",""682648a30f9fe5db7f18772bd953af2e44099437"",""6d7b0b5c0c5292f9b8563651b0351f714353e630"",""710d7e3c12b5e6eecd6a9356de5295618b201d1d"",""74e17e547d51997ffb074a92b1f74bef56c702a0"",""79f1a5a2c02c6e6f3b6784b3fe89dd24a230175e"",""7d380acb9b92d0de445217a4c35eb53cccc03901"",""7d847324637a0c3fdb998778fe6ab0b5242107ee"",""7dd3f6fbb379de20d3c2c7d983d24523acfdbd84"",""7f7feec24572361f74134376433c0ba63f6219c2"",""7fc0c23a20f73941a8bb42ff5bca657873683811"",""8077376b79a29299a39b37c6178b7a064a9abf29"",""812cf7df40581a3ccb779baf92fe18a83a552220"",""813f5899cd3d315aa4c84213e5be5101fc03f698"",""84cf229c0d6e290d4a5694efa957454bc04b22c9"",""88ce4466f7a042a93cb70866208c901bf86433c3"",""8b21d8a360d5de38a7423a4c118e9c1f0fb8c224"",""8e1387b5c97e329dd7b12f9937d691611c40f63e"",""8e4c01d4aaf5dbfe222d2bd3763b7ca906eb129c"",""966ab4bfce7b70d429f659d57c4e91c64a70f7b8"",""981dd80e8b679a8d6ba06b532d8ce1aecbb7a653"",""99ae7f779dd196aec81f5eef3c02f0ddf0f2fbbc"",""99e93170475b3f8ff2dee9784c5a0149f503108e"",""9dc8b06c19483b20dccaa9d455ca30d77be42b3c"",""9ebc57897138fd5c4b6ab087a21452da1caf7a56"",""9f65f5f61e53a9ca26b082e1b27222c374cd28da"",""a4c39ca2b71127b4a9ffe6a3e524428977fc7c61"",""a62e4497766aff089ee68b72c96c0721935b3290"",""a988c2cf707f0190580ac4099b70670084905be3"",""ac11072b3279364cb257784f8129c9aa4fa3df39"",""ae2e0183f6953f872bb04b6b929b374b6f8ac1ae"",""af766adab77452239b29918eb26f033c0f00b313"",""b07680fb71b43cbb214cfc737d798fc4c5df1fd7"",""baf48620c79c19566965936e10cb66c5c1419cf5"",""bd7fcf75397e409a3d1e15e595e940d6411dffc3"",""be6eb55ff61e6ac44b7e475f70f9edc76d1f8d5b"",""c096215370bdb9dd72176529c0975c271596d5a6"",""c17c780ed1a26ee723e12a31b1f4bdd83dec8141"",""c1c76da5053cb35655bd2c46a95fe027fb255e60"",""c3f310b429a8061a7eda94441b306c7b999d5ebc"",""c5cc11945f60ddc34a1011b1bde47762a33887ab"",""c6f998b2c5c8a4e04c6bfd515c88cc88b42a4ffd"",""c9bd4e6bc836fe7d172176dd0c977779537d14d5"",""ca164de881b81c1338ca63091bc50aa43c6c99f8"",""cde81528e7a80308a3fa1932924503d9410ab8a4"",""cf515799baad6cc3d9a607bafca9116513e950fc"",""d02bda1a06e35e35f08127a42ace08a0052e6351"",""d214e70ed81ffdc8b52ab47be9c8206073cf47ed"",""d2b6fe808983612e78eb95cb0000db4e36b38a21"",""e50678009138c99f30b83aea23ae083213b8a58c"",""e68f40792d4bbdcc1961cae439a8b0264c25c9ce"",""eae1df80d9c7db3162ed27614fc74de2325ad665"",""f743d0f9bec6e673cdd09dfd4554172aaa9b01c7""]"	work-meson-build-if-with-tests-0d695476f279	read-the-shared-commit-sequence-once-then-check-each-claim
190	review-shared-change-history-5a892d595928bdae0378d0f6562de020d02373e6-676da2142-d16300cd17ab	shared-change-history	1	1	1	1	2026-08-22T21:08:55Z	2026-08-22T21:08:55Z	"[""documentation-symbol-and-link-check""]"	"[""changed-since-review""]"	"[""00e3c5dd25deb8545a531a6725b0d76c50156e1c"",""1a5c07ce10d5efc8592101374468c787899d084b"",""225cea235e853f762377956a6329f5e8ab1661b3"",""26b04af5186ffa9c81c9f86ea67d56a9b2ee9baf"",""28d2e439d133914edccaa861df6ddaff6bcc1c71"",""292c0318de096554d204725077710d177a3196f2"",""31650bf8e57d52a812104aeb6cc60449099a86d1"",""41d774592cb536a8f74e5247c9a9a855725b397e"",""4337fab9b7e51ae23d0c1db75c0c107ec1a20f29"",""4420389af742cd6354dceac2584fd4fd8ad74ec8"",""4653e691f1692ad7c7e37835316e6cf7d82fc7bc"",""4b11002d5b38f01f6477a2878352caea8cd28ac7"",""57cd7d18c3db8e4e49b94006c5974c1d68dfa5b7"",""59b77649a80ee880f84ba6a5301467c8cc2c0438"",""5a892d595928bdae0378d0f6562de020d02373e6"",""6594b309ef5ccb3945196308926ce1a2aa893e94"",""676da21429d31d76dbadd7a56ed9421708d944c3"",""79f1a5a2c02c6e6f3b6784b3fe89dd24a230175e"",""7f7feec24572361f74134376433c0ba63f6219c2"",""8077376b79a29299a39b37c6178b7a064a9abf29"",""813f5899cd3d315aa4c84213e5be5101fc03f698"",""81526f6ae547d3c0d6e7cb30aa26c2215af42e19"",""88ce4466f7a042a93cb70866208c901bf86433c3"",""8e1387b5c97e329dd7b12f9937d691611c40f63e"",""91836a959f1cfda67e5c78a812bc0d90d0a03e90"",""99e93170475b3f8ff2dee9784c5a0149f503108e"",""9dc8b06c19483b20dccaa9d455ca30d77be42b3c"",""9e834dbc3131e3998158efb3a8a7815e1622fce1"",""c3f310b429a8061a7eda94441b306c7b999d5ebc"",""c5861da177d780bb8cf254b0d2777771b1e9c73b"",""c9bd4e6bc836fe7d172176dd0c977779537d14d5"",""c9d5859cab6f6ca834d731a062b23dfd770da496"",""d214e70ed81ffdc8b52ab47be9c8206073cf47ed"",""d2b6fe808983612e78eb95cb0000db4e36b38a21"",""e16bfb045fd1ae8096ede8e4af76356ac7f3157e"",""f743d0f9bec6e673cdd09dfd4554172aaa9b01c7""]"	work-readme-md-in-particular-ca665b7b1344	read-the-shared-commit-sequence-once-then-check-each-claim
191	review-shared-change-history-9a264e890516b55dedf0be15e63febe56a5c9224-0d0e7f747-5d9094427d86	shared-change-history	5	5	1	1	2026-08-22T21:17:32Z	2026-08-22T21:17:32Z	"[""warning-clean-driver-build-and-focused-test""]"	"[""changed-since-review""]"	"[""0d0e7f74784c996c7bf1d4414fb3a02dafa8beff"",""8e1387b5c97e329dd7b12f9937d691611c40f63e"",""9a264e890516b55dedf0be15e63febe56a5c9224""]"	work-r3v-native-descriptor-test-c-original-line-268-60abce9b7060	read-the-shared-commit-sequence-once-then-check-each-claim
192	review-shared-change-history-79f1a5a2c02c6e6f3b6784b3fe89dd24a230175e-9376af93b-66248a5f449e	shared-change-history	1	1	1	1	2026-08-22T21:28:19Z	2026-08-22T21:28:19Z	"[""configure-build-and-artifact-check""]"	"[""changed-since-review""]"	"[""275a5279249d527c349f4dfdd4f93cf66e6123eb"",""31650bf8e57d52a812104aeb6cc60449099a86d1"",""57cd7d18c3db8e4e49b94006c5974c1d68dfa5b7"",""5a2ef1ef3ab5a26292f24533787efd9dd00026e0"",""72303663292b3a2a1d86ce8601dfc501acbf9d73"",""79f1a5a2c02c6e6f3b6784b3fe89dd24a230175e"",""813f5899cd3d315aa4c84213e5be5101fc03f698"",""9376af93bbcc443f0d76f6ef0e15c925a8c768ec"",""ffee75be0646f5b9f4dab7abfd84e8746678028f""]"	work-meson-build-if-with-tests-71b7dca6bbb7	read-the-shared-commit-sequence-once-then-check-each-claim
193	review-shared-change-history-41d774592cb536a8f74e5247c9a9a855725b397e-31650bf8e-9c7cdb4ea6cd	shared-change-history	1	1	1	1	2026-08-22T21:42:00Z	2026-08-22T21:42:00Z	"[""repository-native-focused-check""]"	"[""changed-since-review""]"	"[""31650bf8e57d52a812104aeb6cc60449099a86d1"",""41d774592cb536a8f74e5247c9a9a855725b397e"",""813f5899cd3d315aa4c84213e5be5101fc03f698""]"	work-r300-vertex-front-end-parity-manifest-original-line-1-697a7b4c2e43	read-the-shared-commit-sequence-once-then-check-each-claim
194	review-shared-change-history-4c66f695592786d3fe1b7f7b1aaad1a6b8b78f8f-41d774592-d1b11dd64ffa	shared-change-history	1	1	1	1	2026-08-22T21:42:00Z	2026-08-22T21:42:00Z	"[""warning-clean-driver-build-and-focused-test""]"	"[""changed-since-review""]"	"[""31650bf8e57d52a812104aeb6cc60449099a86d1"",""41d774592cb536a8f74e5247c9a9a855725b397e"",""4c66f695592786d3fe1b7f7b1aaad1a6b8b78f8f"",""813f5899cd3d315aa4c84213e5be5101fc03f698""]"	work-r300-vertex-front-end-parity-test-c-static-void-test-72006ada2107	read-the-shared-commit-sequence-once-then-check-each-claim
195	review-shared-change-history-8077376b79a29299a39b37c6178b7a064a9abf29-91836a959-c5458bda30bc	shared-change-history	1	1	1	1	2026-08-22T22:00:14Z	2026-08-22T22:00:14Z	"[""documentation-symbol-and-link-check""]"	"[""changed-since-review""]"	"[""00e3c5dd25deb8545a531a6725b0d76c50156e1c"",""1a5c07ce10d5efc8592101374468c787899d084b"",""225cea235e853f762377956a6329f5e8ab1661b3"",""26b04af5186ffa9c81c9f86ea67d56a9b2ee9baf"",""28d2e439d133914edccaa861df6ddaff6bcc1c71"",""292c0318de096554d204725077710d177a3196f2"",""31650bf8e57d52a812104aeb6cc60449099a86d1"",""41d774592cb536a8f74e5247c9a9a855725b397e"",""4337fab9b7e51ae23d0c1db75c0c107ec1a20f29"",""4420389af742cd6354dceac2584fd4fd8ad74ec8"",""4653e691f1692ad7c7e37835316e6cf7d82fc7bc"",""4b11002d5b38f01f6477a2878352caea8cd28ac7"",""59b77649a80ee880f84ba6a5301467c8cc2c0438"",""6594b309ef5ccb3945196308926ce1a2aa893e94"",""7f7feec24572361f74134376433c0ba63f6219c2"",""8077376b79a29299a39b37c6178b7a064a9abf29"",""813f5899cd3d315aa4c84213e5be5101fc03f698"",""81526f6ae547d3c0d6e7cb30aa26c2215af42e19"",""88ce4466f7a042a93cb70866208c901bf86433c3"",""8e1387b5c97e329dd7b12f9937d691611c40f63e"",""91836a959f1cfda67e5c78a812bc0d90d0a03e90"",""99e93170475b3f8ff2dee9784c5a0149f503108e"",""9dc8b06c19483b20dccaa9d455ca30d77be42b3c"",""9e834dbc3131e3998158efb3a8a7815e1622fce1"",""c3f310b429a8061a7eda94441b306c7b999d5ebc"",""c5861da177d780bb8cf254b0d2777771b1e9c73b"",""c9bd4e6bc836fe7d172176dd0c977779537d14d5"",""c9d5859cab6f6ca834d731a062b23dfd770da496"",""d214e70ed81ffdc8b52ab47be9c8206073cf47ed"",""d2b6fe808983612e78eb95cb0000db4e36b38a21"",""e16bfb045fd1ae8096ede8e4af76356ac7f3157e"",""f743d0f9bec6e673cdd09dfd4554172aaa9b01c7""]"	work-readme-md-rs480-family-integrated-graphics-processors-33f187f923d6	read-the-shared-commit-sequence-once-then-check-each-claim
196	review-shared-change-history-8077376b79a29299a39b37c6178b7a064a9abf29-cf515799b-322f1a7efed2	shared-change-history	1	1	1	1	2026-08-22T22:00:14Z	2026-08-22T22:00:14Z	"[""python-test-black-and-ruff""]"	"[""changed-since-review""]"	"[""01cce6697e2122401327f7dbc7d873adb7b0a897"",""0bb1427b518fc30fd6383d39cfe7485beb1b273b"",""10f9e2fa66fd28b97638124d55113218da2a57d5"",""1ad514dc9e39a5ce3e6373bc35fc84c5c95dbb0c"",""1e7e3d827ac558d04790ca4d6ec5500d6556c974"",""292c0318de096554d204725077710d177a3196f2"",""2fbcf6fb2853932c290283d609f8afea05107ff3"",""31650bf8e57d52a812104aeb6cc60449099a86d1"",""41d774592cb536a8f74e5247c9a9a855725b397e"",""4337fab9b7e51ae23d0c1db75c0c107ec1a20f29"",""4420389af742cd6354dceac2584fd4fd8ad74ec8"",""4eb06a49be58551844a93a51de5639cf64f3558a"",""51e2926b7cd2deabb3dfc6c09e9e3310abca4159"",""6594b309ef5ccb3945196308926ce1a2aa893e94"",""7fc0c23a20f73941a8bb42ff5bca657873683811"",""8077376b79a29299a39b37c6178b7a064a9abf29"",""812cf7df40581a3ccb779baf92fe18a83a552220"",""813f5899cd3d315aa4c84213e5be5101fc03f698"",""966ab4bfce7b70d429f659d57c4e91c64a70f7b8"",""99e93170475b3f8ff2dee9784c5a0149f503108e"",""9e834dbc3131e3998158efb3a8a7815e1622fce1"",""a13d0fb460ac82417fa4a75997014e175752277e"",""a988c2cf707f0190580ac4099b70670084905be3"",""c096215370bdb9dd72176529c0975c271596d5a6"",""c1c76da5053cb35655bd2c46a95fe027fb255e60"",""c3f310b429a8061a7eda94441b306c7b999d5ebc"",""c9bd4e6bc836fe7d172176dd0c977779537d14d5"",""cf515799baad6cc3d9a607bafca9116513e950fc"",""d02bda1a06e35e35f08127a42ace08a0052e6351"",""d214e70ed81ffdc8b52ab47be9c8206073cf47ed"",""d2b6fe808983612e78eb95cb0000db4e36b38a21"",""e50678009138c99f30b83aea23ae083213b8a58c"",""f743d0f9bec6e673cdd09dfd4554172aaa9b01c7""]"	work-r3v-qualification-inventory-py-original-line-206-f8a335e9bde5	read-the-shared-commit-sequence-once-then-check-each-claim
197	review-shared-change-history-24e9863bb0a297de10298b8de7a33e6cfcbbd986-e50678009-d1f886d3abe1	shared-change-history	1	1	1	1	2026-08-22T22:05:11Z	2026-08-22T22:05:11Z	"[""warning-clean-driver-build-and-focused-test""]"	"[""changed-since-review""]"	"[""13683abd6ad3fcbf0d052d1a63b24793b59211fa"",""1d0ecc2e4930d7ebb2c0c0cfb2bf577f02c885b8"",""23809ecb8d46f6153311d7cfa4419b0c57e88a75"",""24e9863bb0a297de10298b8de7a33e6cfcbbd986"",""3bfafd1e35a20b7024389b1ae47af94d979e27fd"",""41d774592cb536a8f74e5247c9a9a855725b397e"",""5453c84376b798dd7cc68a5f65defc68037c4b15"",""8e1387b5c97e329dd7b12f9937d691611c40f63e"",""93ff2e17aeca881926adb92dc6493bb34018be2a"",""a015140709531fdfbb364921ce32e9c3fa56c14c"",""a3d731fddaf773e547e3a057a93394025833e651"",""a988c2cf707f0190580ac4099b70670084905be3"",""b6df2f8ef84dda8b2c505b389e50e3faadada672"",""bd7fcf75397e409a3d1e15e595e940d6411dffc3"",""d2b2d888ed784999a7c90886228532021b52d268"",""e50678009138c99f30b83aea23ae083213b8a58c"",""e68f40792d4bbdcc1961cae439a8b0264c25c9ce"",""ebc8348c2ec8951c28056c17b036a365856cd12a""]"	work-r3v-physical-device-c-r3v-physical-device-init-properties-struct-087d6f8518c2	read-the-shared-commit-sequence-once-then-check-each-claim
198	review-shared-change-history-a015140709531fdfbb364921ce32e9c3fa56c14c-23809ecb8-07379eb31f1b	shared-change-history	1	2	1	2	2026-08-22T22:05:11Z	2026-08-24T01:33:25Z	"[""configure-build-and-artifact-check""]"	"[""changed-since-review""]"	"[""00a98af45542fa3a04d24da888fef34e722f1a6d"",""05d14e686f3620d5822daef37caaf7ab3ea67254"",""1c988d64c05c822b3e508fc21263e9f7489ee2db"",""20286a21d04942790561bc931ea332eb59b6214b"",""23809ecb8d46f6153311d7cfa4419b0c57e88a75"",""263c9e82cb8efb475d1866a0e5566ba060a4ed12"",""27e590ad4c139037e13780e746b466b634b3e8ec"",""292c0318de096554d204725077710d177a3196f2"",""3a80a993583d4f21bb857357f0e5fe55312779fe"",""4420389af742cd6354dceac2584fd4fd8ad74ec8"",""48f01c597f39b22edc69f30e3ac51b36f5ae6b7e"",""4cf709a16011ff323127c8ac179603a5bf5c1552"",""5553f18dd493d70594299d8b24ab9d151f1bd863"",""6b1396652e1c5785277f252d88ceb019a72a1646"",""73759399b38e424bc37ce26f60fa228b6ccc35eb"",""767de3c3f4dda9cef71d83fa3076d90561cd5f61"",""808e258f17e4ae05fd17c90cbe39c9bf47dfdcc4"",""936c7c544ddc1b182f140b1c775e8274f091a986"",""96d38e1d40d871c7c658abcb88df7e7813c81e35"",""a015140709531fdfbb364921ce32e9c3fa56c14c"",""a2bfd6032c81faa75994dfd4f57b279200a0776f"",""abc5b075722040427bd5c78623a0019da55905be"",""af2e4264b1c63c9eabeeed02c323f8b8e919bb74"",""b5acf9f4e07272c713c0c51152a949d9cdd89b83"",""b8802d7a89bc4cea83656fb1a148c9b1d69a9fee"",""e0fb9fdbdf770e324eddc7287998cb6e7a2d5bd6"",""e45a1e504826d09b5326922d82aa9469bd6b966a"",""ed20af083377495eeff79cee060323b7c229b8e4"",""f743d0f9bec6e673cdd09dfd4554172aaa9b01c7"",""ff11e020abbe69be7223ccfcb7636b76e77a9fcb""]"	work-makefile-artifact-check-source-root-check-vostro-prefix-check-7f7d1809db78	read-the-shared-commit-sequence-once-then-check-each-claim
199	review-shared-change-history-1a09900f7b5b27eaeb25fd2cbdb1ccc50c5b173a-a24c5eb9c-e7f0935207d5	shared-change-history	6	6	1	2	2026-08-22T22:10:27Z	2026-08-25T00:31:25Z	"[""python-test-black-and-ruff""]"	"[""changed-since-review""]"	"[""1a09900f7b5b27eaeb25fd2cbdb1ccc50c5b173a"",""3121a86c5cffac9d20016e0d51123c5c667f7b10"",""774bc806f808ee2b73791c12fe09b850d4bf55ea"",""8abe8b6c821699fa18459070f9a9f4489c7d2724"",""a24c5eb9c24106737bcfd940abf27d228afd25b9""]"	work-r3v-rename-ratchet-py-original-line-122-4879ede8fa40	read-the-shared-commit-sequence-once-then-check-each-claim
200	review-shared-change-history-91836a959f1cfda67e5c78a812bc0d90d0a03e90-a01514070-d0df6217217e	shared-change-history	1	1	1	1	2026-08-22T22:10:28Z	2026-08-22T22:10:28Z	"[""documentation-symbol-and-link-check""]"	"[""changed-since-review""]"	"[""23809ecb8d46f6153311d7cfa4419b0c57e88a75"",""3121a86c5cffac9d20016e0d51123c5c667f7b10"",""6c32b4e315c631480f42c9540fd36ec64b0f18e5"",""8abe8b6c821699fa18459070f9a9f4489c7d2724"",""91836a959f1cfda67e5c78a812bc0d90d0a03e90"",""a015140709531fdfbb364921ce32e9c3fa56c14c""]"	work-r3v-rename-allowlist-txt-original-line-14-40a92d3cde2c	read-the-shared-commit-sequence-once-then-check-each-claim
201	review-shared-change-history-679e17425422212a375a34b5712893fd76b1bfbf-f67f00261-4ac265719820	shared-change-history	1	1	1	1	2026-08-22T22:12:37Z	2026-08-22T22:12:37Z	"[""python-test-black-and-ruff""]"	"[""changed-since-review""]"	"[""4ef62b7e547e76ef64806f2b0d8fc07edb98fe9d"",""679e17425422212a375a34b5712893fd76b1bfbf"",""f67f002611b9ce2f703bf32b47c2dce9c3c226b1""]"	work-driver-root-audit-py-original-line-35-d582aea61d41	read-the-shared-commit-sequence-once-then-check-each-claim
202	review-shared-change-history-b994e46a625267a56a6e78ad074d11c2ac5c0296-74e1dd755-16ad0de284e5	shared-change-history	1	1	1	1	2026-08-22T22:12:37Z	2026-08-22T22:12:37Z	"[""repository-native-focused-check""]"	"[""changed-since-review""]"	"[""217378421cb218e216d5f4d135101c25a7892a3b"",""292c0318de096554d204725077710d177a3196f2"",""4420389af742cd6354dceac2584fd4fd8ad74ec8"",""4b965810d471ad11a2c94369a9f75dd127651c3f"",""74e1dd755b905828dd9098207d8d63d77f87e8c8"",""b994e46a625267a56a6e78ad074d11c2ac5c0296"",""f743d0f9bec6e673cdd09dfd4554172aaa9b01c7""]"	work-pkgbuild-install-pkgname-install-d2078529a9e0	read-the-shared-commit-sequence-once-then-check-each-claim
203	review-shared-change-history-6594b309ef5ccb3945196308926ce1a2aa893e94-d214e70ed-9b92cb694a7f	shared-change-history	1	1	1	1	2026-08-22T22:22:49Z	2026-08-22T22:22:49Z	"[""documentation-symbol-and-link-check""]"	"[""changed-since-review""]"	"[""00e3c5dd25deb8545a531a6725b0d76c50156e1c"",""1a5c07ce10d5efc8592101374468c787899d084b"",""225cea235e853f762377956a6329f5e8ab1661b3"",""26b04af5186ffa9c81c9f86ea67d56a9b2ee9baf"",""28d2e439d133914edccaa861df6ddaff6bcc1c71"",""292c0318de096554d204725077710d177a3196f2"",""31650bf8e57d52a812104aeb6cc60449099a86d1"",""41d774592cb536a8f74e5247c9a9a855725b397e"",""4337fab9b7e51ae23d0c1db75c0c107ec1a20f29"",""4420389af742cd6354dceac2584fd4fd8ad74ec8"",""4653e691f1692ad7c7e37835316e6cf7d82fc7bc"",""4b11002d5b38f01f6477a2878352caea8cd28ac7"",""59b77649a80ee880f84ba6a5301467c8cc2c0438"",""6594b309ef5ccb3945196308926ce1a2aa893e94"",""7f7feec24572361f74134376433c0ba63f6219c2"",""813f5899cd3d315aa4c84213e5be5101fc03f698"",""81526f6ae547d3c0d6e7cb30aa26c2215af42e19"",""88ce4466f7a042a93cb70866208c901bf86433c3"",""8e1387b5c97e329dd7b12f9937d691611c40f63e"",""99e93170475b3f8ff2dee9784c5a0149f503108e"",""9dc8b06c19483b20dccaa9d455ca30d77be42b3c"",""9e834dbc3131e3998158efb3a8a7815e1622fce1"",""c3f310b429a8061a7eda94441b306c7b999d5ebc"",""c5861da177d780bb8cf254b0d2777771b1e9c73b"",""c9bd4e6bc836fe7d172176dd0c977779537d14d5"",""c9d5859cab6f6ca834d731a062b23dfd770da496"",""d214e70ed81ffdc8b52ab47be9c8206073cf47ed"",""d2b6fe808983612e78eb95cb0000db4e36b38a21"",""e16bfb045fd1ae8096ede8e4af76356ac7f3157e"",""f743d0f9bec6e673cdd09dfd4554172aaa9b01c7""]"	work-readme-md-gallium-draw-software-tcl-because-mesa-classifies-the-d11e6446f556	read-the-shared-commit-sequence-once-then-check-each-claim
204	review-shared-change-history-d214e70ed81ffdc8b52ab47be9c8206073cf47ed-6bec0aa6f-106ec02e1677	shared-change-history	4	4	1	1	2026-08-22T22:22:49Z	2026-08-22T22:22:49Z	"[""documentation-symbol-and-link-check""]"	"[""changed-since-review""]"	"[""0bb1427b518fc30fd6383d39cfe7485beb1b273b"",""1a5c07ce10d5efc8592101374468c787899d084b"",""31650bf8e57d52a812104aeb6cc60449099a86d1"",""41d774592cb536a8f74e5247c9a9a855725b397e"",""60ae71b6e75360b9cc12dd4b524381da9da7feb4"",""6bec0aa6fbf13ffedd6b43e5cbf2fd5220b34e9c"",""74023eb71b34141ce214b337349fdcec650e7c94"",""7dd3f6fbb379de20d3c2c7d983d24523acfdbd84"",""813f5899cd3d315aa4c84213e5be5101fc03f698"",""8e1387b5c97e329dd7b12f9937d691611c40f63e"",""99e93170475b3f8ff2dee9784c5a0149f503108e"",""9e834dbc3131e3998158efb3a8a7815e1622fce1"",""af766adab77452239b29918eb26f033c0f00b313"",""c9bd4e6bc836fe7d172176dd0c977779537d14d5"",""d02bda1a06e35e35f08127a42ace08a0052e6351"",""d214e70ed81ffdc8b52ab47be9c8206073cf47ed"",""d2b6fe808983612e78eb95cb0000db4e36b38a21""]"	work-r3v-implementation-boundaries-md-and-drm-shim-evidence-rather-than-0f646a640c77	read-the-shared-commit-sequence-once-then-check-each-claim
205	review-shared-change-history-e50678009138c99f30b83aea23ae083213b8a58c-41d774592-0bcb4cc6f876	shared-change-history	1	5	1	2	2026-08-22T22:32:20Z	2026-08-26T06:29:15Z	"[""warning-clean-driver-build-and-focused-test""]"	"[""changed-since-review""]"	"[""13683abd6ad3fcbf0d052d1a63b24793b59211fa"",""1d0ecc2e4930d7ebb2c0c0cfb2bf577f02c885b8"",""23809ecb8d46f6153311d7cfa4419b0c57e88a75"",""3bfafd1e35a20b7024389b1ae47af94d979e27fd"",""41d774592cb536a8f74e5247c9a9a855725b397e"",""5453c84376b798dd7cc68a5f65defc68037c4b15"",""8e1387b5c97e329dd7b12f9937d691611c40f63e"",""93ff2e17aeca881926adb92dc6493bb34018be2a"",""a015140709531fdfbb364921ce32e9c3fa56c14c"",""a3d731fddaf773e547e3a057a93394025833e651"",""a988c2cf707f0190580ac4099b70670084905be3"",""b6df2f8ef84dda8b2c505b389e50e3faadada672"",""bd7fcf75397e409a3d1e15e595e940d6411dffc3"",""d2b2d888ed784999a7c90886228532021b52d268"",""e50678009138c99f30b83aea23ae083213b8a58c"",""e68f40792d4bbdcc1961cae439a8b0264c25c9ce"",""ebc8348c2ec8951c28056c17b036a365856cd12a""]"	work-r3v-physical-device-c-r3v-get-image-format-properties-3dc19611b8c7	read-the-shared-commit-sequence-once-then-check-each-claim
206	review-shared-change-history-c1c76da5053cb35655bd2c46a95fe027fb255e60-e50678009-f1dd62f775d1	shared-change-history	3	3	1	1	2026-08-22T22:52:08Z	2026-08-22T22:52:08Z	"[""warning-clean-driver-build-and-focused-test""]"	"[""changed-since-review""]"	"[""01cce6697e2122401327f7dbc7d873adb7b0a897"",""0f807535cfda5bf35b33bd8869a80d5480b566e4"",""1ad514dc9e39a5ce3e6373bc35fc84c5c95dbb0c"",""275a5279249d527c349f4dfdd4f93cf66e6123eb"",""393cb870255352a00fc9859f2d6624e3f10b2b87"",""41d774592cb536a8f74e5247c9a9a855725b397e"",""5453c84376b798dd7cc68a5f65defc68037c4b15"",""6594b309ef5ccb3945196308926ce1a2aa893e94"",""682648a30f9fe5db7f18772bd953af2e44099437"",""73b4fc07196b5bc9e5505406dfc34f4269407165"",""7dd3f6fbb379de20d3c2c7d983d24523acfdbd84"",""812cf7df40581a3ccb779baf92fe18a83a552220"",""93ff2e17aeca881926adb92dc6493bb34018be2a"",""966ab4bfce7b70d429f659d57c4e91c64a70f7b8"",""a988c2cf707f0190580ac4099b70670084905be3"",""af766adab77452239b29918eb26f033c0f00b313"",""bd7fcf75397e409a3d1e15e595e940d6411dffc3"",""c096215370bdb9dd72176529c0975c271596d5a6"",""c1c76da5053cb35655bd2c46a95fe027fb255e60"",""c7dae69423791abaefee49603b2d45e62086ac19"",""c9bd4e6bc836fe7d172176dd0c977779537d14d5"",""d214e70ed81ffdc8b52ab47be9c8206073cf47ed"",""d2b6fe808983612e78eb95cb0000db4e36b38a21"",""e50678009138c99f30b83aea23ae083213b8a58c""]"	work-r3v-native-submit-order-harness-c-original-line-229-be77caafb553	read-the-shared-commit-sequence-once-then-check-each-claim
207	review-shared-change-history-4eb06a49be58551844a93a51de5639cf64f3558a-7dd3f6fbb-1c238d2829e5	shared-change-history	1	1	1	1	2026-08-22T22:55:48Z	2026-08-22T22:55:48Z	"[""warning-clean-driver-build-and-focused-test""]"	"[""changed-since-review""]"	"[""4eb06a49be58551844a93a51de5639cf64f3558a"",""7dd3f6fbb379de20d3c2c7d983d24523acfdbd84"",""af766adab77452239b29918eb26f033c0f00b313""]"	work-r3v-native-route-timing-digest-test-c-main-void-34efd76d8d3c	read-the-shared-commit-sequence-once-then-check-each-claim
208	review-shared-change-history-6594b309ef5ccb3945196308926ce1a2aa893e94-c09621537-a5be7ca83d64	shared-change-history	1	2	1	2	2026-08-22T23:16:45Z	2026-08-23T08:52:43Z	"[""warning-clean-driver-build-and-focused-test""]"	"[""changed-since-review""]"	"[""01cce6697e2122401327f7dbc7d873adb7b0a897"",""0f807535cfda5bf35b33bd8869a80d5480b566e4"",""1ad514dc9e39a5ce3e6373bc35fc84c5c95dbb0c"",""275a5279249d527c349f4dfdd4f93cf66e6123eb"",""393cb870255352a00fc9859f2d6624e3f10b2b87"",""41d774592cb536a8f74e5247c9a9a855725b397e"",""5453c84376b798dd7cc68a5f65defc68037c4b15"",""6594b309ef5ccb3945196308926ce1a2aa893e94"",""682648a30f9fe5db7f18772bd953af2e44099437"",""73b4fc07196b5bc9e5505406dfc34f4269407165"",""7dd3f6fbb379de20d3c2c7d983d24523acfdbd84"",""812cf7df40581a3ccb779baf92fe18a83a552220"",""93ff2e17aeca881926adb92dc6493bb34018be2a"",""966ab4bfce7b70d429f659d57c4e91c64a70f7b8"",""a988c2cf707f0190580ac4099b70670084905be3"",""af766adab77452239b29918eb26f033c0f00b313"",""bd7fcf75397e409a3d1e15e595e940d6411dffc3"",""c096215370bdb9dd72176529c0975c271596d5a6"",""c7dae69423791abaefee49603b2d45e62086ac19"",""c9bd4e6bc836fe7d172176dd0c977779537d14d5"",""d214e70ed81ffdc8b52ab47be9c8206073cf47ed"",""d2b6fe808983612e78eb95cb0000db4e36b38a21""]"	work-r3v-native-submit-order-harness-c-run-arm-enum-arm-e2b8586c7be2	read-the-shared-commit-sequence-once-then-check-each-claim
209	review-shared-change-history-01cce6697e2122401327f7dbc7d873adb7b0a897-5f7f33471-8f09e85e0ff3	shared-change-history	1	1	1	1	2026-08-23T01:37:46Z	2026-08-23T01:37:46Z	"[""documentation-symbol-and-link-check""]"	"[""changed-since-review""]"	"[""01cce6697e2122401327f7dbc7d873adb7b0a897"",""5f7f33471182c79abf7be14959f87ba8297665fd""]"	work-r3v-native-attended-fetched-gpu-producer-procedure-md-original-line-d14af10c5b7a	read-the-shared-commit-sequence-once-then-check-each-claim
210	review-shared-change-history-d214e70ed81ffdc8b52ab47be9c8206073cf47ed-41d774592-09a8f8fb4dd4	shared-change-history	1	1	1	1	2026-08-23T01:40:37Z	2026-08-23T01:40:37Z	"[""warning-clean-driver-build-and-focused-test""]"	"[""changed-since-review""]"	"[""0f807535cfda5bf35b33bd8869a80d5480b566e4"",""10f9e2fa66fd28b97638124d55113218da2a57d5"",""13701e615400edf1e437c61df559419793a3088f"",""1ad514dc9e39a5ce3e6373bc35fc84c5c95dbb0c"",""275a5279249d527c349f4dfdd4f93cf66e6123eb"",""300a75557165c988818944e1fef1157d847406bc"",""31650bf8e57d52a812104aeb6cc60449099a86d1"",""41d774592cb536a8f74e5247c9a9a855725b397e"",""51e2926b7cd2deabb3dfc6c09e9e3310abca4159"",""5453c84376b798dd7cc68a5f65defc68037c4b15"",""5f2615641abebc5f1631fb02285d20a93808cbfb"",""64fa102e611a869ea31d47a31fdf72ad84f28711"",""73b4fc07196b5bc9e5505406dfc34f4269407165"",""7d380acb9b92d0de445217a4c35eb53cccc03901"",""7dd3f6fbb379de20d3c2c7d983d24523acfdbd84"",""813f5899cd3d315aa4c84213e5be5101fc03f698"",""84cf229c0d6e290d4a5694efa957454bc04b22c9"",""93ff2e17aeca881926adb92dc6493bb34018be2a"",""966ab4bfce7b70d429f659d57c4e91c64a70f7b8"",""a190f69df686f6558b0e3ef847ef62793ffcaf50"",""a988c2cf707f0190580ac4099b70670084905be3"",""af766adab77452239b29918eb26f033c0f00b313"",""bd7fcf75397e409a3d1e15e595e940d6411dffc3"",""c5cc11945f60ddc34a1011b1bde47762a33887ab"",""c7dae69423791abaefee49603b2d45e62086ac19"",""c9bd4e6bc836fe7d172176dd0c977779537d14d5"",""d214e70ed81ffdc8b52ab47be9c8206073cf47ed"",""d2b6fe808983612e78eb95cb0000db4e36b38a21"",""dc60471e58b6198ffe3b065d3164d08a4afa0664"",""eae1df80d9c7db3162ed27614fc74de2325ad665"",""ebc8348c2ec8951c28056c17b036a365856cd12a""]"	work-r3v-native-cell-c-admit-fetched-producer-struct-r3v-native-0049d6bdab02	read-the-shared-commit-sequence-once-then-check-each-claim
211	review-shared-change-history-01cce6697e2122401327f7dbc7d873adb7b0a897-5f7f33471-91d1a28e3047	shared-change-history	1	3	1	1	2026-08-23T05:09:32Z	2026-08-23T05:09:32Z	"[""documentation-symbol-and-link-check""]"	"[""changed-since-review""]"	"[""01cce6697e2122401327f7dbc7d873adb7b0a897"",""31650bf8e57d52a812104aeb6cc60449099a86d1"",""5f7f33471182c79abf7be14959f87ba8297665fd"",""813f5899cd3d315aa4c84213e5be5101fc03f698""]"	work-rs482-native-delivery-route-admission-and-oracle-model-md-format-8e166018fb84	read-the-shared-commit-sequence-once-then-check-each-claim
212	review-shared-change-history-7dd3f6fbb379de20d3c2c7d983d24523acfdbd84-af766adab-6dc2b789e755	shared-change-history	1	1	1	1	2026-08-23T06:28:10Z	2026-08-23T06:28:10Z	"[""warning-clean-driver-build-and-focused-test""]"	"[""changed-since-review""]"	"[""7dd3f6fbb379de20d3c2c7d983d24523acfdbd84"",""af766adab77452239b29918eb26f033c0f00b313""]"	work-r3v-native-route-timing-digest-test-c-main-int-argc-d160cbadb9e4	read-the-shared-commit-sequence-once-then-check-each-claim
213	review-shared-change-history-c9bd4e6bc836fe7d172176dd0c977779537d14d5-1a8033cbe-0075713083f8	shared-change-history	1	1	1	1	2026-08-23T07:41:41Z	2026-08-23T07:41:41Z	"[""warning-clean-driver-build-and-focused-test""]"	"[""changed-since-review""]"	"[""02e7f3afc1737a1a04a35d22ed9ca7c40570b75c"",""0aceb8aa9606b0e4381e1ce5afc099c8914a3ef1"",""1a8033cbeec7650ebd5a0cce7c298aa06d6d67d8"",""1b0a2e11dfb54b35af550012234ff5648ebf0111"",""2232b3ab7b2baef2666bd3f5bf23193e0af2f86e"",""275a5279249d527c349f4dfdd4f93cf66e6123eb"",""2e670ab6365099e3d31a1a6fd8ff9aaaa74d98fc"",""3a32ad98562dd20c4860014c53ef5e95e7c0680b"",""4fafa6b132c1c458d76646f2f6b10e603f5d663f"",""511ef9d736cf3e3800c25b31dd5abe0e0540a6a3"",""5a113dd59561dce74f0d5a85883e99ffe6fd097c"",""5f2615641abebc5f1631fb02285d20a93808cbfb"",""64fa102e611a869ea31d47a31fdf72ad84f28711"",""7ac62205eb882df42462d849cc549086b59227ea"",""7d380acb9b92d0de445217a4c35eb53cccc03901"",""7dd3f6fbb379de20d3c2c7d983d24523acfdbd84"",""84cf229c0d6e290d4a5694efa957454bc04b22c9"",""92a1e7e25e0001dd6fee922eb0e74dbb75ca6996"",""92fc8a2c371472b667a10471e6f8a18de66fd847"",""93ff2e17aeca881926adb92dc6493bb34018be2a"",""a0b08e61fb38f57fe17f038bfaddd9f5dd47ef34"",""ae2e0183f6953f872bb04b6b929b374b6f8ac1ae"",""af766adab77452239b29918eb26f033c0f00b313"",""bd7fcf75397e409a3d1e15e595e940d6411dffc3"",""c5cc11945f60ddc34a1011b1bde47762a33887ab"",""c9bd4e6bc836fe7d172176dd0c977779537d14d5"",""d81fbed896c223ef4073f8c95c2a51801b178252"",""dc60471e58b6198ffe3b065d3164d08a4afa0664"",""dd37f92a3695930472990d530e70d88add9ec48d"",""dede1a1b318fb4cbc3b4314f1354cd20ee2e6ecd"",""f6a34ad39990d74a4752ccfdf0d67c55b398fef5"",""f743d0f9bec6e673cdd09dfd4554172aaa9b01c7""]"	work-r300-tcl-bypass-triangle-c-original-line-35-47d27cd7183b	read-the-shared-commit-sequence-once-then-check-each-claim
214	review-shared-change-history-c9bd4e6bc836fe7d172176dd0c977779537d14d5-a190f69df-608c9aedae91	shared-change-history	1	1	1	1	2026-08-23T08:52:43Z	2026-08-23T08:52:43Z	"[""warning-clean-driver-build-and-focused-test""]"	"[""changed-since-review""]"	"[""10f9e2fa66fd28b97638124d55113218da2a57d5"",""1ad514dc9e39a5ce3e6373bc35fc84c5c95dbb0c"",""2a11aa0c8253be67db77dd45cc6f02e8ad4b5c77"",""393cb870255352a00fc9859f2d6624e3f10b2b87"",""51e2926b7cd2deabb3dfc6c09e9e3310abca4159"",""5453c84376b798dd7cc68a5f65defc68037c4b15"",""682648a30f9fe5db7f18772bd953af2e44099437"",""73b4fc07196b5bc9e5505406dfc34f4269407165"",""7d380acb9b92d0de445217a4c35eb53cccc03901"",""7dd3f6fbb379de20d3c2c7d983d24523acfdbd84"",""93ff2e17aeca881926adb92dc6493bb34018be2a"",""966ab4bfce7b70d429f659d57c4e91c64a70f7b8"",""98959caa8f8f735899b1d1390d650d1ae450887e"",""a190f69df686f6558b0e3ef847ef62793ffcaf50"",""a988c2cf707f0190580ac4099b70670084905be3"",""af766adab77452239b29918eb26f033c0f00b313"",""bd7fcf75397e409a3d1e15e595e940d6411dffc3"",""c7dae69423791abaefee49603b2d45e62086ac19"",""c9bd4e6bc836fe7d172176dd0c977779537d14d5"",""dc60471e58b6198ffe3b065d3164d08a4afa0664"",""ebc8348c2ec8951c28056c17b036a365856cd12a"",""ecc21f36cf7893d5fc9ea51a13b33377fe5b11b1""]"	work-r3v-native-draw-c-r3v-cmddraw-vkcommandbuffer-commandbuffer-uint32-t-3b03554923a2	read-the-shared-commit-sequence-once-then-check-each-claim
215	review-shared-change-history-c5cc11945f60ddc34a1011b1bde47762a33887ab-64fa102e6-d12d9b9fc690	shared-change-history	1	2	1	1	2026-08-23T10:01:22Z	2026-08-23T10:01:23Z	"[""warning-clean-driver-build-and-focused-test""]"	"[""changed-since-review""]"	"[""64fa102e611a869ea31d47a31fdf72ad84f28711"",""c5cc11945f60ddc34a1011b1bde47762a33887ab""]"	work-r300-triangle-manifest-c-main-int-argc-char-argv-f7cd5813dd0c	read-the-shared-commit-sequence-once-then-check-each-claim
216	review-shared-change-history-2a11aa0c8253be67db77dd45cc6f02e8ad4b5c77-adfa7ce2b-3f47822071f6	shared-change-history	1	1	1	1	2026-08-23T10:26:39Z	2026-08-23T10:26:39Z	"[""warning-clean-driver-build-and-focused-test""]"	"[""changed-since-review""]"	"[""14d41350a7d29ed484b247e119139600650ea080"",""26b04af5186ffa9c81c9f86ea67d56a9b2ee9baf"",""275a5279249d527c349f4dfdd4f93cf66e6123eb"",""2a11aa0c8253be67db77dd45cc6f02e8ad4b5c77"",""300a75557165c988818944e1fef1157d847406bc"",""5f2615641abebc5f1631fb02285d20a93808cbfb"",""64fa102e611a869ea31d47a31fdf72ad84f28711"",""73b4fc07196b5bc9e5505406dfc34f4269407165"",""7dd3f6fbb379de20d3c2c7d983d24523acfdbd84"",""84cf229c0d6e290d4a5694efa957454bc04b22c9"",""adfa7ce2b0e930e3f198f703477c8c0797338246"",""af766adab77452239b29918eb26f033c0f00b313"",""baf48620c79c19566965936e10cb66c5c1419cf5"",""bd7fcf75397e409a3d1e15e595e940d6411dffc3"",""c5cc11945f60ddc34a1011b1bde47762a33887ab"",""c7dae69423791abaefee49603b2d45e62086ac19"",""dc380fd9cddf1f112abf0921f5478bd9142ad359"",""eae1df80d9c7db3162ed27614fc74de2325ad665"",""ebc8348c2ec8951c28056c17b036a365856cd12a"",""ecc21f36cf7893d5fc9ea51a13b33377fe5b11b1""]"	work-r3v-native-queue-c-enum-r3v-native-observed-route-bac9b09ccbb5	read-the-shared-commit-sequence-once-then-check-each-claim
217	review-shared-change-history-d02bda1a06e35e35f08127a42ace08a0052e6351-0bb1427b5-b554b841d054	shared-change-history	1	1	1	1	2026-08-23T10:26:39Z	2026-08-23T10:26:39Z	"[""python-test-black-and-ruff""]"	"[""changed-since-review""]"	"[""0bb1427b518fc30fd6383d39cfe7485beb1b273b"",""10f9e2fa66fd28b97638124d55113218da2a57d5"",""1ad514dc9e39a5ce3e6373bc35fc84c5c95dbb0c"",""1e7e3d827ac558d04790ca4d6ec5500d6556c974"",""292c0318de096554d204725077710d177a3196f2"",""31650bf8e57d52a812104aeb6cc60449099a86d1"",""4337fab9b7e51ae23d0c1db75c0c107ec1a20f29"",""4420389af742cd6354dceac2584fd4fd8ad74ec8"",""51e2926b7cd2deabb3dfc6c09e9e3310abca4159"",""812cf7df40581a3ccb779baf92fe18a83a552220"",""813f5899cd3d315aa4c84213e5be5101fc03f698"",""966ab4bfce7b70d429f659d57c4e91c64a70f7b8"",""a13d0fb460ac82417fa4a75997014e175752277e"",""a988c2cf707f0190580ac4099b70670084905be3"",""c3f310b429a8061a7eda94441b306c7b999d5ebc"",""d02bda1a06e35e35f08127a42ace08a0052e6351"",""f743d0f9bec6e673cdd09dfd4554172aaa9b01c7""]"	work-r3v-qualification-inventory-py-original-line-115-b7998f1a8b6c	read-the-shared-commit-sequence-once-then-check-each-claim
218	review-shared-change-history-d02bda1a06e35e35f08127a42ace08a0052e6351-723036632-9187abbd32ff	shared-change-history	1	2	1	1	2026-08-23T10:26:39Z	2026-08-23T10:26:39Z	"[""warning-clean-driver-build-and-focused-test""]"	"[""changed-since-review""]"	"[""0d0e7f74784c996c7bf1d4414fb3a02dafa8beff"",""31650bf8e57d52a812104aeb6cc60449099a86d1"",""72303663292b3a2a1d86ce8601dfc501acbf9d73"",""73b4fc07196b5bc9e5505406dfc34f4269407165"",""813f5899cd3d315aa4c84213e5be5101fc03f698"",""8e1387b5c97e329dd7b12f9937d691611c40f63e"",""9a264e890516b55dedf0be15e63febe56a5c9224"",""ac11072b3279364cb257784f8129c9aa4fa3df39"",""bd7fcf75397e409a3d1e15e595e940d6411dffc3"",""c7dae69423791abaefee49603b2d45e62086ac19"",""d02bda1a06e35e35f08127a42ace08a0052e6351""]"	work-r3v-native-compute-c-r3v-native-cmd-buffer-execute-deferred-c0ced8e843f8	read-the-shared-commit-sequence-once-then-check-each-claim
219	review-shared-change-history-300a75557165c988818944e1fef1157d847406bc-92a1e7e25-18e350b97f44	shared-change-history	1	2	1	2	2026-08-23T10:34:58Z	2026-08-26T06:46:49Z	"[""warning-clean-driver-build-and-focused-test""]"	"[""changed-since-review""]"	"[""0aceb8aa9606b0e4381e1ce5afc099c8914a3ef1"",""13cc6f08740b4a4086d2fd1119c5cbcee86e3dbe"",""2232b3ab7b2baef2666bd3f5bf23193e0af2f86e"",""300a75557165c988818944e1fef1157d847406bc"",""5453c84376b798dd7cc68a5f65defc68037c4b15"",""5f2615641abebc5f1631fb02285d20a93808cbfb"",""64fa102e611a869ea31d47a31fdf72ad84f28711"",""7d380acb9b92d0de445217a4c35eb53cccc03901"",""7dd3f6fbb379de20d3c2c7d983d24523acfdbd84"",""84cf229c0d6e290d4a5694efa957454bc04b22c9"",""8e4c01d4aaf5dbfe222d2bd3763b7ca906eb129c"",""92a1e7e25e0001dd6fee922eb0e74dbb75ca6996"",""93ff2e17aeca881926adb92dc6493bb34018be2a"",""a4c39ca2b71127b4a9ffe6a3e524428977fc7c61"",""ae2e0183f6953f872bb04b6b929b374b6f8ac1ae"",""af766adab77452239b29918eb26f033c0f00b313"",""c5cc11945f60ddc34a1011b1bde47762a33887ab"",""dd37f92a3695930472990d530e70d88add9ec48d"",""eae1df80d9c7db3162ed27614fc74de2325ad665"",""f743d0f9bec6e673cdd09dfd4554172aaa9b01c7""]"	work-r3v-native-arming-runner-c-main-int-argc-char-argv-c11be7853cf4	read-the-shared-commit-sequence-once-then-check-each-claim
220	review-shared-change-history-8e1387b5c97e329dd7b12f9937d691611c40f63e-60ae71b6e-453960ecc138	shared-change-history	1	2	1	1	2026-08-23T16:28:26Z	2026-08-23T16:28:26Z	"[""documentation-symbol-and-link-check""]"	"[""changed-since-review""]"	"[""1a5c07ce10d5efc8592101374468c787899d084b"",""31650bf8e57d52a812104aeb6cc60449099a86d1"",""60ae71b6e75360b9cc12dd4b524381da9da7feb4"",""7dd3f6fbb379de20d3c2c7d983d24523acfdbd84"",""813f5899cd3d315aa4c84213e5be5101fc03f698"",""8e1387b5c97e329dd7b12f9937d691611c40f63e"",""af766adab77452239b29918eb26f033c0f00b313""]"	work-r3v-implementation-boundaries-md-reference-pass-offline-kernel-parser-re-c3000375a3dc	read-the-shared-commit-sequence-once-then-check-each-claim
221	review-shared-change-history-8e1387b5c97e329dd7b12f9937d691611c40f63e-60ae71b6e-30e067e63fc8	shared-change-history	1	1	1	1	2026-08-23T21:06:41Z	2026-08-23T21:06:41Z	"[""warning-clean-driver-build-and-focused-test""]"	"[""changed-since-review""]"	"[""60ae71b6e75360b9cc12dd4b524381da9da7feb4"",""8e1387b5c97e329dd7b12f9937d691611c40f63e"",""c9d5859cab6f6ca834d731a062b23dfd770da496""]"	work-r300-compute-verb-c-r300-compute-verb-rows-valid-const-fb88b09d2bae	read-the-shared-commit-sequence-once-then-check-each-claim
222	review-shared-change-history-8e1387b5c97e329dd7b12f9937d691611c40f63e-60ae71b6e-8b4fdac8d7a2	shared-change-history	1	1	1	1	2026-08-23T21:06:42Z	2026-08-23T21:06:42Z	"[""warning-clean-driver-build-and-focused-test""]"	"[""changed-since-review""]"	"[""60ae71b6e75360b9cc12dd4b524381da9da7feb4"",""8e1387b5c97e329dd7b12f9937d691611c40f63e""]"	work-r300-compute-verb-h-enum-r300-compute-verb-2d9ca2088e13	read-the-shared-commit-sequence-once-then-check-each-claim
223	review-shared-change-history-2d088af50f199d4685ea3b4c6b6ced163d5b0f8e-e0b3d4ae9-c54a5ef11b15	shared-change-history	2	2	1	1	2026-08-23T21:27:24Z	2026-08-23T21:27:24Z	"[""documentation-symbol-and-link-check""]"	"[""changed-since-review""]"	"[""292c0318de096554d204725077710d177a3196f2"",""2d088af50f199d4685ea3b4c6b6ced163d5b0f8e"",""4420389af742cd6354dceac2584fd4fd8ad74ec8"",""4b0c1f55abd1c9d84022973e14fd40d639426ec9"",""51f57acd4012136e17651596b9591d25d90d6175"",""5f3d4601460d80140c3e6de31fee224d4c69cab7"",""65ab7cab5157a9fcfa5db5fc83f1005f317b5549"",""6c94fa74ff9c5cf359fee995d278623e8e51d06f"",""aa981dd2fb3a6b1901dc611f950542979c2730a5"",""bc38bb8840c92d4b64d9f25d5d83c5f2345007c7"",""e0b3d4ae96501d1c7fd89713ff078bb2f1653bb8"",""f743d0f9bec6e673cdd09dfd4554172aaa9b01c7""]"	work-agents-md-emitting-after-issuing-the-prefetch-the-one-wait-8af6c430f1a2	read-the-shared-commit-sequence-once-then-check-each-claim
224	review-shared-change-history-1099b1c71adc2055b4018cb4b6bc70cc9a7223f0-1d0ecc2e4-352dc243b37a	shared-change-history	2	2	1	1	2026-08-23T21:47:34Z	2026-08-23T21:55:07Z	"[""warning-clean-driver-build-and-focused-test""]"	"[""changed-since-review""]"	"[""04d636a37d48da0593766c683cb26b9bbd1ba82b"",""1099b1c71adc2055b4018cb4b6bc70cc9a7223f0"",""1d0ecc2e4930d7ebb2c0c0cfb2bf577f02c885b8"",""2cb307652cc8b14e61abd9fd3d71ff5e935c5eae"",""710d7e3c12b5e6eecd6a9356de5295618b201d1d"",""813f5899cd3d315aa4c84213e5be5101fc03f698"",""ebc8348c2ec8951c28056c17b036a365856cd12a""]"	work-r3v-native-transfer-ops-test-c-original-line-169-8a9f3e2f621e	read-the-shared-commit-sequence-once-then-check-each-claim
225	review-shared-change-history-a190f69df686f6558b0e3ef847ef62793ffcaf50-9a264e890-60e73dfd6289	shared-change-history	2	4	1	1	2026-08-23T21:55:06Z	2026-08-23T21:55:07Z	"[""warning-clean-driver-build-and-focused-test""]"	"[""changed-since-review""]"	"[""1099b1c71adc2055b4018cb4b6bc70cc9a7223f0"",""1219d78e0411c9c13549f9b4cda1e4577e0ad8fb"",""2a11aa0c8253be67db77dd45cc6f02e8ad4b5c77"",""2cb307652cc8b14e61abd9fd3d71ff5e935c5eae"",""73b4fc07196b5bc9e5505406dfc34f4269407165"",""98959caa8f8f735899b1d1390d650d1ae450887e"",""9a264e890516b55dedf0be15e63febe56a5c9224"",""a190f69df686f6558b0e3ef847ef62793ffcaf50"",""a3d731fddaf773e547e3a057a93394025833e651"",""adfa7ce2b0e930e3f198f703477c8c0797338246"",""bd7fcf75397e409a3d1e15e595e940d6411dffc3"",""c7dae69423791abaefee49603b2d45e62086ac19"",""dc60471e58b6198ffe3b065d3164d08a4afa0664"",""ebc8348c2ec8951c28056c17b036a365856cd12a"",""ecc21f36cf7893d5fc9ea51a13b33377fe5b11b1"",""ed39a483c8022512d3d540d03211bc58dcbf2fcf""]"	work-r3v-native-recording-c-r3v-cmdbeginquery-f57553b30383	read-the-shared-commit-sequence-once-then-check-each-claim
226	review-shared-change-history-0d0e7f74784c996c7bf1d4414fb3a02dafa8beff-8e1387b5c-bf6eefe9963b	shared-change-history	1	3	1	1	2026-08-23T21:59:35Z	2026-08-23T21:59:35Z	"[""warning-clean-driver-build-and-focused-test""]"	"[""changed-since-review""]"	"[""0d0e7f74784c996c7bf1d4414fb3a02dafa8beff"",""8e1387b5c97e329dd7b12f9937d691611c40f63e""]"	work-r3v-native-descriptor-test-c-check-update-poison-const-struct-de0168abcf31	read-the-shared-commit-sequence-once-then-check-each-claim
227	review-shared-change-history-0d0e7f74784c996c7bf1d4414fb3a02dafa8beff-8e1387b5c-c6d38f8c31df	shared-change-history	3	5	1	2	2026-08-23T21:59:35Z	2026-08-24T20:29:55Z	"[""warning-clean-driver-build-and-focused-test""]"	"[""changed-since-review""]"	"[""0d0e7f74784c996c7bf1d4414fb3a02dafa8beff"",""31650bf8e57d52a812104aeb6cc60449099a86d1"",""73b4fc07196b5bc9e5505406dfc34f4269407165"",""813f5899cd3d315aa4c84213e5be5101fc03f698"",""8e1387b5c97e329dd7b12f9937d691611c40f63e"",""bd7fcf75397e409a3d1e15e595e940d6411dffc3"",""c7dae69423791abaefee49603b2d45e62086ac19""]"	work-r3v-native-compute-c-r3v-cmdbinddescriptorsets-vkcommandbuffer-commandbu-c29168f34ac1	read-the-shared-commit-sequence-once-then-check-each-claim
228	review-shared-change-history-98959caa8f8f735899b1d1390d650d1ae450887e-1ad514dc9-098692370c94	shared-change-history	1	1	1	1	2026-08-23T22:03:52Z	2026-08-23T22:03:52Z	"[""warning-clean-driver-build-and-focused-test""]"	"[""changed-since-review""]"	"[""0d0e7f74784c996c7bf1d4414fb3a02dafa8beff"",""1099b1c71adc2055b4018cb4b6bc70cc9a7223f0"",""10f9e2fa66fd28b97638124d55113218da2a57d5"",""13683abd6ad3fcbf0d052d1a63b24793b59211fa"",""13701e615400edf1e437c61df559419793a3088f"",""1ad514dc9e39a5ce3e6373bc35fc84c5c95dbb0c"",""1d0ecc2e4930d7ebb2c0c0cfb2bf577f02c885b8"",""26b04af5186ffa9c81c9f86ea67d56a9b2ee9baf"",""2a11aa0c8253be67db77dd45cc6f02e8ad4b5c77"",""2cb307652cc8b14e61abd9fd3d71ff5e935c5eae"",""300a75557165c988818944e1fef1157d847406bc"",""393cb870255352a00fc9859f2d6624e3f10b2b87"",""3bfafd1e35a20b7024389b1ae47af94d979e27fd"",""4337fab9b7e51ae23d0c1db75c0c107ec1a20f29"",""51e2926b7cd2deabb3dfc6c09e9e3310abca4159"",""5453c84376b798dd7cc68a5f65defc68037c4b15"",""5f2615641abebc5f1631fb02285d20a93808cbfb"",""64fa102e611a869ea31d47a31fdf72ad84f28711"",""682648a30f9fe5db7f18772bd953af2e44099437"",""73b4fc07196b5bc9e5505406dfc34f4269407165"",""7d380acb9b92d0de445217a4c35eb53cccc03901"",""7dd3f6fbb379de20d3c2c7d983d24523acfdbd84"",""812cf7df40581a3ccb779baf92fe18a83a552220"",""84cf229c0d6e290d4a5694efa957454bc04b22c9"",""93ff2e17aeca881926adb92dc6493bb34018be2a"",""98959caa8f8f735899b1d1390d650d1ae450887e"",""a3d731fddaf773e547e3a057a93394025833e651"",""a988c2cf707f0190580ac4099b70670084905be3"",""adfa7ce2b0e930e3f198f703477c8c0797338246"",""af766adab77452239b29918eb26f033c0f00b313"",""baf48620c79c19566965936e10cb66c5c1419cf5"",""bd7fcf75397e409a3d1e15e595e940d6411dffc3"",""c3f310b429a8061a7eda94441b306c7b999d5ebc"",""c5cc11945f60ddc34a1011b1bde47762a33887ab"",""c7dae69423791abaefee49603b2d45e62086ac19"",""dc60471e58b6198ffe3b065d3164d08a4afa0664"",""eae1df80d9c7db3162ed27614fc74de2325ad665"",""ebc8348c2ec8951c28056c17b036a365856cd12a"",""ecc21f36cf7893d5fc9ea51a13b33377fe5b11b1"",""fb709b391ec528b8f9c767dab90eb785d8093594""]"	work-r3v-native-h-struct-r3v-native-vertex-stream-desc-48564f5af6d1	read-the-shared-commit-sequence-once-then-check-each-claim
229	review-shared-change-history-812cf7df40581a3ccb779baf92fe18a83a552220-ebc8348c2-8fca71601632	shared-change-history	1	1	1	1	2026-08-23T22:15:13Z	2026-08-23T22:15:13Z	"[""warning-clean-driver-build-and-focused-test""]"	"[""changed-since-review""]"	"[""10f9e2fa66fd28b97638124d55113218da2a57d5"",""31650bf8e57d52a812104aeb6cc60449099a86d1"",""4337fab9b7e51ae23d0c1db75c0c107ec1a20f29"",""51e2926b7cd2deabb3dfc6c09e9e3310abca4159"",""7c1ae10614621a6c0653b6c631606a1f57523d2c"",""812cf7df40581a3ccb779baf92fe18a83a552220"",""813f5899cd3d315aa4c84213e5be5101fc03f698"",""bd7fcf75397e409a3d1e15e595e940d6411dffc3"",""c3f310b429a8061a7eda94441b306c7b999d5ebc"",""ebc8348c2ec8951c28056c17b036a365856cd12a""]"	work-r3v-native-pipeline-c-fixed-state-matches-cell-const-vkgraphicspipelinec-e421fcd80050	read-the-shared-commit-sequence-once-then-check-each-claim
230	review-shared-change-history-b6df2f8ef84dda8b2c505b389e50e3faadada672-b07680fb7-e1e1655efbfd	shared-change-history	1	1	1	1	2026-08-23T22:16:21Z	2026-08-23T22:16:21Z	"[""warning-clean-driver-build-and-focused-test""]"	"[""changed-since-review""]"	"[""23809ecb8d46f6153311d7cfa4419b0c57e88a75"",""8e1387b5c97e329dd7b12f9937d691611c40f63e"",""a015140709531fdfbb364921ce32e9c3fa56c14c"",""b07680fb71b43cbb214cfc737d798fc4c5df1fd7"",""b6df2f8ef84dda8b2c505b389e50e3faadada672"",""ebc8348c2ec8951c28056c17b036a365856cd12a""]"	work-r3v-private-h-extern-c-63a21abce17b	read-the-shared-commit-sequence-once-then-check-each-claim
231	review-shared-change-history-1219d78e0411c9c13549f9b4cda1e4577e0ad8fb-adfa7ce2b-c80d7a30fee3	shared-change-history	2	3	1	2	2026-08-23T22:25:42Z	2026-08-23T22:32:15Z	"[""warning-clean-driver-build-and-focused-test""]"	"[""changed-since-review""]"	"[""1099b1c71adc2055b4018cb4b6bc70cc9a7223f0"",""1219d78e0411c9c13549f9b4cda1e4577e0ad8fb"",""2cb307652cc8b14e61abd9fd3d71ff5e935c5eae"",""73b4fc07196b5bc9e5505406dfc34f4269407165"",""a3d731fddaf773e547e3a057a93394025833e651"",""adfa7ce2b0e930e3f198f703477c8c0797338246"",""bd7fcf75397e409a3d1e15e595e940d6411dffc3"",""c7dae69423791abaefee49603b2d45e62086ac19"",""dc60471e58b6198ffe3b065d3164d08a4afa0664"",""ebc8348c2ec8951c28056c17b036a365856cd12a"",""ecc21f36cf7893d5fc9ea51a13b33377fe5b11b1"",""ed39a483c8022512d3d540d03211bc58dcbf2fcf""]"	work-r3v-native-recording-c-r3v-native-copy-buffer-range-ok-218308edec53	read-the-shared-commit-sequence-once-then-check-each-claim
232	review-shared-change-history-adfa7ce2b0e930e3f198f703477c8c0797338246-13683abd6-1ac9701306b8	shared-change-history	1	2	1	1	2026-08-23T22:25:42Z	2026-08-23T22:25:43Z	"[""warning-clean-driver-build-and-focused-test""]"	"[""changed-since-review""]"	"[""13683abd6ad3fcbf0d052d1a63b24793b59211fa"",""adfa7ce2b0e930e3f198f703477c8c0797338246""]"	work-r3v-native-object-c-r3v-resetevent-vkdevice-device-vkevent-event-010649ed9072	read-the-shared-commit-sequence-once-then-check-each-claim
233	review-shared-change-history-1219d78e0411c9c13549f9b4cda1e4577e0ad8fb-adfa7ce2b-015cffcd0d68	shared-change-history	1	1	1	1	2026-08-23T22:25:43Z	2026-08-23T22:25:43Z	"[""warning-clean-driver-build-and-focused-test""]"	"[""changed-since-review""]"	"[""1219d78e0411c9c13549f9b4cda1e4577e0ad8fb"",""13683abd6ad3fcbf0d052d1a63b24793b59211fa"",""2cb307652cc8b14e61abd9fd3d71ff5e935c5eae"",""2e18300a2b42035a97b5fd350656b99cb9dbd7e0"",""8e1387b5c97e329dd7b12f9937d691611c40f63e"",""adfa7ce2b0e930e3f198f703477c8c0797338246"",""ed39a483c8022512d3d540d03211bc58dcbf2fcf"",""f1303a67375b2ed706f3befc1395ade340b8a774""]"	work-r3v-native-object-lifetime-test-c-check-sampler-use-fail-988552c6abb0	read-the-shared-commit-sequence-once-then-check-each-claim
234	review-shared-change-history-adfa7ce2b0e930e3f198f703477c8c0797338246-a3d731fdd-c1e537fd76a8	shared-change-history	1	2	1	1	2026-08-23T22:26:59Z	2026-08-23T22:26:59Z	"[""warning-clean-driver-build-and-focused-test""]"	"[""changed-since-review""]"	"[""1099b1c71adc2055b4018cb4b6bc70cc9a7223f0"",""2cb307652cc8b14e61abd9fd3d71ff5e935c5eae"",""73b4fc07196b5bc9e5505406dfc34f4269407165"",""a3d731fddaf773e547e3a057a93394025833e651"",""adfa7ce2b0e930e3f198f703477c8c0797338246"",""bd7fcf75397e409a3d1e15e595e940d6411dffc3"",""c7dae69423791abaefee49603b2d45e62086ac19"",""dc60471e58b6198ffe3b065d3164d08a4afa0664"",""ebc8348c2ec8951c28056c17b036a365856cd12a"",""ecc21f36cf7893d5fc9ea51a13b33377fe5b11b1"",""ed39a483c8022512d3d540d03211bc58dcbf2fcf""]"	work-r3v-native-recording-c-r3v-cmdendquery-290ec3676967	read-the-shared-commit-sequence-once-then-check-each-claim
235	review-shared-change-history-adfa7ce2b0e930e3f198f703477c8c0797338246-f1303a673-eb52e990f886	shared-change-history	1	1	1	1	2026-08-23T22:26:59Z	2026-08-23T22:26:59Z	"[""warning-clean-driver-build-and-focused-test""]"	"[""changed-since-review""]"	"[""13683abd6ad3fcbf0d052d1a63b24793b59211fa"",""2cb307652cc8b14e61abd9fd3d71ff5e935c5eae"",""2e18300a2b42035a97b5fd350656b99cb9dbd7e0"",""8e1387b5c97e329dd7b12f9937d691611c40f63e"",""adfa7ce2b0e930e3f198f703477c8c0797338246"",""ed39a483c8022512d3d540d03211bc58dcbf2fcf"",""f1303a67375b2ed706f3befc1395ade340b8a774""]"	work-r3v-native-object-lifetime-test-c-check-query-zero-span-2e2a1a740763	read-the-shared-commit-sequence-once-then-check-each-claim
236	review-shared-change-history-2e18300a2b42035a97b5fd350656b99cb9dbd7e0-8e1387b5c-d75a39fe988c	shared-change-history	1	3	1	1	2026-08-23T22:28:47Z	2026-08-23T22:28:47Z	"[""warning-clean-driver-build-and-focused-test""]"	"[""changed-since-review""]"	"[""13683abd6ad3fcbf0d052d1a63b24793b59211fa"",""2cb307652cc8b14e61abd9fd3d71ff5e935c5eae"",""2e18300a2b42035a97b5fd350656b99cb9dbd7e0"",""8e1387b5c97e329dd7b12f9937d691611c40f63e"",""ed39a483c8022512d3d540d03211bc58dcbf2fcf""]"	work-r3v-native-object-lifetime-test-c-check-host-events-const-3759cddb8cfb	read-the-shared-commit-sequence-once-then-check-each-claim
237	review-shared-change-history-a3d731fddaf773e547e3a057a93394025833e651-1099b1c71-ed73f39b066f	shared-change-history	1	1	1	1	2026-08-23T22:32:15Z	2026-08-23T22:32:15Z	"[""warning-clean-driver-build-and-focused-test""]"	"[""changed-since-review""]"	"[""0d0e7f74784c996c7bf1d4414fb3a02dafa8beff"",""1099b1c71adc2055b4018cb4b6bc70cc9a7223f0"",""10f9e2fa66fd28b97638124d55113218da2a57d5"",""13683abd6ad3fcbf0d052d1a63b24793b59211fa"",""13701e615400edf1e437c61df559419793a3088f"",""1d0ecc2e4930d7ebb2c0c0cfb2bf577f02c885b8"",""26b04af5186ffa9c81c9f86ea67d56a9b2ee9baf"",""2cb307652cc8b14e61abd9fd3d71ff5e935c5eae"",""300a75557165c988818944e1fef1157d847406bc"",""393cb870255352a00fc9859f2d6624e3f10b2b87"",""3bfafd1e35a20b7024389b1ae47af94d979e27fd"",""4337fab9b7e51ae23d0c1db75c0c107ec1a20f29"",""51e2926b7cd2deabb3dfc6c09e9e3310abca4159"",""5453c84376b798dd7cc68a5f65defc68037c4b15"",""5f2615641abebc5f1631fb02285d20a93808cbfb"",""64fa102e611a869ea31d47a31fdf72ad84f28711"",""682648a30f9fe5db7f18772bd953af2e44099437"",""73b4fc07196b5bc9e5505406dfc34f4269407165"",""7d380acb9b92d0de445217a4c35eb53cccc03901"",""7dd3f6fbb379de20d3c2c7d983d24523acfdbd84"",""84cf229c0d6e290d4a5694efa957454bc04b22c9"",""93ff2e17aeca881926adb92dc6493bb34018be2a"",""a3d731fddaf773e547e3a057a93394025833e651"",""af766adab77452239b29918eb26f033c0f00b313"",""baf48620c79c19566965936e10cb66c5c1419cf5"",""bd7fcf75397e409a3d1e15e595e940d6411dffc3"",""c3f310b429a8061a7eda94441b306c7b999d5ebc"",""c5cc11945f60ddc34a1011b1bde47762a33887ab"",""c7dae69423791abaefee49603b2d45e62086ac19"",""dc60471e58b6198ffe3b065d3164d08a4afa0664"",""eae1df80d9c7db3162ed27614fc74de2325ad665"",""ebc8348c2ec8951c28056c17b036a365856cd12a"",""ecc21f36cf7893d5fc9ea51a13b33377fe5b11b1"",""fb709b391ec528b8f9c767dab90eb785d8093594""]"	work-r3v-native-h-struct-r3v-native-query-pool-0d4140e72d67	read-the-shared-commit-sequence-once-then-check-each-claim
238	review-shared-change-history-a015140709531fdfbb364921ce32e9c3fa56c14c-23809ecb8-8ff3b83a197c	shared-change-history	1	1	1	1	2026-08-23T22:32:51Z	2026-08-23T22:32:51Z	"[""warning-clean-driver-build-and-focused-test""]"	"[""changed-since-review""]"	"[""13683abd6ad3fcbf0d052d1a63b24793b59211fa"",""1d0ecc2e4930d7ebb2c0c0cfb2bf577f02c885b8"",""23809ecb8d46f6153311d7cfa4419b0c57e88a75"",""3bfafd1e35a20b7024389b1ae47af94d979e27fd"",""5453c84376b798dd7cc68a5f65defc68037c4b15"",""8e1387b5c97e329dd7b12f9937d691611c40f63e"",""93ff2e17aeca881926adb92dc6493bb34018be2a"",""a015140709531fdfbb364921ce32e9c3fa56c14c"",""a3d731fddaf773e547e3a057a93394025833e651"",""bd7fcf75397e409a3d1e15e595e940d6411dffc3"",""d2b2d888ed784999a7c90886228532021b52d268"",""e68f40792d4bbdcc1961cae439a8b0264c25c9ce"",""ebc8348c2ec8951c28056c17b036a365856cd12a""]"	work-r3v-physical-device-c-r3v-physical-device-init-limits-struct-45aed731754b	read-the-shared-commit-sequence-once-then-check-each-claim
239	review-shared-change-history-ca164de881b81c1338ca63091bc50aa43c6c99f8-2e18300a2-4c2f857f7f3e	shared-change-history	1	3	1	3	2026-08-24T15:56:46Z	2026-08-26T15:24:30Z	"[""configure-build-and-artifact-check""]"	"[""changed-since-review""]"	"[""00e3c5dd25deb8545a531a6725b0d76c50156e1c"",""0aceb8aa9606b0e4381e1ce5afc099c8914a3ef1"",""0d0e7f74784c996c7bf1d4414fb3a02dafa8beff"",""10f9e2fa66fd28b97638124d55113218da2a57d5"",""13683abd6ad3fcbf0d052d1a63b24793b59211fa"",""13701e615400edf1e437c61df559419793a3088f"",""13cc6f08740b4a4086d2fd1119c5cbcee86e3dbe"",""15e794e1b6218b8fe59b7e9577a07d2b0a38aa99"",""1a09900f7b5b27eaeb25fd2cbdb1ccc50c5b173a"",""2232b3ab7b2baef2666bd3f5bf23193e0af2f86e"",""225cea235e853f762377956a6329f5e8ab1661b3"",""26b04af5186ffa9c81c9f86ea67d56a9b2ee9baf"",""2cb307652cc8b14e61abd9fd3d71ff5e935c5eae"",""2e18300a2b42035a97b5fd350656b99cb9dbd7e0"",""300a75557165c988818944e1fef1157d847406bc"",""31650bf8e57d52a812104aeb6cc60449099a86d1"",""393cb870255352a00fc9859f2d6624e3f10b2b87"",""4337fab9b7e51ae23d0c1db75c0c107ec1a20f29"",""451d77f250a30cb4c968c8474b0ffaa1a8f1b123"",""4653e691f1692ad7c7e37835316e6cf7d82fc7bc"",""4b11002d5b38f01f6477a2878352caea8cd28ac7"",""51e2926b7cd2deabb3dfc6c09e9e3310abca4159"",""5453c84376b798dd7cc68a5f65defc68037c4b15"",""59b77649a80ee880f84ba6a5301467c8cc2c0438"",""5f2615641abebc5f1631fb02285d20a93808cbfb"",""64fa102e611a869ea31d47a31fdf72ad84f28711"",""682648a30f9fe5db7f18772bd953af2e44099437"",""6d7b0b5c0c5292f9b8563651b0351f714353e630"",""710d7e3c12b5e6eecd6a9356de5295618b201d1d"",""74e17e547d51997ffb074a92b1f74bef56c702a0"",""7d380acb9b92d0de445217a4c35eb53cccc03901"",""7d847324637a0c3fdb998778fe6ab0b5242107ee"",""7dd3f6fbb379de20d3c2c7d983d24523acfdbd84"",""7f7feec24572361f74134376433c0ba63f6219c2"",""813f5899cd3d315aa4c84213e5be5101fc03f698"",""84cf229c0d6e290d4a5694efa957454bc04b22c9"",""88ce4466f7a042a93cb70866208c901bf86433c3"",""8e1387b5c97e329dd7b12f9937d691611c40f63e"",""8e4c01d4aaf5dbfe222d2bd3763b7ca906eb129c"",""99ae7f779dd196aec81f5eef3c02f0ddf0f2fbbc"",""9dc8b06c19483b20dccaa9d455ca30d77be42b3c"",""9f65f5f61e53a9ca26b082e1b27222c374cd28da"",""a4c39ca2b71127b4a9ffe6a3e524428977fc7c61"",""a62e4497766aff089ee68b72c96c0721935b3290"",""ae2e0183f6953f872bb04b6b929b374b6f8ac1ae"",""af766adab77452239b29918eb26f033c0f00b313"",""baf48620c79c19566965936e10cb66c5c1419cf5"",""bd7fcf75397e409a3d1e15e595e940d6411dffc3"",""be6eb55ff61e6ac44b7e475f70f9edc76d1f8d5b"",""c3f310b429a8061a7eda94441b306c7b999d5ebc"",""c5cc11945f60ddc34a1011b1bde47762a33887ab"",""c6f998b2c5c8a4e04c6bfd515c88cc88b42a4ffd"",""ca164de881b81c1338ca63091bc50aa43c6c99f8"",""e68f40792d4bbdcc1961cae439a8b0264c25c9ce"",""eae1df80d9c7db3162ed27614fc74de2325ad665"",""f743d0f9bec6e673cdd09dfd4554172aaa9b01c7""]"	work-meson-build-if-with-tests-and-with-tools-contains-drm-1eebd483b0f6	read-the-shared-commit-sequence-once-then-check-each-claim
240	review-shared-change-history-a3d731fddaf773e547e3a057a93394025833e651-8e1387b5c-481c617c7ec6	shared-change-history	1	1	1	1	2026-08-24T19:55:10Z	2026-08-24T19:55:10Z	"[""schema-generator-and-mutation-check""]"	"[""changed-since-review""]"	"[""13683abd6ad3fcbf0d052d1a63b24793b59211fa"",""8e1387b5c97e329dd7b12f9937d691611c40f63e"",""93ff2e17aeca881926adb92dc6493bb34018be2a"",""a3d731fddaf773e547e3a057a93394025833e651"",""bd7fcf75397e409a3d1e15e595e940d6411dffc3"",""ebc8348c2ec8951c28056c17b036a365856cd12a""]"	work-r3v-advertised-surface-deqp-binding-tsv-original-line-8-9b9190c10f30	read-the-shared-commit-sequence-once-then-check-each-claim
241	review-shared-change-history-8e1387b5c97e329dd7b12f9937d691611c40f63e-13683abd6-0375eab40766	shared-change-history	1	1	1	1	2026-08-24T19:55:11Z	2026-08-24T19:55:11Z	"[""warning-clean-driver-build-and-focused-test""]"	"[""changed-since-review""]"	"[""13683abd6ad3fcbf0d052d1a63b24793b59211fa"",""2cb307652cc8b14e61abd9fd3d71ff5e935c5eae"",""8e1387b5c97e329dd7b12f9937d691611c40f63e"",""ed39a483c8022512d3d540d03211bc58dcbf2fcf""]"	work-r3v-native-object-lifetime-test-c-check-buffer-binding-const-414936dceb58	read-the-shared-commit-sequence-once-then-check-each-claim
242	review-shared-change-history-8e1387b5c97e329dd7b12f9937d691611c40f63e-bd7fcf753-f92cd387f01b	shared-change-history	1	1	1	1	2026-08-24T20:04:47Z	2026-08-24T20:04:47Z	"[""warning-clean-driver-build-and-focused-test""]"	"[""changed-since-review""]"	"[""31650bf8e57d52a812104aeb6cc60449099a86d1"",""73b4fc07196b5bc9e5505406dfc34f4269407165"",""813f5899cd3d315aa4c84213e5be5101fc03f698"",""8e1387b5c97e329dd7b12f9937d691611c40f63e"",""bd7fcf75397e409a3d1e15e595e940d6411dffc3"",""c7dae69423791abaefee49603b2d45e62086ac19""]"	work-r3v-native-compute-c-r3v-createdescriptorsetlayout-vkdevice-device-f637baf936e2	read-the-shared-commit-sequence-once-then-check-each-claim
243	review-shared-change-history-1099b1c71adc2055b4018cb4b6bc70cc9a7223f0-ebc8348c2-d190129ae80b	shared-change-history	1	1	1	1	2026-08-24T20:12:10Z	2026-08-24T20:12:10Z	"[""warning-clean-driver-build-and-focused-test""]"	"[""changed-since-review""]"	"[""1099b1c71adc2055b4018cb4b6bc70cc9a7223f0"",""2cb307652cc8b14e61abd9fd3d71ff5e935c5eae"",""73b4fc07196b5bc9e5505406dfc34f4269407165"",""bd7fcf75397e409a3d1e15e595e940d6411dffc3"",""c7dae69423791abaefee49603b2d45e62086ac19"",""dc60471e58b6198ffe3b065d3164d08a4afa0664"",""ebc8348c2ec8951c28056c17b036a365856cd12a"",""ecc21f36cf7893d5fc9ea51a13b33377fe5b11b1"",""ed39a483c8022512d3d540d03211bc58dcbf2fcf""]"	work-r3v-native-recording-c-r3v-cmdclearcolorimage-64444ff4dc3d	read-the-shared-commit-sequence-once-then-check-each-claim
244	review-shared-change-history-88ce4466f7a042a93cb70866208c901bf86433c3-225cea235-5b349f40bcf9	shared-change-history	10	12	1	2	2026-08-24T20:12:38Z	2026-08-24T22:18:59Z	"[""python-test-black-and-ruff""]"	"[""changed-since-review""]"	"[""00e3c5dd25deb8545a531a6725b0d76c50156e1c"",""1f91536e6394b52f3969336a0b585106c3b6e5f9"",""225cea235e853f762377956a6329f5e8ab1661b3"",""292c0318de096554d204725077710d177a3196f2"",""4420389af742cd6354dceac2584fd4fd8ad74ec8"",""59b77649a80ee880f84ba6a5301467c8cc2c0438"",""7f7feec24572361f74134376433c0ba63f6219c2"",""81526f6ae547d3c0d6e7cb30aa26c2215af42e19"",""88ce4466f7a042a93cb70866208c901bf86433c3"",""d78bf73c847ebdd6cfc11b5e8d8931c5489a9307"",""f743d0f9bec6e673cdd09dfd4554172aaa9b01c7"",""fb709b391ec528b8f9c767dab90eb785d8093594""]"	work-r3v-conformance-runner-py-original-line-233-89aeb9bc6035	read-the-shared-commit-sequence-once-then-check-each-claim
245	review-shared-change-history-0d0e7f74784c996c7bf1d4414fb3a02dafa8beff-13683abd6-b58c8ba366b5	shared-change-history	1	1	1	1	2026-08-24T20:12:39Z	2026-08-24T20:12:39Z	"[""schema-generator-and-mutation-check""]"	"[""changed-since-review""]"	"[""0d0e7f74784c996c7bf1d4414fb3a02dafa8beff"",""13683abd6ad3fcbf0d052d1a63b24793b59211fa"",""393cb870255352a00fc9859f2d6624e3f10b2b87"",""41ed3670d8f5557938e79d43a08dd9cd15768dbf"",""682648a30f9fe5db7f18772bd953af2e44099437"",""93ff2e17aeca881926adb92dc6493bb34018be2a"",""a628623143f80181b4a864337e2afdecf89fb1d1"",""b2c7a53aead941875e0c67204a025df54f2b5d9c"",""c8846a1d98433ba5e541093122a6daea7d348658"",""e8445512d3a15311e53b3539068a736e04c79ee1"",""ed39a483c8022512d3d540d03211bc58dcbf2fcf""]"	work-r3v-conformance-nonpass-ledger-tsv-original-line-2-eb6786ee734c	read-the-shared-commit-sequence-once-then-check-each-claim
246	review-shared-change-history-8e1387b5c97e329dd7b12f9937d691611c40f63e-e68f40792-b2f97213d851	shared-change-history	1	1	1	1	2026-08-24T20:21:15Z	2026-08-24T20:21:15Z	"[""warning-clean-driver-build-and-focused-test""]"	"[""changed-since-review""]"	"[""13683abd6ad3fcbf0d052d1a63b24793b59211fa"",""1d0ecc2e4930d7ebb2c0c0cfb2bf577f02c885b8"",""3bfafd1e35a20b7024389b1ae47af94d979e27fd"",""5453c84376b798dd7cc68a5f65defc68037c4b15"",""8e1387b5c97e329dd7b12f9937d691611c40f63e"",""93ff2e17aeca881926adb92dc6493bb34018be2a"",""bd7fcf75397e409a3d1e15e595e940d6411dffc3"",""d2b2d888ed784999a7c90886228532021b52d268"",""e68f40792d4bbdcc1961cae439a8b0264c25c9ce"",""ebc8348c2ec8951c28056c17b036a365856cd12a""]"	work-r3v-physical-device-c-r3v-getphysicaldevicequeuefamilyproperties2-vkphys-19ae2db7502b	read-the-shared-commit-sequence-once-then-check-each-claim
247	review-shared-change-history-60ae71b6e75360b9cc12dd4b524381da9da7feb4-c9d5859ca-1fdf182244de	shared-change-history	1	2	1	1	2026-08-24T20:32:31Z	2026-08-24T20:32:31Z	"[""warning-clean-driver-build-and-focused-test""]"	"[""changed-since-review""]"	"[""60ae71b6e75360b9cc12dd4b524381da9da7feb4"",""c9d5859cab6f6ca834d731a062b23dfd770da496""]"	work-r300-compute-verb-c-static-const-struct-r300-compute-verb-e298b05a31e3	read-the-shared-commit-sequence-once-then-check-each-claim
248	review-shared-change-history-225cea235e853f762377956a6329f5e8ab1661b3-1f91536e6-76cc56194d6c	shared-change-history	4	4	1	1	2026-08-24T21:55:46Z	2026-08-24T22:12:53Z	"[""python-test-black-and-ruff""]"	"[""changed-since-review""]"	"[""1f91536e6394b52f3969336a0b585106c3b6e5f9"",""225cea235e853f762377956a6329f5e8ab1661b3""]"	work-r3v-conformance-partition-py-original-line-216-0809d4e66236	read-the-shared-commit-sequence-once-then-check-each-claim
249	review-shared-change-history-88ce4466f7a042a93cb70866208c901bf86433c3-225cea235-069074e6bc40	shared-change-history	1	1	1	1	2026-08-24T21:55:46Z	2026-08-24T21:55:46Z	"[""python-test-black-and-ruff""]"	"[""changed-since-review""]"	"[""1f91536e6394b52f3969336a0b585106c3b6e5f9"",""225cea235e853f762377956a6329f5e8ab1661b3"",""88ce4466f7a042a93cb70866208c901bf86433c3""]"	work-r3v-conformance-partition-py-original-line-245-a2f69a5dda2b	read-the-shared-commit-sequence-once-then-check-each-claim
250	review-shared-change-history-225cea235e853f762377956a6329f5e8ab1661b3-7f7feec24-e8940c4528a5	shared-change-history	2	19	1	5	2026-08-24T22:19:00Z	2026-08-25T05:19:08Z	"[""python-test-black-and-ruff""]"	"[""changed-since-review""]"	"[""00e3c5dd25deb8545a531a6725b0d76c50156e1c"",""1f91536e6394b52f3969336a0b585106c3b6e5f9"",""225cea235e853f762377956a6329f5e8ab1661b3"",""292c0318de096554d204725077710d177a3196f2"",""4420389af742cd6354dceac2584fd4fd8ad74ec8"",""59b77649a80ee880f84ba6a5301467c8cc2c0438"",""7f7feec24572361f74134376433c0ba63f6219c2"",""81526f6ae547d3c0d6e7cb30aa26c2215af42e19"",""d78bf73c847ebdd6cfc11b5e8d8931c5489a9307"",""f743d0f9bec6e673cdd09dfd4554172aaa9b01c7"",""fb709b391ec528b8f9c767dab90eb785d8093594""]"	work-r3v-conformance-runner-py-def-execute-args-9396c0cd229d	read-the-shared-commit-sequence-once-then-check-each-claim
251	review-shared-change-history-225cea235e853f762377956a6329f5e8ab1661b3-7f7feec24-eea41b438440	shared-change-history	1	1	1	1	2026-08-24T22:25:29Z	2026-08-24T22:25:29Z	"[""documentation-symbol-and-link-check""]"	"[""changed-since-review""]"	"[""00e3c5dd25deb8545a531a6725b0d76c50156e1c"",""1a5c07ce10d5efc8592101374468c787899d084b"",""225cea235e853f762377956a6329f5e8ab1661b3"",""26b04af5186ffa9c81c9f86ea67d56a9b2ee9baf"",""28d2e439d133914edccaa861df6ddaff6bcc1c71"",""292c0318de096554d204725077710d177a3196f2"",""31650bf8e57d52a812104aeb6cc60449099a86d1"",""4337fab9b7e51ae23d0c1db75c0c107ec1a20f29"",""4420389af742cd6354dceac2584fd4fd8ad74ec8"",""4b11002d5b38f01f6477a2878352caea8cd28ac7"",""59b77649a80ee880f84ba6a5301467c8cc2c0438"",""7f7feec24572361f74134376433c0ba63f6219c2"",""813f5899cd3d315aa4c84213e5be5101fc03f698"",""81526f6ae547d3c0d6e7cb30aa26c2215af42e19"",""c3f310b429a8061a7eda94441b306c7b999d5ebc"",""c5861da177d780bb8cf254b0d2777771b1e9c73b"",""c9d5859cab6f6ca834d731a062b23dfd770da496"",""e16bfb045fd1ae8096ede8e4af76356ac7f3157e"",""f743d0f9bec6e673cdd09dfd4554172aaa9b01c7""]"	work-readme-md-hazard-is-assigned-from-the-cts-sources-a-d9bc20366441	read-the-shared-commit-sequence-once-then-check-each-claim
252	review-shared-change-history-300a75557165c988818944e1fef1157d847406bc-bd7fcf753-637fb81ee318	shared-change-history	10	10	1	2	2026-08-24T22:28:04Z	2026-08-24T22:58:07Z	"[""warning-clean-driver-build-and-focused-test""]"	"[""changed-since-review""]"	"[""300a75557165c988818944e1fef1157d847406bc"",""bd7fcf75397e409a3d1e15e595e940d6411dffc3""]"	work-r3v-native-plan-c-original-line-220-0649dd453d54	read-the-shared-commit-sequence-once-then-check-each-claim
253	review-shared-change-history-4653e691f1692ad7c7e37835316e6cf7d82fc7bc-baf48620c-4eead625b6da	shared-change-history	1	2	1	2	2026-08-24T22:28:04Z	2026-08-24T23:31:33Z	"[""configure-build-and-artifact-check""]"	"[""changed-since-review""]"	"[""00e3c5dd25deb8545a531a6725b0d76c50156e1c"",""0aceb8aa9606b0e4381e1ce5afc099c8914a3ef1"",""10f9e2fa66fd28b97638124d55113218da2a57d5"",""13683abd6ad3fcbf0d052d1a63b24793b59211fa"",""13701e615400edf1e437c61df559419793a3088f"",""13cc6f08740b4a4086d2fd1119c5cbcee86e3dbe"",""15e794e1b6218b8fe59b7e9577a07d2b0a38aa99"",""1a09900f7b5b27eaeb25fd2cbdb1ccc50c5b173a"",""2232b3ab7b2baef2666bd3f5bf23193e0af2f86e"",""225cea235e853f762377956a6329f5e8ab1661b3"",""26b04af5186ffa9c81c9f86ea67d56a9b2ee9baf"",""2cb307652cc8b14e61abd9fd3d71ff5e935c5eae"",""300a75557165c988818944e1fef1157d847406bc"",""31650bf8e57d52a812104aeb6cc60449099a86d1"",""393cb870255352a00fc9859f2d6624e3f10b2b87"",""4337fab9b7e51ae23d0c1db75c0c107ec1a20f29"",""451d77f250a30cb4c968c8474b0ffaa1a8f1b123"",""4653e691f1692ad7c7e37835316e6cf7d82fc7bc"",""4b11002d5b38f01f6477a2878352caea8cd28ac7"",""51e2926b7cd2deabb3dfc6c09e9e3310abca4159"",""5453c84376b798dd7cc68a5f65defc68037c4b15"",""59b77649a80ee880f84ba6a5301467c8cc2c0438"",""5f2615641abebc5f1631fb02285d20a93808cbfb"",""64fa102e611a869ea31d47a31fdf72ad84f28711"",""682648a30f9fe5db7f18772bd953af2e44099437"",""6d7b0b5c0c5292f9b8563651b0351f714353e630"",""710d7e3c12b5e6eecd6a9356de5295618b201d1d"",""74e17e547d51997ffb074a92b1f74bef56c702a0"",""7d380acb9b92d0de445217a4c35eb53cccc03901"",""7dd3f6fbb379de20d3c2c7d983d24523acfdbd84"",""7f7feec24572361f74134376433c0ba63f6219c2"",""813f5899cd3d315aa4c84213e5be5101fc03f698"",""84cf229c0d6e290d4a5694efa957454bc04b22c9"",""8e4c01d4aaf5dbfe222d2bd3763b7ca906eb129c"",""99ae7f779dd196aec81f5eef3c02f0ddf0f2fbbc"",""9f65f5f61e53a9ca26b082e1b27222c374cd28da"",""a4c39ca2b71127b4a9ffe6a3e524428977fc7c61"",""a62e4497766aff089ee68b72c96c0721935b3290"",""ae2e0183f6953f872bb04b6b929b374b6f8ac1ae"",""af766adab77452239b29918eb26f033c0f00b313"",""baf48620c79c19566965936e10cb66c5c1419cf5"",""bd7fcf75397e409a3d1e15e595e940d6411dffc3"",""be6eb55ff61e6ac44b7e475f70f9edc76d1f8d5b"",""c3f310b429a8061a7eda94441b306c7b999d5ebc"",""c5cc11945f60ddc34a1011b1bde47762a33887ab"",""c6f998b2c5c8a4e04c6bfd515c88cc88b42a4ffd"",""e68f40792d4bbdcc1961cae439a8b0264c25c9ce"",""eae1df80d9c7db3162ed27614fc74de2325ad665"",""f743d0f9bec6e673cdd09dfd4554172aaa9b01c7""]"	work-meson-build-r3v-native-files-files-ddc0c86c5189	read-the-shared-commit-sequence-once-then-check-each-claim
254	review-shared-change-history-7d847324637a0c3fdb998778fe6ab0b5242107ee-300a75557-b363c98fddec	shared-change-history	2	2	1	1	2026-08-24T22:28:04Z	2026-08-24T22:28:04Z	"[""warning-clean-driver-build-and-focused-test""]"	"[""changed-since-review""]"	"[""300a75557165c988818944e1fef1157d847406bc"",""7d847324637a0c3fdb998778fe6ab0b5242107ee"",""bd7fcf75397e409a3d1e15e595e940d6411dffc3""]"	work-r3v-native-plan-c-original-line-308-47b1f8227465	read-the-shared-commit-sequence-once-then-check-each-claim
255	review-shared-change-history-26b04af5186ffa9c81c9f86ea67d56a9b2ee9baf-59b77649a-d2ed9ef1cfd2	shared-change-history	6	6	1	1	2026-08-24T22:49:31Z	2026-08-24T23:23:10Z	"[""warning-clean-driver-build-and-focused-test""]"	"[""changed-since-review""]"	"[""26b04af5186ffa9c81c9f86ea67d56a9b2ee9baf"",""300a75557165c988818944e1fef1157d847406bc"",""59b77649a80ee880f84ba6a5301467c8cc2c0438"",""bd7fcf75397e409a3d1e15e595e940d6411dffc3"",""fb709b391ec528b8f9c767dab90eb785d8093594""]"	work-r3v-native-plan-capture-c-original-line-204-9ee85ce5ffdf	read-the-shared-commit-sequence-once-then-check-each-claim
256	review-shared-change-history-baf48620c79c19566965936e10cb66c5c1419cf5-26b04af51-078e7bb0e076	shared-change-history	3	3	1	1	2026-08-24T22:49:31Z	2026-08-24T22:59:18Z	"[""warning-clean-driver-build-and-focused-test""]"	"[""changed-since-review""]"	"[""26b04af5186ffa9c81c9f86ea67d56a9b2ee9baf"",""300a75557165c988818944e1fef1157d847406bc"",""59b77649a80ee880f84ba6a5301467c8cc2c0438"",""baf48620c79c19566965936e10cb66c5c1419cf5"",""bd7fcf75397e409a3d1e15e595e940d6411dffc3"",""fb709b391ec528b8f9c767dab90eb785d8093594""]"	work-r3v-native-plan-capture-c-original-line-53-360eccac05d3	read-the-shared-commit-sequence-once-then-check-each-claim
257	review-shared-change-history-7f7feec24572361f74134376433c0ba63f6219c2-d78bf73c8-d5bc5e15fa49	shared-change-history	4	10	1	3	2026-08-24T22:56:21Z	2026-08-25T05:19:08Z	"[""python-test-black-and-ruff""]"	"[""changed-since-review""]"	"[""00e3c5dd25deb8545a531a6725b0d76c50156e1c"",""1f91536e6394b52f3969336a0b585106c3b6e5f9"",""292c0318de096554d204725077710d177a3196f2"",""4420389af742cd6354dceac2584fd4fd8ad74ec8"",""59b77649a80ee880f84ba6a5301467c8cc2c0438"",""7f7feec24572361f74134376433c0ba63f6219c2"",""81526f6ae547d3c0d6e7cb30aa26c2215af42e19"",""d78bf73c847ebdd6cfc11b5e8d8931c5489a9307"",""f743d0f9bec6e673cdd09dfd4554172aaa9b01c7"",""fb709b391ec528b8f9c767dab90eb785d8093594""]"	work-r3v-conformance-runner-py-def-selftest-fixture-qpa-b5b9f885426e	read-the-shared-commit-sequence-once-then-check-each-claim
258	review-shared-change-history-baf48620c79c19566965936e10cb66c5c1419cf5-26b04af51-288d8415e6d1	shared-change-history	1	3	1	2	2026-08-24T22:59:18Z	2026-08-25T00:08:24Z	"[""warning-clean-driver-build-and-focused-test""]"	"[""changed-since-review""]"	"[""26b04af5186ffa9c81c9f86ea67d56a9b2ee9baf"",""baf48620c79c19566965936e10cb66c5c1419cf5"",""fb709b391ec528b8f9c767dab90eb785d8093594""]"	work-r3v-native-device-c-r3v-createdevice-vkphysicaldevice-physicaldevice-61cd5ee7eac7	read-the-shared-commit-sequence-once-then-check-each-claim
259	review-shared-change-history-13683abd6ad3fcbf0d052d1a63b24793b59211fa-1d0ecc2e4-49d9c1326d97	shared-change-history	1	2	1	2	2026-08-24T23:23:43Z	2026-08-26T04:25:51Z	"[""warning-clean-driver-build-and-focused-test""]"	"[""changed-since-review""]"	"[""13683abd6ad3fcbf0d052d1a63b24793b59211fa"",""1d0ecc2e4930d7ebb2c0c0cfb2bf577f02c885b8"",""3bfafd1e35a20b7024389b1ae47af94d979e27fd"",""5453c84376b798dd7cc68a5f65defc68037c4b15"",""93ff2e17aeca881926adb92dc6493bb34018be2a"",""bd7fcf75397e409a3d1e15e595e940d6411dffc3"",""ebc8348c2ec8951c28056c17b036a365856cd12a""]"	work-r3v-physical-device-c-r3v-get-format-properties-const-struct-9f2e5eccc034	read-the-shared-commit-sequence-once-then-check-each-claim
260	review-shared-change-history-1d0ecc2e4930d7ebb2c0c0cfb2bf577f02c885b8-60ae71b6e-e72868182dc3	shared-change-history	8	8	1	1	2026-08-24T23:26:48Z	2026-08-24T23:50:26Z	"[""documentation-symbol-and-link-check""]"	"[""changed-since-review""]"	"[""1d0ecc2e4930d7ebb2c0c0cfb2bf577f02c885b8"",""292c0318de096554d204725077710d177a3196f2"",""31650bf8e57d52a812104aeb6cc60449099a86d1"",""4420389af742cd6354dceac2584fd4fd8ad74ec8"",""60ae71b6e75360b9cc12dd4b524381da9da7feb4"",""813f5899cd3d315aa4c84213e5be5101fc03f698"",""b2c7a53aead941875e0c67204a025df54f2b5d9c"",""c5861da177d780bb8cf254b0d2777771b1e9c73b"",""de712cd4c674f476c5c2d9b6371da8907b8eebe8"",""f743d0f9bec6e673cdd09dfd4554172aaa9b01c7""]"	work-r3v-host-model-fail-decomposition-md-original-line-112-d51947035e19	read-the-shared-commit-sequence-once-then-check-each-claim
261	review-shared-change-history-9b1e0fb29210904f70fdb11ad11c645580b8a678-1d0ecc2e4-d9f492abf461	shared-change-history	3	4	1	1	2026-08-24T23:26:48Z	2026-08-24T23:26:48Z	"[""documentation-symbol-and-link-check""]"	"[""changed-since-review""]"	"[""1d0ecc2e4930d7ebb2c0c0cfb2bf577f02c885b8"",""292c0318de096554d204725077710d177a3196f2"",""31650bf8e57d52a812104aeb6cc60449099a86d1"",""4420389af742cd6354dceac2584fd4fd8ad74ec8"",""60ae71b6e75360b9cc12dd4b524381da9da7feb4"",""813f5899cd3d315aa4c84213e5be5101fc03f698"",""9b1e0fb29210904f70fdb11ad11c645580b8a678"",""b2c7a53aead941875e0c67204a025df54f2b5d9c"",""c5861da177d780bb8cf254b0d2777771b1e9c73b"",""de712cd4c674f476c5c2d9b6371da8907b8eebe8"",""f743d0f9bec6e673cdd09dfd4554172aaa9b01c7""]"	work-r3v-host-model-fail-decomposition-md-original-line-110-df794fa7aea7	read-the-shared-commit-sequence-once-then-check-each-claim
262	review-shared-change-history-7f7feec24572361f74134376433c0ba63f6219c2-4b11002d5-c5e151bb60ab	shared-change-history	1	1	1	1	2026-08-24T23:32:21Z	2026-08-24T23:32:21Z	"[""documentation-symbol-and-link-check""]"	"[""changed-since-review""]"	"[""00e3c5dd25deb8545a531a6725b0d76c50156e1c"",""1a5c07ce10d5efc8592101374468c787899d084b"",""26b04af5186ffa9c81c9f86ea67d56a9b2ee9baf"",""28d2e439d133914edccaa861df6ddaff6bcc1c71"",""292c0318de096554d204725077710d177a3196f2"",""31650bf8e57d52a812104aeb6cc60449099a86d1"",""4337fab9b7e51ae23d0c1db75c0c107ec1a20f29"",""4420389af742cd6354dceac2584fd4fd8ad74ec8"",""4b11002d5b38f01f6477a2878352caea8cd28ac7"",""59b77649a80ee880f84ba6a5301467c8cc2c0438"",""7f7feec24572361f74134376433c0ba63f6219c2"",""813f5899cd3d315aa4c84213e5be5101fc03f698"",""81526f6ae547d3c0d6e7cb30aa26c2215af42e19"",""c3f310b429a8061a7eda94441b306c7b999d5ebc"",""c5861da177d780bb8cf254b0d2777771b1e9c73b"",""c9d5859cab6f6ca834d731a062b23dfd770da496"",""e16bfb045fd1ae8096ede8e4af76356ac7f3157e"",""f743d0f9bec6e673cdd09dfd4554172aaa9b01c7""]"	work-readme-md-default-context-requires-a-graphics-compute-queue-and-9d9747f10970	read-the-shared-commit-sequence-once-then-check-each-claim
263	review-shared-change-history-710d7e3c12b5e6eecd6a9356de5295618b201d1d-cebc5f008-e5ba30e4218c	shared-change-history	7	7	1	1	2026-08-24T23:37:58Z	2026-08-24T23:52:31Z	"[""documentation-symbol-and-link-check""]"	"[""changed-since-review""]"	"[""710d7e3c12b5e6eecd6a9356de5295618b201d1d"",""cebc5f008a2b1f33922597891892bb48205e557f""]"	work-r3v-wsi-denominator-md-original-line-138-b19a8511c65c	read-the-shared-commit-sequence-once-then-check-each-claim
264	review-shared-change-history-d2b2d888ed784999a7c90886228532021b52d268-13683abd6-21ca67d4c99a	shared-change-history	1	4	1	1	2026-08-24T23:37:58Z	2026-08-24T23:52:31Z	"[""warning-clean-driver-build-and-focused-test""]"	"[""changed-since-review""]"	"[""13683abd6ad3fcbf0d052d1a63b24793b59211fa"",""1d0ecc2e4930d7ebb2c0c0cfb2bf577f02c885b8"",""3bfafd1e35a20b7024389b1ae47af94d979e27fd"",""5453c84376b798dd7cc68a5f65defc68037c4b15"",""93ff2e17aeca881926adb92dc6493bb34018be2a"",""bd7fcf75397e409a3d1e15e595e940d6411dffc3"",""d2b2d888ed784999a7c90886228532021b52d268"",""ebc8348c2ec8951c28056c17b036a365856cd12a""]"	work-r3v-physical-device-c-r3v-wsi-proc-addr-vkphysicaldevice-physicaldevice-1a4fbf89acfd	read-the-shared-commit-sequence-once-then-check-each-claim
265	review-shared-change-history-ed39a483c8022512d3d540d03211bc58dcbf2fcf-2cb307652-b47c0ab03463	shared-change-history	1	2	1	1	2026-08-24T23:54:43Z	2026-08-24T23:54:43Z	"[""warning-clean-driver-build-and-focused-test""]"	"[""changed-since-review""]"	"[""2cb307652cc8b14e61abd9fd3d71ff5e935c5eae"",""ed39a483c8022512d3d540d03211bc58dcbf2fcf""]"	work-r3v-native-object-lifetime-test-c-check-buffer-view-refusal-d0443dcccacc	read-the-shared-commit-sequence-once-then-check-each-claim
266	review-shared-change-history-1d0ecc2e4930d7ebb2c0c0cfb2bf577f02c885b8-710d7e3c1-637fc6801e98	shared-change-history	1	2	1	1	2026-08-25T00:18:00Z	2026-08-25T00:35:10Z	"[""warning-clean-driver-build-and-focused-test""]"	"[""changed-since-review""]"	"[""04d636a37d48da0593766c683cb26b9bbd1ba82b"",""1d0ecc2e4930d7ebb2c0c0cfb2bf577f02c885b8"",""2cb307652cc8b14e61abd9fd3d71ff5e935c5eae"",""710d7e3c12b5e6eecd6a9356de5295618b201d1d"",""813f5899cd3d315aa4c84213e5be5101fc03f698"",""ebc8348c2ec8951c28056c17b036a365856cd12a""]"	work-r3v-native-transfer-ops-test-c-check-texel-formats-const-8da4f5f6f360	read-the-shared-commit-sequence-once-then-check-each-claim
267	review-shared-change-history-60ae71b6e75360b9cc12dd4b524381da9da7feb4-b2c7a53ae-9c3ec78998b5	shared-change-history	2	3	1	1	2026-08-25T00:35:10Z	2026-08-25T00:35:10Z	"[""documentation-symbol-and-link-check""]"	"[""changed-since-review""]"	"[""292c0318de096554d204725077710d177a3196f2"",""31650bf8e57d52a812104aeb6cc60449099a86d1"",""4420389af742cd6354dceac2584fd4fd8ad74ec8"",""60ae71b6e75360b9cc12dd4b524381da9da7feb4"",""813f5899cd3d315aa4c84213e5be5101fc03f698"",""b2c7a53aead941875e0c67204a025df54f2b5d9c"",""c5861da177d780bb8cf254b0d2777771b1e9c73b"",""de712cd4c674f476c5c2d9b6371da8907b8eebe8"",""f743d0f9bec6e673cdd09dfd4554172aaa9b01c7""]"	work-r3v-host-model-fail-decomposition-md-population-plausibly-does-9c7c6af223b6	read-the-shared-commit-sequence-once-then-check-each-claim
268	review-shared-change-history-ebc8348c2ec8951c28056c17b036a365856cd12a-7d380acb9-d471af02e38a	shared-change-history	1	5	1	4	2026-08-25T00:35:10Z	2026-08-26T06:29:15Z	"[""warning-clean-driver-build-and-focused-test""]"	"[""changed-since-review""]"	"[""393cb870255352a00fc9859f2d6624e3f10b2b87"",""3bfafd1e35a20b7024389b1ae47af94d979e27fd"",""5453c84376b798dd7cc68a5f65defc68037c4b15"",""682648a30f9fe5db7f18772bd953af2e44099437"",""7d380acb9b92d0de445217a4c35eb53cccc03901"",""937dbcb62ff8173c66e94e0e89322442915f9c14"",""93ff2e17aeca881926adb92dc6493bb34018be2a"",""bd7fcf75397e409a3d1e15e595e940d6411dffc3"",""ebc8348c2ec8951c28056c17b036a365856cd12a"",""fcf09c5b472f9c2b301ea08e9859551ae9d075fb""]"	work-r3v-native-image-c-r3v-createimage-vkdevice-device-const-vkimagecreatein-9e4f03d70557	read-the-shared-commit-sequence-once-then-check-each-claim
269	review-shared-change-history-00e3c5dd25deb8545a531a6725b0d76c50156e1c-59b77649a-638870bf4659	shared-change-history	1	1	1	1	2026-08-25T02:34:52Z	2026-08-25T02:34:52Z	"[""python-test-black-and-ruff""]"	"[""changed-since-review""]"	"[""00e3c5dd25deb8545a531a6725b0d76c50156e1c"",""1f91536e6394b52f3969336a0b585106c3b6e5f9"",""292c0318de096554d204725077710d177a3196f2"",""4420389af742cd6354dceac2584fd4fd8ad74ec8"",""59b77649a80ee880f84ba6a5301467c8cc2c0438"",""81526f6ae547d3c0d6e7cb30aa26c2215af42e19"",""f743d0f9bec6e673cdd09dfd4554172aaa9b01c7"",""fb709b391ec528b8f9c767dab90eb785d8093594""]"	work-r3v-conformance-runner-py-def-run-mode-expect-dmesg-after-a8998dfa7053	read-the-shared-commit-sequence-once-then-check-each-claim
270	review-shared-change-history-c9d5859cab6f6ca834d731a062b23dfd770da496-00e3c5dd2-3e4f50c61ca3	shared-change-history	1	2	1	1	2026-08-25T03:10:43Z	2026-08-25T03:10:43Z	"[""documentation-symbol-and-link-check""]"	"[""changed-since-review""]"	"[""00e3c5dd25deb8545a531a6725b0d76c50156e1c"",""1a5c07ce10d5efc8592101374468c787899d084b"",""292c0318de096554d204725077710d177a3196f2"",""31650bf8e57d52a812104aeb6cc60449099a86d1"",""4337fab9b7e51ae23d0c1db75c0c107ec1a20f29"",""4420389af742cd6354dceac2584fd4fd8ad74ec8"",""59b77649a80ee880f84ba6a5301467c8cc2c0438"",""813f5899cd3d315aa4c84213e5be5101fc03f698"",""81526f6ae547d3c0d6e7cb30aa26c2215af42e19"",""c3f310b429a8061a7eda94441b306c7b999d5ebc"",""c5861da177d780bb8cf254b0d2777771b1e9c73b"",""c9d5859cab6f6ca834d731a062b23dfd770da496"",""e16bfb045fd1ae8096ede8e4af76356ac7f3157e"",""f743d0f9bec6e673cdd09dfd4554172aaa9b01c7""]"	work-readme-md-passes-timeout-the-receipt-keeps-the-exit-code-df650aaceb7c	read-the-shared-commit-sequence-once-then-check-each-claim
271	review-shared-change-history-b2c7a53aead941875e0c67204a025df54f2b5d9c-c5861da17-0db1d481d3e6	shared-change-history	1	4	1	1	2026-08-25T03:18:02Z	2026-08-25T03:18:02Z	"[""documentation-symbol-and-link-check""]"	"[""changed-since-review""]"	"[""292c0318de096554d204725077710d177a3196f2"",""31650bf8e57d52a812104aeb6cc60449099a86d1"",""4420389af742cd6354dceac2584fd4fd8ad74ec8"",""813f5899cd3d315aa4c84213e5be5101fc03f698"",""b2c7a53aead941875e0c67204a025df54f2b5d9c"",""c5861da177d780bb8cf254b0d2777771b1e9c73b"",""de712cd4c674f476c5c2d9b6371da8907b8eebe8"",""f743d0f9bec6e673cdd09dfd4554172aaa9b01c7""]"	work-r3v-host-model-fail-decomposition-md-before-deqp-vk-memory-2207c737ccd3	read-the-shared-commit-sequence-once-then-check-each-claim
272	review-shared-change-history-ed39a483c8022512d3d540d03211bc58dcbf2fcf-e8445512d-f51102a462ce	shared-change-history	1	2	1	2	2026-08-25T03:18:02Z	2026-08-26T06:26:16Z	"[""schema-generator-and-mutation-check""]"	"[""changed-since-review""]"	"[""393cb870255352a00fc9859f2d6624e3f10b2b87"",""41ed3670d8f5557938e79d43a08dd9cd15768dbf"",""682648a30f9fe5db7f18772bd953af2e44099437"",""93ff2e17aeca881926adb92dc6493bb34018be2a"",""a628623143f80181b4a864337e2afdecf89fb1d1"",""c8846a1d98433ba5e541093122a6daea7d348658"",""e8445512d3a15311e53b3539068a736e04c79ee1"",""ed39a483c8022512d3d540d03211bc58dcbf2fcf""]"	work-r3v-conformance-nonpass-ledger-tsv-compatibility-warning-compatibilitywa-11f73e62f22b	read-the-shared-commit-sequence-once-then-check-each-claim
273	review-shared-change-history-31650bf8e57d52a812104aeb6cc60449099a86d1-813f5899c-ade40b19827f	shared-change-history	14	14	1	1	2026-08-25T04:40:18Z	2026-08-25T04:52:28Z	"[""documentation-symbol-and-link-check""]"	"[""changed-since-review""]"	"[""31650bf8e57d52a812104aeb6cc60449099a86d1"",""813f5899cd3d315aa4c84213e5be5101fc03f698""]"	work-rs482-gpu-compute-substrate-atlas-md-original-line-619-c998804756c8	read-the-shared-commit-sequence-once-then-check-each-claim
274	review-shared-change-history-c9d5859cab6f6ca834d731a062b23dfd770da496-31650bf8e-39321177237e	shared-change-history	2	2	1	1	2026-08-25T04:40:18Z	2026-08-25T04:40:19Z	"[""documentation-symbol-and-link-check""]"	"[""changed-since-review""]"	"[""31650bf8e57d52a812104aeb6cc60449099a86d1"",""813f5899cd3d315aa4c84213e5be5101fc03f698"",""c9d5859cab6f6ca834d731a062b23dfd770da496""]"	work-rs482-gpu-compute-substrate-atlas-md-original-line-711-8d2c603623ed	read-the-shared-commit-sequence-once-then-check-each-claim
275	review-shared-change-history-00e3c5dd25deb8545a531a6725b0d76c50156e1c-59b77649a-40b3d9c3febf	shared-change-history	1	1	1	1	2026-08-25T04:57:06Z	2026-08-25T04:57:06Z	"[""python-test-black-and-ruff""]"	"[""changed-since-review""]"	"[""00e3c5dd25deb8545a531a6725b0d76c50156e1c"",""59b77649a80ee880f84ba6a5301467c8cc2c0438""]"	work-r3v-native-plan-compose-shard-py-original-line-66-37f563bfa65c	read-the-shared-commit-sequence-once-then-check-each-claim
276	review-shared-change-history-0f807535cfda5bf35b33bd8869a80d5480b566e4-7dd3f6fbb-f756cccaaf6c	shared-change-history	1	1	1	1	2026-08-25T06:40:46Z	2026-08-25T06:40:46Z	"[""warning-clean-driver-build-and-focused-test""]"	"[""changed-since-review""]"	"[""0f807535cfda5bf35b33bd8869a80d5480b566e4"",""7dd3f6fbb379de20d3c2c7d983d24523acfdbd84"",""af766adab77452239b29918eb26f033c0f00b313""]"	work-r3v-native-plan-capture-harness-c-main-int-argc-char-48d17a9f3e1f	read-the-shared-commit-sequence-once-then-check-each-claim
277	review-shared-change-history-fb709b391ec528b8f9c767dab90eb785d8093594-300a75557-24c868813d13	shared-change-history	1	1	1	1	2026-08-25T06:40:46Z	2026-08-25T06:40:46Z	"[""warning-clean-driver-build-and-focused-test""]"	"[""changed-since-review""]"	"[""300a75557165c988818944e1fef1157d847406bc"",""bd7fcf75397e409a3d1e15e595e940d6411dffc3"",""fb709b391ec528b8f9c767dab90eb785d8093594""]"	work-r3v-native-plan-capture-c-r3v-native-plan-capture-init-846f23753340	read-the-shared-commit-sequence-once-then-check-each-claim
278	review-shared-change-history-81526f6ae547d3c0d6e7cb30aa26c2215af42e19-e16bfb045-d343c79d7d22	shared-change-history	2	2	1	1	2026-08-25T08:13:16Z	2026-08-25T08:13:16Z	"[""documentation-symbol-and-link-check""]"	"[""changed-since-review""]"	"[""0048e3149db17dda5f178f0fb438a81895cc1804"",""0253e6fab27aff948c1c7a8ed06ad12e20d8a7fd"",""0b086f4ecb52eed82b68f9e71da8cd598c0d0f21"",""133f7703713910fed6b3f3c545dd1bf08a60395c"",""14743cd7bf00ceb7a3773486f40993925d2354d2"",""159c69e21c09afc5d412ed245d1dc68a70f0a87b"",""1af752fec672081beff3725e8e5eaaa3cbc8346e"",""1b0a2e11dfb54b35af550012234ff5648ebf0111"",""1b2edb72b0a864d17c232aeb845cd4a32d6e9790"",""1b92a7a7e33cab6dd55d7a45c92a53784575b9cd"",""1ba459eaedf1122217cf8764cfadd140d3f66184"",""1bd3f836472244ece6509cc9c50067aa82cfd57d"",""1c1915023627f46ab328671c0a27cbd4f000ebb8"",""1cf2ae9c66feb5ac5e616810b17a7b541905e377"",""26d7eaf6275d0547b2779e5248b09a08ca5da043"",""292c0318de096554d204725077710d177a3196f2"",""300a75557165c988818944e1fef1157d847406bc"",""3169b47744128b6f750ee24c701b48bacc15064a"",""347c582d656a298f85a2cfa69521bd9a1aec34e3"",""393cb870255352a00fc9859f2d6624e3f10b2b87"",""3a01be0e1c23f17c70228b5f303fb2e0498d784c"",""3a32ad98562dd20c4860014c53ef5e95e7c0680b"",""3bfafd1e35a20b7024389b1ae47af94d979e27fd"",""41ed3670d8f5557938e79d43a08dd9cd15768dbf"",""4420389af742cd6354dceac2584fd4fd8ad74ec8"",""51067474432140265790a356046467d9e6d9ec00"",""627920b789eca908f936d6e75a67df4a5e36b8ce"",""64fa102e611a869ea31d47a31fdf72ad84f28711"",""682648a30f9fe5db7f18772bd953af2e44099437"",""73b4fc07196b5bc9e5505406dfc34f4269407165"",""7ac62205eb882df42462d849cc549086b59227ea"",""7ae57798ec2661ff7e9eb245e174fcbdee1baef0"",""81526f6ae547d3c0d6e7cb30aa26c2215af42e19"",""84f548cde308c6708710d87e4dd673a8542b597d"",""8da115a5d85884895fbed176db45633a50711fc9"",""9e7339cbd3e966ceaf2075f1894010b5897f5fc8"",""9f65f5f61e53a9ca26b082e1b27222c374cd28da"",""9fbf23d207e49def0c922f51f8119b2e04d28bf4"",""a5a1e8a9c2e7c9c99630af724f463944431bed87"",""a628623143f80181b4a864337e2afdecf89fb1d1"",""aa2455435d5c288ddafd8c51917d595be6ed3b3b"",""ae08c612abdc47bea1af5ec485a27e91cc31c1f9"",""b0f1175ae1e51ea50c11e028ceb0a0a7c466eea9"",""b492c4be6895ab8330fdb60c11a4a49fc98b4873"",""bf7c7c46f14ffcdcea315d7cdf4868bb8e607d10"",""c190b5f0ae39405f75c224cf08f22cbb8c9106dc"",""c5cc11945f60ddc34a1011b1bde47762a33887ab"",""c7dae69423791abaefee49603b2d45e62086ac19"",""ca787c39527acca3c6c95ae113b2481ce02f0b2f"",""d135cb362f775a861a1a431db8c0d108996747c8"",""d7349e2105ceb3080c483f667f470f682750be9e"",""dc60471e58b6198ffe3b065d3164d08a4afa0664"",""dced3e68e922a69e6eaefced4cebab206b1d7af2"",""ddd2b086c9ab06cf4ed45561ef1fb57eae7d4e0e"",""de712cd4c674f476c5c2d9b6371da8907b8eebe8"",""e16bfb045fd1ae8096ede8e4af76356ac7f3157e"",""e2c722972f6aa4651620a4fc2173f02aea2159cc"",""e3ecdd2e3624bcea972a77edd30b1818b99b66f8"",""e8445512d3a15311e53b3539068a736e04c79ee1"",""ebdf4b8f0ada6f3f4e125f072e2178483716321c"",""ecac30ba2d8ef9f21742c472cc0e90e93411a56f"",""f34c5c5ebbea17e56dd5fd49a9122d175544ac5c"",""f743d0f9bec6e673cdd09dfd4554172aaa9b01c7""]"	work-r3v-current-program-status-md-original-line-108-a474b61b681a	read-the-shared-commit-sequence-once-then-check-each-claim
279	review-shared-change-history-c5861da177d780bb8cf254b0d2777771b1e9c73b-81526f6ae-c7d441206161	shared-change-history	1	2	1	1	2026-08-25T08:13:16Z	2026-08-25T08:13:16Z	"[""documentation-symbol-and-link-check""]"	"[""changed-since-review""]"	"[""292c0318de096554d204725077710d177a3196f2"",""31650bf8e57d52a812104aeb6cc60449099a86d1"",""4337fab9b7e51ae23d0c1db75c0c107ec1a20f29"",""4420389af742cd6354dceac2584fd4fd8ad74ec8"",""813f5899cd3d315aa4c84213e5be5101fc03f698"",""81526f6ae547d3c0d6e7cb30aa26c2215af42e19"",""c3f310b429a8061a7eda94441b306c7b999d5ebc"",""c5861da177d780bb8cf254b0d2777771b1e9c73b"",""e16bfb045fd1ae8096ede8e4af76356ac7f3157e"",""f743d0f9bec6e673cdd09dfd4554172aaa9b01c7""]"	work-readme-md-records-shader-admission-r300-command-stream-construction-drm-8227acc0ac61	read-the-shared-commit-sequence-once-then-check-each-claim
280	review-shared-change-history-81526f6ae547d3c0d6e7cb30aa26c2215af42e19-e16bfb045-77137214fa53	shared-change-history	1	1	1	1	2026-08-25T08:49:28Z	2026-08-25T08:49:28Z	"[""documentation-symbol-and-link-check""]"	"[""changed-since-review""]"	"[""292c0318de096554d204725077710d177a3196f2"",""31650bf8e57d52a812104aeb6cc60449099a86d1"",""4337fab9b7e51ae23d0c1db75c0c107ec1a20f29"",""4420389af742cd6354dceac2584fd4fd8ad74ec8"",""813f5899cd3d315aa4c84213e5be5101fc03f698"",""81526f6ae547d3c0d6e7cb30aa26c2215af42e19"",""c3f310b429a8061a7eda94441b306c7b999d5ebc"",""e16bfb045fd1ae8096ede8e4af76356ac7f3157e"",""f743d0f9bec6e673cdd09dfd4554172aaa9b01c7""]"	work-readme-md-an-ib-and-r3v-native-plan-capture-record-ca987136b886	read-the-shared-commit-sequence-once-then-check-each-claim
281	review-shared-change-history-de712cd4c674f476c5c2d9b6371da8907b8eebe8-4420389af-a51d83919dd1	shared-change-history	1	4	1	1	2026-08-25T08:49:28Z	2026-08-25T08:49:28Z	"[""documentation-symbol-and-link-check""]"	"[""changed-since-review""]"	"[""292c0318de096554d204725077710d177a3196f2"",""31650bf8e57d52a812104aeb6cc60449099a86d1"",""4420389af742cd6354dceac2584fd4fd8ad74ec8"",""813f5899cd3d315aa4c84213e5be5101fc03f698"",""de712cd4c674f476c5c2d9b6371da8907b8eebe8"",""f743d0f9bec6e673cdd09dfd4554172aaa9b01c7""]"	work-r3v-host-model-fail-decomposition-md-above-and-a-concurrent-5791d88e78d1	read-the-shared-commit-sequence-once-then-check-each-claim
282	review-shared-change-history-fb709b391ec528b8f9c767dab90eb785d8093594-1f91536e6-cd382d03595d	shared-change-history	3	6	1	2	2026-08-25T13:11:34Z	2026-08-28T02:20:49Z	"[""python-test-black-and-ruff""]"	"[""changed-since-review""]"	"[""1f91536e6394b52f3969336a0b585106c3b6e5f9"",""292c0318de096554d204725077710d177a3196f2"",""4420389af742cd6354dceac2584fd4fd8ad74ec8"",""f743d0f9bec6e673cdd09dfd4554172aaa9b01c7"",""fb709b391ec528b8f9c767dab90eb785d8093594""]"	work-r3v-conformance-runner-py-def-evidence-class-env-host-icd-80efb943b220	read-the-shared-commit-sequence-once-then-check-each-claim
283	review-shared-change-history-e16bfb045fd1ae8096ede8e4af76356ac7f3157e-ecac30ba2-68ea011ab728	shared-change-history	1	1	1	1	2026-08-25T13:11:35Z	2026-08-25T13:11:35Z	"[""documentation-symbol-and-link-check""]"	"[""changed-since-review""]"	"[""0048e3149db17dda5f178f0fb438a81895cc1804"",""0253e6fab27aff948c1c7a8ed06ad12e20d8a7fd"",""0b086f4ecb52eed82b68f9e71da8cd598c0d0f21"",""133f7703713910fed6b3f3c545dd1bf08a60395c"",""14743cd7bf00ceb7a3773486f40993925d2354d2"",""159c69e21c09afc5d412ed245d1dc68a70f0a87b"",""1af752fec672081beff3725e8e5eaaa3cbc8346e"",""1b0a2e11dfb54b35af550012234ff5648ebf0111"",""1b2edb72b0a864d17c232aeb845cd4a32d6e9790"",""1b92a7a7e33cab6dd55d7a45c92a53784575b9cd"",""1ba459eaedf1122217cf8764cfadd140d3f66184"",""1bd3f836472244ece6509cc9c50067aa82cfd57d"",""1c1915023627f46ab328671c0a27cbd4f000ebb8"",""1cf2ae9c66feb5ac5e616810b17a7b541905e377"",""26d7eaf6275d0547b2779e5248b09a08ca5da043"",""292c0318de096554d204725077710d177a3196f2"",""300a75557165c988818944e1fef1157d847406bc"",""3169b47744128b6f750ee24c701b48bacc15064a"",""347c582d656a298f85a2cfa69521bd9a1aec34e3"",""393cb870255352a00fc9859f2d6624e3f10b2b87"",""3a01be0e1c23f17c70228b5f303fb2e0498d784c"",""3a32ad98562dd20c4860014c53ef5e95e7c0680b"",""3bfafd1e35a20b7024389b1ae47af94d979e27fd"",""41ed3670d8f5557938e79d43a08dd9cd15768dbf"",""4420389af742cd6354dceac2584fd4fd8ad74ec8"",""51067474432140265790a356046467d9e6d9ec00"",""627920b789eca908f936d6e75a67df4a5e36b8ce"",""64fa102e611a869ea31d47a31fdf72ad84f28711"",""682648a30f9fe5db7f18772bd953af2e44099437"",""73b4fc07196b5bc9e5505406dfc34f4269407165"",""7ac62205eb882df42462d849cc549086b59227ea"",""7ae57798ec2661ff7e9eb245e174fcbdee1baef0"",""84f548cde308c6708710d87e4dd673a8542b597d"",""8da115a5d85884895fbed176db45633a50711fc9"",""9e7339cbd3e966ceaf2075f1894010b5897f5fc8"",""9f65f5f61e53a9ca26b082e1b27222c374cd28da"",""9fbf23d207e49def0c922f51f8119b2e04d28bf4"",""a5a1e8a9c2e7c9c99630af724f463944431bed87"",""a628623143f80181b4a864337e2afdecf89fb1d1"",""aa2455435d5c288ddafd8c51917d595be6ed3b3b"",""ae08c612abdc47bea1af5ec485a27e91cc31c1f9"",""b0f1175ae1e51ea50c11e028ceb0a0a7c466eea9"",""b492c4be6895ab8330fdb60c11a4a49fc98b4873"",""bf7c7c46f14ffcdcea315d7cdf4868bb8e607d10"",""c190b5f0ae39405f75c224cf08f22cbb8c9106dc"",""c5cc11945f60ddc34a1011b1bde47762a33887ab"",""c7dae69423791abaefee49603b2d45e62086ac19"",""ca787c39527acca3c6c95ae113b2481ce02f0b2f"",""d135cb362f775a861a1a431db8c0d108996747c8"",""d7349e2105ceb3080c483f667f470f682750be9e"",""dc60471e58b6198ffe3b065d3164d08a4afa0664"",""dced3e68e922a69e6eaefced4cebab206b1d7af2"",""ddd2b086c9ab06cf4ed45561ef1fb57eae7d4e0e"",""de712cd4c674f476c5c2d9b6371da8907b8eebe8"",""e16bfb045fd1ae8096ede8e4af76356ac7f3157e"",""e2c722972f6aa4651620a4fc2173f02aea2159cc"",""e3ecdd2e3624bcea972a77edd30b1818b99b66f8"",""e8445512d3a15311e53b3539068a736e04c79ee1"",""ebdf4b8f0ada6f3f4e125f072e2178483716321c"",""ecac30ba2d8ef9f21742c472cc0e90e93411a56f"",""f34c5c5ebbea17e56dd5fd49a9122d175544ac5c"",""f743d0f9bec6e673cdd09dfd4554172aaa9b01c7""]"	work-r3v-current-program-status-md-the-first-eleven-by-hazard-d9273b4bf88d	read-the-shared-commit-sequence-once-then-check-each-claim
284	review-shared-change-history-ebc8348c2ec8951c28056c17b036a365856cd12a-2cb307652-a592876e313b	shared-change-history	1	2	1	1	2026-08-25T13:28:38Z	2026-08-25T13:46:47Z	"[""warning-clean-driver-build-and-focused-test""]"	"[""changed-since-review""]"	"[""04d636a37d48da0593766c683cb26b9bbd1ba82b"",""2cb307652cc8b14e61abd9fd3d71ff5e935c5eae"",""813f5899cd3d315aa4c84213e5be5101fc03f698"",""ebc8348c2ec8951c28056c17b036a365856cd12a""]"	work-r3v-native-transfer-ops-test-c-check-optimal-tiling-const-e6548268d754	read-the-shared-commit-sequence-once-then-check-each-claim
285	review-shared-change-history-1f91536e6394b52f3969336a0b585106c3b6e5f9-4420389af-279e19cdb8a1	shared-change-history	1	2	1	1	2026-08-25T13:33:13Z	2026-08-25T13:33:13Z	"[""python-test-black-and-ruff""]"	"[""changed-since-review""]"	"[""1f91536e6394b52f3969336a0b585106c3b6e5f9"",""292c0318de096554d204725077710d177a3196f2"",""4420389af742cd6354dceac2584fd4fd8ad74ec8"",""f743d0f9bec6e673cdd09dfd4554172aaa9b01c7""]"	work-r3v-conformance-runner-py-def-planning-tracer-declared-3ff18605778c	read-the-shared-commit-sequence-once-then-check-each-claim
286	review-shared-change-history-9f65f5f61e53a9ca26b082e1b27222c374cd28da-ebdf4b8f0-4b9d2aa921d0	shared-change-history	1	3	1	1	2026-08-25T13:50:24Z	2026-08-25T13:50:24Z	"[""documentation-symbol-and-link-check""]"	"[""changed-since-review""]"	"[""0048e3149db17dda5f178f0fb438a81895cc1804"",""0253e6fab27aff948c1c7a8ed06ad12e20d8a7fd"",""0b086f4ecb52eed82b68f9e71da8cd598c0d0f21"",""133f7703713910fed6b3f3c545dd1bf08a60395c"",""14743cd7bf00ceb7a3773486f40993925d2354d2"",""159c69e21c09afc5d412ed245d1dc68a70f0a87b"",""1af752fec672081beff3725e8e5eaaa3cbc8346e"",""1b0a2e11dfb54b35af550012234ff5648ebf0111"",""1b2edb72b0a864d17c232aeb845cd4a32d6e9790"",""1ba459eaedf1122217cf8764cfadd140d3f66184"",""1bd3f836472244ece6509cc9c50067aa82cfd57d"",""1c1915023627f46ab328671c0a27cbd4f000ebb8"",""1cf2ae9c66feb5ac5e616810b17a7b541905e377"",""26d7eaf6275d0547b2779e5248b09a08ca5da043"",""292c0318de096554d204725077710d177a3196f2"",""300a75557165c988818944e1fef1157d847406bc"",""3169b47744128b6f750ee24c701b48bacc15064a"",""347c582d656a298f85a2cfa69521bd9a1aec34e3"",""393cb870255352a00fc9859f2d6624e3f10b2b87"",""3a01be0e1c23f17c70228b5f303fb2e0498d784c"",""3a32ad98562dd20c4860014c53ef5e95e7c0680b"",""3bfafd1e35a20b7024389b1ae47af94d979e27fd"",""41ed3670d8f5557938e79d43a08dd9cd15768dbf"",""4420389af742cd6354dceac2584fd4fd8ad74ec8"",""51067474432140265790a356046467d9e6d9ec00"",""627920b789eca908f936d6e75a67df4a5e36b8ce"",""64fa102e611a869ea31d47a31fdf72ad84f28711"",""682648a30f9fe5db7f18772bd953af2e44099437"",""73b4fc07196b5bc9e5505406dfc34f4269407165"",""7ac62205eb882df42462d849cc549086b59227ea"",""7ae57798ec2661ff7e9eb245e174fcbdee1baef0"",""84f548cde308c6708710d87e4dd673a8542b597d"",""8da115a5d85884895fbed176db45633a50711fc9"",""9e7339cbd3e966ceaf2075f1894010b5897f5fc8"",""9f65f5f61e53a9ca26b082e1b27222c374cd28da"",""9fbf23d207e49def0c922f51f8119b2e04d28bf4"",""a5a1e8a9c2e7c9c99630af724f463944431bed87"",""a628623143f80181b4a864337e2afdecf89fb1d1"",""aa2455435d5c288ddafd8c51917d595be6ed3b3b"",""ae08c612abdc47bea1af5ec485a27e91cc31c1f9"",""b0f1175ae1e51ea50c11e028ceb0a0a7c466eea9"",""b492c4be6895ab8330fdb60c11a4a49fc98b4873"",""bf7c7c46f14ffcdcea315d7cdf4868bb8e607d10"",""c190b5f0ae39405f75c224cf08f22cbb8c9106dc"",""c5cc11945f60ddc34a1011b1bde47762a33887ab"",""c7dae69423791abaefee49603b2d45e62086ac19"",""ca787c39527acca3c6c95ae113b2481ce02f0b2f"",""d135cb362f775a861a1a431db8c0d108996747c8"",""d7349e2105ceb3080c483f667f470f682750be9e"",""dc60471e58b6198ffe3b065d3164d08a4afa0664"",""dced3e68e922a69e6eaefced4cebab206b1d7af2"",""ddd2b086c9ab06cf4ed45561ef1fb57eae7d4e0e"",""de712cd4c674f476c5c2d9b6371da8907b8eebe8"",""e2c722972f6aa4651620a4fc2173f02aea2159cc"",""e3ecdd2e3624bcea972a77edd30b1818b99b66f8"",""e8445512d3a15311e53b3539068a736e04c79ee1"",""ebdf4b8f0ada6f3f4e125f072e2178483716321c"",""f34c5c5ebbea17e56dd5fd49a9122d175544ac5c"",""f743d0f9bec6e673cdd09dfd4554172aaa9b01c7""]"	work-r3v-current-program-status-md-the-preceding-receipts-are-r3v-68f2e1c7131b	read-the-shared-commit-sequence-once-then-check-each-claim
287	review-shared-change-history-ebdf4b8f0ada6f3f4e125f072e2178483716321c-159c69e21-54f597f5d24a	shared-change-history	1	1	1	1	2026-08-25T15:15:41Z	2026-08-25T15:15:41Z	"[""documentation-symbol-and-link-check""]"	"[""changed-since-review""]"	"[""0048e3149db17dda5f178f0fb438a81895cc1804"",""0253e6fab27aff948c1c7a8ed06ad12e20d8a7fd"",""0b086f4ecb52eed82b68f9e71da8cd598c0d0f21"",""133f7703713910fed6b3f3c545dd1bf08a60395c"",""14743cd7bf00ceb7a3773486f40993925d2354d2"",""159c69e21c09afc5d412ed245d1dc68a70f0a87b"",""1af752fec672081beff3725e8e5eaaa3cbc8346e"",""1b0a2e11dfb54b35af550012234ff5648ebf0111"",""1b2edb72b0a864d17c232aeb845cd4a32d6e9790"",""1ba459eaedf1122217cf8764cfadd140d3f66184"",""1bd3f836472244ece6509cc9c50067aa82cfd57d"",""1c1915023627f46ab328671c0a27cbd4f000ebb8"",""1cf2ae9c66feb5ac5e616810b17a7b541905e377"",""26d7eaf6275d0547b2779e5248b09a08ca5da043"",""292c0318de096554d204725077710d177a3196f2"",""300a75557165c988818944e1fef1157d847406bc"",""3169b47744128b6f750ee24c701b48bacc15064a"",""347c582d656a298f85a2cfa69521bd9a1aec34e3"",""393cb870255352a00fc9859f2d6624e3f10b2b87"",""3a01be0e1c23f17c70228b5f303fb2e0498d784c"",""3a32ad98562dd20c4860014c53ef5e95e7c0680b"",""3bfafd1e35a20b7024389b1ae47af94d979e27fd"",""41ed3670d8f5557938e79d43a08dd9cd15768dbf"",""4420389af742cd6354dceac2584fd4fd8ad74ec8"",""51067474432140265790a356046467d9e6d9ec00"",""627920b789eca908f936d6e75a67df4a5e36b8ce"",""64fa102e611a869ea31d47a31fdf72ad84f28711"",""682648a30f9fe5db7f18772bd953af2e44099437"",""73b4fc07196b5bc9e5505406dfc34f4269407165"",""7ac62205eb882df42462d849cc549086b59227ea"",""7ae57798ec2661ff7e9eb245e174fcbdee1baef0"",""84f548cde308c6708710d87e4dd673a8542b597d"",""8da115a5d85884895fbed176db45633a50711fc9"",""9e7339cbd3e966ceaf2075f1894010b5897f5fc8"",""9fbf23d207e49def0c922f51f8119b2e04d28bf4"",""a5a1e8a9c2e7c9c99630af724f463944431bed87"",""a628623143f80181b4a864337e2afdecf89fb1d1"",""aa2455435d5c288ddafd8c51917d595be6ed3b3b"",""ae08c612abdc47bea1af5ec485a27e91cc31c1f9"",""b0f1175ae1e51ea50c11e028ceb0a0a7c466eea9"",""b492c4be6895ab8330fdb60c11a4a49fc98b4873"",""bf7c7c46f14ffcdcea315d7cdf4868bb8e607d10"",""c190b5f0ae39405f75c224cf08f22cbb8c9106dc"",""c5cc11945f60ddc34a1011b1bde47762a33887ab"",""c7dae69423791abaefee49603b2d45e62086ac19"",""ca787c39527acca3c6c95ae113b2481ce02f0b2f"",""d135cb362f775a861a1a431db8c0d108996747c8"",""d7349e2105ceb3080c483f667f470f682750be9e"",""dc60471e58b6198ffe3b065d3164d08a4afa0664"",""dced3e68e922a69e6eaefced4cebab206b1d7af2"",""ddd2b086c9ab06cf4ed45561ef1fb57eae7d4e0e"",""de712cd4c674f476c5c2d9b6371da8907b8eebe8"",""e2c722972f6aa4651620a4fc2173f02aea2159cc"",""e3ecdd2e3624bcea972a77edd30b1818b99b66f8"",""e8445512d3a15311e53b3539068a736e04c79ee1"",""ebdf4b8f0ada6f3f4e125f072e2178483716321c"",""f34c5c5ebbea17e56dd5fd49a9122d175544ac5c"",""f743d0f9bec6e673cdd09dfd4554172aaa9b01c7""]"	work-r3v-current-program-status-md-commit-whose-state-a-revision-44bc7b5223a5	read-the-shared-commit-sequence-once-then-check-each-claim
288	review-shared-change-history-627920b789eca908f936d6e75a67df4a5e36b8ce-300a75557-92c21468e304	shared-change-history	1	7	1	1	2026-08-25T16:18:47Z	2026-08-25T16:18:48Z	"[""documentation-symbol-and-link-check""]"	"[""changed-since-review""]"	"[""0048e3149db17dda5f178f0fb438a81895cc1804"",""0253e6fab27aff948c1c7a8ed06ad12e20d8a7fd"",""0b086f4ecb52eed82b68f9e71da8cd598c0d0f21"",""133f7703713910fed6b3f3c545dd1bf08a60395c"",""14743cd7bf00ceb7a3773486f40993925d2354d2"",""1af752fec672081beff3725e8e5eaaa3cbc8346e"",""1b0a2e11dfb54b35af550012234ff5648ebf0111"",""1b2edb72b0a864d17c232aeb845cd4a32d6e9790"",""1ba459eaedf1122217cf8764cfadd140d3f66184"",""1bd3f836472244ece6509cc9c50067aa82cfd57d"",""1c1915023627f46ab328671c0a27cbd4f000ebb8"",""1cf2ae9c66feb5ac5e616810b17a7b541905e377"",""26d7eaf6275d0547b2779e5248b09a08ca5da043"",""292c0318de096554d204725077710d177a3196f2"",""300a75557165c988818944e1fef1157d847406bc"",""3169b47744128b6f750ee24c701b48bacc15064a"",""347c582d656a298f85a2cfa69521bd9a1aec34e3"",""393cb870255352a00fc9859f2d6624e3f10b2b87"",""3a01be0e1c23f17c70228b5f303fb2e0498d784c"",""3a32ad98562dd20c4860014c53ef5e95e7c0680b"",""3bfafd1e35a20b7024389b1ae47af94d979e27fd"",""41ed3670d8f5557938e79d43a08dd9cd15768dbf"",""4420389af742cd6354dceac2584fd4fd8ad74ec8"",""51067474432140265790a356046467d9e6d9ec00"",""627920b789eca908f936d6e75a67df4a5e36b8ce"",""64fa102e611a869ea31d47a31fdf72ad84f28711"",""682648a30f9fe5db7f18772bd953af2e44099437"",""73b4fc07196b5bc9e5505406dfc34f4269407165"",""7ac62205eb882df42462d849cc549086b59227ea"",""7ae57798ec2661ff7e9eb245e174fcbdee1baef0"",""84f548cde308c6708710d87e4dd673a8542b597d"",""8da115a5d85884895fbed176db45633a50711fc9"",""9e7339cbd3e966ceaf2075f1894010b5897f5fc8"",""9fbf23d207e49def0c922f51f8119b2e04d28bf4"",""a5a1e8a9c2e7c9c99630af724f463944431bed87"",""a628623143f80181b4a864337e2afdecf89fb1d1"",""aa2455435d5c288ddafd8c51917d595be6ed3b3b"",""ae08c612abdc47bea1af5ec485a27e91cc31c1f9"",""b0f1175ae1e51ea50c11e028ceb0a0a7c466eea9"",""b492c4be6895ab8330fdb60c11a4a49fc98b4873"",""bf7c7c46f14ffcdcea315d7cdf4868bb8e607d10"",""c190b5f0ae39405f75c224cf08f22cbb8c9106dc"",""c5cc11945f60ddc34a1011b1bde47762a33887ab"",""c7dae69423791abaefee49603b2d45e62086ac19"",""ca787c39527acca3c6c95ae113b2481ce02f0b2f"",""d135cb362f775a861a1a431db8c0d108996747c8"",""d7349e2105ceb3080c483f667f470f682750be9e"",""dc60471e58b6198ffe3b065d3164d08a4afa0664"",""dced3e68e922a69e6eaefced4cebab206b1d7af2"",""ddd2b086c9ab06cf4ed45561ef1fb57eae7d4e0e"",""de712cd4c674f476c5c2d9b6371da8907b8eebe8"",""e2c722972f6aa4651620a4fc2173f02aea2159cc"",""e3ecdd2e3624bcea972a77edd30b1818b99b66f8"",""e8445512d3a15311e53b3539068a736e04c79ee1"",""f34c5c5ebbea17e56dd5fd49a9122d175544ac5c"",""f743d0f9bec6e673cdd09dfd4554172aaa9b01c7""]"	work-r3v-current-program-status-md-p1-host-model-rungs-that-66618ed7e3a7	read-the-shared-commit-sequence-once-then-check-each-claim
289	review-shared-change-history-300a75557165c988818944e1fef1157d847406bc-e2c722972-4019c87653f8	shared-change-history	1	13	1	5	2026-08-25T16:34:14Z	2026-08-26T05:15:41Z	"[""documentation-symbol-and-link-check""]"	"[""changed-since-review""]"	"[""0048e3149db17dda5f178f0fb438a81895cc1804"",""0253e6fab27aff948c1c7a8ed06ad12e20d8a7fd"",""0b086f4ecb52eed82b68f9e71da8cd598c0d0f21"",""133f7703713910fed6b3f3c545dd1bf08a60395c"",""14743cd7bf00ceb7a3773486f40993925d2354d2"",""1af752fec672081beff3725e8e5eaaa3cbc8346e"",""1b0a2e11dfb54b35af550012234ff5648ebf0111"",""1b2edb72b0a864d17c232aeb845cd4a32d6e9790"",""1ba459eaedf1122217cf8764cfadd140d3f66184"",""1bd3f836472244ece6509cc9c50067aa82cfd57d"",""1c1915023627f46ab328671c0a27cbd4f000ebb8"",""1cf2ae9c66feb5ac5e616810b17a7b541905e377"",""26d7eaf6275d0547b2779e5248b09a08ca5da043"",""292c0318de096554d204725077710d177a3196f2"",""300a75557165c988818944e1fef1157d847406bc"",""3169b47744128b6f750ee24c701b48bacc15064a"",""347c582d656a298f85a2cfa69521bd9a1aec34e3"",""393cb870255352a00fc9859f2d6624e3f10b2b87"",""3a01be0e1c23f17c70228b5f303fb2e0498d784c"",""3a32ad98562dd20c4860014c53ef5e95e7c0680b"",""3bfafd1e35a20b7024389b1ae47af94d979e27fd"",""41ed3670d8f5557938e79d43a08dd9cd15768dbf"",""4420389af742cd6354dceac2584fd4fd8ad74ec8"",""51067474432140265790a356046467d9e6d9ec00"",""64fa102e611a869ea31d47a31fdf72ad84f28711"",""682648a30f9fe5db7f18772bd953af2e44099437"",""73b4fc07196b5bc9e5505406dfc34f4269407165"",""7ac62205eb882df42462d849cc549086b59227ea"",""7ae57798ec2661ff7e9eb245e174fcbdee1baef0"",""84f548cde308c6708710d87e4dd673a8542b597d"",""8da115a5d85884895fbed176db45633a50711fc9"",""9e7339cbd3e966ceaf2075f1894010b5897f5fc8"",""9fbf23d207e49def0c922f51f8119b2e04d28bf4"",""a5a1e8a9c2e7c9c99630af724f463944431bed87"",""a628623143f80181b4a864337e2afdecf89fb1d1"",""aa2455435d5c288ddafd8c51917d595be6ed3b3b"",""ae08c612abdc47bea1af5ec485a27e91cc31c1f9"",""b0f1175ae1e51ea50c11e028ceb0a0a7c466eea9"",""b492c4be6895ab8330fdb60c11a4a49fc98b4873"",""bf7c7c46f14ffcdcea315d7cdf4868bb8e607d10"",""c190b5f0ae39405f75c224cf08f22cbb8c9106dc"",""c5cc11945f60ddc34a1011b1bde47762a33887ab"",""c7dae69423791abaefee49603b2d45e62086ac19"",""ca787c39527acca3c6c95ae113b2481ce02f0b2f"",""d135cb362f775a861a1a431db8c0d108996747c8"",""d7349e2105ceb3080c483f667f470f682750be9e"",""dc60471e58b6198ffe3b065d3164d08a4afa0664"",""dced3e68e922a69e6eaefced4cebab206b1d7af2"",""ddd2b086c9ab06cf4ed45561ef1fb57eae7d4e0e"",""de712cd4c674f476c5c2d9b6371da8907b8eebe8"",""e2c722972f6aa4651620a4fc2173f02aea2159cc"",""e3ecdd2e3624bcea972a77edd30b1818b99b66f8"",""e8445512d3a15311e53b3539068a736e04c79ee1"",""f34c5c5ebbea17e56dd5fd49a9122d175544ac5c"",""f743d0f9bec6e673cdd09dfd4554172aaa9b01c7""]"	work-r3v-current-program-status-md-p0-blocks-the-next-target-4f7f3b702150	read-the-shared-commit-sequence-once-then-check-each-claim
290	review-shared-change-history-92a1e7e25e0001dd6fee922eb0e74dbb75ca6996-7d380acb9-610d190b82d5	shared-change-history	1	2	1	2	2026-08-25T16:34:14Z	2026-08-26T07:45:23Z	"[""warning-clean-driver-build-and-focused-test""]"	"[""changed-since-review""]"	"[""02e7f3afc1737a1a04a35d22ed9ca7c40570b75c"",""0aceb8aa9606b0e4381e1ce5afc099c8914a3ef1"",""1b0a2e11dfb54b35af550012234ff5648ebf0111"",""2232b3ab7b2baef2666bd3f5bf23193e0af2f86e"",""275a5279249d527c349f4dfdd4f93cf66e6123eb"",""2e670ab6365099e3d31a1a6fd8ff9aaaa74d98fc"",""3a32ad98562dd20c4860014c53ef5e95e7c0680b"",""4fafa6b132c1c458d76646f2f6b10e603f5d663f"",""511ef9d736cf3e3800c25b31dd5abe0e0540a6a3"",""5a113dd59561dce74f0d5a85883e99ffe6fd097c"",""5f2615641abebc5f1631fb02285d20a93808cbfb"",""64fa102e611a869ea31d47a31fdf72ad84f28711"",""7ac62205eb882df42462d849cc549086b59227ea"",""7d380acb9b92d0de445217a4c35eb53cccc03901"",""7dd3f6fbb379de20d3c2c7d983d24523acfdbd84"",""84cf229c0d6e290d4a5694efa957454bc04b22c9"",""92a1e7e25e0001dd6fee922eb0e74dbb75ca6996"",""92fc8a2c371472b667a10471e6f8a18de66fd847"",""93ff2e17aeca881926adb92dc6493bb34018be2a"",""a0b08e61fb38f57fe17f038bfaddd9f5dd47ef34"",""ae2e0183f6953f872bb04b6b929b374b6f8ac1ae"",""af766adab77452239b29918eb26f033c0f00b313"",""bd7fcf75397e409a3d1e15e595e940d6411dffc3"",""c5cc11945f60ddc34a1011b1bde47762a33887ab"",""d81fbed896c223ef4073f8c95c2a51801b178252"",""dc60471e58b6198ffe3b065d3164d08a4afa0664"",""dd37f92a3695930472990d530e70d88add9ec48d"",""dede1a1b318fb4cbc3b4314f1354cd20ee2e6ecd"",""f6a34ad39990d74a4752ccfdf0d67c55b398fef5"",""f743d0f9bec6e673cdd09dfd4554172aaa9b01c7""]"	work-r300-tcl-bypass-triangle-c-const-float-r300-tcl-bypass-2e978e9a8673	read-the-shared-commit-sequence-once-then-check-each-claim
291	review-shared-change-history-92a1e7e25e0001dd6fee922eb0e74dbb75ca6996-7d380acb9-813943a7a252	shared-change-history	1	1	1	1	2026-08-25T16:34:14Z	2026-08-25T16:34:14Z	"[""warning-clean-driver-build-and-focused-test""]"	"[""changed-since-review""]"	"[""02e7f3afc1737a1a04a35d22ed9ca7c40570b75c"",""0aceb8aa9606b0e4381e1ce5afc099c8914a3ef1"",""1b0a2e11dfb54b35af550012234ff5648ebf0111"",""2232b3ab7b2baef2666bd3f5bf23193e0af2f86e"",""275a5279249d527c349f4dfdd4f93cf66e6123eb"",""2e670ab6365099e3d31a1a6fd8ff9aaaa74d98fc"",""3a32ad98562dd20c4860014c53ef5e95e7c0680b"",""4fafa6b132c1c458d76646f2f6b10e603f5d663f"",""511ef9d736cf3e3800c25b31dd5abe0e0540a6a3"",""5453c84376b798dd7cc68a5f65defc68037c4b15"",""5a113dd59561dce74f0d5a85883e99ffe6fd097c"",""5f2615641abebc5f1631fb02285d20a93808cbfb"",""64fa102e611a869ea31d47a31fdf72ad84f28711"",""7ac62205eb882df42462d849cc549086b59227ea"",""7d380acb9b92d0de445217a4c35eb53cccc03901"",""7dd3f6fbb379de20d3c2c7d983d24523acfdbd84"",""92a1e7e25e0001dd6fee922eb0e74dbb75ca6996"",""92fc8a2c371472b667a10471e6f8a18de66fd847"",""93ff2e17aeca881926adb92dc6493bb34018be2a"",""a0b08e61fb38f57fe17f038bfaddd9f5dd47ef34"",""ae2e0183f6953f872bb04b6b929b374b6f8ac1ae"",""af766adab77452239b29918eb26f033c0f00b313"",""c5cc11945f60ddc34a1011b1bde47762a33887ab"",""c6f998b2c5c8a4e04c6bfd515c88cc88b42a4ffd"",""d81fbed896c223ef4073f8c95c2a51801b178252"",""dc60471e58b6198ffe3b065d3164d08a4afa0664"",""dd37f92a3695930472990d530e70d88add9ec48d"",""dede1a1b318fb4cbc3b4314f1354cd20ee2e6ecd"",""f6a34ad39990d74a4752ccfdf0d67c55b398fef5"",""f743d0f9bec6e673cdd09dfd4554172aaa9b01c7""]"	work-r300-tcl-bypass-triangle-test-c-test-family-emit-deviates-329e7c6d469b	read-the-shared-commit-sequence-once-then-check-each-claim
292	review-shared-change-history-4c94a065befc8de7c101141237e53fe58982cb4e-92a1e7e25-ca8c98442009	shared-change-history	1	1	1	1	2026-08-25T16:41:43Z	2026-08-25T16:41:43Z	"[""documentation-symbol-and-link-check""]"	"[""changed-since-review""]"	"[""4c94a065befc8de7c101141237e53fe58982cb4e"",""7d380acb9b92d0de445217a4c35eb53cccc03901"",""92a1e7e25e0001dd6fee922eb0e74dbb75ca6996""]"	work-r3v-native-attended-render-shape-procedure-md-original-line-99-8d494363904b	read-the-shared-commit-sequence-once-then-check-each-claim
293	review-shared-change-history-92a1e7e25e0001dd6fee922eb0e74dbb75ca6996-7d380acb9-0f78d119f961	shared-change-history	1	1	1	1	2026-08-25T16:41:43Z	2026-08-25T16:41:43Z	"[""warning-clean-driver-build-and-focused-test""]"	"[""changed-since-review""]"	"[""7d380acb9b92d0de445217a4c35eb53cccc03901"",""92a1e7e25e0001dd6fee922eb0e74dbb75ca6996""]"	work-r3v-native-attended-render-shape-c-original-line-70-84c21d05d93e	read-the-shared-commit-sequence-once-then-check-each-claim
294	review-shared-change-history-ebc8348c2ec8951c28056c17b036a365856cd12a-0f807535c-abeb23a316ed	shared-change-history	1	2	1	1	2026-08-25T16:41:43Z	2026-08-25T16:41:43Z	"[""warning-clean-driver-build-and-focused-test""]"	"[""changed-since-review""]"	"[""0f807535cfda5bf35b33bd8869a80d5480b566e4"",""10f9e2fa66fd28b97638124d55113218da2a57d5"",""13701e615400edf1e437c61df559419793a3088f"",""275a5279249d527c349f4dfdd4f93cf66e6123eb"",""31650bf8e57d52a812104aeb6cc60449099a86d1"",""51e2926b7cd2deabb3dfc6c09e9e3310abca4159"",""5453c84376b798dd7cc68a5f65defc68037c4b15"",""5f2615641abebc5f1631fb02285d20a93808cbfb"",""64fa102e611a869ea31d47a31fdf72ad84f28711"",""73b4fc07196b5bc9e5505406dfc34f4269407165"",""7d380acb9b92d0de445217a4c35eb53cccc03901"",""7dd3f6fbb379de20d3c2c7d983d24523acfdbd84"",""813f5899cd3d315aa4c84213e5be5101fc03f698"",""84cf229c0d6e290d4a5694efa957454bc04b22c9"",""93ff2e17aeca881926adb92dc6493bb34018be2a"",""af766adab77452239b29918eb26f033c0f00b313"",""bd7fcf75397e409a3d1e15e595e940d6411dffc3"",""c5cc11945f60ddc34a1011b1bde47762a33887ab"",""c7dae69423791abaefee49603b2d45e62086ac19"",""dc60471e58b6198ffe3b065d3164d08a4afa0664"",""eae1df80d9c7db3162ed27614fc74de2325ad665"",""ebc8348c2ec8951c28056c17b036a365856cd12a""]"	work-r3v-native-cell-c-r3v-native-record-tcl-bypass-triangle-c4d5801dfde2	read-the-shared-commit-sequence-once-then-check-each-claim
295	review-shared-change-history-4c94a065befc8de7c101141237e53fe58982cb4e-7d380acb9-05d55640f901	shared-change-history	1	1	1	1	2026-08-25T17:40:14Z	2026-08-25T17:40:14Z	"[""documentation-symbol-and-link-check""]"	"[""changed-since-review""]"	"[""4c94a065befc8de7c101141237e53fe58982cb4e"",""7d380acb9b92d0de445217a4c35eb53cccc03901""]"	work-r3v-native-attended-render-shape-procedure-md-deviation-there-names-4ce16313f5e1	read-the-shared-commit-sequence-once-then-check-each-claim
296	review-shared-change-history-7d380acb9b92d0de445217a4c35eb53cccc03901-dc60471e5-69ae154eb1f4	shared-change-history	1	2	1	2	2026-08-25T17:40:14Z	2026-08-28T08:23:08Z	"[""warning-clean-driver-build-and-focused-test""]"	"[""changed-since-review""]"	"[""02e7f3afc1737a1a04a35d22ed9ca7c40570b75c"",""0aceb8aa9606b0e4381e1ce5afc099c8914a3ef1"",""1b0a2e11dfb54b35af550012234ff5648ebf0111"",""2232b3ab7b2baef2666bd3f5bf23193e0af2f86e"",""275a5279249d527c349f4dfdd4f93cf66e6123eb"",""2e670ab6365099e3d31a1a6fd8ff9aaaa74d98fc"",""347c582d656a298f85a2cfa69521bd9a1aec34e3"",""3a32ad98562dd20c4860014c53ef5e95e7c0680b"",""4fafa6b132c1c458d76646f2f6b10e603f5d663f"",""511ef9d736cf3e3800c25b31dd5abe0e0540a6a3"",""5a113dd59561dce74f0d5a85883e99ffe6fd097c"",""5f2615641abebc5f1631fb02285d20a93808cbfb"",""64fa102e611a869ea31d47a31fdf72ad84f28711"",""7ac62205eb882df42462d849cc549086b59227ea"",""7d380acb9b92d0de445217a4c35eb53cccc03901"",""7dd3f6fbb379de20d3c2c7d983d24523acfdbd84"",""84cf229c0d6e290d4a5694efa957454bc04b22c9"",""92fc8a2c371472b667a10471e6f8a18de66fd847"",""93ff2e17aeca881926adb92dc6493bb34018be2a"",""a0b08e61fb38f57fe17f038bfaddd9f5dd47ef34"",""ae2e0183f6953f872bb04b6b929b374b6f8ac1ae"",""af766adab77452239b29918eb26f033c0f00b313"",""bd7fcf75397e409a3d1e15e595e940d6411dffc3"",""c5cc11945f60ddc34a1011b1bde47762a33887ab"",""dc60471e58b6198ffe3b065d3164d08a4afa0664"",""dd37f92a3695930472990d530e70d88add9ec48d"",""dede1a1b318fb4cbc3b4314f1354cd20ee2e6ecd"",""f6a34ad39990d74a4752ccfdf0d67c55b398fef5"",""f743d0f9bec6e673cdd09dfd4554172aaa9b01c7""]"	work-r300-tcl-bypass-triangle-h-struct-r300-triangle-render-shape-e3e5869b4880	read-the-shared-commit-sequence-once-then-check-each-claim
297	review-shared-change-history-7d380acb9b92d0de445217a4c35eb53cccc03901-dc60471e5-ede60d697f5b	shared-change-history	2	2	1	1	2026-08-25T17:40:14Z	2026-08-25T17:40:14Z	"[""warning-clean-driver-build-and-focused-test""]"	"[""changed-since-review""]"	"[""02e7f3afc1737a1a04a35d22ed9ca7c40570b75c"",""0aceb8aa9606b0e4381e1ce5afc099c8914a3ef1"",""1b0a2e11dfb54b35af550012234ff5648ebf0111"",""2232b3ab7b2baef2666bd3f5bf23193e0af2f86e"",""275a5279249d527c349f4dfdd4f93cf66e6123eb"",""2e670ab6365099e3d31a1a6fd8ff9aaaa74d98fc"",""3a32ad98562dd20c4860014c53ef5e95e7c0680b"",""4fafa6b132c1c458d76646f2f6b10e603f5d663f"",""511ef9d736cf3e3800c25b31dd5abe0e0540a6a3"",""5a113dd59561dce74f0d5a85883e99ffe6fd097c"",""5f2615641abebc5f1631fb02285d20a93808cbfb"",""64fa102e611a869ea31d47a31fdf72ad84f28711"",""7ac62205eb882df42462d849cc549086b59227ea"",""7d380acb9b92d0de445217a4c35eb53cccc03901"",""7dd3f6fbb379de20d3c2c7d983d24523acfdbd84"",""84cf229c0d6e290d4a5694efa957454bc04b22c9"",""92fc8a2c371472b667a10471e6f8a18de66fd847"",""93ff2e17aeca881926adb92dc6493bb34018be2a"",""a0b08e61fb38f57fe17f038bfaddd9f5dd47ef34"",""ae2e0183f6953f872bb04b6b929b374b6f8ac1ae"",""af766adab77452239b29918eb26f033c0f00b313"",""bd7fcf75397e409a3d1e15e595e940d6411dffc3"",""c5cc11945f60ddc34a1011b1bde47762a33887ab"",""d81fbed896c223ef4073f8c95c2a51801b178252"",""dc60471e58b6198ffe3b065d3164d08a4afa0664"",""dd37f92a3695930472990d530e70d88add9ec48d"",""dede1a1b318fb4cbc3b4314f1354cd20ee2e6ecd"",""f6a34ad39990d74a4752ccfdf0d67c55b398fef5"",""f743d0f9bec6e673cdd09dfd4554172aaa9b01c7""]"	work-r300-tcl-bypass-triangle-c-r300-tcl-bypass-triangle-render-4a749849e3b6	read-the-shared-commit-sequence-once-then-check-each-claim
298	review-shared-change-history-0f807535cfda5bf35b33bd8869a80d5480b566e4-7d380acb9-7e532ad37bdd	shared-change-history	1	2	1	2	2026-08-25T18:09:36Z	2026-08-25T20:14:25Z	"[""warning-clean-driver-build-and-focused-test""]"	"[""changed-since-review""]"	"[""0f807535cfda5bf35b33bd8869a80d5480b566e4"",""10f9e2fa66fd28b97638124d55113218da2a57d5"",""13701e615400edf1e437c61df559419793a3088f"",""275a5279249d527c349f4dfdd4f93cf66e6123eb"",""31650bf8e57d52a812104aeb6cc60449099a86d1"",""51e2926b7cd2deabb3dfc6c09e9e3310abca4159"",""5453c84376b798dd7cc68a5f65defc68037c4b15"",""5f2615641abebc5f1631fb02285d20a93808cbfb"",""64fa102e611a869ea31d47a31fdf72ad84f28711"",""73b4fc07196b5bc9e5505406dfc34f4269407165"",""7d380acb9b92d0de445217a4c35eb53cccc03901"",""7dd3f6fbb379de20d3c2c7d983d24523acfdbd84"",""813f5899cd3d315aa4c84213e5be5101fc03f698"",""84cf229c0d6e290d4a5694efa957454bc04b22c9"",""93ff2e17aeca881926adb92dc6493bb34018be2a"",""af766adab77452239b29918eb26f033c0f00b313"",""bd7fcf75397e409a3d1e15e595e940d6411dffc3"",""c5cc11945f60ddc34a1011b1bde47762a33887ab"",""c7dae69423791abaefee49603b2d45e62086ac19"",""dc60471e58b6198ffe3b065d3164d08a4afa0664"",""eae1df80d9c7db3162ed27614fc74de2325ad665""]"	work-r3v-native-cell-c-emit-and-install-triangle-cell-struct-030f25fb3088	read-the-shared-commit-sequence-once-then-check-each-claim
299	review-shared-change-history-7d380acb9b92d0de445217a4c35eb53cccc03901-dc60471e5-d2609e681bb8	shared-change-history	1	1	1	1	2026-08-25T18:09:36Z	2026-08-25T18:09:36Z	"[""warning-clean-driver-build-and-focused-test""]"	"[""changed-since-review""]"	"[""10f9e2fa66fd28b97638124d55113218da2a57d5"",""13701e615400edf1e437c61df559419793a3088f"",""2cb307652cc8b14e61abd9fd3d71ff5e935c5eae"",""393cb870255352a00fc9859f2d6624e3f10b2b87"",""3bfafd1e35a20b7024389b1ae47af94d979e27fd"",""4337fab9b7e51ae23d0c1db75c0c107ec1a20f29"",""51e2926b7cd2deabb3dfc6c09e9e3310abca4159"",""5453c84376b798dd7cc68a5f65defc68037c4b15"",""5f2615641abebc5f1631fb02285d20a93808cbfb"",""64fa102e611a869ea31d47a31fdf72ad84f28711"",""682648a30f9fe5db7f18772bd953af2e44099437"",""73b4fc07196b5bc9e5505406dfc34f4269407165"",""7d380acb9b92d0de445217a4c35eb53cccc03901"",""7dd3f6fbb379de20d3c2c7d983d24523acfdbd84"",""84cf229c0d6e290d4a5694efa957454bc04b22c9"",""93ff2e17aeca881926adb92dc6493bb34018be2a"",""af766adab77452239b29918eb26f033c0f00b313"",""bd7fcf75397e409a3d1e15e595e940d6411dffc3"",""c3f310b429a8061a7eda94441b306c7b999d5ebc"",""c5cc11945f60ddc34a1011b1bde47762a33887ab"",""c7dae69423791abaefee49603b2d45e62086ac19"",""dc60471e58b6198ffe3b065d3164d08a4afa0664"",""eae1df80d9c7db3162ed27614fc74de2325ad665"",""ecc21f36cf7893d5fc9ea51a13b33377fe5b11b1""]"	work-r3v-native-h-vk-define-nondisp-handle-casts-r3v-native-87e5ad9b1dec	read-the-shared-commit-sequence-once-then-check-each-claim
300	review-shared-change-history-dc60471e58b6198ffe3b065d3164d08a4afa0664-ecc21f36c-b23d88370a7a	shared-change-history	1	1	1	1	2026-08-25T18:09:36Z	2026-08-25T18:09:36Z	"[""warning-clean-driver-build-and-focused-test""]"	"[""changed-since-review""]"	"[""2cb307652cc8b14e61abd9fd3d71ff5e935c5eae"",""73b4fc07196b5bc9e5505406dfc34f4269407165"",""bd7fcf75397e409a3d1e15e595e940d6411dffc3"",""c7dae69423791abaefee49603b2d45e62086ac19"",""dc60471e58b6198ffe3b065d3164d08a4afa0664"",""ecc21f36cf7893d5fc9ea51a13b33377fe5b11b1"",""ed39a483c8022512d3d540d03211bc58dcbf2fcf""]"	work-r3v-native-recording-c-static-bool-b6982d51509f	read-the-shared-commit-sequence-once-then-check-each-claim
301	review-shared-change-history-bd7fcf75397e409a3d1e15e595e940d6411dffc3-93ff2e17a-a196cb182031	shared-change-history	1	1	1	1	2026-08-25T20:14:24Z	2026-08-25T20:14:24Z	"[""warning-clean-driver-build-and-focused-test""]"	"[""changed-since-review""]"	"[""393cb870255352a00fc9859f2d6624e3f10b2b87"",""3bfafd1e35a20b7024389b1ae47af94d979e27fd"",""5453c84376b798dd7cc68a5f65defc68037c4b15"",""682648a30f9fe5db7f18772bd953af2e44099437"",""937dbcb62ff8173c66e94e0e89322442915f9c14"",""93ff2e17aeca881926adb92dc6493bb34018be2a"",""bd7fcf75397e409a3d1e15e595e940d6411dffc3"",""fcf09c5b472f9c2b301ea08e9859551ae9d075fb""]"	work-r3v-native-image-c-r3v-bindimagememory-vkdevice-device-vkimage-image-381756219a61	read-the-shared-commit-sequence-once-then-check-each-claim
302	review-shared-change-history-ecc21f36cf7893d5fc9ea51a13b33377fe5b11b1-bd7fcf753-5397f5bb980e	shared-change-history	1	2	1	2	2026-08-25T20:21:28Z	2026-08-25T20:52:14Z	"[""warning-clean-driver-build-and-focused-test""]"	"[""changed-since-review""]"	"[""10f9e2fa66fd28b97638124d55113218da2a57d5"",""393cb870255352a00fc9859f2d6624e3f10b2b87"",""51e2926b7cd2deabb3dfc6c09e9e3310abca4159"",""5453c84376b798dd7cc68a5f65defc68037c4b15"",""682648a30f9fe5db7f18772bd953af2e44099437"",""73b4fc07196b5bc9e5505406dfc34f4269407165"",""7dd3f6fbb379de20d3c2c7d983d24523acfdbd84"",""93ff2e17aeca881926adb92dc6493bb34018be2a"",""af766adab77452239b29918eb26f033c0f00b313"",""bd7fcf75397e409a3d1e15e595e940d6411dffc3"",""c7dae69423791abaefee49603b2d45e62086ac19"",""ecc21f36cf7893d5fc9ea51a13b33377fe5b11b1""]"	work-r3v-native-draw-c-r3v-cmdbeginrenderpass-vkcommandbuffer-commandbuffer-612e6bf76415	read-the-shared-commit-sequence-once-then-check-each-claim
303	review-shared-change-history-65ab7cab5157a9fcfa5db5fc83f1005f317b5549-5f3d46014-528adad44988	shared-change-history	1	1	1	1	2026-08-25T20:51:35Z	2026-08-25T20:51:35Z	"[""documentation-symbol-and-link-check""]"	"[""changed-since-review""]"	"[""292c0318de096554d204725077710d177a3196f2"",""4420389af742cd6354dceac2584fd4fd8ad74ec8"",""4b0c1f55abd1c9d84022973e14fd40d639426ec9"",""51f57acd4012136e17651596b9591d25d90d6175"",""5f3d4601460d80140c3e6de31fee224d4c69cab7"",""65ab7cab5157a9fcfa5db5fc83f1005f317b5549"",""6c94fa74ff9c5cf359fee995d278623e8e51d06f"",""aa981dd2fb3a6b1901dc611f950542979c2730a5"",""bc38bb8840c92d4b64d9f25d5d83c5f2345007c7"",""f743d0f9bec6e673cdd09dfd4554172aaa9b01c7""]"	work-agents-md-original-line-5-78b52c499aa1	read-the-shared-commit-sequence-once-then-check-each-claim
304	review-shared-change-history-5f3d4601460d80140c3e6de31fee224d4c69cab7-aa981dd2f-cde5144ee134	shared-change-history	1	1	1	1	2026-08-25T20:57:20Z	2026-08-25T20:57:20Z	"[""documentation-symbol-and-link-check""]"	"[""changed-since-review""]"	"[""292c0318de096554d204725077710d177a3196f2"",""4420389af742cd6354dceac2584fd4fd8ad74ec8"",""4b0c1f55abd1c9d84022973e14fd40d639426ec9"",""51f57acd4012136e17651596b9591d25d90d6175"",""5f3d4601460d80140c3e6de31fee224d4c69cab7"",""6c94fa74ff9c5cf359fee995d278623e8e51d06f"",""aa981dd2fb3a6b1901dc611f950542979c2730a5"",""bc38bb8840c92d4b64d9f25d5d83c5f2345007c7"",""f743d0f9bec6e673cdd09dfd4554172aaa9b01c7""]"	work-agents-md-original-line-16-e0b824ae042e	read-the-shared-commit-sequence-once-then-check-each-claim
305	review-shared-change-history-aa2455435d5c288ddafd8c51917d595be6ed3b3b-e8445512d-c875f5e0e811	shared-change-history	2	4	1	1	2026-08-26T01:17:13Z	2026-08-26T01:17:14Z	"[""documentation-symbol-and-link-check""]"	"[""changed-since-review""]"	"[""0048e3149db17dda5f178f0fb438a81895cc1804"",""0253e6fab27aff948c1c7a8ed06ad12e20d8a7fd"",""0b086f4ecb52eed82b68f9e71da8cd598c0d0f21"",""14743cd7bf00ceb7a3773486f40993925d2354d2"",""1af752fec672081beff3725e8e5eaaa3cbc8346e"",""1b0a2e11dfb54b35af550012234ff5648ebf0111"",""1b2edb72b0a864d17c232aeb845cd4a32d6e9790"",""1ba459eaedf1122217cf8764cfadd140d3f66184"",""1c1915023627f46ab328671c0a27cbd4f000ebb8"",""1cf2ae9c66feb5ac5e616810b17a7b541905e377"",""26d7eaf6275d0547b2779e5248b09a08ca5da043"",""292c0318de096554d204725077710d177a3196f2"",""3169b47744128b6f750ee24c701b48bacc15064a"",""347c582d656a298f85a2cfa69521bd9a1aec34e3"",""393cb870255352a00fc9859f2d6624e3f10b2b87"",""3a01be0e1c23f17c70228b5f303fb2e0498d784c"",""3a32ad98562dd20c4860014c53ef5e95e7c0680b"",""3bfafd1e35a20b7024389b1ae47af94d979e27fd"",""41ed3670d8f5557938e79d43a08dd9cd15768dbf"",""4420389af742cd6354dceac2584fd4fd8ad74ec8"",""51067474432140265790a356046467d9e6d9ec00"",""64fa102e611a869ea31d47a31fdf72ad84f28711"",""682648a30f9fe5db7f18772bd953af2e44099437"",""73b4fc07196b5bc9e5505406dfc34f4269407165"",""7ac62205eb882df42462d849cc549086b59227ea"",""7ae57798ec2661ff7e9eb245e174fcbdee1baef0"",""84f548cde308c6708710d87e4dd673a8542b597d"",""8da115a5d85884895fbed176db45633a50711fc9"",""9e7339cbd3e966ceaf2075f1894010b5897f5fc8"",""9fbf23d207e49def0c922f51f8119b2e04d28bf4"",""a5a1e8a9c2e7c9c99630af724f463944431bed87"",""a628623143f80181b4a864337e2afdecf89fb1d1"",""aa2455435d5c288ddafd8c51917d595be6ed3b3b"",""ae08c612abdc47bea1af5ec485a27e91cc31c1f9"",""b0f1175ae1e51ea50c11e028ceb0a0a7c466eea9"",""b492c4be6895ab8330fdb60c11a4a49fc98b4873"",""bf7c7c46f14ffcdcea315d7cdf4868bb8e607d10"",""c190b5f0ae39405f75c224cf08f22cbb8c9106dc"",""c5cc11945f60ddc34a1011b1bde47762a33887ab"",""c7dae69423791abaefee49603b2d45e62086ac19"",""ca787c39527acca3c6c95ae113b2481ce02f0b2f"",""d135cb362f775a861a1a431db8c0d108996747c8"",""ddd2b086c9ab06cf4ed45561ef1fb57eae7d4e0e"",""de712cd4c674f476c5c2d9b6371da8907b8eebe8"",""e3ecdd2e3624bcea972a77edd30b1818b99b66f8"",""e8445512d3a15311e53b3539068a736e04c79ee1"",""f34c5c5ebbea17e56dd5fd49a9122d175544ac5c"",""f743d0f9bec6e673cdd09dfd4554172aaa9b01c7""]"	work-r3v-current-program-status-md-bit-the-ledger-claim-and-a771b43a4e04	read-the-shared-commit-sequence-once-then-check-each-claim
306	review-shared-change-history-2cb307652cc8b14e61abd9fd3d71ff5e935c5eae-bd7fcf753-14ebd4d33b1b	shared-change-history	1	3	1	1	2026-08-26T01:38:27Z	2026-08-26T01:38:27Z	"[""warning-clean-driver-build-and-focused-test""]"	"[""changed-since-review""]"	"[""2cb307652cc8b14e61abd9fd3d71ff5e935c5eae"",""73b4fc07196b5bc9e5505406dfc34f4269407165"",""bd7fcf75397e409a3d1e15e595e940d6411dffc3"",""c7dae69423791abaefee49603b2d45e62086ac19""]"	work-r3v-native-recording-c-r3v-cmdexecutecommands-a0885c858438	read-the-shared-commit-sequence-once-then-check-each-claim
307	review-shared-change-history-e8445512d3a15311e53b3539068a736e04c79ee1-c190b5f0a-a786880d67b1	shared-change-history	1	4	1	1	2026-08-26T02:15:52Z	2026-08-26T02:15:52Z	"[""documentation-symbol-and-link-check""]"	"[""changed-since-review""]"	"[""0048e3149db17dda5f178f0fb438a81895cc1804"",""0253e6fab27aff948c1c7a8ed06ad12e20d8a7fd"",""0b086f4ecb52eed82b68f9e71da8cd598c0d0f21"",""14743cd7bf00ceb7a3773486f40993925d2354d2"",""1af752fec672081beff3725e8e5eaaa3cbc8346e"",""1b0a2e11dfb54b35af550012234ff5648ebf0111"",""1b2edb72b0a864d17c232aeb845cd4a32d6e9790"",""1ba459eaedf1122217cf8764cfadd140d3f66184"",""1c1915023627f46ab328671c0a27cbd4f000ebb8"",""1cf2ae9c66feb5ac5e616810b17a7b541905e377"",""26d7eaf6275d0547b2779e5248b09a08ca5da043"",""292c0318de096554d204725077710d177a3196f2"",""3169b47744128b6f750ee24c701b48bacc15064a"",""347c582d656a298f85a2cfa69521bd9a1aec34e3"",""393cb870255352a00fc9859f2d6624e3f10b2b87"",""3a01be0e1c23f17c70228b5f303fb2e0498d784c"",""3a32ad98562dd20c4860014c53ef5e95e7c0680b"",""3bfafd1e35a20b7024389b1ae47af94d979e27fd"",""41ed3670d8f5557938e79d43a08dd9cd15768dbf"",""4420389af742cd6354dceac2584fd4fd8ad74ec8"",""51067474432140265790a356046467d9e6d9ec00"",""64fa102e611a869ea31d47a31fdf72ad84f28711"",""682648a30f9fe5db7f18772bd953af2e44099437"",""73b4fc07196b5bc9e5505406dfc34f4269407165"",""7ac62205eb882df42462d849cc549086b59227ea"",""7ae57798ec2661ff7e9eb245e174fcbdee1baef0"",""84f548cde308c6708710d87e4dd673a8542b597d"",""8da115a5d85884895fbed176db45633a50711fc9"",""9e7339cbd3e966ceaf2075f1894010b5897f5fc8"",""9fbf23d207e49def0c922f51f8119b2e04d28bf4"",""a5a1e8a9c2e7c9c99630af724f463944431bed87"",""a628623143f80181b4a864337e2afdecf89fb1d1"",""ae08c612abdc47bea1af5ec485a27e91cc31c1f9"",""b0f1175ae1e51ea50c11e028ceb0a0a7c466eea9"",""b492c4be6895ab8330fdb60c11a4a49fc98b4873"",""bf7c7c46f14ffcdcea315d7cdf4868bb8e607d10"",""c190b5f0ae39405f75c224cf08f22cbb8c9106dc"",""c5cc11945f60ddc34a1011b1bde47762a33887ab"",""c7dae69423791abaefee49603b2d45e62086ac19"",""ca787c39527acca3c6c95ae113b2481ce02f0b2f"",""d135cb362f775a861a1a431db8c0d108996747c8"",""ddd2b086c9ab06cf4ed45561ef1fb57eae7d4e0e"",""de712cd4c674f476c5c2d9b6371da8907b8eebe8"",""e3ecdd2e3624bcea972a77edd30b1818b99b66f8"",""e8445512d3a15311e53b3539068a736e04c79ee1"",""f34c5c5ebbea17e56dd5fd49a9122d175544ac5c"",""f743d0f9bec6e673cdd09dfd4554172aaa9b01c7""]"	work-r3v-current-program-status-md-conformance-expands-by-executed-mechanism-e641571280bf	read-the-shared-commit-sequence-once-then-check-each-claim
308	review-shared-change-history-bd7fcf75397e409a3d1e15e595e940d6411dffc3-d81fbed89-40600c5e5289	shared-change-history	1	5	1	2	2026-08-26T02:21:49Z	2026-08-26T04:57:57Z	"[""warning-clean-driver-build-and-focused-test""]"	"[""changed-since-review""]"	"[""02e7f3afc1737a1a04a35d22ed9ca7c40570b75c"",""0aceb8aa9606b0e4381e1ce5afc099c8914a3ef1"",""1b0a2e11dfb54b35af550012234ff5648ebf0111"",""2232b3ab7b2baef2666bd3f5bf23193e0af2f86e"",""2e670ab6365099e3d31a1a6fd8ff9aaaa74d98fc"",""3a32ad98562dd20c4860014c53ef5e95e7c0680b"",""4fafa6b132c1c458d76646f2f6b10e603f5d663f"",""511ef9d736cf3e3800c25b31dd5abe0e0540a6a3"",""5a113dd59561dce74f0d5a85883e99ffe6fd097c"",""5f2615641abebc5f1631fb02285d20a93808cbfb"",""64fa102e611a869ea31d47a31fdf72ad84f28711"",""7ac62205eb882df42462d849cc549086b59227ea"",""7dd3f6fbb379de20d3c2c7d983d24523acfdbd84"",""84cf229c0d6e290d4a5694efa957454bc04b22c9"",""92fc8a2c371472b667a10471e6f8a18de66fd847"",""93ff2e17aeca881926adb92dc6493bb34018be2a"",""a0b08e61fb38f57fe17f038bfaddd9f5dd47ef34"",""ae2e0183f6953f872bb04b6b929b374b6f8ac1ae"",""af766adab77452239b29918eb26f033c0f00b313"",""bd7fcf75397e409a3d1e15e595e940d6411dffc3"",""c5cc11945f60ddc34a1011b1bde47762a33887ab"",""d81fbed896c223ef4073f8c95c2a51801b178252"",""dd37f92a3695930472990d530e70d88add9ec48d"",""dede1a1b318fb4cbc3b4314f1354cd20ee2e6ecd"",""f6a34ad39990d74a4752ccfdf0d67c55b398fef5"",""f743d0f9bec6e673cdd09dfd4554172aaa9b01c7""]"	work-r300-tcl-bypass-triangle-c-r300-tcl-bypass-triangle-emit-cc69b2030358	read-the-shared-commit-sequence-once-then-check-each-claim
309	review-shared-change-history-93ff2e17aeca881926adb92dc6493bb34018be2a-5453c8437-e9c17ddf8556	shared-change-history	1	3	1	2	2026-08-26T04:25:51Z	2026-08-26T06:29:15Z	"[""warning-clean-driver-build-and-focused-test""]"	"[""changed-since-review""]"	"[""10f9e2fa66fd28b97638124d55113218da2a57d5"",""393cb870255352a00fc9859f2d6624e3f10b2b87"",""51e2926b7cd2deabb3dfc6c09e9e3310abca4159"",""5453c84376b798dd7cc68a5f65defc68037c4b15"",""682648a30f9fe5db7f18772bd953af2e44099437"",""73b4fc07196b5bc9e5505406dfc34f4269407165"",""7dd3f6fbb379de20d3c2c7d983d24523acfdbd84"",""93ff2e17aeca881926adb92dc6493bb34018be2a"",""af766adab77452239b29918eb26f033c0f00b313"",""c7dae69423791abaefee49603b2d45e62086ac19""]"	work-r3v-native-draw-c-record-draw-vkcommandbuffer-commandbuffer-const-struct-f597fcf01c71	read-the-shared-commit-sequence-once-then-check-each-claim
310	review-shared-change-history-93ff2e17aeca881926adb92dc6493bb34018be2a-f0620ab5b-f5f4973364aa	shared-change-history	5	5	1	1	2026-08-26T04:26:54Z	2026-08-26T04:26:55Z	"[""warning-clean-driver-build-and-focused-test""]"	"[""changed-since-review""]"	"[""3065def39aa3fde98ca00c66da9612773b451805"",""451d77f250a30cb4c968c8474b0ffaa1a8f1b123"",""511ef9d736cf3e3800c25b31dd5abe0e0540a6a3"",""5453c84376b798dd7cc68a5f65defc68037c4b15"",""93ff2e17aeca881926adb92dc6493bb34018be2a"",""be6eb55ff61e6ac44b7e475f70f9edc76d1f8d5b"",""dede1a1b318fb4cbc3b4314f1354cd20ee2e6ecd"",""f0620ab5bbebabf71171108c8fad662a27d1be20"",""f6a34ad39990d74a4752ccfdf0d67c55b398fef5""]"	work-r3v-native-attended-sampled-c-original-line-13-ef672bb7fad3	read-the-shared-commit-sequence-once-then-check-each-claim
311	review-shared-change-history-7ae57798ec2661ff7e9eb245e174fcbdee1baef0-de712cd4c-d5751e8ee4a1	shared-change-history	1	28	1	12	2026-08-26T05:32:43Z	2026-08-26T20:29:10Z	"[""documentation-symbol-and-link-check""]"	"[""changed-since-review""]"	"[""0048e3149db17dda5f178f0fb438a81895cc1804"",""0253e6fab27aff948c1c7a8ed06ad12e20d8a7fd"",""0b086f4ecb52eed82b68f9e71da8cd598c0d0f21"",""14743cd7bf00ceb7a3773486f40993925d2354d2"",""1af752fec672081beff3725e8e5eaaa3cbc8346e"",""1b0a2e11dfb54b35af550012234ff5648ebf0111"",""1b2edb72b0a864d17c232aeb845cd4a32d6e9790"",""1ba459eaedf1122217cf8764cfadd140d3f66184"",""1c1915023627f46ab328671c0a27cbd4f000ebb8"",""1cf2ae9c66feb5ac5e616810b17a7b541905e377"",""26d7eaf6275d0547b2779e5248b09a08ca5da043"",""292c0318de096554d204725077710d177a3196f2"",""3169b47744128b6f750ee24c701b48bacc15064a"",""347c582d656a298f85a2cfa69521bd9a1aec34e3"",""393cb870255352a00fc9859f2d6624e3f10b2b87"",""3a01be0e1c23f17c70228b5f303fb2e0498d784c"",""3a32ad98562dd20c4860014c53ef5e95e7c0680b"",""3bfafd1e35a20b7024389b1ae47af94d979e27fd"",""41ed3670d8f5557938e79d43a08dd9cd15768dbf"",""4420389af742cd6354dceac2584fd4fd8ad74ec8"",""51067474432140265790a356046467d9e6d9ec00"",""64fa102e611a869ea31d47a31fdf72ad84f28711"",""682648a30f9fe5db7f18772bd953af2e44099437"",""73b4fc07196b5bc9e5505406dfc34f4269407165"",""7ac62205eb882df42462d849cc549086b59227ea"",""7ae57798ec2661ff7e9eb245e174fcbdee1baef0"",""84f548cde308c6708710d87e4dd673a8542b597d"",""8da115a5d85884895fbed176db45633a50711fc9"",""9e7339cbd3e966ceaf2075f1894010b5897f5fc8"",""9fbf23d207e49def0c922f51f8119b2e04d28bf4"",""a5a1e8a9c2e7c9c99630af724f463944431bed87"",""a628623143f80181b4a864337e2afdecf89fb1d1"",""ae08c612abdc47bea1af5ec485a27e91cc31c1f9"",""b0f1175ae1e51ea50c11e028ceb0a0a7c466eea9"",""b492c4be6895ab8330fdb60c11a4a49fc98b4873"",""bf7c7c46f14ffcdcea315d7cdf4868bb8e607d10"",""c5cc11945f60ddc34a1011b1bde47762a33887ab"",""c7dae69423791abaefee49603b2d45e62086ac19"",""ca787c39527acca3c6c95ae113b2481ce02f0b2f"",""d135cb362f775a861a1a431db8c0d108996747c8"",""ddd2b086c9ab06cf4ed45561ef1fb57eae7d4e0e"",""de712cd4c674f476c5c2d9b6371da8907b8eebe8"",""e3ecdd2e3624bcea972a77edd30b1818b99b66f8"",""f34c5c5ebbea17e56dd5fd49a9122d175544ac5c"",""f743d0f9bec6e673cdd09dfd4554172aaa9b01c7""]"	work-r3v-current-program-status-md-above-is-rung-zero-the-7c5726e21378	read-the-shared-commit-sequence-once-then-check-each-claim
312	review-shared-change-history-5453c84376b798dd7cc68a5f65defc68037c4b15-511ef9d73-76977ab90eaa	shared-change-history	1	1	1	1	2026-08-26T05:40:53Z	2026-08-26T05:40:53Z	"[""warning-clean-driver-build-and-focused-test""]"	"[""changed-since-review""]"	"[""3065def39aa3fde98ca00c66da9612773b451805"",""451d77f250a30cb4c968c8474b0ffaa1a8f1b123"",""511ef9d736cf3e3800c25b31dd5abe0e0540a6a3"",""5453c84376b798dd7cc68a5f65defc68037c4b15"",""be6eb55ff61e6ac44b7e475f70f9edc76d1f8d5b"",""dede1a1b318fb4cbc3b4314f1354cd20ee2e6ecd"",""f6a34ad39990d74a4752ccfdf0d67c55b398fef5""]"	work-r3v-native-attended-sampled-c-main-int-argc-char-argv-6d3d4dc94d7f	read-the-shared-commit-sequence-once-then-check-each-claim
313	review-shared-change-history-4420389af742cd6354dceac2584fd4fd8ad74ec8-292c0318d-ad0c8de92ead	shared-change-history	1	2	1	1	2026-08-26T05:56:13Z	2026-08-26T05:56:13Z	"[""documentation-symbol-and-link-check""]"	"[""changed-since-review""]"	"[""292c0318de096554d204725077710d177a3196f2"",""31650bf8e57d52a812104aeb6cc60449099a86d1"",""4420389af742cd6354dceac2584fd4fd8ad74ec8"",""813f5899cd3d315aa4c84213e5be5101fc03f698"",""f743d0f9bec6e673cdd09dfd4554172aaa9b01c7""]"	work-r3v-host-model-fail-decomposition-md-itself-admit-imagetype-1d-cd6d6e43e0e3	read-the-shared-commit-sequence-once-then-check-each-claim
314	review-shared-change-history-511ef9d736cf3e3800c25b31dd5abe0e0540a6a3-a0b08e61f-de4529543751	shared-change-history	1	1	1	1	2026-08-26T06:46:49Z	2026-08-26T06:46:49Z	"[""warning-clean-driver-build-and-focused-test""]"	"[""changed-since-review""]"	"[""02e7f3afc1737a1a04a35d22ed9ca7c40570b75c"",""0aceb8aa9606b0e4381e1ce5afc099c8914a3ef1"",""1b0a2e11dfb54b35af550012234ff5648ebf0111"",""2232b3ab7b2baef2666bd3f5bf23193e0af2f86e"",""2e670ab6365099e3d31a1a6fd8ff9aaaa74d98fc"",""3a32ad98562dd20c4860014c53ef5e95e7c0680b"",""4fafa6b132c1c458d76646f2f6b10e603f5d663f"",""511ef9d736cf3e3800c25b31dd5abe0e0540a6a3"",""5a113dd59561dce74f0d5a85883e99ffe6fd097c"",""5f2615641abebc5f1631fb02285d20a93808cbfb"",""64fa102e611a869ea31d47a31fdf72ad84f28711"",""7ac62205eb882df42462d849cc549086b59227ea"",""7dd3f6fbb379de20d3c2c7d983d24523acfdbd84"",""84cf229c0d6e290d4a5694efa957454bc04b22c9"",""92fc8a2c371472b667a10471e6f8a18de66fd847"",""a0b08e61fb38f57fe17f038bfaddd9f5dd47ef34"",""ae2e0183f6953f872bb04b6b929b374b6f8ac1ae"",""af766adab77452239b29918eb26f033c0f00b313"",""c5cc11945f60ddc34a1011b1bde47762a33887ab"",""dede1a1b318fb4cbc3b4314f1354cd20ee2e6ecd"",""f6a34ad39990d74a4752ccfdf0d67c55b398fef5"",""f743d0f9bec6e673cdd09dfd4554172aaa9b01c7""]"	work-r300-tcl-bypass-triangle-c-r300-tcl-bypass-triangle-render-ec50480f6203	read-the-shared-commit-sequence-once-then-check-each-claim
315	review-shared-change-history-eae1df80d9c7db3162ed27614fc74de2325ad665-5f2615641-f2f42b67e80f	shared-change-history	1	1	1	1	2026-08-26T06:46:49Z	2026-08-26T06:46:49Z	"[""warning-clean-driver-build-and-focused-test""]"	"[""changed-since-review""]"	"[""5f2615641abebc5f1631fb02285d20a93808cbfb"",""73b4fc07196b5bc9e5505406dfc34f4269407165"",""c7dae69423791abaefee49603b2d45e62086ac19"",""eae1df80d9c7db3162ed27614fc74de2325ad665""]"	work-r3v-native-arming-c-r3v-native-arming-evaluate-const-struct-91b8d5b84bc0	read-the-shared-commit-sequence-once-then-check-each-claim
316	review-shared-change-history-13701e615400edf1e437c61df559419793a3088f-84cf229c0-55a4dbbbcf6e	shared-change-history	1	1	1	1	2026-08-26T06:50:13Z	2026-08-26T06:50:13Z	"[""warning-clean-driver-build-and-focused-test""]"	"[""changed-since-review""]"	"[""10f9e2fa66fd28b97638124d55113218da2a57d5"",""13701e615400edf1e437c61df559419793a3088f"",""393cb870255352a00fc9859f2d6624e3f10b2b87"",""4337fab9b7e51ae23d0c1db75c0c107ec1a20f29"",""51e2926b7cd2deabb3dfc6c09e9e3310abca4159"",""5f2615641abebc5f1631fb02285d20a93808cbfb"",""64fa102e611a869ea31d47a31fdf72ad84f28711"",""682648a30f9fe5db7f18772bd953af2e44099437"",""73b4fc07196b5bc9e5505406dfc34f4269407165"",""7dd3f6fbb379de20d3c2c7d983d24523acfdbd84"",""84cf229c0d6e290d4a5694efa957454bc04b22c9"",""af766adab77452239b29918eb26f033c0f00b313"",""c3f310b429a8061a7eda94441b306c7b999d5ebc"",""c5cc11945f60ddc34a1011b1bde47762a33887ab"",""c7dae69423791abaefee49603b2d45e62086ac19"",""eae1df80d9c7db3162ed27614fc74de2325ad665""]"	work-r3v-native-h-r3v-native-image-layer-pitch-bytes-uint32-1822efd8d81b	read-the-shared-commit-sequence-once-then-check-each-claim
317	review-shared-change-history-a0b08e61fb38f57fe17f038bfaddd9f5dd47ef34-f6a34ad39-2f2ce0efd8f9	shared-change-history	1	3	1	1	2026-08-26T07:12:05Z	2026-08-26T07:12:05Z	"[""warning-clean-driver-build-and-focused-test""]"	"[""changed-since-review""]"	"[""02e7f3afc1737a1a04a35d22ed9ca7c40570b75c"",""0aceb8aa9606b0e4381e1ce5afc099c8914a3ef1"",""1b0a2e11dfb54b35af550012234ff5648ebf0111"",""2232b3ab7b2baef2666bd3f5bf23193e0af2f86e"",""2e670ab6365099e3d31a1a6fd8ff9aaaa74d98fc"",""3a32ad98562dd20c4860014c53ef5e95e7c0680b"",""4fafa6b132c1c458d76646f2f6b10e603f5d663f"",""5a113dd59561dce74f0d5a85883e99ffe6fd097c"",""5f2615641abebc5f1631fb02285d20a93808cbfb"",""64fa102e611a869ea31d47a31fdf72ad84f28711"",""7ac62205eb882df42462d849cc549086b59227ea"",""7dd3f6fbb379de20d3c2c7d983d24523acfdbd84"",""84cf229c0d6e290d4a5694efa957454bc04b22c9"",""92fc8a2c371472b667a10471e6f8a18de66fd847"",""a0b08e61fb38f57fe17f038bfaddd9f5dd47ef34"",""ae2e0183f6953f872bb04b6b929b374b6f8ac1ae"",""af766adab77452239b29918eb26f033c0f00b313"",""c5cc11945f60ddc34a1011b1bde47762a33887ab"",""dede1a1b318fb4cbc3b4314f1354cd20ee2e6ecd"",""f6a34ad39990d74a4752ccfdf0d67c55b398fef5"",""f743d0f9bec6e673cdd09dfd4554172aaa9b01c7""]"	work-r300-tcl-bypass-triangle-c-r300-tcl-bypass-triangle-varying-9f7d196918b1	read-the-shared-commit-sequence-once-then-check-each-claim
318	review-shared-change-history-f6a34ad39990d74a4752ccfdf0d67c55b398fef5-84cf229c0-39cc51eaa075	shared-change-history	1	1	1	1	2026-08-26T07:16:47Z	2026-08-26T07:16:47Z	"[""warning-clean-driver-build-and-focused-test""]"	"[""changed-since-review""]"	"[""02e7f3afc1737a1a04a35d22ed9ca7c40570b75c"",""0aceb8aa9606b0e4381e1ce5afc099c8914a3ef1"",""1b0a2e11dfb54b35af550012234ff5648ebf0111"",""2232b3ab7b2baef2666bd3f5bf23193e0af2f86e"",""2e670ab6365099e3d31a1a6fd8ff9aaaa74d98fc"",""3a32ad98562dd20c4860014c53ef5e95e7c0680b"",""4fafa6b132c1c458d76646f2f6b10e603f5d663f"",""5a113dd59561dce74f0d5a85883e99ffe6fd097c"",""5f2615641abebc5f1631fb02285d20a93808cbfb"",""64fa102e611a869ea31d47a31fdf72ad84f28711"",""7ac62205eb882df42462d849cc549086b59227ea"",""7dd3f6fbb379de20d3c2c7d983d24523acfdbd84"",""84cf229c0d6e290d4a5694efa957454bc04b22c9"",""92fc8a2c371472b667a10471e6f8a18de66fd847"",""ae2e0183f6953f872bb04b6b929b374b6f8ac1ae"",""af766adab77452239b29918eb26f033c0f00b313"",""c5cc11945f60ddc34a1011b1bde47762a33887ab"",""dede1a1b318fb4cbc3b4314f1354cd20ee2e6ecd"",""f6a34ad39990d74a4752ccfdf0d67c55b398fef5"",""f743d0f9bec6e673cdd09dfd4554172aaa9b01c7""]"	work-r300-tcl-bypass-triangle-c-composed-sample-emit-const-struct-97cb1c3402f9	read-the-shared-commit-sequence-once-then-check-each-claim
319	review-shared-change-history-f6a34ad39990d74a4752ccfdf0d67c55b398fef5-84cf229c0-4766481dbb90	shared-change-history	1	1	1	1	2026-08-26T07:16:47Z	2026-08-26T07:16:47Z	"[""warning-clean-driver-build-and-focused-test""]"	"[""changed-since-review""]"	"[""02e7f3afc1737a1a04a35d22ed9ca7c40570b75c"",""0aceb8aa9606b0e4381e1ce5afc099c8914a3ef1"",""1b0a2e11dfb54b35af550012234ff5648ebf0111"",""2232b3ab7b2baef2666bd3f5bf23193e0af2f86e"",""2e670ab6365099e3d31a1a6fd8ff9aaaa74d98fc"",""347c582d656a298f85a2cfa69521bd9a1aec34e3"",""3a32ad98562dd20c4860014c53ef5e95e7c0680b"",""4fafa6b132c1c458d76646f2f6b10e603f5d663f"",""5a113dd59561dce74f0d5a85883e99ffe6fd097c"",""5f2615641abebc5f1631fb02285d20a93808cbfb"",""64fa102e611a869ea31d47a31fdf72ad84f28711"",""7ac62205eb882df42462d849cc549086b59227ea"",""7dd3f6fbb379de20d3c2c7d983d24523acfdbd84"",""84cf229c0d6e290d4a5694efa957454bc04b22c9"",""92fc8a2c371472b667a10471e6f8a18de66fd847"",""ae2e0183f6953f872bb04b6b929b374b6f8ac1ae"",""af766adab77452239b29918eb26f033c0f00b313"",""c5cc11945f60ddc34a1011b1bde47762a33887ab"",""dede1a1b318fb4cbc3b4314f1354cd20ee2e6ecd"",""f6a34ad39990d74a4752ccfdf0d67c55b398fef5"",""f743d0f9bec6e673cdd09dfd4554172aaa9b01c7""]"	work-r300-tcl-bypass-triangle-h-int-r300-tcl-bypass-triangle-45b11f238036	read-the-shared-commit-sequence-once-then-check-each-claim
320	review-shared-change-history-84cf229c0d6e290d4a5694efa957454bc04b22c9-4fafa6b13-97b199638228	shared-change-history	1	1	1	1	2026-08-26T07:25:57Z	2026-08-26T07:25:57Z	"[""warning-clean-driver-build-and-focused-test""]"	"[""changed-since-review""]"	"[""02e7f3afc1737a1a04a35d22ed9ca7c40570b75c"",""0aceb8aa9606b0e4381e1ce5afc099c8914a3ef1"",""1b0a2e11dfb54b35af550012234ff5648ebf0111"",""2232b3ab7b2baef2666bd3f5bf23193e0af2f86e"",""2e670ab6365099e3d31a1a6fd8ff9aaaa74d98fc"",""3a32ad98562dd20c4860014c53ef5e95e7c0680b"",""4fafa6b132c1c458d76646f2f6b10e603f5d663f"",""5a113dd59561dce74f0d5a85883e99ffe6fd097c"",""5f2615641abebc5f1631fb02285d20a93808cbfb"",""64fa102e611a869ea31d47a31fdf72ad84f28711"",""7ac62205eb882df42462d849cc549086b59227ea"",""7dd3f6fbb379de20d3c2c7d983d24523acfdbd84"",""84cf229c0d6e290d4a5694efa957454bc04b22c9"",""92fc8a2c371472b667a10471e6f8a18de66fd847"",""ae2e0183f6953f872bb04b6b929b374b6f8ac1ae"",""af766adab77452239b29918eb26f033c0f00b313"",""c5cc11945f60ddc34a1011b1bde47762a33887ab"",""dede1a1b318fb4cbc3b4314f1354cd20ee2e6ecd"",""f743d0f9bec6e673cdd09dfd4554172aaa9b01c7""]"	work-r300-tcl-bypass-triangle-c-r300-tcl-bypass-triangle-coverage-82f24546ba77	read-the-shared-commit-sequence-once-then-check-each-claim
321	review-shared-change-history-be6eb55ff61e6ac44b7e475f70f9edc76d1f8d5b-451d77f25-7bd8c96b7ede	shared-change-history	1	1	1	1	2026-08-26T07:25:57Z	2026-08-26T07:25:57Z	"[""warning-clean-driver-build-and-focused-test""]"	"[""changed-since-review""]"	"[""3065def39aa3fde98ca00c66da9612773b451805"",""451d77f250a30cb4c968c8474b0ffaa1a8f1b123"",""be6eb55ff61e6ac44b7e475f70f9edc76d1f8d5b"",""dede1a1b318fb4cbc3b4314f1354cd20ee2e6ecd""]"	work-r3v-native-attended-sampled-c-pfn-vkvoidfunction-vk-icdgetinstanceprocad-de26af02ffc4	read-the-shared-commit-sequence-once-then-check-each-claim
322	review-shared-change-history-84cf229c0d6e290d4a5694efa957454bc04b22c9-eae1df80d-6d57616cb6c1	shared-change-history	1	4	1	1	2026-08-26T07:31:31Z	2026-08-26T07:31:31Z	"[""warning-clean-driver-build-and-focused-test""]"	"[""changed-since-review""]"	"[""10f9e2fa66fd28b97638124d55113218da2a57d5"",""31650bf8e57d52a812104aeb6cc60449099a86d1"",""51e2926b7cd2deabb3dfc6c09e9e3310abca4159"",""5f2615641abebc5f1631fb02285d20a93808cbfb"",""64fa102e611a869ea31d47a31fdf72ad84f28711"",""73b4fc07196b5bc9e5505406dfc34f4269407165"",""7dd3f6fbb379de20d3c2c7d983d24523acfdbd84"",""813f5899cd3d315aa4c84213e5be5101fc03f698"",""84cf229c0d6e290d4a5694efa957454bc04b22c9"",""af766adab77452239b29918eb26f033c0f00b313"",""c5cc11945f60ddc34a1011b1bde47762a33887ab"",""c7dae69423791abaefee49603b2d45e62086ac19"",""eae1df80d9c7db3162ed27614fc74de2325ad665""]"	work-r3v-native-cell-c-r3v-native-record-r2vb-status-load-324b7eb7452c	read-the-shared-commit-sequence-once-then-check-each-claim
323	review-shared-change-history-eae1df80d9c7db3162ed27614fc74de2325ad665-5f2615641-5c7a56b563eb	shared-change-history	1	1	1	1	2026-08-26T07:42:40Z	2026-08-26T07:42:40Z	"[""warning-clean-driver-build-and-focused-test""]"	"[""changed-since-review""]"	"[""0aceb8aa9606b0e4381e1ce5afc099c8914a3ef1"",""2232b3ab7b2baef2666bd3f5bf23193e0af2f86e"",""5f2615641abebc5f1631fb02285d20a93808cbfb"",""64fa102e611a869ea31d47a31fdf72ad84f28711"",""7dd3f6fbb379de20d3c2c7d983d24523acfdbd84"",""8e4c01d4aaf5dbfe222d2bd3763b7ca906eb129c"",""a4c39ca2b71127b4a9ffe6a3e524428977fc7c61"",""ae2e0183f6953f872bb04b6b929b374b6f8ac1ae"",""af766adab77452239b29918eb26f033c0f00b313"",""c5cc11945f60ddc34a1011b1bde47762a33887ab"",""eae1df80d9c7db3162ed27614fc74de2325ad665"",""f743d0f9bec6e673cdd09dfd4554172aaa9b01c7""]"	work-r3v-native-arming-runner-c-cell-emit-struct-r300-tcl-c3e3e1b947b2	read-the-shared-commit-sequence-once-then-check-each-claim
324	review-shared-change-history-eae1df80d9c7db3162ed27614fc74de2325ad665-5f2615641-7df7f460f8cf	shared-change-history	1	1	1	1	2026-08-26T07:42:40Z	2026-08-26T07:42:40Z	"[""warning-clean-driver-build-and-focused-test""]"	"[""changed-since-review""]"	"[""14d41350a7d29ed484b247e119139600650ea080"",""5f2615641abebc5f1631fb02285d20a93808cbfb"",""64fa102e611a869ea31d47a31fdf72ad84f28711"",""73b4fc07196b5bc9e5505406dfc34f4269407165"",""7dd3f6fbb379de20d3c2c7d983d24523acfdbd84"",""af766adab77452239b29918eb26f033c0f00b313"",""c5cc11945f60ddc34a1011b1bde47762a33887ab"",""c7dae69423791abaefee49603b2d45e62086ac19"",""dc380fd9cddf1f112abf0921f5478bd9142ad359"",""eae1df80d9c7db3162ed27614fc74de2325ad665""]"	work-r3v-native-queue-c-cell-geometry-unfrozen-const-struct-r3v-46aa1a5d835b	read-the-shared-commit-sequence-once-then-check-each-claim
325	review-shared-change-history-f34c5c5ebbea17e56dd5fd49a9122d175544ac5c-99ae7f779-8253dcd3d271	shared-change-history	4	4	1	1	2026-08-26T08:21:12Z	2026-08-26T08:21:12Z	"[""warning-clean-driver-build-and-focused-test""]"	"[""changed-since-review""]"	"[""15e794e1b6218b8fe59b7e9577a07d2b0a38aa99"",""3065def39aa3fde98ca00c66da9612773b451805"",""451d77f250a30cb4c968c8474b0ffaa1a8f1b123"",""6d7b0b5c0c5292f9b8563651b0351f714353e630"",""74e17e547d51997ffb074a92b1f74bef56c702a0"",""99ae7f779dd196aec81f5eef3c02f0ddf0f2fbbc"",""a62e4497766aff089ee68b72c96c0721935b3290"",""be6eb55ff61e6ac44b7e475f70f9edc76d1f8d5b"",""dede1a1b318fb4cbc3b4314f1354cd20ee2e6ecd"",""f34c5c5ebbea17e56dd5fd49a9122d175544ac5c""]"	work-r3v-native-attended-composed-c-original-line-12-9ea983fc473f	read-the-shared-commit-sequence-once-then-check-each-claim
326	review-shared-change-history-3a32ad98562dd20c4860014c53ef5e95e7c0680b-1b0a2e11d-1a2e0b2a644f	shared-change-history	1	1	1	1	2026-08-26T08:21:13Z	2026-08-26T08:21:13Z	"[""warning-clean-driver-build-and-focused-test""]"	"[""changed-since-review""]"	"[""02e7f3afc1737a1a04a35d22ed9ca7c40570b75c"",""0aceb8aa9606b0e4381e1ce5afc099c8914a3ef1"",""1b0a2e11dfb54b35af550012234ff5648ebf0111"",""2232b3ab7b2baef2666bd3f5bf23193e0af2f86e"",""2e670ab6365099e3d31a1a6fd8ff9aaaa74d98fc"",""3a32ad98562dd20c4860014c53ef5e95e7c0680b"",""5a113dd59561dce74f0d5a85883e99ffe6fd097c"",""5f2615641abebc5f1631fb02285d20a93808cbfb"",""64fa102e611a869ea31d47a31fdf72ad84f28711"",""7ac62205eb882df42462d849cc549086b59227ea"",""7dd3f6fbb379de20d3c2c7d983d24523acfdbd84"",""92fc8a2c371472b667a10471e6f8a18de66fd847"",""ae2e0183f6953f872bb04b6b929b374b6f8ac1ae"",""af766adab77452239b29918eb26f033c0f00b313"",""c5cc11945f60ddc34a1011b1bde47762a33887ab"",""dede1a1b318fb4cbc3b4314f1354cd20ee2e6ecd"",""f743d0f9bec6e673cdd09dfd4554172aaa9b01c7""]"	work-r300-tcl-bypass-triangle-test-c-test-varying-shape-vertices-68107db2efe0	read-the-shared-commit-sequence-once-then-check-each-claim
327	review-shared-change-history-661a73bf5bb99146ce096cc086613c7a819895f3-ddd2b086c-a07fd2ef23e1	shared-change-history	2	2	1	1	2026-08-26T08:22:39Z	2026-08-26T08:22:39Z	"[""documentation-symbol-and-link-check""]"	"[""changed-since-review""]"	"[""661a73bf5bb99146ce096cc086613c7a819895f3"",""9fbf23d207e49def0c922f51f8119b2e04d28bf4"",""ddd2b086c9ab06cf4ed45561ef1fb57eae7d4e0e""]"	work-r3v-native-attended-composed-render-sample-procedure-md-original-line-c916e554b009	read-the-shared-commit-sequence-once-then-check-each-claim
328	review-shared-change-history-99ae7f779dd196aec81f5eef3c02f0ddf0f2fbbc-15e794e1b-de2adb845b42	shared-change-history	1	1	1	1	2026-08-26T08:22:39Z	2026-08-26T08:22:39Z	"[""warning-clean-driver-build-and-focused-test""]"	"[""changed-since-review""]"	"[""15e794e1b6218b8fe59b7e9577a07d2b0a38aa99"",""3065def39aa3fde98ca00c66da9612773b451805"",""451d77f250a30cb4c968c8474b0ffaa1a8f1b123"",""6d7b0b5c0c5292f9b8563651b0351f714353e630"",""74e17e547d51997ffb074a92b1f74bef56c702a0"",""99ae7f779dd196aec81f5eef3c02f0ddf0f2fbbc"",""a62e4497766aff089ee68b72c96c0721935b3290"",""be6eb55ff61e6ac44b7e475f70f9edc76d1f8d5b"",""dede1a1b318fb4cbc3b4314f1354cd20ee2e6ecd""]"	work-r3v-native-attended-composed-c-main-int-argc-char-argv-59d94baeaac5	read-the-shared-commit-sequence-once-then-check-each-claim
329	review-shared-change-history-1b0a2e11dfb54b35af550012234ff5648ebf0111-7ac62205e-1f747ec90bb9	shared-change-history	1	1	1	1	2026-08-26T08:39:29Z	2026-08-26T08:39:29Z	"[""warning-clean-driver-build-and-focused-test""]"	"[""changed-since-review""]"	"[""02e7f3afc1737a1a04a35d22ed9ca7c40570b75c"",""0aceb8aa9606b0e4381e1ce5afc099c8914a3ef1"",""1b0a2e11dfb54b35af550012234ff5648ebf0111"",""2232b3ab7b2baef2666bd3f5bf23193e0af2f86e"",""2e670ab6365099e3d31a1a6fd8ff9aaaa74d98fc"",""5a113dd59561dce74f0d5a85883e99ffe6fd097c"",""5f2615641abebc5f1631fb02285d20a93808cbfb"",""64fa102e611a869ea31d47a31fdf72ad84f28711"",""7ac62205eb882df42462d849cc549086b59227ea"",""7dd3f6fbb379de20d3c2c7d983d24523acfdbd84"",""92fc8a2c371472b667a10471e6f8a18de66fd847"",""ae2e0183f6953f872bb04b6b929b374b6f8ac1ae"",""af766adab77452239b29918eb26f033c0f00b313"",""c5cc11945f60ddc34a1011b1bde47762a33887ab"",""dede1a1b318fb4cbc3b4314f1354cd20ee2e6ecd"",""f743d0f9bec6e673cdd09dfd4554172aaa9b01c7""]"	work-r300-tcl-bypass-triangle-c-r300-tcl-bypass-triangle-coverage-55a18c466e94	read-the-shared-commit-sequence-once-then-check-each-claim
330	review-shared-change-history-15e794e1b6218b8fe59b7e9577a07d2b0a38aa99-74e17e547-c3b5fa3193b1	shared-change-history	1	1	1	1	2026-08-26T15:24:30Z	2026-08-26T15:24:30Z	"[""warning-clean-driver-build-and-focused-test""]"	"[""changed-since-review""]"	"[""15e794e1b6218b8fe59b7e9577a07d2b0a38aa99"",""3065def39aa3fde98ca00c66da9612773b451805"",""451d77f250a30cb4c968c8474b0ffaa1a8f1b123"",""6d7b0b5c0c5292f9b8563651b0351f714353e630"",""74e17e547d51997ffb074a92b1f74bef56c702a0"",""a62e4497766aff089ee68b72c96c0721935b3290"",""be6eb55ff61e6ac44b7e475f70f9edc76d1f8d5b"",""dede1a1b318fb4cbc3b4314f1354cd20ee2e6ecd""]"	work-r3v-native-attended-composed-c-report-const-char-label-const-dbf0d79f3f80	read-the-shared-commit-sequence-once-then-check-each-claim
331	review-shared-change-history-7ac62205eb882df42462d849cc549086b59227ea-92fc8a2c3-9731033d1aeb	shared-change-history	2	2	2	1	2026-08-26T15:35:00Z	2026-08-26T15:35:00Z	"[""warning-clean-driver-build-and-focused-test""]"	"[""changed-since-review""]"	"[""02e7f3afc1737a1a04a35d22ed9ca7c40570b75c"",""0aceb8aa9606b0e4381e1ce5afc099c8914a3ef1"",""2232b3ab7b2baef2666bd3f5bf23193e0af2f86e"",""2e670ab6365099e3d31a1a6fd8ff9aaaa74d98fc"",""5a113dd59561dce74f0d5a85883e99ffe6fd097c"",""5f2615641abebc5f1631fb02285d20a93808cbfb"",""64fa102e611a869ea31d47a31fdf72ad84f28711"",""7ac62205eb882df42462d849cc549086b59227ea"",""7dd3f6fbb379de20d3c2c7d983d24523acfdbd84"",""92fc8a2c371472b667a10471e6f8a18de66fd847"",""ae2e0183f6953f872bb04b6b929b374b6f8ac1ae"",""af766adab77452239b29918eb26f033c0f00b313"",""c5cc11945f60ddc34a1011b1bde47762a33887ab"",""dede1a1b318fb4cbc3b4314f1354cd20ee2e6ecd"",""f743d0f9bec6e673cdd09dfd4554172aaa9b01c7""]"	work-r300-tcl-bypass-triangle-c-r300-tcl-bypass-triangle-interior-b52bc335f53d	read-the-shared-commit-sequence-once-then-check-each-claim
332	review-shared-change-history-51f57acd4012136e17651596b9591d25d90d6175-4b0c1f55a-9f169a0241b5	shared-change-history	1	1	1	1	2026-08-26T17:57:34Z	2026-08-26T17:57:34Z	"[""documentation-symbol-and-link-check""]"	"[""changed-since-review""]"	"[""292c0318de096554d204725077710d177a3196f2"",""4420389af742cd6354dceac2584fd4fd8ad74ec8"",""4b0c1f55abd1c9d84022973e14fd40d639426ec9"",""51f57acd4012136e17651596b9591d25d90d6175"",""6c94fa74ff9c5cf359fee995d278623e8e51d06f"",""bc38bb8840c92d4b64d9f25d5d83c5f2345007c7"",""f743d0f9bec6e673cdd09dfd4554172aaa9b01c7""]"	work-agents-md-structure-agent-loaded-markdown-documents-with-clean-predictab-65dc76c1fb17	read-the-shared-commit-sequence-once-then-check-each-claim
333	review-shared-change-history-aa981dd2fb3a6b1901dc611f950542979c2730a5-51f57acd4-05a78fefc43d	shared-change-history	2	5	1	1	2026-08-26T17:57:49Z	2026-08-26T17:57:49Z	"[""documentation-symbol-and-link-check""]"	"[""changed-since-review""]"	"[""292c0318de096554d204725077710d177a3196f2"",""4420389af742cd6354dceac2584fd4fd8ad74ec8"",""4b0c1f55abd1c9d84022973e14fd40d639426ec9"",""51f57acd4012136e17651596b9591d25d90d6175"",""6c94fa74ff9c5cf359fee995d278623e8e51d06f"",""aa981dd2fb3a6b1901dc611f950542979c2730a5"",""bc38bb8840c92d4b64d9f25d5d83c5f2345007c7"",""f743d0f9bec6e673cdd09dfd4554172aaa9b01c7""]"	work-agents-md-these-rules-are-enforceable-later-sections-explain-mechanism-6b95ca4be917	read-the-shared-commit-sequence-once-then-check-each-claim
334	review-shared-change-history-92fc8a2c371472b667a10471e6f8a18de66fd847-dede1a1b3-8b0a9321a6bb	shared-change-history	2	5	1	1	2026-08-26T18:33:07Z	2026-08-26T18:33:08Z	"[""warning-clean-driver-build-and-focused-test""]"	"[""changed-since-review""]"	"[""02e7f3afc1737a1a04a35d22ed9ca7c40570b75c"",""0aceb8aa9606b0e4381e1ce5afc099c8914a3ef1"",""2232b3ab7b2baef2666bd3f5bf23193e0af2f86e"",""2e670ab6365099e3d31a1a6fd8ff9aaaa74d98fc"",""5a113dd59561dce74f0d5a85883e99ffe6fd097c"",""5f2615641abebc5f1631fb02285d20a93808cbfb"",""64fa102e611a869ea31d47a31fdf72ad84f28711"",""7dd3f6fbb379de20d3c2c7d983d24523acfdbd84"",""92fc8a2c371472b667a10471e6f8a18de66fd847"",""ae2e0183f6953f872bb04b6b929b374b6f8ac1ae"",""af766adab77452239b29918eb26f033c0f00b313"",""c5cc11945f60ddc34a1011b1bde47762a33887ab"",""dede1a1b318fb4cbc3b4314f1354cd20ee2e6ecd"",""f743d0f9bec6e673cdd09dfd4554172aaa9b01c7""]"	work-r300-tcl-bypass-triangle-c-r300-tcl-bypass-triangle-bind-304fce058989	read-the-shared-commit-sequence-once-then-check-each-claim
335	review-shared-change-history-b5acf9f4e07272c713c0c51152a949d9cdd89b83-27e590ad4-69e6f9568dcf	shared-change-history	1	1	1	1	2026-08-26T19:15:21Z	2026-08-26T19:15:21Z	"[""documentation-symbol-and-link-check""]"	"[""changed-since-review""]"	"[""00a98af45542fa3a04d24da888fef34e722f1a6d"",""01bd7154ac2e71e71adf2880c8b19248b79ac895"",""05d14e686f3620d5822daef37caaf7ab3ea67254"",""0645b4535864795c7021489eee30d09746cf9990"",""13b528cf29c8c6e3c86a7e789e58d5d18dd1434d"",""157e442f0a6f8994c6f937b0b8d4579c9a56667b"",""1e48e2074c1f133c350f47fec91f14fa3ca3ab44"",""20475d62f179460ff34d1ba69546121998332102"",""263c9e82cb8efb475d1866a0e5566ba060a4ed12"",""277b6bde3d6c9243cec768ac569e40750b07117c"",""27e590ad4c139037e13780e746b466b634b3e8ec"",""2b19f9ecd752f5f410b6b213bd868ffda5b4a6ee"",""2dc75a299cea500fa3d735edaf8e0e5e318a97a7"",""34cfba8dc91dd24f52649e6a6ea19f1299836d17"",""397aa1923eb52b369932849f25ed497cd2a069ba"",""3e36c9bce7b568c1aaf1a05feabfc97c79e0928a"",""3fbf988d7ce8b121824cc7d6bfd3c88d39d5b96b"",""439f78e5a64fd90f910be01e3312094347a8e235"",""47caab238b3d1c7183be536187f6cc57843ae41b"",""48f01c597f39b22edc69f30e3ac51b36f5ae6b7e"",""4cf709a16011ff323127c8ac179603a5bf5c1552"",""5553f18dd493d70594299d8b24ab9d151f1bd863"",""5a06409e65cdfaf70d272333ad494b2999d79184"",""5d85778319f88212092c4d7916492f0b465379d9"",""63b281f3606bcdb4c8e8d91cacc507948d15cca9"",""63d7eb1226bb4257f3d92cb8c7f4196215c213fb"",""73759399b38e424bc37ce26f60fa228b6ccc35eb"",""74e17e547d51997ffb074a92b1f74bef56c702a0"",""79ae1d8c18f62e80ea0a4a752205a1bf2b6c24e0"",""7af98fb2fd11549810dfaf5bb44775cd35642368"",""7df10808834d2177b3798410d7b30f35bb2dcbb0"",""808e258f17e4ae05fd17c90cbe39c9bf47dfdcc4"",""82144670ed9d154821d7c6b6552ffa8a60eb57fa"",""836e34013c23e8fa516d101bee5eaaf680e062c0"",""8e7b955bc15dfe05d333ef2da5d4fc27ac940c3e"",""90ac20844cdc41954ae6705b0ae3686f61ac27b9"",""936c7c544ddc1b182f140b1c775e8274f091a986"",""9651cd7102e5e3ec93296c5265535ed00fe27172"",""99752c66134e0936a0a30ab2ca09d3149aa4b72c"",""9d9dcbfead84aff98f31cdedd006bc9102900bd8"",""9fc0c14839b69a92d7b36a896da96ef45eaf8621"",""a07febeccf010873be31e6675cbe5045e5f7c9a8"",""a2bfd6032c81faa75994dfd4f57b279200a0776f"",""a5398569788115cfc7203f36207a6bf2ff4bde69"",""a658cfdaed0260b20491c89e7e5710ced3ca1fb4"",""ab91af3e930c32924d6b0b02a700e47c9df6c6d4"",""abc5b075722040427bd5c78623a0019da55905be"",""acb2974a5cc42df9e66660e670c32b51249c804e"",""acb3fac3c9f526b2fa5c91b65a59fc6b28fd1a6f"",""b2b68f46810c9808386f5b7a38adde70352f7050"",""b5acf9f4e07272c713c0c51152a949d9cdd89b83"",""b918e1135f318e3253a3fc76cea94bdbbae6c560"",""ba9456059bb308b499b8940148d78b806adf67fc"",""c2174808ccce0b2d138f12684f50fbe07baab384"",""c249fec76a8579d842cc69e4182be62b3cbe01bd"",""c610aceb05a859e3fc1712bf774e593bf5dd2689"",""c6c629d0071f1d0e4f64bcfd642fc9dbe69d0867"",""da44c2d7c8636c4e904b9ca416085d07f38c2264"",""dad985432a5227e34eff2c6aac21777eb51a9fd8"",""dd93eca45e58f3592e505b67a15625829feffb91"",""de7dadb87bd04645746160f6a0198f7ce5099669"",""dfe38d6ba518be281daa1952dc3f05b35652e48a"",""e0492b811b51ddfda017f2e819286a577174baca"",""e0fb9fdbdf770e324eddc7287998cb6e7a2d5bd6"",""e4aa59105a2b25652f339f04a1feb3eff843f354"",""eb5350e40a1124cfe4f190183a016563ace8be29"",""ed20af083377495eeff79cee060323b7c229b8e4"",""ed31e4154700485767c60038102a46077574d1f9"",""f122d1469c6b93a2dd96d84f74a0da2c14c04a4c"",""fc343bf327db0800f2d1ed960b8adbf4026fd4b6""]"	work-merged-review-thread-resolution-campaign-md-original-line-49-86a59b5af1fb	read-the-shared-commit-sequence-once-then-check-each-claim
336	review-shared-change-history-b5acf9f4e07272c713c0c51152a949d9cdd89b83-4e3411822-6557140a73d7	shared-change-history	2	2	1	1	2026-08-26T19:15:21Z	2026-08-26T19:15:21Z	"[""schema-generator-and-mutation-check""]"	"[""changed-since-review""]"	"[""4e3411822815e3a59ab09b41a67ef9ece3381d3c"",""5553f18dd493d70594299d8b24ab9d151f1bd863"",""73759399b38e424bc37ce26f60fa228b6ccc35eb"",""b5acf9f4e07272c713c0c51152a949d9cdd89b83"",""d6661faf431e4998f5e7d1879b1d6d6eb3c7bf7c""]"	work-merged-review-thread-action-frontier-tsv-original-line-2-96eb38c12512	read-the-shared-commit-sequence-once-then-check-each-claim
337	review-shared-change-history-b5acf9f4e07272c713c0c51152a949d9cdd89b83-e4aa59105-6a5ab00feef3	shared-change-history	1	1	1	1	2026-08-26T19:15:21Z	2026-08-26T19:15:21Z	"[""python-test-black-and-ruff""]"	"[""changed-since-review""]"	"[""12d789e1fede9074aa5d18d6547c080e35e7689e"",""48f01c597f39b22edc69f30e3ac51b36f5ae6b7e"",""5b2ec8602ac401e07cf5f7436099c996a333a478"",""74e17e547d51997ffb074a92b1f74bef56c702a0"",""b5acf9f4e07272c713c0c51152a949d9cdd89b83"",""e0fb9fdbdf770e324eddc7287998cb6e7a2d5bd6"",""e4aa59105a2b25652f339f04a1feb3eff843f354""]"	work-review-thread-frontier-py-original-line-295-2ffa64a25969	read-the-shared-commit-sequence-once-then-check-each-claim
338	review-shared-change-history-d6661faf431e4998f5e7d1879b1d6d6eb3c7bf7c-73759399b-9e86655119f3	shared-change-history	1	1	1	1	2026-08-26T19:23:50Z	2026-08-26T19:23:50Z	"[""schema-generator-and-mutation-check""]"	"[""changed-since-review""]"	"[""5553f18dd493d70594299d8b24ab9d151f1bd863"",""73759399b38e424bc37ce26f60fa228b6ccc35eb"",""d6661faf431e4998f5e7d1879b1d6d6eb3c7bf7c""]"	work-merged-review-thread-resolution-ledger-tsv-original-line-2-0e8951d4f879	read-the-shared-commit-sequence-once-then-check-each-claim
339	review-shared-change-history-73759399b38e424bc37ce26f60fa228b6ccc35eb-5553f18dd-adc24c7c8431	shared-change-history	3	4	1	1	2026-08-26T20:10:21Z	2026-08-26T20:10:21Z	"[""schema-generator-and-mutation-check""]"	"[""changed-since-review""]"	"[""5553f18dd493d70594299d8b24ab9d151f1bd863"",""73759399b38e424bc37ce26f60fa228b6ccc35eb""]"	work-merged-review-thread-action-frontier-tsv-original-line-38-87420329d642	read-the-shared-commit-sequence-once-then-check-each-claim
340	review-shared-change-history-de7dadb87bd04645746160f6a0198f7ce5099669-ed31e4154-c263f031da59	shared-change-history	5	5	1	1	2026-08-26T20:47:50Z	2026-08-26T20:47:51Z	"[""python-test-black-and-ruff""]"	"[""changed-since-review""]"	"[""de7dadb87bd04645746160f6a0198f7ce5099669"",""ed31e4154700485767c60038102a46077574d1f9""]"	work-review-thread-resolution-py-original-line-205-fcd7920434c0	read-the-shared-commit-sequence-once-then-check-each-claim
341	review-shared-change-history-e0492b811b51ddfda017f2e819286a577174baca-808e258f1-a844c53ecd85	shared-change-history	1	3	1	2	2026-08-26T20:50:22Z	2026-08-26T22:02:32Z	"[""documentation-symbol-and-link-check""]"	"[""changed-since-review""]"	"[""00a98af45542fa3a04d24da888fef34e722f1a6d"",""01bd7154ac2e71e71adf2880c8b19248b79ac895"",""05d14e686f3620d5822daef37caaf7ab3ea67254"",""0645b4535864795c7021489eee30d09746cf9990"",""13b528cf29c8c6e3c86a7e789e58d5d18dd1434d"",""157e442f0a6f8994c6f937b0b8d4579c9a56667b"",""1e48e2074c1f133c350f47fec91f14fa3ca3ab44"",""20475d62f179460ff34d1ba69546121998332102"",""263c9e82cb8efb475d1866a0e5566ba060a4ed12"",""277b6bde3d6c9243cec768ac569e40750b07117c"",""2b19f9ecd752f5f410b6b213bd868ffda5b4a6ee"",""2dc75a299cea500fa3d735edaf8e0e5e318a97a7"",""34cfba8dc91dd24f52649e6a6ea19f1299836d17"",""397aa1923eb52b369932849f25ed497cd2a069ba"",""3e36c9bce7b568c1aaf1a05feabfc97c79e0928a"",""3fbf988d7ce8b121824cc7d6bfd3c88d39d5b96b"",""439f78e5a64fd90f910be01e3312094347a8e235"",""47caab238b3d1c7183be536187f6cc57843ae41b"",""48f01c597f39b22edc69f30e3ac51b36f5ae6b7e"",""4cf709a16011ff323127c8ac179603a5bf5c1552"",""5a06409e65cdfaf70d272333ad494b2999d79184"",""5d85778319f88212092c4d7916492f0b465379d9"",""63b281f3606bcdb4c8e8d91cacc507948d15cca9"",""63d7eb1226bb4257f3d92cb8c7f4196215c213fb"",""74e17e547d51997ffb074a92b1f74bef56c702a0"",""79ae1d8c18f62e80ea0a4a752205a1bf2b6c24e0"",""7af98fb2fd11549810dfaf5bb44775cd35642368"",""7df10808834d2177b3798410d7b30f35bb2dcbb0"",""808e258f17e4ae05fd17c90cbe39c9bf47dfdcc4"",""82144670ed9d154821d7c6b6552ffa8a60eb57fa"",""836e34013c23e8fa516d101bee5eaaf680e062c0"",""8e7b955bc15dfe05d333ef2da5d4fc27ac940c3e"",""936c7c544ddc1b182f140b1c775e8274f091a986"",""9651cd7102e5e3ec93296c5265535ed00fe27172"",""99752c66134e0936a0a30ab2ca09d3149aa4b72c"",""9d9dcbfead84aff98f31cdedd006bc9102900bd8"",""9fc0c14839b69a92d7b36a896da96ef45eaf8621"",""a07febeccf010873be31e6675cbe5045e5f7c9a8"",""a2bfd6032c81faa75994dfd4f57b279200a0776f"",""a5398569788115cfc7203f36207a6bf2ff4bde69"",""a658cfdaed0260b20491c89e7e5710ced3ca1fb4"",""ab91af3e930c32924d6b0b02a700e47c9df6c6d4"",""abc5b075722040427bd5c78623a0019da55905be"",""acb2974a5cc42df9e66660e670c32b51249c804e"",""acb3fac3c9f526b2fa5c91b65a59fc6b28fd1a6f"",""b2b68f46810c9808386f5b7a38adde70352f7050"",""b918e1135f318e3253a3fc76cea94bdbbae6c560"",""ba9456059bb308b499b8940148d78b806adf67fc"",""c2174808ccce0b2d138f12684f50fbe07baab384"",""c249fec76a8579d842cc69e4182be62b3cbe01bd"",""c610aceb05a859e3fc1712bf774e593bf5dd2689"",""c6c629d0071f1d0e4f64bcfd642fc9dbe69d0867"",""da44c2d7c8636c4e904b9ca416085d07f38c2264"",""dad985432a5227e34eff2c6aac21777eb51a9fd8"",""de7dadb87bd04645746160f6a0198f7ce5099669"",""dfe38d6ba518be281daa1952dc3f05b35652e48a"",""e0492b811b51ddfda017f2e819286a577174baca"",""e0fb9fdbdf770e324eddc7287998cb6e7a2d5bd6"",""e4aa59105a2b25652f339f04a1feb3eff843f354"",""eb5350e40a1124cfe4f190183a016563ace8be29"",""ed20af083377495eeff79cee060323b7c229b8e4"",""ed31e4154700485767c60038102a46077574d1f9"",""f122d1469c6b93a2dd96d84f74a0da2c14c04a4c"",""fc343bf327db0800f2d1ed960b8adbf4026fd4b6""]"	work-merged-review-thread-resolution-campaign-md-relevant-focused-gate-resolu-05d35a82ffb2	read-the-shared-commit-sequence-once-then-check-each-claim
342	review-shared-change-history-a110dfb796c40aac3c01c79e088c673f64f1f4c4-cad61db3c-d07e80391f20	shared-change-history	1	2	1	1	2026-08-26T21:26:39Z	2026-08-26T21:26:39Z	"[""warning-clean-build-and-focused-test""]"	"[""changed-since-review""]"	"[""6badbe2737f2a66496ddc9e126843c2754f49dfc"",""a110dfb796c40aac3c01c79e088c673f64f1f4c4"",""cad61db3c2003d28fd44bbdbd3d0c8bff1447d91"",""e7656d6bf70d3492a70200cbfb97f8fb646b7c58"",""f7f60db090af11e7ad491042afccd29e40fc6b2e""]"	work-draw-vs-nir-c-draw-vs-nir-io-slots-const-890df8cecb4e	read-the-shared-commit-sequence-once-then-check-each-claim
343	review-shared-change-history-808e258f17e4ae05fd17c90cbe39c9bf47dfdcc4-397aa1923-4e4f456267fb	shared-change-history	1	2	1	2	2026-08-26T21:38:23Z	2026-08-26T21:53:01Z	"[""schema-generator-and-mutation-check""]"	"[""changed-since-review""]"	"[""05d14e686f3620d5822daef37caaf7ab3ea67254"",""1e48e2074c1f133c350f47fec91f14fa3ca3ab44"",""20475d62f179460ff34d1ba69546121998332102"",""2b19f9ecd752f5f410b6b213bd868ffda5b4a6ee"",""2dc75a299cea500fa3d735edaf8e0e5e318a97a7"",""397aa1923eb52b369932849f25ed497cd2a069ba"",""3e36c9bce7b568c1aaf1a05feabfc97c79e0928a"",""3fbf988d7ce8b121824cc7d6bfd3c88d39d5b96b"",""47135b3e0a18caa2f5ca8d0ed46c5abc245a5429"",""63d7eb1226bb4257f3d92cb8c7f4196215c213fb"",""74e17e547d51997ffb074a92b1f74bef56c702a0"",""79ae1d8c18f62e80ea0a4a752205a1bf2b6c24e0"",""7af98fb2fd11549810dfaf5bb44775cd35642368"",""808e258f17e4ae05fd17c90cbe39c9bf47dfdcc4"",""9d9dcbfead84aff98f31cdedd006bc9102900bd8"",""a07febeccf010873be31e6675cbe5045e5f7c9a8"",""b2b68f46810c9808386f5b7a38adde70352f7050"",""ba9456059bb308b499b8940148d78b806adf67fc"",""c6c629d0071f1d0e4f64bcfd642fc9dbe69d0867"",""ed20af083377495eeff79cee060323b7c229b8e4"",""f8bbfb62d9bb72e3efcefd657ca1d0d7946abe8a"",""fc343bf327db0800f2d1ed960b8adbf4026fd4b6""]"	work-merged-review-thread-batch-registry-tsv-original-line-4-a1248e8bc913	read-the-shared-commit-sequence-once-then-check-each-claim
344	review-shared-change-history-808e258f17e4ae05fd17c90cbe39c9bf47dfdcc4-e4aa59105-941b3b79b92c	shared-change-history	5	5	2	1	2026-08-26T21:38:23Z	2026-08-26T21:38:23Z	"[""schema-generator-and-mutation-check""]"	"[""changed-since-review""]"	"[""0a7321fa55abf355a1084cf0bc8b5d97e1a1906d"",""5b2ec8602ac401e07cf5f7436099c996a333a478"",""74e17e547d51997ffb074a92b1f74bef56c702a0"",""808e258f17e4ae05fd17c90cbe39c9bf47dfdcc4"",""e4aa59105a2b25652f339f04a1feb3eff843f354""]"	work-action-frontier-tsv-original-line-2-d61223f31f48	read-the-shared-commit-sequence-once-then-check-each-claim
345	review-shared-change-history-b8802d7a89bc4cea83656fb1a148c9b1d69a9fee-05d14e686-3b3c543c2286	shared-change-history	1	2	1	1	2026-08-26T21:45:35Z	2026-08-26T21:45:35Z	"[""configure-build-and-artifact-check""]"	"[""changed-since-review""]"	"[""00a98af45542fa3a04d24da888fef34e722f1a6d"",""05d14e686f3620d5822daef37caaf7ab3ea67254"",""1c988d64c05c822b3e508fc21263e9f7489ee2db"",""20286a21d04942790561bc931ea332eb59b6214b"",""263c9e82cb8efb475d1866a0e5566ba060a4ed12"",""292c0318de096554d204725077710d177a3196f2"",""4420389af742cd6354dceac2584fd4fd8ad74ec8"",""48f01c597f39b22edc69f30e3ac51b36f5ae6b7e"",""4cf709a16011ff323127c8ac179603a5bf5c1552"",""6b1396652e1c5785277f252d88ceb019a72a1646"",""767de3c3f4dda9cef71d83fa3076d90561cd5f61"",""936c7c544ddc1b182f140b1c775e8274f091a986"",""a2bfd6032c81faa75994dfd4f57b279200a0776f"",""abc5b075722040427bd5c78623a0019da55905be"",""b8802d7a89bc4cea83656fb1a148c9b1d69a9fee"",""e0fb9fdbdf770e324eddc7287998cb6e7a2d5bd6"",""e45a1e504826d09b5326922d82aa9469bd6b966a"",""ed20af083377495eeff79cee060323b7c229b8e4"",""f743d0f9bec6e673cdd09dfd4554172aaa9b01c7"",""ff11e020abbe69be7223ccfcb7636b76e77a9fcb""]"	work-makefile-export-hostenv-input-46a68443b3d8	read-the-shared-commit-sequence-once-then-check-each-claim
346	review-shared-change-history-7af98fb2fd11549810dfaf5bb44775cd35642368-fc343bf32-9c631c6bf37a	shared-change-history	1	1	1	1	2026-08-26T21:53:01Z	2026-08-26T21:53:01Z	"[""documentation-symbol-and-link-check""]"	"[""changed-since-review""]"	"[""00a98af45542fa3a04d24da888fef34e722f1a6d"",""01bd7154ac2e71e71adf2880c8b19248b79ac895"",""05d14e686f3620d5822daef37caaf7ab3ea67254"",""0645b4535864795c7021489eee30d09746cf9990"",""13b528cf29c8c6e3c86a7e789e58d5d18dd1434d"",""157e442f0a6f8994c6f937b0b8d4579c9a56667b"",""1e48e2074c1f133c350f47fec91f14fa3ca3ab44"",""20475d62f179460ff34d1ba69546121998332102"",""263c9e82cb8efb475d1866a0e5566ba060a4ed12"",""277b6bde3d6c9243cec768ac569e40750b07117c"",""2b19f9ecd752f5f410b6b213bd868ffda5b4a6ee"",""2dc75a299cea500fa3d735edaf8e0e5e318a97a7"",""34cfba8dc91dd24f52649e6a6ea19f1299836d17"",""3e36c9bce7b568c1aaf1a05feabfc97c79e0928a"",""3fbf988d7ce8b121824cc7d6bfd3c88d39d5b96b"",""439f78e5a64fd90f910be01e3312094347a8e235"",""47caab238b3d1c7183be536187f6cc57843ae41b"",""48f01c597f39b22edc69f30e3ac51b36f5ae6b7e"",""4cf709a16011ff323127c8ac179603a5bf5c1552"",""5a06409e65cdfaf70d272333ad494b2999d79184"",""5d85778319f88212092c4d7916492f0b465379d9"",""63b281f3606bcdb4c8e8d91cacc507948d15cca9"",""63d7eb1226bb4257f3d92cb8c7f4196215c213fb"",""79ae1d8c18f62e80ea0a4a752205a1bf2b6c24e0"",""7af98fb2fd11549810dfaf5bb44775cd35642368"",""7df10808834d2177b3798410d7b30f35bb2dcbb0"",""82144670ed9d154821d7c6b6552ffa8a60eb57fa"",""836e34013c23e8fa516d101bee5eaaf680e062c0"",""8e7b955bc15dfe05d333ef2da5d4fc27ac940c3e"",""936c7c544ddc1b182f140b1c775e8274f091a986"",""9651cd7102e5e3ec93296c5265535ed00fe27172"",""99752c66134e0936a0a30ab2ca09d3149aa4b72c"",""9d9dcbfead84aff98f31cdedd006bc9102900bd8"",""9fc0c14839b69a92d7b36a896da96ef45eaf8621"",""a07febeccf010873be31e6675cbe5045e5f7c9a8"",""a2bfd6032c81faa75994dfd4f57b279200a0776f"",""a5398569788115cfc7203f36207a6bf2ff4bde69"",""a658cfdaed0260b20491c89e7e5710ced3ca1fb4"",""ab91af3e930c32924d6b0b02a700e47c9df6c6d4"",""abc5b075722040427bd5c78623a0019da55905be"",""acb2974a5cc42df9e66660e670c32b51249c804e"",""acb3fac3c9f526b2fa5c91b65a59fc6b28fd1a6f"",""b2b68f46810c9808386f5b7a38adde70352f7050"",""b918e1135f318e3253a3fc76cea94bdbbae6c560"",""ba9456059bb308b499b8940148d78b806adf67fc"",""c2174808ccce0b2d138f12684f50fbe07baab384"",""c249fec76a8579d842cc69e4182be62b3cbe01bd"",""c610aceb05a859e3fc1712bf774e593bf5dd2689"",""c6c629d0071f1d0e4f64bcfd642fc9dbe69d0867"",""da44c2d7c8636c4e904b9ca416085d07f38c2264"",""dad985432a5227e34eff2c6aac21777eb51a9fd8"",""de7dadb87bd04645746160f6a0198f7ce5099669"",""dfe38d6ba518be281daa1952dc3f05b35652e48a"",""e0fb9fdbdf770e324eddc7287998cb6e7a2d5bd6"",""eb5350e40a1124cfe4f190183a016563ace8be29"",""ed20af083377495eeff79cee060323b7c229b8e4"",""ed31e4154700485767c60038102a46077574d1f9"",""f122d1469c6b93a2dd96d84f74a0da2c14c04a4c"",""fc343bf327db0800f2d1ed960b8adbf4026fd4b6""]"	work-merged-review-thread-resolution-campaign-md-mutation-journal-records-an-439b6241a6a2	read-the-shared-commit-sequence-once-then-check-each-claim
347	review-shared-change-history-0a7321fa55abf355a1084cf0bc8b5d97e1a1906d-5b2ec8602-1c01461d287a	shared-change-history	1	1	1	1	2026-08-26T21:53:03Z	2026-08-26T21:53:03Z	"[""schema-generator-and-mutation-check""]"	"[""changed-since-review""]"	"[""0a7321fa55abf355a1084cf0bc8b5d97e1a1906d"",""5b2ec8602ac401e07cf5f7436099c996a333a478""]"	work-action-frontier-tsv-original-line-3-5ec2357b6366	read-the-shared-commit-sequence-once-then-check-each-claim
348	review-shared-change-history-12d789e1fede9074aa5d18d6547c080e35e7689e-5b2ec8602-9afa2bf4b398	shared-change-history	1	1	1	1	2026-08-26T21:53:04Z	2026-08-26T21:53:04Z	"[""python-test-black-and-ruff""]"	"[""changed-since-review""]"	"[""12d789e1fede9074aa5d18d6547c080e35e7689e"",""48f01c597f39b22edc69f30e3ac51b36f5ae6b7e"",""5b2ec8602ac401e07cf5f7436099c996a333a478"",""e0fb9fdbdf770e324eddc7287998cb6e7a2d5bd6""]"	work-review-thread-frontier-py-def-validate-files-b1b80460c88e	read-the-shared-commit-sequence-once-then-check-each-claim
349	review-shared-change-history-fc343bf327db0800f2d1ed960b8adbf4026fd4b6-3e36c9bce-cd67f73cf27a	shared-change-history	1	2	1	1	2026-08-26T22:02:32Z	2026-08-26T22:02:32Z	"[""schema-generator-and-mutation-check""]"	"[""changed-since-review""]"	"[""05d14e686f3620d5822daef37caaf7ab3ea67254"",""1e48e2074c1f133c350f47fec91f14fa3ca3ab44"",""20475d62f179460ff34d1ba69546121998332102"",""2b19f9ecd752f5f410b6b213bd868ffda5b4a6ee"",""2dc75a299cea500fa3d735edaf8e0e5e318a97a7"",""3e36c9bce7b568c1aaf1a05feabfc97c79e0928a"",""3fbf988d7ce8b121824cc7d6bfd3c88d39d5b96b"",""47135b3e0a18caa2f5ca8d0ed46c5abc245a5429"",""63d7eb1226bb4257f3d92cb8c7f4196215c213fb"",""79ae1d8c18f62e80ea0a4a752205a1bf2b6c24e0"",""9d9dcbfead84aff98f31cdedd006bc9102900bd8"",""a07febeccf010873be31e6675cbe5045e5f7c9a8"",""b2b68f46810c9808386f5b7a38adde70352f7050"",""ba9456059bb308b499b8940148d78b806adf67fc"",""c6c629d0071f1d0e4f64bcfd642fc9dbe69d0867"",""ed20af083377495eeff79cee060323b7c229b8e4"",""f8bbfb62d9bb72e3efcefd657ca1d0d7946abe8a"",""fc343bf327db0800f2d1ed960b8adbf4026fd4b6""]"	work-merged-review-thread-batch-registry-tsv-batch-id-state-denominator-af4e50a9dc52	read-the-shared-commit-sequence-once-then-check-each-claim
350	review-shared-change-history-05d14e686f3620d5822daef37caaf7ab3ea67254-ed20af083-e4c0c07a1e30	shared-change-history	1	1	1	1	2026-08-26T22:34:54Z	2026-08-26T22:34:54Z	"[""configure-build-and-artifact-check""]"	"[""changed-since-review""]"	"[""00a98af45542fa3a04d24da888fef34e722f1a6d"",""05d14e686f3620d5822daef37caaf7ab3ea67254"",""1c988d64c05c822b3e508fc21263e9f7489ee2db"",""20286a21d04942790561bc931ea332eb59b6214b"",""263c9e82cb8efb475d1866a0e5566ba060a4ed12"",""292c0318de096554d204725077710d177a3196f2"",""4420389af742cd6354dceac2584fd4fd8ad74ec8"",""48f01c597f39b22edc69f30e3ac51b36f5ae6b7e"",""4cf709a16011ff323127c8ac179603a5bf5c1552"",""6b1396652e1c5785277f252d88ceb019a72a1646"",""767de3c3f4dda9cef71d83fa3076d90561cd5f61"",""936c7c544ddc1b182f140b1c775e8274f091a986"",""a2bfd6032c81faa75994dfd4f57b279200a0776f"",""abc5b075722040427bd5c78623a0019da55905be"",""e0fb9fdbdf770e324eddc7287998cb6e7a2d5bd6"",""e45a1e504826d09b5326922d82aa9469bd6b966a"",""ed20af083377495eeff79cee060323b7c229b8e4"",""f743d0f9bec6e673cdd09dfd4554172aaa9b01c7"",""ff11e020abbe69be7223ccfcb7636b76e77a9fcb""]"	work-makefile-audit-source-root-check-source-root-control-unit-test-fbe7f8ea0dfa	read-the-shared-commit-sequence-once-then-check-each-claim
351	review-shared-change-history-cad61db3c2003d28fd44bbdbd3d0c8bff1447d91-f7f60db09-25b35b4a0bb5	shared-change-history	1	3	1	1	2026-08-26T22:56:26Z	2026-08-26T22:56:27Z	"[""warning-clean-build-and-focused-test""]"	"[""changed-since-review""]"	"[""6badbe2737f2a66496ddc9e126843c2754f49dfc"",""cad61db3c2003d28fd44bbdbd3d0c8bff1447d91"",""e7656d6bf70d3492a70200cbfb97f8fb646b7c58"",""f7f60db090af11e7ad491042afccd29e40fc6b2e""]"	work-draw-vs-nir-c-draw-vs-nir-io-spans-nir-7c46090b44d1	read-the-shared-commit-sequence-once-then-check-each-claim
352	review-shared-change-history-05d14e686f3620d5822daef37caaf7ab3ea67254-ed20af083-e1a1a03ed6cf	shared-change-history	3	3	1	1	2026-08-27T01:17:23Z	2026-08-27T01:17:23Z	"[""schema-generator-and-mutation-check""]"	"[""changed-since-review""]"	"[""05d14e686f3620d5822daef37caaf7ab3ea67254"",""263c9e82cb8efb475d1866a0e5566ba060a4ed12"",""abc5b075722040427bd5c78623a0019da55905be"",""ed20af083377495eeff79cee060323b7c229b8e4""]"	work-assessments-tsv-original-line-14-b5c418cce13c	read-the-shared-commit-sequence-once-then-check-each-claim
353	review-shared-change-history-20475d62f179460ff34d1ba69546121998332102-79ae1d8c1-549007daad88	shared-change-history	1	1	1	1	2026-08-27T01:17:23Z	2026-08-27T01:17:23Z	"[""python-test-black-and-ruff""]"	"[""changed-since-review""]"	"[""157e442f0a6f8994c6f937b0b8d4579c9a56667b"",""1e48e2074c1f133c350f47fec91f14fa3ca3ab44"",""20475d62f179460ff34d1ba69546121998332102"",""2bb037aebaf3a771d4bba642b751b2a84e1bf5dc"",""47caab238b3d1c7183be536187f6cc57843ae41b"",""4b97fd2de4315c59e247efb22435328a3a1b9bb7"",""5d85778319f88212092c4d7916492f0b465379d9"",""5f86f7c7f7e409af2c7d39e293502e6f61ae7261"",""63b281f3606bcdb4c8e8d91cacc507948d15cca9"",""79ae1d8c18f62e80ea0a4a752205a1bf2b6c24e0"",""a943d7ee68f4b46d6015e4c093ee47338c2db85e"",""ba9456059bb308b499b8940148d78b806adf67fc"",""c2174808ccce0b2d138f12684f50fbe07baab384"",""ccf55aa39e11e993d3d3b82ae0fb8fb22d920358"",""da44c2d7c8636c4e904b9ca416085d07f38c2264"",""e508d6bd5aa544a4c1fb4494011b4bf08bdbba20""]"	work-test-review-thread-classification-py-def-test-third-classification-rejec-0c8bca7844ec	read-the-shared-commit-sequence-once-then-check-each-claim
354	review-shared-change-history-263c9e82cb8efb475d1866a0e5566ba060a4ed12-abc5b0757-97eeec7ad57a	shared-change-history	2	2	2	2	2026-08-27T01:26:30Z	2026-08-28T02:20:49Z	"[""configure-build-and-artifact-check"",""schema-generator-and-mutation-check""]"	"[""changed-since-review""]"	"[""263c9e82cb8efb475d1866a0e5566ba060a4ed12"",""abc5b075722040427bd5c78623a0019da55905be""]"	work-assessments-tsv-original-line-3-a302c36b493c	read-the-shared-commit-sequence-once-then-check-each-claim
355	review-shared-change-history-48f01c597f39b22edc69f30e3ac51b36f5ae6b7e-e0fb9fdbd-ee7824f4ecd8	shared-change-history	1	1	1	1	2026-08-27T02:11:53Z	2026-08-27T02:11:53Z	"[""documentation-symbol-and-link-check""]"	"[""changed-since-review""]"	"[""00a98af45542fa3a04d24da888fef34e722f1a6d"",""01bd7154ac2e71e71adf2880c8b19248b79ac895"",""0645b4535864795c7021489eee30d09746cf9990"",""13b528cf29c8c6e3c86a7e789e58d5d18dd1434d"",""157e442f0a6f8994c6f937b0b8d4579c9a56667b"",""1e48e2074c1f133c350f47fec91f14fa3ca3ab44"",""263c9e82cb8efb475d1866a0e5566ba060a4ed12"",""277b6bde3d6c9243cec768ac569e40750b07117c"",""34cfba8dc91dd24f52649e6a6ea19f1299836d17"",""3fbf988d7ce8b121824cc7d6bfd3c88d39d5b96b"",""439f78e5a64fd90f910be01e3312094347a8e235"",""47caab238b3d1c7183be536187f6cc57843ae41b"",""48f01c597f39b22edc69f30e3ac51b36f5ae6b7e"",""4cf709a16011ff323127c8ac179603a5bf5c1552"",""5a06409e65cdfaf70d272333ad494b2999d79184"",""5d85778319f88212092c4d7916492f0b465379d9"",""63b281f3606bcdb4c8e8d91cacc507948d15cca9"",""7df10808834d2177b3798410d7b30f35bb2dcbb0"",""82144670ed9d154821d7c6b6552ffa8a60eb57fa"",""836e34013c23e8fa516d101bee5eaaf680e062c0"",""8e7b955bc15dfe05d333ef2da5d4fc27ac940c3e"",""936c7c544ddc1b182f140b1c775e8274f091a986"",""9651cd7102e5e3ec93296c5265535ed00fe27172"",""99752c66134e0936a0a30ab2ca09d3149aa4b72c"",""9d9dcbfead84aff98f31cdedd006bc9102900bd8"",""9fc0c14839b69a92d7b36a896da96ef45eaf8621"",""a07febeccf010873be31e6675cbe5045e5f7c9a8"",""a2bfd6032c81faa75994dfd4f57b279200a0776f"",""a5398569788115cfc7203f36207a6bf2ff4bde69"",""a658cfdaed0260b20491c89e7e5710ced3ca1fb4"",""ab91af3e930c32924d6b0b02a700e47c9df6c6d4"",""abc5b075722040427bd5c78623a0019da55905be"",""acb2974a5cc42df9e66660e670c32b51249c804e"",""acb3fac3c9f526b2fa5c91b65a59fc6b28fd1a6f"",""b918e1135f318e3253a3fc76cea94bdbbae6c560"",""ba9456059bb308b499b8940148d78b806adf67fc"",""c2174808ccce0b2d138f12684f50fbe07baab384"",""c249fec76a8579d842cc69e4182be62b3cbe01bd"",""c610aceb05a859e3fc1712bf774e593bf5dd2689"",""c6c629d0071f1d0e4f64bcfd642fc9dbe69d0867"",""da44c2d7c8636c4e904b9ca416085d07f38c2264"",""dad985432a5227e34eff2c6aac21777eb51a9fd8"",""de7dadb87bd04645746160f6a0198f7ce5099669"",""dfe38d6ba518be281daa1952dc3f05b35652e48a"",""e0fb9fdbdf770e324eddc7287998cb6e7a2d5bd6"",""eb5350e40a1124cfe4f190183a016563ace8be29"",""ed31e4154700485767c60038102a46077574d1f9"",""f122d1469c6b93a2dd96d84f74a0da2c14c04a4c""]"	work-merged-review-thread-resolution-campaign-md-at-2026-08-27t01-c49196f96102	read-the-shared-commit-sequence-once-then-check-each-claim
356	review-shared-change-history-4cf709a16011ff323127c8ac179603a5bf5c1552-a2bfd6032-7cfa70720ea1	shared-change-history	3	3	1	1	2026-08-27T02:11:53Z	2026-08-27T02:11:53Z	"[""schema-generator-and-mutation-check""]"	"[""changed-since-review""]"	"[""00a98af45542fa3a04d24da888fef34e722f1a6d"",""01bd7154ac2e71e71adf2880c8b19248b79ac895"",""0645b4535864795c7021489eee30d09746cf9990"",""13b528cf29c8c6e3c86a7e789e58d5d18dd1434d"",""263c9e82cb8efb475d1866a0e5566ba060a4ed12"",""277b6bde3d6c9243cec768ac569e40750b07117c"",""34cfba8dc91dd24f52649e6a6ea19f1299836d17"",""439f78e5a64fd90f910be01e3312094347a8e235"",""4cf709a16011ff323127c8ac179603a5bf5c1552"",""5a06409e65cdfaf70d272333ad494b2999d79184"",""7df10808834d2177b3798410d7b30f35bb2dcbb0"",""82144670ed9d154821d7c6b6552ffa8a60eb57fa"",""836e34013c23e8fa516d101bee5eaaf680e062c0"",""8e7b955bc15dfe05d333ef2da5d4fc27ac940c3e"",""936c7c544ddc1b182f140b1c775e8274f091a986"",""9651cd7102e5e3ec93296c5265535ed00fe27172"",""99752c66134e0936a0a30ab2ca09d3149aa4b72c"",""9d9dcbfead84aff98f31cdedd006bc9102900bd8"",""9fc0c14839b69a92d7b36a896da96ef45eaf8621"",""a07febeccf010873be31e6675cbe5045e5f7c9a8"",""a2bfd6032c81faa75994dfd4f57b279200a0776f"",""a5398569788115cfc7203f36207a6bf2ff4bde69"",""a658cfdaed0260b20491c89e7e5710ced3ca1fb4"",""ab91af3e930c32924d6b0b02a700e47c9df6c6d4"",""abc5b075722040427bd5c78623a0019da55905be"",""acb2974a5cc42df9e66660e670c32b51249c804e"",""acb3fac3c9f526b2fa5c91b65a59fc6b28fd1a6f"",""b918e1135f318e3253a3fc76cea94bdbbae6c560"",""c249fec76a8579d842cc69e4182be62b3cbe01bd"",""c610aceb05a859e3fc1712bf774e593bf5dd2689"",""dad985432a5227e34eff2c6aac21777eb51a9fd8"",""dfe38d6ba518be281daa1952dc3f05b35652e48a"",""eb5350e40a1124cfe4f190183a016563ace8be29"",""f122d1469c6b93a2dd96d84f74a0da2c14c04a4c""]"	work-assessments-tsv-original-line-23-e17ba9f16052	read-the-shared-commit-sequence-once-then-check-each-claim
357	review-shared-change-history-6b1396652e1c5785277f252d88ceb019a72a1646-20286a21d-f53be1d372d3	shared-change-history	7	7	1	1	2026-08-27T02:40:04Z	2026-08-27T02:40:04Z	"[""documentation-symbol-and-link-check""]"	"[""changed-since-review""]"	"[""20286a21d04942790561bc931ea332eb59b6214b"",""6b1396652e1c5785277f252d88ceb019a72a1646""]"	work-headless-hardware-gl-runner-md-original-line-218-33ecc7adae55	read-the-shared-commit-sequence-once-then-check-each-claim
358	review-shared-change-history-4420389af742cd6354dceac2584fd4fd8ad74ec8-292c0318d-5a7bb9b1721a	shared-change-history	1	1	1	1	2026-08-27T04:13:23Z	2026-08-27T04:13:23Z	"[""documentation-symbol-and-link-check""]"	"[""changed-since-review""]"	"[""292c0318de096554d204725077710d177a3196f2"",""2c9aea7e2b14ff97cc9598c4c674d27c82b97aba"",""4172b6588f54ea75bb5aedf0ad6bd98f25261fce"",""4420389af742cd6354dceac2584fd4fd8ad74ec8"",""f743d0f9bec6e673cdd09dfd4554172aaa9b01c7""]"	work-rs482-source-authority-md-evidence-and-leaves-the-source-to-3bf9c6f51183	read-the-shared-commit-sequence-once-then-check-each-claim
359	review-shared-change-history-ab91af3e930c32924d6b0b02a700e47c9df6c6d4-a658cfdae-f6e3250194db	shared-change-history	1	1	1	1	2026-08-27T15:17:20Z	2026-08-27T15:17:20Z	"[""documentation-symbol-and-link-check""]"	"[""changed-since-review""]"	"[""01bd7154ac2e71e71adf2880c8b19248b79ac895"",""0645b4535864795c7021489eee30d09746cf9990"",""13b528cf29c8c6e3c86a7e789e58d5d18dd1434d"",""157e442f0a6f8994c6f937b0b8d4579c9a56667b"",""1e48e2074c1f133c350f47fec91f14fa3ca3ab44"",""263c9e82cb8efb475d1866a0e5566ba060a4ed12"",""277b6bde3d6c9243cec768ac569e40750b07117c"",""34cfba8dc91dd24f52649e6a6ea19f1299836d17"",""3fbf988d7ce8b121824cc7d6bfd3c88d39d5b96b"",""439f78e5a64fd90f910be01e3312094347a8e235"",""47caab238b3d1c7183be536187f6cc57843ae41b"",""5a06409e65cdfaf70d272333ad494b2999d79184"",""5d85778319f88212092c4d7916492f0b465379d9"",""63b281f3606bcdb4c8e8d91cacc507948d15cca9"",""7df10808834d2177b3798410d7b30f35bb2dcbb0"",""9651cd7102e5e3ec93296c5265535ed00fe27172"",""9d9dcbfead84aff98f31cdedd006bc9102900bd8"",""9fc0c14839b69a92d7b36a896da96ef45eaf8621"",""a07febeccf010873be31e6675cbe5045e5f7c9a8"",""a5398569788115cfc7203f36207a6bf2ff4bde69"",""a658cfdaed0260b20491c89e7e5710ced3ca1fb4"",""ab91af3e930c32924d6b0b02a700e47c9df6c6d4"",""abc5b075722040427bd5c78623a0019da55905be"",""acb2974a5cc42df9e66660e670c32b51249c804e"",""acb3fac3c9f526b2fa5c91b65a59fc6b28fd1a6f"",""b918e1135f318e3253a3fc76cea94bdbbae6c560"",""ba9456059bb308b499b8940148d78b806adf67fc"",""c2174808ccce0b2d138f12684f50fbe07baab384"",""c249fec76a8579d842cc69e4182be62b3cbe01bd"",""c610aceb05a859e3fc1712bf774e593bf5dd2689"",""c6c629d0071f1d0e4f64bcfd642fc9dbe69d0867"",""da44c2d7c8636c4e904b9ca416085d07f38c2264"",""dad985432a5227e34eff2c6aac21777eb51a9fd8"",""dfe38d6ba518be281daa1952dc3f05b35652e48a"",""eb5350e40a1124cfe4f190183a016563ace8be29"",""f122d1469c6b93a2dd96d84f74a0da2c14c04a4c""]"	work-merged-review-thread-resolution-campaign-md-the-production-root-account-3dd75e93f2d8	read-the-shared-commit-sequence-once-then-check-each-claim
360	review-shared-change-history-9d9dcbfead84aff98f31cdedd006bc9102900bd8-a07febecc-3877f56af538	shared-change-history	1	1	1	1	2026-08-27T19:44:43Z	2026-08-27T19:44:43Z	"[""documentation-symbol-and-link-check""]"	"[""changed-since-review""]"	"[""157e442f0a6f8994c6f937b0b8d4579c9a56667b"",""1e48e2074c1f133c350f47fec91f14fa3ca3ab44"",""263c9e82cb8efb475d1866a0e5566ba060a4ed12"",""3fbf988d7ce8b121824cc7d6bfd3c88d39d5b96b"",""47caab238b3d1c7183be536187f6cc57843ae41b"",""5d85778319f88212092c4d7916492f0b465379d9"",""63b281f3606bcdb4c8e8d91cacc507948d15cca9"",""9d9dcbfead84aff98f31cdedd006bc9102900bd8"",""a07febeccf010873be31e6675cbe5045e5f7c9a8"",""abc5b075722040427bd5c78623a0019da55905be"",""ba9456059bb308b499b8940148d78b806adf67fc"",""c2174808ccce0b2d138f12684f50fbe07baab384"",""c6c629d0071f1d0e4f64bcfd642fc9dbe69d0867"",""da44c2d7c8636c4e904b9ca416085d07f38c2264""]"	work-merged-review-thread-resolution-campaign-md-falsifier-and-merged-evidenc-f4cd15b60dda	read-the-shared-commit-sequence-once-then-check-each-claim
361	review-shared-change-history-c2174808ccce0b2d138f12684f50fbe07baab384-da44c2d7c-17ae2573e6d0	shared-change-history	3	3	1	1	2026-08-27T20:53:10Z	2026-08-27T20:53:10Z	"[""schema-generator-and-mutation-check""]"	"[""changed-since-review""]"	"[""157e442f0a6f8994c6f937b0b8d4579c9a56667b"",""2bb037aebaf3a771d4bba642b751b2a84e1bf5dc"",""47caab238b3d1c7183be536187f6cc57843ae41b"",""4b97fd2de4315c59e247efb22435328a3a1b9bb7"",""5d85778319f88212092c4d7916492f0b465379d9"",""5f86f7c7f7e409af2c7d39e293502e6f61ae7261"",""63b281f3606bcdb4c8e8d91cacc507948d15cca9"",""a943d7ee68f4b46d6015e4c093ee47338c2db85e"",""c2174808ccce0b2d138f12684f50fbe07baab384"",""ccf55aa39e11e993d3d3b82ae0fb8fb22d920358"",""da44c2d7c8636c4e904b9ca416085d07f38c2264"",""e508d6bd5aa544a4c1fb4494011b4bf08bdbba20""]"	work-assessments-tsv-original-line-1-4272c32ad20e	read-the-shared-commit-sequence-once-then-check-each-claim
362	review-shared-change-history-c2174808ccce0b2d138f12684f50fbe07baab384-da44c2d7c-7c8383b8b63a	shared-change-history	1	1	1	1	2026-08-27T20:53:10Z	2026-08-27T20:53:10Z	"[""documentation-symbol-and-link-check""]"	"[""changed-since-review""]"	"[""157e442f0a6f8994c6f937b0b8d4579c9a56667b"",""263c9e82cb8efb475d1866a0e5566ba060a4ed12"",""47caab238b3d1c7183be536187f6cc57843ae41b"",""5d85778319f88212092c4d7916492f0b465379d9"",""63b281f3606bcdb4c8e8d91cacc507948d15cca9"",""abc5b075722040427bd5c78623a0019da55905be"",""c2174808ccce0b2d138f12684f50fbe07baab384"",""da44c2d7c8636c4e904b9ca416085d07f38c2264""]"	work-merged-review-thread-resolution-campaign-md-commits-are-ancestors-of-c56018865d37	read-the-shared-commit-sequence-once-then-check-each-claim
363	review-shared-change-history-b492c4be6895ab8330fdb60c11a4a49fc98b4873-14743cd7b-5ae3dca8ad76	shared-change-history	1	1	1	1	2026-08-28T01:06:52Z	2026-08-28T01:06:52Z	"[""documentation-symbol-and-link-check""]"	"[""changed-since-review""]"	"[""0aceb8aa9606b0e4381e1ce5afc099c8914a3ef1"",""14743cd7bf00ceb7a3773486f40993925d2354d2"",""ae08c612abdc47bea1af5ec485a27e91cc31c1f9"",""b492c4be6895ab8330fdb60c11a4a49fc98b4873"",""e3ecdd2e3624bcea972a77edd30b1818b99b66f8"",""f743d0f9bec6e673cdd09dfd4554172aaa9b01c7""]"	work-r3v-native-attended-msaa-resolve-procedure-md-entry-names-the-d7bb7b6eeb68	read-the-shared-commit-sequence-once-then-check-each-claim
364	review-closed-without-merge-28-db8a528134d49e111bdc1a46929d216e36ffc9af-627af0f24db2	closed-without-merge	1	1	1	1	2026-05-15T12:00:15Z	2026-05-15T12:00:15Z	"[""warning-clean-driver-build-and-focused-test""]"	"[""changed-without-merged-anchor""]"	[]	work-terakan-draw-c-terakan-cmddraw-vkcommandbuffer-const-commandbuffer-uint3-900f68a6fb22	compare-the-closed-pr-source-with-current-main
365	review-closed-without-merge-46-8898b5e0effc490d0f3ed7655575dae33a16b69a-0ed4bf38b0be	closed-without-merge	1	1	1	1	2026-05-16T02:25:34Z	2026-05-16T02:25:34Z	"[""warning-clean-driver-build-and-focused-test""]"	"[""changed-without-merged-anchor""]"	[]	work-terakan-nir-lower-abi-c-terakan-nir-binding-mutable-resource-93b555541a7e	compare-the-closed-pr-source-with-current-main
366	review-closed-without-merge-99-942000657f5d076f799bd80dcb5d07069c8ff3d7-763073b260ec	closed-without-merge	1	1	1	1	2026-05-18T22:44:41Z	2026-05-18T22:44:41Z	"[""warning-clean-driver-build-and-focused-test""]"	"[""changed-without-merged-anchor""]"	[]	work-terakan-dmabuf-carrier-c-static-const-struct-terakan-carrier-policy-b84601ff7ee9	compare-the-closed-pr-source-with-current-main
367	review-closed-without-merge-786-ca6e98a17da81579140758d0566456232829d430-557c86aba6f7	closed-without-merge	5	6	4	1	2026-06-22T22:06:09Z	2026-06-24T18:15:13Z	"[""warning-clean-build-and-focused-test""]"	"[""changed-without-merged-anchor""]"	[]	work-vl-h264-slice-parser-c-original-line-201-66c947bbe1e8	compare-the-closed-pr-source-with-current-main
368	review-missing-current-path-src-gallium-drivers-r300-r300-reg-h-cc3d9776d727	missing-current-path	1	1	1	1	2026-08-12T10:57:33Z	2026-08-12T10:57:33Z	"[""warning-clean-driver-build-and-focused-test""]"	"[""current-path-missing""]"	[]	work-r300-reg-h-enum-14beab4c6967	locate-the-replacement-or-prove-removal-resolved-the-claim
369	review-missing-current-path-src-amd-r300-common-r300-delivery-route-fde7da487588	missing-current-path	6	9	1	4	2026-08-14T00:41:12Z	2026-08-23T07:04:06Z	"[""warning-clean-driver-build-and-focused-test""]"	"[""current-path-missing""]"	[]	work-r300-delivery-route-h-enum-r300-delivery-route-580d304dbc59	locate-the-replacement-or-prove-removal-resolved-the-claim
370	review-missing-current-path-src-amd-r300-vulkan-r3v-pipeline-c-55b25022df39	missing-current-path	1	1	1	1	2026-08-17T22:08:34Z	2026-08-17T22:08:34Z	"[""warning-clean-driver-build-and-focused-test""]"	"[""current-path-missing""]"	[]	work-r3v-pipeline-c-original-line-1-4d2bfd508529	locate-the-replacement-or-prove-removal-resolved-the-claim
371	review-missing-current-path-src-amd-r300-common-r300-compute-spirv-bc6bdbdea664	missing-current-path	1	1	1	1	2026-08-21T08:31:33Z	2026-08-21T08:31:33Z	"[""warning-clean-driver-build-and-focused-test""]"	"[""current-path-missing""]"	[]	work-r300-compute-spirv-c-original-line-456-65bb4cd79ca7	locate-the-replacement-or-prove-removal-resolved-the-claim
372	review-missing-current-path-src-amd-r300-common-r300-vertex-spirv-2592f9409b30	missing-current-path	4	4	1	2	2026-08-21T08:53:41Z	2026-08-22T23:05:10Z	"[""warning-clean-driver-build-and-focused-test""]"	"[""current-path-missing""]"	[]	work-r300-vertex-spirv-c-original-line-333-847ec89c12bd	locate-the-replacement-or-prove-removal-resolved-the-claim
373	review-missing-current-path-src-amd-r300-vulkan-r3v-identity-map-fbd321be3dd7	missing-current-path	1	3	1	1	2026-08-21T23:46:35Z	2026-08-21T23:46:35Z	"[""warning-clean-driver-build-and-focused-test""]"	"[""current-path-missing""]"	[]	work-r3v-identity-map-c-r3v-const-fill-dispatch-replay-struct-09476c60a722	locate-the-replacement-or-prove-removal-resolved-the-claim
374	review-missing-current-path-src-amd-r300-vulkan-r3v-queue-c-9e88ee15c3ed	missing-current-path	1	1	1	1	2026-08-21T23:46:35Z	2026-08-21T23:46:35Z	"[""warning-clean-driver-build-and-focused-test""]"	"[""current-path-missing""]"	[]	work-r3v-queue-c-r3v-replay-dispatch-struct-r3v-device-device-bb0c1d8647e5	locate-the-replacement-or-prove-removal-resolved-the-claim
375	review-missing-current-path-src-amd-r300-vulkan-tests-r3v-gallium-ec1f0101a323	missing-current-path	2	2	1	1	2026-08-22T09:04:38Z	2026-08-22T09:04:38Z	"[""python-test-black-and-ruff""]"	"[""current-path-missing""]"	[]	work-r3v-gallium-ownership-disposition-py-original-line-224-cfd7e61ffee3	locate-the-replacement-or-prove-removal-resolved-the-claim
376	review-missing-current-path-src-amd-r300-vulkan-r3v-dp4-fs-39a0f164b378	missing-current-path	1	1	1	1	2026-08-22T22:00:14Z	2026-08-22T22:00:14Z	"[""warning-clean-driver-build-and-focused-test""]"	"[""current-path-missing""]"	[]	work-r3v-dp4-fs-nir-c-original-line-54-4347a71260e5	locate-the-replacement-or-prove-removal-resolved-the-claim
377	review-missing-current-path-src-amd-r300-common-r300-delivery-route-bff604995bd3	missing-current-path	1	1	1	1	2026-08-23T01:30:08Z	2026-08-23T01:30:08Z	"[""warning-clean-driver-build-and-focused-test""]"	"[""current-path-missing""]"	[]	work-r300-delivery-route-c-r300-delivery-route-resolve-const-char-1a2bae6d8781	locate-the-replacement-or-prove-removal-resolved-the-claim
378	review-recover-review-source-1635-ac091fb266f69b89b87a1850487111239a6a6100-4ca94039731d	recover-review-source	2	2	2	1	2026-08-17T22:08:34Z	2026-08-17T22:08:34Z	"[""schema-generator-and-mutation-check"",""warning-clean-driver-build-and-focused-test""]"	"[""review-source-unavailable""]"	[]	work-gitlab-ci-inc-yml-original-line-16-5815e441adad	fetch-the-named-pr-source-before-classification
379	review-recover-review-source-1735-d255cb1caf098ea698176210373b73534049cf1f-1813-eb06dfe4a8c1	recover-review-source	1	3	1	3	2026-08-23T21:55:07Z	2026-08-26T02:12:15Z	"[""warning-clean-driver-build-and-focused-test""]"	"[""partial-history""]"	"[""1099b1c71adc2055b4018cb4b6bc70cc9a7223f0"",""1219d78e0411c9c13549f9b4cda1e4577e0ad8fb"",""2a11aa0c8253be67db77dd45cc6f02e8ad4b5c77"",""2cb307652cc8b14e61abd9fd3d71ff5e935c5eae"",""73b4fc07196b5bc9e5505406dfc34f4269407165"",""98959caa8f8f735899b1d1390d650d1ae450887e"",""9a264e890516b55dedf0be15e63febe56a5c9224"",""a190f69df686f6558b0e3ef847ef62793ffcaf50"",""a3d731fddaf773e547e3a057a93394025833e651"",""adfa7ce2b0e930e3f198f703477c8c0797338246"",""bd7fcf75397e409a3d1e15e595e940d6411dffc3"",""c7dae69423791abaefee49603b2d45e62086ac19"",""dc60471e58b6198ffe3b065d3164d08a4afa0664"",""ebc8348c2ec8951c28056c17b036a365856cd12a"",""ecc21f36cf7893d5fc9ea51a13b33377fe5b11b1"",""ed39a483c8022512d3d540d03211bc58dcbf2fcf""]"	work-r3v-native-recording-c-r3v-cmdblitimage-0a4212bf4b12	fetch-the-named-pr-source-before-classification
380	review-recover-review-source-1760-ca5c31182b1fa7d8503406115790eb9a7b0d8b7f-1813-106bda5413ae	recover-review-source	1	2	1	2	2026-08-24T20:29:55Z	2026-08-26T02:11:34Z	"[""schema-generator-and-mutation-check""]"	"[""partial-history""]"	"[""13683abd6ad3fcbf0d052d1a63b24793b59211fa"",""393cb870255352a00fc9859f2d6624e3f10b2b87"",""41ed3670d8f5557938e79d43a08dd9cd15768dbf"",""682648a30f9fe5db7f18772bd953af2e44099437"",""93ff2e17aeca881926adb92dc6493bb34018be2a"",""a628623143f80181b4a864337e2afdecf89fb1d1"",""b2c7a53aead941875e0c67204a025df54f2b5d9c"",""c8846a1d98433ba5e541093122a6daea7d348658"",""e8445512d3a15311e53b3539068a736e04c79ee1"",""ed39a483c8022512d3d540d03211bc58dcbf2fcf""]"	work-r3v-conformance-nonpass-ledger-tsv-waiver-waiver-deqp-vk-accepted-23f46c206294	fetch-the-named-pr-source-before-classification
