"thread_id"	"thread_created_at"	"review_url"	"review_path"	"original_line"	"claim_heading"	"status_at_capture"	"falsifier"	"resolution_state"	"relationship"	"source_change_commit"	"evidence_kind"	"evidence_commit"	"evidence_pr"	"evidence_pr_title"	"evidence_merged_at"	"current_target"	"current_target_identity"	"current_owner_change_commit"	"current_owner_evidence_kind"	"current_owner_evidence_commit"	"current_owner_evidence_pr"	"current_owner_evidence_pr_title"	"current_owner_evidence_merged_at"	"current_owner_change_subject"	"source_change_subject"	"verification_method"
"PRRT_kwDOR3YK5M6CWWKm"	"2026-05-15T12:00:15Z"	"https://github.com/Oichkatzelesfrettschen/mesa-26-gororoba/pull/28#discussion_r3248019629"	"src/amd/terascale/vulkan/terakan_draw.c"	"365"	"update attachment layer state inside each multiview draw"	"unassessed"	""	"resolved"	"same-source"	"d9688680556331f1560d83c182385017c5b166c8"	"merged-pr"	"5b110c89bd876c01b043e428f5bfbcc16c3c9902"	"1977"	"Dirty Terakan view index only on value changes"	"2026-08-28T06:21:14Z"	"src/amd/terascale/vulkan/terakan_draw.c"	"fd771aed27c4348844c2ca5f4fbc2dc1955a4f4d"	"d9688680556331f1560d83c182385017c5b166c8"	"merged-pr"	"5b110c89bd876c01b043e428f5bfbcc16c3c9902"	"1977"	"Dirty Terakan view index only on value changes"	"2026-08-28T06:21:14Z"	"terakan: dirty view index only on value changes"	"terakan: dirty view index only on value changes"	"Exact GitHub thread re-query plus resolution-source and current-source ancestry at the recorded target identity"
"PRRT_kwDOR3YK5M6ChBF4"	"2026-05-16T02:25:34Z"	"https://github.com/Oichkatzelesfrettschen/mesa-26-gororoba/pull/46#discussion_r3251852166"	"src/amd/terascale/vulkan/nir/terakan_nir_lower_abi.c"	"520"	"index dynamic robustness loads by vec4 row"	"unassessed"	""	"resolved"	"same-source"	"9cb2fd96034fe24328e899e277f1b75e3683a5aa"	"merged-pr"	"9cb2fd96034fe24328e899e277f1b75e3683a5aa"	"1860"	"terakan: unify robustness metadata identity and binding order"	"2026-08-26T19:45:59Z"	"src/amd/terascale/vulkan/nir/terakan_nir_lower_abi.c"	"d5f31250236868f0f8f61a27d71d5f73f72a5821"	"9cb2fd96034fe24328e899e277f1b75e3683a5aa"	"merged-pr"	"9cb2fd96034fe24328e899e277f1b75e3683a5aa"	"1860"	"terakan: unify robustness metadata identity and binding order"	"2026-08-26T19:45:59Z"	"terakan: unify robustness metadata identity and binding order"	"terakan: unify robustness metadata identity and binding order"	"Exact GitHub thread re-query plus resolution-source and current-source ancestry at the recorded target identity"
"PRRT_kwDOR3YK5M6C_gYg"	"2026-05-18T22:44:41Z"	"https://github.com/Oichkatzelesfrettschen/mesa-26-gororoba/pull/99#discussion_r3262626421"	"src/amd/terascale/vulkan/terakan_dmabuf_carrier.c"	"90"	"the carrier policy reason string claims the non palm default is native noop legacy for every other terakan chip family but then lists only a subset missing at least chip hemlock chip barts chip turks chip caicos which are also recogn"	"unassessed"	""	"resolved"	"same-source"	"78a1d9807520e55245a5ae69cd37cf444d4b63df"	"direct-main"	"78a1d9807520e55245a5ae69cd37cf444d4b63df"	""	""	""	"src/amd/terascale/vulkan/terakan_dmabuf_carrier.c"	"66ba33acffeebe0621eec8cbf6c3313c999271ce"	"78a1d9807520e55245a5ae69cd37cf444d4b63df"	"direct-main"	"78a1d9807520e55245a5ae69cd37cf444d4b63df"	""	""	""	"r600/terakan: keep Palm CMPXCHG policy conservative"	"r600/terakan: keep Palm CMPXCHG policy conservative"	"Exact GitHub thread re-query plus resolution-source and current-source ancestry at the recorded target identity"
"PRRT_kwDOR3YK5M6LaOsk"	"2026-06-22T22:06:09Z"	"https://github.com/Oichkatzelesfrettschen/mesa-26-gororoba/pull/786#discussion_r3455720534"	"src/gallium/auxiliary/vl/tests/vl_h264_slice_parser_test.c"	"87"	"trim the next annex b start code from the fixture"	"unassessed"	""	"resolved"	"same-source"	"dd22254f7264944cfb030a2af5778153d4866a18"	"merged-pr"	"9bf95092dac2e299297c08efb4e6559013d93466"	"2014"	"vl: preserve H.264 table continuations and reject MBAFF"	"2026-08-29T00:19:04Z"	"src/gallium/auxiliary/vl/tests/vl_h264_slice_parser_test.c"	"2e22e6653833c64d459bb070ea50f492f6b32434"	"dd22254f7264944cfb030a2af5778153d4866a18"	"merged-pr"	"9bf95092dac2e299297c08efb4e6559013d93466"	"2014"	"vl: preserve H.264 table continuations and reject MBAFF"	"2026-08-29T00:19:04Z"	"vl: preserve H.264 table continuations and reject MBAFF"	"vl: preserve H.264 table continuations and reject MBAFF"	"Exact GitHub thread re-query plus resolution-source and current-source ancestry at the recorded target identity"
"PRRT_kwDOR3YK5M6LaOsq"	"2026-06-22T22:06:09Z"	"https://github.com/Oichkatzelesfrettschen/mesa-26-gororoba/pull/786#discussion_r3455720541"	"src/gallium/auxiliary/vl/vl_h264_slice_parser.c"	"201"	"use the va supplied active reference count"	"unassessed"	""	"resolved"	"same-source"	"dd22254f7264944cfb030a2af5778153d4866a18"	"merged-pr"	"9bf95092dac2e299297c08efb4e6559013d93466"	"2014"	"vl: preserve H.264 table continuations and reject MBAFF"	"2026-08-29T00:19:04Z"	"src/gallium/auxiliary/vl/vl_h264_slice_parser.c"	"280186970fbe79c549f32f4a314822c4b6a329b8"	"dd22254f7264944cfb030a2af5778153d4866a18"	"merged-pr"	"9bf95092dac2e299297c08efb4e6559013d93466"	"2014"	"vl: preserve H.264 table continuations and reject MBAFF"	"2026-08-29T00:19:04Z"	"vl: preserve H.264 table continuations and reject MBAFF"	"vl: preserve H.264 table continuations and reject MBAFF"	"Exact GitHub thread re-query plus resolution-source and current-source ancestry at the recorded target identity"
"PRRT_kwDOR3YK5M6L_w9G"	"2026-06-24T18:15:13Z"	"https://github.com/Oichkatzelesfrettschen/mesa-26-gororoba/pull/786#discussion_r3469309017"	"src/gallium/auxiliary/vl/vl_h264_cavlc_tables.h"	"7"	"keep cavlc table generation inside mesa"	"unassessed"	""	"resolved"	"same-source"	"73eadf37c905617e1101174fc290ef63236d63e3"	"merged-pr"	"ffe5e9b5c04c21c500b64cec8fd442b8613a7586"	"2009"	"vl: make H.264 field admission and CAVLC regeneration explicit"	"2026-08-28T21:56:03Z"	"src/gallium/auxiliary/vl/vl_h264_cavlc_tables.h"	"f0234984a9a1152a487aeb38381270b7ac2883cd"	"73eadf37c905617e1101174fc290ef63236d63e3"	"merged-pr"	"ffe5e9b5c04c21c500b64cec8fd442b8613a7586"	"2009"	"vl: make H.264 field admission and CAVLC regeneration explicit"	"2026-08-28T21:56:03Z"	"vl: keep H.264 CAVLC regeneration inside Mesa"	"vl: keep H.264 CAVLC regeneration inside Mesa"	"Exact GitHub thread re-query plus resolution-source and current-source ancestry at the recorded target identity"
"PRRT_kwDOR3YK5M6L_w9U"	"2026-06-24T18:15:13Z"	"https://github.com/Oichkatzelesfrettschen/mesa-26-gororoba/pull/786#discussion_r3469309034"	"src/gallium/auxiliary/vl/vl_h264_mb_decode.c"	"212"	"copy slice deblock controls into each contract"	"unassessed"	""	"resolved"	"same-source"	"7ebfcd97fad26caec2b1c177c661730fad1d1b5a"	"merged-pr"	"7ebfcd97fad26caec2b1c177c661730fad1d1b5a"	"1193"	"treewide: drop the invented project copyright line from file headers"	"2026-07-25T09:57:42Z"	"src/gallium/auxiliary/vl/vl_h264_mb_decode.c"	"8c59fd7aadbb05089d7ed243c3088a59b882cb52"	"7ebfcd97fad26caec2b1c177c661730fad1d1b5a"	"merged-pr"	"7ebfcd97fad26caec2b1c177c661730fad1d1b5a"	"1193"	"treewide: drop the invented project copyright line from file headers"	"2026-07-25T09:57:42Z"	"treewide: drop the invented project copyright line from file headers (#1193)"	"treewide: drop the invented project copyright line from file headers (#1193)"	"Exact GitHub thread re-query plus resolution-source and current-source ancestry at the recorded target identity"
"PRRT_kwDOR3YK5M6L_w9Y"	"2026-06-24T18:15:13Z"	"https://github.com/Oichkatzelesfrettschen/mesa-26-gororoba/pull/786#discussion_r3469309038"	"src/gallium/auxiliary/vl/vl_h264_mb_decode.c"	"212"	"mark native intra macroblocks with unused references"	"unassessed"	""	"resolved"	"same-source"	"7ebfcd97fad26caec2b1c177c661730fad1d1b5a"	"merged-pr"	"7ebfcd97fad26caec2b1c177c661730fad1d1b5a"	"1193"	"treewide: drop the invented project copyright line from file headers"	"2026-07-25T09:57:42Z"	"src/gallium/auxiliary/vl/vl_h264_mb_decode.c"	"8c59fd7aadbb05089d7ed243c3088a59b882cb52"	"7ebfcd97fad26caec2b1c177c661730fad1d1b5a"	"merged-pr"	"7ebfcd97fad26caec2b1c177c661730fad1d1b5a"	"1193"	"treewide: drop the invented project copyright line from file headers"	"2026-07-25T09:57:42Z"	"treewide: drop the invented project copyright line from file headers (#1193)"	"treewide: drop the invented project copyright line from file headers (#1193)"	"Exact GitHub thread re-query plus resolution-source and current-source ancestry at the recorded target identity"
"PRRT_kwDOR3YK5M6L_w9c"	"2026-06-24T18:15:13Z"	"https://github.com/Oichkatzelesfrettschen/mesa-26-gororoba/pull/786#discussion_r3469309043"	"src/gallium/auxiliary/vl/vl_h264_slice_parser.c"	"187"	"reject field coded slices before raster decoding"	"unassessed"	""	"resolved"	"same-source"	"dd22254f7264944cfb030a2af5778153d4866a18"	"merged-pr"	"9bf95092dac2e299297c08efb4e6559013d93466"	"2014"	"vl: preserve H.264 table continuations and reject MBAFF"	"2026-08-29T00:19:04Z"	"src/gallium/auxiliary/vl/vl_h264_slice_parser.c"	"280186970fbe79c549f32f4a314822c4b6a329b8"	"dd22254f7264944cfb030a2af5778153d4866a18"	"merged-pr"	"9bf95092dac2e299297c08efb4e6559013d93466"	"2014"	"vl: preserve H.264 table continuations and reject MBAFF"	"2026-08-29T00:19:04Z"	"vl: preserve H.264 table continuations and reject MBAFF"	"vl: preserve H.264 table continuations and reject MBAFF"	"Exact GitHub thread re-query plus resolution-source and current-source ancestry at the recorded target identity"
"PRRT_kwDOR3YK5M6X3byR"	"2026-08-10T12:26:10Z"	"https://github.com/Oichkatzelesfrettschen/mesa-26-gororoba/pull/1305#discussion_r3749439672"	"src/amd/terascale/vulkan/tests/terakan_softfp64_lifetime_contract_test.py"	"58"	"verify that wsi failures reach fail device"	"unassessed"	""	"resolved"	"same-source"	"e8a8180a26d2c225dd529b97c7fd7d0a0e5b423e"	"merged-pr"	"b8aab74650599b063df3eef1480938a0e419b74f"	"2015"	"terakan: calibrate softfp64 failure-edge contract"	"2026-08-29T00:28:58Z"	"src/amd/terascale/vulkan/tests/terakan_softfp64_lifetime_contract_test.py"	"a8b770282cd05718bcc4885ed0db0015475053ae"	"e8a8180a26d2c225dd529b97c7fd7d0a0e5b423e"	"merged-pr"	"b8aab74650599b063df3eef1480938a0e419b74f"	"2015"	"terakan: calibrate softfp64 failure-edge contract"	"2026-08-29T00:28:58Z"	"terakan: calibrate softfp64 failure-edge mutants"	"terakan: calibrate softfp64 failure-edge mutants"	"Exact GitHub thread re-query plus resolution-source and current-source ancestry at the recorded target identity"
"PRRT_kwDOR3YK5M6X3lYa"	"2026-08-10T12:33:42Z"	"https://github.com/Oichkatzelesfrettschen/mesa-26-gororoba/pull/1306#discussion_r3749492959"	"src/amd/terascale/vulkan/tests/terakan_softfp64_lifetime_contract_test.py"	"65"	"reject exits that precede the expected goto"	"repair-required"	"A calibrated early-return mutant is rejected."	"resolved"	"same-source"	"e8a8180a26d2c225dd529b97c7fd7d0a0e5b423e"	"merged-pr"	"b8aab74650599b063df3eef1480938a0e419b74f"	"2015"	"terakan: calibrate softfp64 failure-edge contract"	"2026-08-29T00:28:58Z"	"src/amd/terascale/vulkan/tests/terakan_softfp64_lifetime_contract_test.py"	"a8b770282cd05718bcc4885ed0db0015475053ae"	"e8a8180a26d2c225dd529b97c7fd7d0a0e5b423e"	"merged-pr"	"b8aab74650599b063df3eef1480938a0e419b74f"	"2015"	"terakan: calibrate softfp64 failure-edge contract"	"2026-08-29T00:28:58Z"	"terakan: calibrate softfp64 failure-edge mutants"	"terakan: calibrate softfp64 failure-edge mutants"	"Exact GitHub thread re-query plus resolution-source and current-source ancestry at the recorded target identity"
"PRRT_kwDOR3YK5M6Yb3vf"	"2026-08-12T02:30:07Z"	"https://github.com/Oichkatzelesfrettschen/mesa-26-gororoba/pull/1395#discussion_r3763174319"	"src/gallium/drivers/r300/r300_r2vb.c"	"3933"	"add symbol discovery provenance to the psc claim"	"unassessed"	""	"resolved"	"same-source"	"ae6e610ef98dbb0205e6bf6ef6a1ab79d7c53de7"	"merged-pr"	"8cdc9715221cd8a77db259655a013ac23d5f27e7"	"2041"	"r300: separate PM4 vertex index and count limits"	"2026-08-29T09:01:16Z"	"src/gallium/drivers/r300/r300_r2vb.c"	"9a5b7eadb021a26eabf7076907774f610701cbb5"	"ae6e610ef98dbb0205e6bf6ef6a1ab79d7c53de7"	"merged-pr"	"8cdc9715221cd8a77db259655a013ac23d5f27e7"	"2041"	"r300: separate PM4 vertex index and count limits"	"2026-08-29T09:01:16Z"	"r300: separate PM4 vertex index and count limits"	"r300: separate PM4 vertex index and count limits"	"Exact GitHub thread re-query plus resolution-source and current-source ancestry at the recorded target identity"
"PRRT_kwDOR3YK5M6YcP8D"	"2026-08-12T03:10:44Z"	"https://github.com/Oichkatzelesfrettschen/mesa-26-gororoba/pull/1399#discussion_r3763320185"	"src/amd/r300/vulkan/tests/r3v_native_loader_sweep.c"	"84"	"retry waitpid when a signal interrupts the wait"	"unassessed"	""	"resolved"	"same-source"	"5e17ae58ba995f6aa0d75ba8d1bbc47bfcb4287a"	"merged-pr"	"a0a60ffb456f31438896f5e87ee37204907b384b"	"2017"	"r3v: retry interrupted loader child waits"	"2026-08-29T00:30:39Z"	"src/amd/r300/vulkan/tests/r3v_native_loader_sweep.c"	"bba7c54127374845908d75eac40d41aa464165ba"	"5e17ae58ba995f6aa0d75ba8d1bbc47bfcb4287a"	"merged-pr"	"a0a60ffb456f31438896f5e87ee37204907b384b"	"2017"	"r3v: retry interrupted loader child waits"	"2026-08-29T00:30:39Z"	"r3v: retry interrupted loader child waits"	"r3v: retry interrupted loader child waits"	"Exact GitHub thread re-query plus resolution-source and current-source ancestry at the recorded target identity"
"PRRT_kwDOR3YK5M6YckKP"	"2026-08-12T03:44:34Z"	"https://github.com/Oichkatzelesfrettschen/mesa-26-gororoba/pull/1403#discussion_r3763442732"	"src/amd/r300/vulkan/tests/run_under_xvfb.sh"	"71"	"terminate the wrapped command s descendants"	"repair-required"	"A calibrated wrapped process tree exits without leaving any descendant alive."	"resolved"	"same-source"	"c90243715efa42fc8693aef40e6f7a984d25ce68"	"merged-pr"	"1c1388ea0d906510c32321e4261be54e998bf7ac"	"2018"	"r3v: own Xvfb command groups and stdin"	"2026-08-29T00:42:11Z"	"src/amd/r300/vulkan/tests/run_under_xvfb.sh"	"50daffdf6ce0e10b7e09b6074ff9c2f40568bcdc"	"c90243715efa42fc8693aef40e6f7a984d25ce68"	"merged-pr"	"1c1388ea0d906510c32321e4261be54e998bf7ac"	"2018"	"r3v: own Xvfb command groups and stdin"	"2026-08-29T00:42:11Z"	"r3v: own Xvfb command groups and stdin"	"r3v: own Xvfb command groups and stdin"	"Exact GitHub thread re-query plus resolution-source and current-source ancestry at the recorded target identity"
"PRRT_kwDOR3YK5M6YckKT"	"2026-08-12T03:44:34Z"	"https://github.com/Oichkatzelesfrettschen/mesa-26-gororoba/pull/1403#discussion_r3763442736"	"src/amd/r300/vulkan/tests/run_under_xvfb.sh"	"172"	"preserve stdin when backgrounding the command"	"repair-required"	"A piped-input calibration reaches the wrapped background command unchanged."	"resolved"	"same-source"	"c90243715efa42fc8693aef40e6f7a984d25ce68"	"merged-pr"	"1c1388ea0d906510c32321e4261be54e998bf7ac"	"2018"	"r3v: own Xvfb command groups and stdin"	"2026-08-29T00:42:11Z"	"src/amd/r300/vulkan/tests/run_under_xvfb.sh"	"50daffdf6ce0e10b7e09b6074ff9c2f40568bcdc"	"c90243715efa42fc8693aef40e6f7a984d25ce68"	"merged-pr"	"1c1388ea0d906510c32321e4261be54e998bf7ac"	"2018"	"r3v: own Xvfb command groups and stdin"	"2026-08-29T00:42:11Z"	"r3v: own Xvfb command groups and stdin"	"r3v: own Xvfb command groups and stdin"	"Exact GitHub thread re-query plus resolution-source and current-source ancestry at the recorded target identity"
"PRRT_kwDOR3YK5M6YcmNY"	"2026-08-12T03:47:23Z"	"https://github.com/Oichkatzelesfrettschen/mesa-26-gororoba/pull/1404#discussion_r3763454902"	"src/amd/r300/vulkan/tests/r3v_native_entrypoint_audit.py"	"546"	"track the pointer that guards each optional call"	"unassessed"	""	"resolved"	"same-source"	"2e6f3657498a58de02bb387b07ebfd6de192abad"	"merged-pr"	"0512406dca34b5f9e12361155d7d11fc4bc90568"	"2019"	"r3v: preserve guarded dispatch dependency edges"	"2026-08-29T01:04:56Z"	"src/amd/r300/vulkan/tests/r3v_native_entrypoint_audit.py"	"d3625492a8cd9fd233069920998ee89056a70b68"	"2e6f3657498a58de02bb387b07ebfd6de192abad"	"merged-pr"	"0512406dca34b5f9e12361155d7d11fc4bc90568"	"2019"	"r3v: preserve guarded dispatch dependency edges"	"2026-08-29T01:04:56Z"	"r3v: preserve guarded dispatch dependency edges"	"r3v: preserve guarded dispatch dependency edges"	"Exact GitHub thread re-query plus resolution-source and current-source ancestry at the recorded target identity"
"PRRT_kwDOR3YK5M6YcmNc"	"2026-08-12T03:47:23Z"	"https://github.com/Oichkatzelesfrettschen/mesa-26-gororoba/pull/1404#discussion_r3763454907"	"src/amd/r300/vulkan/meson.build"	"524"	"calibrate the extra slot failure in isolation"	"unassessed"	""	"resolved"	"same-source"	"82087a506a7f43a7603ca36e5431a8aa24f08396"	"merged-pr"	"ba1652a87e55351b40743b79f0bec9dee44a9f6b"	"2057"	"r3v native separation audit input validation"	"2026-08-29T15:35:47Z"	"src/amd/r300/vulkan/meson.build"	"7e26c2f56fb8b1afdd1ceb271412721de87f37d3"	"82087a506a7f43a7603ca36e5431a8aa24f08396"	"merged-pr"	"ba1652a87e55351b40743b79f0bec9dee44a9f6b"	"2057"	"r3v native separation audit input validation"	"2026-08-29T15:35:47Z"	"r3v: harden native separation audit inputs"	"r3v: harden native separation audit inputs"	"Exact GitHub thread re-query plus resolution-source and current-source ancestry at the recorded target identity"
"PRRT_kwDOR3YK5M6Yc3Z1"	"2026-08-12T04:16:40Z"	"https://github.com/Oichkatzelesfrettschen/mesa-26-gororoba/pull/1407#discussion_r3763557278"	"src/amd/r300/vulkan/r3v_native_cell.c"	"88"	"detect aliases of the same gem bo across separate mappings"	"unassessed"	""	"resolved"	"same-source"	"aa62b70798ae6ddc3a07e1da7989568d18b4be4d"	"merged-pr"	"b01c1dcb5a836bb8a64fcc3890c5cd73fe0e09b1"	"2056"	"r3v GPU producer viewport and carrier retention"	"2026-08-29T15:06:35Z"	"src/amd/r300/vulkan/r3v_native_cell.c"	"9c7b1daf0877bcc03e27fb883ec8041580435e01"	"aa62b70798ae6ddc3a07e1da7989568d18b4be4d"	"merged-pr"	"b01c1dcb5a836bb8a64fcc3890c5cd73fe0e09b1"	"2056"	"r3v GPU producer viewport and carrier retention"	"2026-08-29T15:06:35Z"	"r3v: project GPU producer positions before carrier emission"	"r3v: project GPU producer positions before carrier emission"	"Exact GitHub thread re-query plus resolution-source and current-source ancestry at the recorded target identity"
"PRRT_kwDOR3YK5M6Yc3Z4"	"2026-08-12T04:16:40Z"	"https://github.com/Oichkatzelesfrettschen/mesa-26-gororoba/pull/1407#discussion_r3763557282"	"src/amd/r300/vulkan/r3v_native_cell.c"	"503"	"remove the internal source path from the comment"	"unassessed"	""	"resolved"	"same-source"	"aa62b70798ae6ddc3a07e1da7989568d18b4be4d"	"merged-pr"	"b01c1dcb5a836bb8a64fcc3890c5cd73fe0e09b1"	"2056"	"r3v GPU producer viewport and carrier retention"	"2026-08-29T15:06:35Z"	"src/amd/r300/vulkan/r3v_native_cell.c"	"9c7b1daf0877bcc03e27fb883ec8041580435e01"	"aa62b70798ae6ddc3a07e1da7989568d18b4be4d"	"merged-pr"	"b01c1dcb5a836bb8a64fcc3890c5cd73fe0e09b1"	"2056"	"r3v GPU producer viewport and carrier retention"	"2026-08-29T15:06:35Z"	"r3v: project GPU producer positions before carrier emission"	"r3v: project GPU producer positions before carrier emission"	"Exact GitHub thread re-query plus resolution-source and current-source ancestry at the recorded target identity"
"PRRT_kwDOR3YK5M6Yc3Z7"	"2026-08-12T04:16:40Z"	"https://github.com/Oichkatzelesfrettschen/mesa-26-gororoba/pull/1407#discussion_r3763557286"	"src/amd/r300/vulkan/tests/r3v_native_vertex_carrier_harness.c"	"209"	"bind the byte fixture to the canonical triangle oracle"	"unassessed"	""	"resolved"	"same-source"	"1f9ea211a3195f5f5851b263d0e229e97756c31f"	"merged-pr"	"b27182bc6b00f90e754d21ff900b885d6e064a63"	"2020"	"r3v: stage carrier gathers before aliased writes"	"2026-08-29T01:24:16Z"	"src/amd/r300/vulkan/tests/r3v_native_vertex_carrier_harness.c"	"afd47274a2f6ab043ed3387319db1380e649590d"	"1f9ea211a3195f5f5851b263d0e229e97756c31f"	"merged-pr"	"b27182bc6b00f90e754d21ff900b885d6e064a63"	"2020"	"r3v: stage carrier gathers before aliased writes"	"2026-08-29T01:24:16Z"	"r3v: stage carrier gathers before aliased writes"	"r3v: stage carrier gathers before aliased writes"	"Exact GitHub thread re-query plus resolution-source and current-source ancestry at the recorded target identity"
"PRRT_kwDOR3YK5M6Yc3Z9"	"2026-08-12T04:16:40Z"	"https://github.com/Oichkatzelesfrettschen/mesa-26-gororoba/pull/1407#discussion_r3763557288"	"src/amd/r300/vulkan/tests/r3v_native_vertex_carrier_harness.c"	"193"	"attach a discovery source to the vap byte order claim"	"unassessed"	""	"resolved"	"same-source"	"1f9ea211a3195f5f5851b263d0e229e97756c31f"	"merged-pr"	"b27182bc6b00f90e754d21ff900b885d6e064a63"	"2020"	"r3v: stage carrier gathers before aliased writes"	"2026-08-29T01:24:16Z"	"src/amd/r300/vulkan/tests/r3v_native_vertex_carrier_harness.c"	"afd47274a2f6ab043ed3387319db1380e649590d"	"1f9ea211a3195f5f5851b263d0e229e97756c31f"	"merged-pr"	"b27182bc6b00f90e754d21ff900b885d6e064a63"	"2020"	"r3v: stage carrier gathers before aliased writes"	"2026-08-29T01:24:16Z"	"r3v: stage carrier gathers before aliased writes"	"r3v: stage carrier gathers before aliased writes"	"Exact GitHub thread re-query plus resolution-source and current-source ancestry at the recorded target identity"
"PRRT_kwDOR3YK5M6Yc3Z_"	"2026-08-12T04:16:40Z"	"https://github.com/Oichkatzelesfrettschen/mesa-26-gororoba/pull/1407#discussion_r3763557291"	"src/amd/r300/vulkan/tests/r3v_native_vertex_carrier_harness.c"	"303"	"state the alias test as a present tense mechanism"	"unassessed"	""	"resolved"	"same-source"	"1f9ea211a3195f5f5851b263d0e229e97756c31f"	"merged-pr"	"b27182bc6b00f90e754d21ff900b885d6e064a63"	"2020"	"r3v: stage carrier gathers before aliased writes"	"2026-08-29T01:24:16Z"	"src/amd/r300/vulkan/tests/r3v_native_vertex_carrier_harness.c"	"afd47274a2f6ab043ed3387319db1380e649590d"	"1f9ea211a3195f5f5851b263d0e229e97756c31f"	"merged-pr"	"b27182bc6b00f90e754d21ff900b885d6e064a63"	"2020"	"r3v: stage carrier gathers before aliased writes"	"2026-08-29T01:24:16Z"	"r3v: stage carrier gathers before aliased writes"	"r3v: stage carrier gathers before aliased writes"	"Exact GitHub thread re-query plus resolution-source and current-source ancestry at the recorded target identity"
"PRRT_kwDOR3YK5M6YiPRn"	"2026-08-12T10:35:17Z"	"https://github.com/Oichkatzelesfrettschen/mesa-26-gororoba/pull/1478#discussion_r3765620587"	"src/amd/r300/vulkan/tests/r3v_native_arming_test.c"	"148"	"reserve space for the attempt token suffix"	"unassessed"	""	"resolved"	"same-source"	"a1a73837ae45008dd14753cf1bed778af74ecdb3"	"merged-pr"	"12e0d7f32841c7b5ec97993d8299d611ff3bc9fd"	"2022"	"r3v: preflight arming token path capacity"	"2026-08-29T01:53:46Z"	"src/amd/r300/vulkan/tests/r3v_native_arming_test.c"	"12abbb18760c5d2ad744156fd3b94bdbd3cd825c"	"a1a73837ae45008dd14753cf1bed778af74ecdb3"	"merged-pr"	"12e0d7f32841c7b5ec97993d8299d611ff3bc9fd"	"2022"	"r3v: preflight arming token path capacity"	"2026-08-29T01:53:46Z"	"r3v: preflight arming token path capacity"	"r3v: preflight arming token path capacity"	"Exact GitHub thread re-query plus resolution-source and current-source ancestry at the recorded target identity"
"PRRT_kwDOR3YK5M6YiliQ"	"2026-08-12T10:56:28Z"	"https://github.com/Oichkatzelesfrettschen/mesa-26-gororoba/pull/1486#discussion_r3765752512"	"docs/hardware/r3v-native-attended-cell-procedure.md"	"107"	"point the variable at the tcl bypass replay tool"	"unassessed"	""	"resolved"	"same-source"	"a7817d2912b7f6fdfa78e734ce1a4e5829dd5cc9"	"merged-pr"	"27e65ccdb5ddb33921e1b48818012103386e9ab8"	"2024"	"docs: bind attended suite to TCL replay binary"	"2026-08-29T02:04:40Z"	"docs/hardware/r3v-native-attended-cell-procedure.md"	"df3adb6b803e77f0b91093e756d6b82a2e303257"	"a7817d2912b7f6fdfa78e734ce1a4e5829dd5cc9"	"merged-pr"	"27e65ccdb5ddb33921e1b48818012103386e9ab8"	"2024"	"docs: bind attended suite to TCL replay binary"	"2026-08-29T02:04:40Z"	"docs: bind attended suite to TCL replay binary"	"docs: bind attended suite to TCL replay binary"	"Exact GitHub thread re-query plus resolution-source and current-source ancestry at the recorded target identity"
"PRRT_kwDOR3YK5M6Yimy3"	"2026-08-12T10:57:33Z"	"https://github.com/Oichkatzelesfrettschen/mesa-26-gororoba/pull/1487#discussion_r3765760103"	"src/gallium/drivers/r300/r300_reg.h"	"3538"	"replace the survey name with the measured register property"	"unassessed"	""	"resolved"	"renamed-source"	"02e578b642d027a714510588270ca37eef1888e6"	"merged-pr"	"02e578b642d027a714510588270ca37eef1888e6"	"1587"	"r300: build the common layer without Gallium includes"	"2026-08-13T02:00:20Z"	"src/amd/r300/common/r300_reg.h"	"4e186f431485c093f6a8e0483369538c6a032f67"	"02e578b642d027a714510588270ca37eef1888e6"	"merged-pr"	"02e578b642d027a714510588270ca37eef1888e6"	"1587"	"r300: build the common layer without Gallium includes"	"2026-08-13T02:00:20Z"	"r300: build the common layer without Gallium includes"	"r300: build the common layer without Gallium includes"	"Exact GitHub thread re-query plus resolution-source and current-source ancestry at the recorded target identity"
"PRRT_kwDOR3YK5M6ZICHm"	"2026-08-14T00:33:46Z"	"https://github.com/Oichkatzelesfrettschen/mesa-26-gororoba/pull/1589#discussion_r3780127145"	"src/amd/r300/vulkan/tests/r3v_source_header_audit.py"	"43"	"scope the upstream holder exception to r300 reg h"	"unassessed"	""	"resolved"	"same-source"	"fedb9fd436261ecfba110054e025171e7cf97f06"	"merged-pr"	"e7e43ffb1719e8abb0b2a470c681e39e48755cc9"	"2025"	"r3v: scope source-header upstream attribution"	"2026-08-29T02:13:09Z"	"src/amd/r300/vulkan/tests/r3v_source_header_audit.py"	"856589c646fb403af78c0d1ded96a27f68b45b64"	"fedb9fd436261ecfba110054e025171e7cf97f06"	"merged-pr"	"e7e43ffb1719e8abb0b2a470c681e39e48755cc9"	"2025"	"r3v: scope source-header upstream attribution"	"2026-08-29T02:13:09Z"	"r3v: scope source-header upstream attribution"	"r3v: scope source-header upstream attribution"	"Exact GitHub thread re-query plus resolution-source and current-source ancestry at the recorded target identity"
"PRRT_kwDOR3YK5M6ZIGc_"	"2026-08-14T00:41:12Z"	"https://github.com/Oichkatzelesfrettschen/mesa-26-gororoba/pull/1590#discussion_r3780153392"	"src/amd/r300/common/r300_delivery_route.h"	"34"	"ground the position space contract in a named source"	"unassessed"	""	"resolved"	"moved-source"	"31650bf8e57d52a812104aeb6cc60449099a86d1"	"merged-pr"	"813f5899cd3d315aa4c84213e5be5101fc03f698"	"1978"	"r3v: own the SPIR-V admitters and delivery route policy in vulkan/"	"2026-08-28T06:23:47Z"	"src/amd/r300/vulkan/r3v_delivery_route.h"	"4eb1067105bed23f918130dcccc4abf596dc12c6"	"5d2c2427d6e1ed32355c82da9316f85f1b08c153"	"merged-pr"	"64576961e13c07b5aa82e4b8bd36dad473ef8df8"	"2027"	"r3v: bind route coordinates and producer carrier outcomes"	"2026-08-29T03:09:50Z"	"r3v: separate route coordinates and producer carrier outcomes"	"r3v: own the SPIR-V admitters and delivery route policy in vulkan/"	"Exact GitHub thread re-query plus resolution-source and current-source ancestry at the recorded target identity"
"PRRT_kwDOR3YK5M6ZIX10"	"2026-08-14T01:05:15Z"	"https://github.com/Oichkatzelesfrettschen/mesa-26-gororoba/pull/1591#discussion_r3780263174"	"src/amd/r300/common/tests/r300_r2vb_producer_manifest_check.py"	"331"	"validate the exact compiled us block"	"repair-required"	"Payload-corruption and out-of-range poison mutants are both rejected."	"resolved"	"same-source"	"fbc6aeabcb4f309acd75a32455baeca48e76d3a1"	"merged-pr"	"83893aa1effff3aa809218abc7cb96a7347a12b4"	"2033"	"r300: enforce producer stream manifest and arming contracts"	"2026-08-29T05:10:52Z"	"src/amd/r300/common/tests/r300_r2vb_producer_manifest_check.py"	"e4c4491c8eff892b55d7653b4196628176f1765f"	"fbc6aeabcb4f309acd75a32455baeca48e76d3a1"	"merged-pr"	"83893aa1effff3aa809218abc7cb96a7347a12b4"	"2033"	"r300: enforce producer stream manifest and arming contracts"	"2026-08-29T05:10:52Z"	"r300: calibrate producer stream review contracts"	"r300: calibrate producer stream review contracts"	"Exact GitHub thread re-query plus resolution-source and current-source ancestry at the recorded target identity"
"PRRT_kwDOR3YK5M6ZIX14"	"2026-08-14T01:05:15Z"	"https://github.com/Oichkatzelesfrettschen/mesa-26-gororoba/pull/1591#discussion_r3780263179"	"src/amd/r300/common/r300_r2vb_producer_manifest.c"	"112"	"replay the generated 64 byte carrier allocation"	"unassessed"	""	"resolved"	"same-source"	"3bd7c9fc002ee3e0f46ff0f37c8a7a8605ea2a83"	"merged-pr"	"3bd7c9fc002ee3e0f46ff0f37c8a7a8605ea2a83"	"1607"	"r3v: stage the FP24 upper-ceiling bisection producer stream"	"2026-08-14T20:08:57Z"	"src/amd/r300/common/r300_r2vb_producer_manifest.c"	"e0e1e097f8f47228ec0e28814b6dd9875b4b64e9"	"3bd7c9fc002ee3e0f46ff0f37c8a7a8605ea2a83"	"merged-pr"	"3bd7c9fc002ee3e0f46ff0f37c8a7a8605ea2a83"	"1607"	"r3v: stage the FP24 upper-ceiling bisection producer stream"	"2026-08-14T20:08:57Z"	"r3v: stage the FP24 upper-ceiling bisection producer stream"	"r3v: stage the FP24 upper-ceiling bisection producer stream"	"Exact GitHub thread re-query plus resolution-source and current-source ancestry at the recorded target identity"
"PRRT_kwDOR3YK5M6ZIX2A"	"2026-08-14T01:05:15Z"	"https://github.com/Oichkatzelesfrettschen/mesa-26-gororoba/pull/1591#discussion_r3780263188"	"src/amd/r300/common/r300_r2vb_producer_pass.c"	"392"	"reject fragment binaries that are not the passthrough"	"unassessed"	""	"resolved"	"same-source"	"9eb86a6813450a2433207f2a46fb9087c424c9d2"	"merged-pr"	"e47b90d535ed983d26185a5580aa6480ec4e06a8"	"2037"	"r300: state RS482 FP24 ceiling in producer comment"	"2026-08-29T07:06:48Z"	"src/amd/r300/common/r300_r2vb_producer_pass.c"	"8f4d6e3da893947c6b5cfe42541f605b5d66b4f3"	"9eb86a6813450a2433207f2a46fb9087c424c9d2"	"merged-pr"	"e47b90d535ed983d26185a5580aa6480ec4e06a8"	"2037"	"r300: state RS482 FP24 ceiling in producer comment"	"2026-08-29T07:06:48Z"	"r300: state RS482 FP24 ceiling in producer comment"	"r300: state RS482 FP24 ceiling in producer comment"	"Exact GitHub thread re-query plus resolution-source and current-source ancestry at the recorded target identity"
"PRRT_kwDOR3YK5M6ZIX2C"	"2026-08-14T01:05:15Z"	"https://github.com/Oichkatzelesfrettschen/mesa-26-gororoba/pull/1591#discussion_r3780263193"	"src/amd/r300/common/tests/r300_r2vb_producer_manifest_check.py"	"270"	"bound the poison value to one dword"	"repair-required"	"Payload-corruption and out-of-range poison mutants are both rejected."	"resolved"	"same-source"	"fbc6aeabcb4f309acd75a32455baeca48e76d3a1"	"merged-pr"	"83893aa1effff3aa809218abc7cb96a7347a12b4"	"2033"	"r300: enforce producer stream manifest and arming contracts"	"2026-08-29T05:10:52Z"	"src/amd/r300/common/tests/r300_r2vb_producer_manifest_check.py"	"e4c4491c8eff892b55d7653b4196628176f1765f"	"fbc6aeabcb4f309acd75a32455baeca48e76d3a1"	"merged-pr"	"83893aa1effff3aa809218abc7cb96a7347a12b4"	"2033"	"r300: enforce producer stream manifest and arming contracts"	"2026-08-29T05:10:52Z"	"r300: calibrate producer stream review contracts"	"r300: calibrate producer stream review contracts"	"Exact GitHub thread re-query plus resolution-source and current-source ancestry at the recorded target identity"
"PRRT_kwDOR3YK5M6ZIj8E"	"2026-08-14T01:24:56Z"	"https://github.com/Oichkatzelesfrettschen/mesa-26-gororoba/pull/1593#discussion_r3780334732"	"docs/hardware/r3v-native-attended-producer-procedure.md"	"53"	"preserve partial poison as an unwritten outcome"	"unassessed"	""	"resolved"	"same-source"	"d34f310ffe1563af46bace03e514488a62f9cb25"	"merged-pr"	"0a689dc6b1200af477f0cbaf3c8a7c1e7da0488a"	"2038"	"r300: separate generic FP24 storage from R2VB identity admission"	"2026-08-29T07:26:25Z"	"docs/hardware/r3v-native-attended-producer-procedure.md"	"3d0fb4fb70127c954bcc704eaf018489ea84f1f4"	"d34f310ffe1563af46bace03e514488a62f9cb25"	"merged-pr"	"0a689dc6b1200af477f0cbaf3c8a7c1e7da0488a"	"2038"	"r300: separate generic FP24 storage from R2VB identity admission"	"2026-08-29T07:26:25Z"	"r300: separate generic FP24 storage from R2VB identity admission"	"r300: separate generic FP24 storage from R2VB identity admission"	"Exact GitHub thread re-query plus resolution-source and current-source ancestry at the recorded target identity"
"PRRT_kwDOR3YK5M6ZIj8I"	"2026-08-14T01:24:56Z"	"https://github.com/Oichkatzelesfrettschen/mesa-26-gororoba/pull/1593#discussion_r3780334737"	"docs/hardware/r3v-native-attended-producer-procedure.md"	"38"	"replay the exact producer submit object"	"unassessed"	""	"resolved"	"same-source"	"d34f310ffe1563af46bace03e514488a62f9cb25"	"merged-pr"	"0a689dc6b1200af477f0cbaf3c8a7c1e7da0488a"	"2038"	"r300: separate generic FP24 storage from R2VB identity admission"	"2026-08-29T07:26:25Z"	"docs/hardware/r3v-native-attended-producer-procedure.md"	"3d0fb4fb70127c954bcc704eaf018489ea84f1f4"	"d34f310ffe1563af46bace03e514488a62f9cb25"	"merged-pr"	"0a689dc6b1200af477f0cbaf3c8a7c1e7da0488a"	"2038"	"r300: separate generic FP24 storage from R2VB identity admission"	"2026-08-29T07:26:25Z"	"r300: separate generic FP24 storage from R2VB identity admission"	"r300: separate generic FP24 storage from R2VB identity admission"	"Exact GitHub thread re-query plus resolution-source and current-source ancestry at the recorded target identity"
"PRRT_kwDOR3YK5M6ZIj8L"	"2026-08-14T01:24:56Z"	"https://github.com/Oichkatzelesfrettschen/mesa-26-gororoba/pull/1593#discussion_r3780334744"	"docs/hardware/r3v-native-attended-producer-procedure.md"	"56"	"describe the tail as in row padding"	"unassessed"	""	"resolved"	"same-source"	"d34f310ffe1563af46bace03e514488a62f9cb25"	"merged-pr"	"0a689dc6b1200af477f0cbaf3c8a7c1e7da0488a"	"2038"	"r300: separate generic FP24 storage from R2VB identity admission"	"2026-08-29T07:26:25Z"	"docs/hardware/r3v-native-attended-producer-procedure.md"	"3d0fb4fb70127c954bcc704eaf018489ea84f1f4"	"d34f310ffe1563af46bace03e514488a62f9cb25"	"merged-pr"	"0a689dc6b1200af477f0cbaf3c8a7c1e7da0488a"	"2038"	"r300: separate generic FP24 storage from R2VB identity admission"	"2026-08-29T07:26:25Z"	"r300: separate generic FP24 storage from R2VB identity admission"	"r300: separate generic FP24 storage from R2VB identity admission"	"Exact GitHub thread re-query plus resolution-source and current-source ancestry at the recorded target identity"
"PRRT_kwDOR3YK5M6ZIj8P"	"2026-08-14T01:24:56Z"	"https://github.com/Oichkatzelesfrettschen/mesa-26-gororoba/pull/1593#discussion_r3780334748"	"docs/hardware/r3v-native-attended-producer-procedure.md"	"67"	"keep parser acceptance out of transport evidence"	"unassessed"	""	"resolved"	"same-source"	"d34f310ffe1563af46bace03e514488a62f9cb25"	"merged-pr"	"0a689dc6b1200af477f0cbaf3c8a7c1e7da0488a"	"2038"	"r300: separate generic FP24 storage from R2VB identity admission"	"2026-08-29T07:26:25Z"	"docs/hardware/r3v-native-attended-producer-procedure.md"	"3d0fb4fb70127c954bcc704eaf018489ea84f1f4"	"d34f310ffe1563af46bace03e514488a62f9cb25"	"merged-pr"	"0a689dc6b1200af477f0cbaf3c8a7c1e7da0488a"	"2038"	"r300: separate generic FP24 storage from R2VB identity admission"	"2026-08-29T07:26:25Z"	"r300: separate generic FP24 storage from R2VB identity admission"	"r300: separate generic FP24 storage from R2VB identity admission"	"Exact GitHub thread re-query plus resolution-source and current-source ancestry at the recorded target identity"
"PRRT_kwDOR3YK5M6ZIlCB"	"2026-08-14T01:26:49Z"	"https://github.com/Oichkatzelesfrettschen/mesa-26-gororoba/pull/1592#discussion_r3780341259"	"src/amd/r300/vulkan/tests/r3v_native_attended_producer.c"	"365"	"classify non poison carrier mismatches separately"	"unassessed"	""	"resolved"	"same-source"	"45aa24250b56e17385377f2203ba331c79d1631d"	"merged-pr"	"dcc532657ce5146b04295692bfe3085aebbbad8a"	"2028"	"r3v: replay producer submit object with fresh evidence"	"2026-08-29T03:37:12Z"	"src/amd/r300/vulkan/tests/r3v_native_attended_producer.c"	"8950b65c6fdd5f63c4de9bff9f2f856f1fad8061"	"45aa24250b56e17385377f2203ba331c79d1631d"	"merged-pr"	"dcc532657ce5146b04295692bfe3085aebbbad8a"	"2028"	"r3v: replay producer submit object with fresh evidence"	"2026-08-29T03:37:12Z"	"r3v: replay producer submit object with fresh evidence"	"r3v: replay producer submit object with fresh evidence"	"Exact GitHub thread re-query plus resolution-source and current-source ancestry at the recorded target identity"
"PRRT_kwDOR3YK5M6ZIlCE"	"2026-08-14T01:26:49Z"	"https://github.com/Oichkatzelesfrettschen/mesa-26-gororoba/pull/1592#discussion_r3780341263"	"src/amd/r300/vulkan/tests/r3v_native_attended_producer.c"	"2"	"add real copyright lines to the new source files"	"unassessed"	""	"resolved"	"same-source"	"45aa24250b56e17385377f2203ba331c79d1631d"	"merged-pr"	"dcc532657ce5146b04295692bfe3085aebbbad8a"	"2028"	"r3v: replay producer submit object with fresh evidence"	"2026-08-29T03:37:12Z"	"src/amd/r300/vulkan/tests/r3v_native_attended_producer.c"	"8950b65c6fdd5f63c4de9bff9f2f856f1fad8061"	"45aa24250b56e17385377f2203ba331c79d1631d"	"merged-pr"	"dcc532657ce5146b04295692bfe3085aebbbad8a"	"2028"	"r3v: replay producer submit object with fresh evidence"	"2026-08-29T03:37:12Z"	"r3v: replay producer submit object with fresh evidence"	"r3v: replay producer submit object with fresh evidence"	"Exact GitHub thread re-query plus resolution-source and current-source ancestry at the recorded target identity"
"PRRT_kwDOR3YK5M6ZIlCG"	"2026-08-14T01:26:49Z"	"https://github.com/Oichkatzelesfrettschen/mesa-26-gororoba/pull/1592#discussion_r3780341265"	"src/amd/r300/vulkan/tests/r3v_native_attended_producer.c"	"324"	"preflight runner artifacts before the one shot submit"	"unassessed"	""	"resolved"	"same-source"	"45aa24250b56e17385377f2203ba331c79d1631d"	"merged-pr"	"dcc532657ce5146b04295692bfe3085aebbbad8a"	"2028"	"r3v: replay producer submit object with fresh evidence"	"2026-08-29T03:37:12Z"	"src/amd/r300/vulkan/tests/r3v_native_attended_producer.c"	"8950b65c6fdd5f63c4de9bff9f2f856f1fad8061"	"45aa24250b56e17385377f2203ba331c79d1631d"	"merged-pr"	"dcc532657ce5146b04295692bfe3085aebbbad8a"	"2028"	"r3v: replay producer submit object with fresh evidence"	"2026-08-29T03:37:12Z"	"r3v: replay producer submit object with fresh evidence"	"r3v: replay producer submit object with fresh evidence"	"Exact GitHub thread re-query plus resolution-source and current-source ancestry at the recorded target identity"
"PRRT_kwDOR3YK5M6ZIlCJ"	"2026-08-14T01:26:49Z"	"https://github.com/Oichkatzelesfrettschen/mesa-26-gororoba/pull/1592#discussion_r3780341270"	"src/amd/r300/vulkan/r3v_native_cell.c"	"785"	"update the implementation boundary for live r2vb delivery"	"unassessed"	""	"resolved"	"same-source"	"aa62b70798ae6ddc3a07e1da7989568d18b4be4d"	"merged-pr"	"b01c1dcb5a836bb8a64fcc3890c5cd73fe0e09b1"	"2056"	"r3v GPU producer viewport and carrier retention"	"2026-08-29T15:06:35Z"	"src/amd/r300/vulkan/r3v_native_cell.c"	"9c7b1daf0877bcc03e27fb883ec8041580435e01"	"aa62b70798ae6ddc3a07e1da7989568d18b4be4d"	"merged-pr"	"b01c1dcb5a836bb8a64fcc3890c5cd73fe0e09b1"	"2056"	"r3v GPU producer viewport and carrier retention"	"2026-08-29T15:06:35Z"	"r3v: project GPU producer positions before carrier emission"	"r3v: project GPU producer positions before carrier emission"	"Exact GitHub thread re-query plus resolution-source and current-source ancestry at the recorded target identity"
"PRRT_kwDOR3YK5M6ZIlCL"	"2026-08-14T01:26:49Z"	"https://github.com/Oichkatzelesfrettschen/mesa-26-gororoba/pull/1592#discussion_r3780341273"	"src/amd/r300/vulkan/meson.build"	"726"	"add the producer hardware authorization procedure"	"unassessed"	""	"resolved"	"same-source"	"82087a506a7f43a7603ca36e5431a8aa24f08396"	"merged-pr"	"ba1652a87e55351b40743b79f0bec9dee44a9f6b"	"2057"	"r3v native separation audit input validation"	"2026-08-29T15:35:47Z"	"src/amd/r300/vulkan/meson.build"	"7e26c2f56fb8b1afdd1ceb271412721de87f37d3"	"82087a506a7f43a7603ca36e5431a8aa24f08396"	"merged-pr"	"ba1652a87e55351b40743b79f0bec9dee44a9f6b"	"2057"	"r3v native separation audit input validation"	"2026-08-29T15:35:47Z"	"r3v: harden native separation audit inputs"	"r3v: harden native separation audit inputs"	"Exact GitHub thread re-query plus resolution-source and current-source ancestry at the recorded target identity"
"PRRT_kwDOR3YK5M6ZI5HF"	"2026-08-14T02:00:06Z"	"https://github.com/Oichkatzelesfrettschen/mesa-26-gororoba/pull/1594#discussion_r3780463326"	"src/amd/r300/vulkan/tests/r3v_memory_properties_contract_test.c"	"10"	"keep contract checks live in release builds"	"fixed-on-main"	"A release build removes the assertions or the known-bad table passes."	"resolved"	"same-source"	"64c39ac504e7555526c8870237e05c26c1b219b8"	"merged-pr"	"f559746ef68934e88eba2c185ed16fb3cd46cc1a"	"1996"	"r3v: bind kernel memory-contract schema and GTT geometry"	"2026-08-29T05:37:52Z"	"src/amd/r300/vulkan/tests/r3v_memory_properties_contract_test.c"	"3fc7ae776b1d2fc46aa0e8ab6e64341f04420eb1"	"64c39ac504e7555526c8870237e05c26c1b219b8"	"merged-pr"	"f559746ef68934e88eba2c185ed16fb3cd46cc1a"	"1996"	"r3v: bind kernel memory-contract schema and GTT geometry"	"2026-08-29T05:37:52Z"	"r3v: preserve runtime DRM memory capacity"	"r3v: preserve runtime DRM memory capacity"	"Exact GitHub thread re-query plus resolution-source and current-source ancestry at the recorded target identity"
"PRRT_kwDOR3YK5M6ZI5HJ"	"2026-08-14T02:00:06Z"	"https://github.com/Oichkatzelesfrettschen/mesa-26-gororoba/pull/1594#discussion_r3780463335"	"src/amd/r300/vulkan/r3v_memory_properties_contract.h"	"2"	"add a real copyright line to the new contract header"	"superseded-on-main"	"A verified legal holder requires attribution in this file under the current policy."	"resolved"	"same-source"	"64c39ac504e7555526c8870237e05c26c1b219b8"	"merged-pr"	"f559746ef68934e88eba2c185ed16fb3cd46cc1a"	"1996"	"r3v: bind kernel memory-contract schema and GTT geometry"	"2026-08-29T05:37:52Z"	"src/amd/r300/vulkan/r3v_memory_properties_contract.h"	"2732c8b45b559c141dc1fea180cbf480307943c8"	"64c39ac504e7555526c8870237e05c26c1b219b8"	"merged-pr"	"f559746ef68934e88eba2c185ed16fb3cd46cc1a"	"1996"	"r3v: bind kernel memory-contract schema and GTT geometry"	"2026-08-29T05:37:52Z"	"r3v: preserve runtime DRM memory capacity"	"r3v: preserve runtime DRM memory capacity"	"Exact GitHub thread re-query plus resolution-source and current-source ancestry at the recorded target identity"
"PRRT_kwDOR3YK5M6ZI5HM"	"2026-08-14T02:00:06Z"	"https://github.com/Oichkatzelesfrettschen/mesa-26-gororoba/pull/1594#discussion_r3780463340"	"src/amd/r300/vulkan/tests/r3v_memory_properties_contract_test.c"	"2"	"add a real copyright line to the new contract test"	"superseded-on-main"	"A verified legal holder requires attribution in this file under the current policy."	"resolved"	"same-source"	"64c39ac504e7555526c8870237e05c26c1b219b8"	"merged-pr"	"f559746ef68934e88eba2c185ed16fb3cd46cc1a"	"1996"	"r3v: bind kernel memory-contract schema and GTT geometry"	"2026-08-29T05:37:52Z"	"src/amd/r300/vulkan/tests/r3v_memory_properties_contract_test.c"	"3fc7ae776b1d2fc46aa0e8ab6e64341f04420eb1"	"64c39ac504e7555526c8870237e05c26c1b219b8"	"merged-pr"	"f559746ef68934e88eba2c185ed16fb3cd46cc1a"	"1996"	"r3v: bind kernel memory-contract schema and GTT geometry"	"2026-08-29T05:37:52Z"	"r3v: preserve runtime DRM memory capacity"	"r3v: preserve runtime DRM memory capacity"	"Exact GitHub thread re-query plus resolution-source and current-source ancestry at the recorded target identity"
"PRRT_kwDOR3YK5M6ZI5HP"	"2026-08-14T02:00:06Z"	"https://github.com/Oichkatzelesfrettschen/mesa-26-gororoba/pull/1594#discussion_r3780463345"	"src/amd/r300/vulkan/r3v_memory_properties_contract.h"	"28"	"ground the enforced rs48x ceiling in a primary source"	"repair-required"	"A rank-1-through-4 source proves the ceiling for every admitted device or the limit is derived from probed data."	"resolved"	"same-source"	"64c39ac504e7555526c8870237e05c26c1b219b8"	"merged-pr"	"f559746ef68934e88eba2c185ed16fb3cd46cc1a"	"1996"	"r3v: bind kernel memory-contract schema and GTT geometry"	"2026-08-29T05:37:52Z"	"src/amd/r300/vulkan/r3v_memory_properties_contract.h"	"2732c8b45b559c141dc1fea180cbf480307943c8"	"64c39ac504e7555526c8870237e05c26c1b219b8"	"merged-pr"	"f559746ef68934e88eba2c185ed16fb3cd46cc1a"	"1996"	"r3v: bind kernel memory-contract schema and GTT geometry"	"2026-08-29T05:37:52Z"	"r3v: preserve runtime DRM memory capacity"	"r3v: preserve runtime DRM memory capacity"	"Exact GitHub thread re-query plus resolution-source and current-source ancestry at the recorded target identity"
"PRRT_kwDOR3YK5M6ZI5HR"	"2026-08-14T02:00:06Z"	"https://github.com/Oichkatzelesfrettschen/mesa-26-gororoba/pull/1594#discussion_r3780463348"	"src/amd/r300/vulkan/r3v_memory_properties_contract.h"	"102"	"add discovery locations for the memory contract claims"	"repair-required"	"Every mechanism claim names its owning symbol, source location, and discovery command."	"resolved"	"same-source"	"64c39ac504e7555526c8870237e05c26c1b219b8"	"merged-pr"	"f559746ef68934e88eba2c185ed16fb3cd46cc1a"	"1996"	"r3v: bind kernel memory-contract schema and GTT geometry"	"2026-08-29T05:37:52Z"	"src/amd/r300/vulkan/r3v_memory_properties_contract.h"	"2732c8b45b559c141dc1fea180cbf480307943c8"	"64c39ac504e7555526c8870237e05c26c1b219b8"	"merged-pr"	"f559746ef68934e88eba2c185ed16fb3cd46cc1a"	"1996"	"r3v: bind kernel memory-contract schema and GTT geometry"	"2026-08-29T05:37:52Z"	"r3v: preserve runtime DRM memory capacity"	"r3v: preserve runtime DRM memory capacity"	"Exact GitHub thread re-query plus resolution-source and current-source ancestry at the recorded target identity"
"PRRT_kwDOR3YK5M6ZI7ua"	"2026-08-14T02:03:25Z"	"https://github.com/Oichkatzelesfrettschen/mesa-26-gororoba/pull/1595#discussion_r3780478630"	"src/amd/drm-shim/radeon_noop_drm_shim.c"	"4308"	"avoid requiring o tmpfile support from tmp"	"unassessed"	""	"resolved"	"same-source"	"586cfe03d9a172ac8b28cfe1cbbdce1b3c4c0f31"	"merged-pr"	"729bfd2efb1aaaefcf7496264dddb022a1242dd0"	"2034"	"drm-shim: preserve namespace boundaries and scoped EAGAIN semantics"	"2026-08-29T06:09:10Z"	"src/amd/drm-shim/radeon_noop_drm_shim.c"	"a6fab4917a84f33e0efaeb2450f47fc27536a2a9"	"586cfe03d9a172ac8b28cfe1cbbdce1b3c4c0f31"	"merged-pr"	"729bfd2efb1aaaefcf7496264dddb022a1242dd0"	"2034"	"drm-shim: preserve namespace boundaries and scoped EAGAIN semantics"	"2026-08-29T06:09:10Z"	"drm-shim: preserve namespace and scoped EAGAIN semantics"	"drm-shim: preserve namespace and scoped EAGAIN semantics"	"Exact GitHub thread re-query plus resolution-source and current-source ancestry at the recorded target identity"
"PRRT_kwDOR3YK5M6ZJDFI"	"2026-08-14T02:15:30Z"	"https://github.com/Oichkatzelesfrettschen/mesa-26-gororoba/pull/1596#discussion_r3780523629"	"src/amd/drm-shim/meson.build"	"166"	"add symbol discovery provenance to the fd alias claim"	"unassessed"	""	"resolved"	"same-source"	"2ee9341d1e559ed5ffb670f98a5383b7d1e29e62"	"merged-pr"	"52d28f81f639206fed9c6577a738e23f1c3181ee"	"2030"	"docs: record symbol discovery paths for review claims"	"2026-08-29T04:13:07Z"	"src/amd/drm-shim/meson.build"	"8cc66409814b03027a4425531926732fc1e0a989"	"2ee9341d1e559ed5ffb670f98a5383b7d1e29e62"	"merged-pr"	"52d28f81f639206fed9c6577a738e23f1c3181ee"	"2030"	"docs: record symbol discovery paths for review claims"	"2026-08-29T04:13:07Z"	"docs: record symbol discovery paths for review claims"	"docs: record symbol discovery paths for review claims"	"Exact GitHub thread re-query plus resolution-source and current-source ancestry at the recorded target identity"
"PRRT_kwDOR3YK5M6ZJHqE"	"2026-08-14T02:23:42Z"	"https://github.com/Oichkatzelesfrettschen/mesa-26-gororoba/pull/1597#discussion_r3780551556"	"src/amd/r300/vulkan/tests/r3v_native_producer_cell_harness.c"	"2"	"add a real copyright line to the new header"	"superseded-on-main"	"A verified legal holder requires attribution in this file under the current policy."	"resolved"	"same-source"	"2ee9341d1e559ed5ffb670f98a5383b7d1e29e62"	"merged-pr"	"52d28f81f639206fed9c6577a738e23f1c3181ee"	"2030"	"docs: record symbol discovery paths for review claims"	"2026-08-29T04:13:07Z"	"src/amd/r300/vulkan/tests/r3v_native_producer_cell_harness.c"	"e20520742dba9c1b199935f25c39082f8b0aba3c"	"2ee9341d1e559ed5ffb670f98a5383b7d1e29e62"	"merged-pr"	"52d28f81f639206fed9c6577a738e23f1c3181ee"	"2030"	"docs: record symbol discovery paths for review claims"	"2026-08-29T04:13:07Z"	"docs: record symbol discovery paths for review claims"	"docs: record symbol discovery paths for review claims"	"Exact GitHub thread re-query plus resolution-source and current-source ancestry at the recorded target identity"
"PRRT_kwDOR3YK5M6ZJHqJ"	"2026-08-14T02:23:42Z"	"https://github.com/Oichkatzelesfrettschen/mesa-26-gororoba/pull/1597#discussion_r3780551562"	"src/amd/r300/vulkan/tests/r3v_native_producer_cell_harness.c"	"561"	"guard the retained ib comparison by its expected length"	"repair-required"	"An oversized retained IB reports a length failure without reading beyond the reference buffer."	"resolved"	"same-source"	"2ee9341d1e559ed5ffb670f98a5383b7d1e29e62"	"merged-pr"	"52d28f81f639206fed9c6577a738e23f1c3181ee"	"2030"	"docs: record symbol discovery paths for review claims"	"2026-08-29T04:13:07Z"	"src/amd/r300/vulkan/tests/r3v_native_producer_cell_harness.c"	"e20520742dba9c1b199935f25c39082f8b0aba3c"	"2ee9341d1e559ed5ffb670f98a5383b7d1e29e62"	"merged-pr"	"52d28f81f639206fed9c6577a738e23f1c3181ee"	"2030"	"docs: record symbol discovery paths for review claims"	"2026-08-29T04:13:07Z"	"docs: record symbol discovery paths for review claims"	"docs: record symbol discovery paths for review claims"	"Exact GitHub thread re-query plus resolution-source and current-source ancestry at the recorded target identity"
"PRRT_kwDOR3YK5M6ZJHqM"	"2026-08-14T02:23:42Z"	"https://github.com/Oichkatzelesfrettschen/mesa-26-gororoba/pull/1597#discussion_r3780551565"	"src/amd/r300/vulkan/tests/r3v_native_producer_cell_harness.c"	"193"	"reject manifest roots that overflow evidence paths"	"repair-required"	"A long-root calibration is rejected before any evidence artifact path can overflow."	"resolved"	"same-source"	"2ee9341d1e559ed5ffb670f98a5383b7d1e29e62"	"merged-pr"	"52d28f81f639206fed9c6577a738e23f1c3181ee"	"2030"	"docs: record symbol discovery paths for review claims"	"2026-08-29T04:13:07Z"	"src/amd/r300/vulkan/tests/r3v_native_producer_cell_harness.c"	"e20520742dba9c1b199935f25c39082f8b0aba3c"	"2ee9341d1e559ed5ffb670f98a5383b7d1e29e62"	"merged-pr"	"52d28f81f639206fed9c6577a738e23f1c3181ee"	"2030"	"docs: record symbol discovery paths for review claims"	"2026-08-29T04:13:07Z"	"docs: record symbol discovery paths for review claims"	"docs: record symbol discovery paths for review claims"	"Exact GitHub thread re-query plus resolution-source and current-source ancestry at the recorded target identity"
"PRRT_kwDOR3YK5M6ZJHqN"	"2026-08-14T02:23:43Z"	"https://github.com/Oichkatzelesfrettschen/mesa-26-gororoba/pull/1597#discussion_r3780551566"	"src/amd/r300/vulkan/tests/r3v_native_producer_cell_harness.c"	"334"	"stop after an oversized carrier allocation failure"	"repair-required"	"A forced allocation failure reaches cleanup without installing or dereferencing the carrier memory."	"resolved"	"same-source"	"2ee9341d1e559ed5ffb670f98a5383b7d1e29e62"	"merged-pr"	"52d28f81f639206fed9c6577a738e23f1c3181ee"	"2030"	"docs: record symbol discovery paths for review claims"	"2026-08-29T04:13:07Z"	"src/amd/r300/vulkan/tests/r3v_native_producer_cell_harness.c"	"e20520742dba9c1b199935f25c39082f8b0aba3c"	"2ee9341d1e559ed5ffb670f98a5383b7d1e29e62"	"merged-pr"	"52d28f81f639206fed9c6577a738e23f1c3181ee"	"2030"	"docs: record symbol discovery paths for review claims"	"2026-08-29T04:13:07Z"	"docs: record symbol discovery paths for review claims"	"docs: record symbol discovery paths for review claims"	"Exact GitHub thread re-query plus resolution-source and current-source ancestry at the recorded target identity"
"PRRT_kwDOR3YK5M6ZJHqP"	"2026-08-14T02:23:43Z"	"https://github.com/Oichkatzelesfrettschen/mesa-26-gororoba/pull/1597#discussion_r3780551571"	"src/amd/r300/vulkan/tests/r3v_native_producer_cell_harness.c"	"175"	"clear inherited shim fault injection flags"	"repair-required"	"Both inherited fault flags are cleared and an open-mode calibration completes normally."	"resolved"	"same-source"	"2ee9341d1e559ed5ffb670f98a5383b7d1e29e62"	"merged-pr"	"52d28f81f639206fed9c6577a738e23f1c3181ee"	"2030"	"docs: record symbol discovery paths for review claims"	"2026-08-29T04:13:07Z"	"src/amd/r300/vulkan/tests/r3v_native_producer_cell_harness.c"	"e20520742dba9c1b199935f25c39082f8b0aba3c"	"2ee9341d1e559ed5ffb670f98a5383b7d1e29e62"	"merged-pr"	"52d28f81f639206fed9c6577a738e23f1c3181ee"	"2030"	"docs: record symbol discovery paths for review claims"	"2026-08-29T04:13:07Z"	"docs: record symbol discovery paths for review claims"	"docs: record symbol discovery paths for review claims"	"Exact GitHub thread re-query plus resolution-source and current-source ancestry at the recorded target identity"
"PRRT_kwDOR3YK5M6ZJHqT"	"2026-08-14T02:23:43Z"	"https://github.com/Oichkatzelesfrettschen/mesa-26-gororoba/pull/1597#discussion_r3780551576"	"src/amd/r300/vulkan/tests/r3v_native_producer_cell_harness.c"	"10"	"add discovery locations to the new mechanism claims"	"repair-required"	"Every load-bearing mechanism claim names its owning symbol and exact search command."	"resolved"	"same-source"	"2ee9341d1e559ed5ffb670f98a5383b7d1e29e62"	"merged-pr"	"52d28f81f639206fed9c6577a738e23f1c3181ee"	"2030"	"docs: record symbol discovery paths for review claims"	"2026-08-29T04:13:07Z"	"src/amd/r300/vulkan/tests/r3v_native_producer_cell_harness.c"	"e20520742dba9c1b199935f25c39082f8b0aba3c"	"2ee9341d1e559ed5ffb670f98a5383b7d1e29e62"	"merged-pr"	"52d28f81f639206fed9c6577a738e23f1c3181ee"	"2030"	"docs: record symbol discovery paths for review claims"	"2026-08-29T04:13:07Z"	"docs: record symbol discovery paths for review claims"	"docs: record symbol discovery paths for review claims"	"Exact GitHub thread re-query plus resolution-source and current-source ancestry at the recorded target identity"
"PRRT_kwDOR3YK5M6ZJrla"	"2026-08-14T03:23:09Z"	"https://github.com/Oichkatzelesfrettschen/mesa-26-gororoba/pull/1598#discussion_r3780768943"	"src/drm-shim/drm_shim.c"	"1721"	"classify the resolved namespace rather than the raw path"	"unassessed"	""	"resolved"	"same-source"	"586cfe03d9a172ac8b28cfe1cbbdce1b3c4c0f31"	"merged-pr"	"729bfd2efb1aaaefcf7496264dddb022a1242dd0"	"2034"	"drm-shim: preserve namespace boundaries and scoped EAGAIN semantics"	"2026-08-29T06:09:10Z"	"src/drm-shim/drm_shim.c"	"4403d43345f683dd751133cfbe122930ff775c95"	"586cfe03d9a172ac8b28cfe1cbbdce1b3c4c0f31"	"merged-pr"	"729bfd2efb1aaaefcf7496264dddb022a1242dd0"	"2034"	"drm-shim: preserve namespace boundaries and scoped EAGAIN semantics"	"2026-08-29T06:09:10Z"	"drm-shim: preserve namespace and scoped EAGAIN semantics"	"drm-shim: preserve namespace and scoped EAGAIN semantics"	"Exact GitHub thread re-query plus resolution-source and current-source ancestry at the recorded target identity"
"PRRT_kwDOR3YK5M6ZJrld"	"2026-08-14T03:23:09Z"	"https://github.com/Oichkatzelesfrettschen/mesa-26-gororoba/pull/1598#discussion_r3780768948"	"src/drm-shim/drm_shim.c"	"4671"	"restrict eagain retries to scoped resolution races"	"unassessed"	""	"resolved"	"same-source"	"586cfe03d9a172ac8b28cfe1cbbdce1b3c4c0f31"	"merged-pr"	"729bfd2efb1aaaefcf7496264dddb022a1242dd0"	"2034"	"drm-shim: preserve namespace boundaries and scoped EAGAIN semantics"	"2026-08-29T06:09:10Z"	"src/drm-shim/drm_shim.c"	"4403d43345f683dd751133cfbe122930ff775c95"	"586cfe03d9a172ac8b28cfe1cbbdce1b3c4c0f31"	"merged-pr"	"729bfd2efb1aaaefcf7496264dddb022a1242dd0"	"2034"	"drm-shim: preserve namespace boundaries and scoped EAGAIN semantics"	"2026-08-29T06:09:10Z"	"drm-shim: preserve namespace and scoped EAGAIN semantics"	"drm-shim: preserve namespace and scoped EAGAIN semantics"	"Exact GitHub thread re-query plus resolution-source and current-source ancestry at the recorded target identity"
"PRRT_kwDOR3YK5M6ZJrlf"	"2026-08-14T03:23:09Z"	"https://github.com/Oichkatzelesfrettschen/mesa-26-gororoba/pull/1598#discussion_r3780768950"	"src/drm-shim/drm_shim.c"	"2062"	"preserve passthrough when procfs cannot name the walk"	"unassessed"	""	"resolved"	"same-source"	"586cfe03d9a172ac8b28cfe1cbbdce1b3c4c0f31"	"merged-pr"	"729bfd2efb1aaaefcf7496264dddb022a1242dd0"	"2034"	"drm-shim: preserve namespace boundaries and scoped EAGAIN semantics"	"2026-08-29T06:09:10Z"	"src/drm-shim/drm_shim.c"	"4403d43345f683dd751133cfbe122930ff775c95"	"586cfe03d9a172ac8b28cfe1cbbdce1b3c4c0f31"	"merged-pr"	"729bfd2efb1aaaefcf7496264dddb022a1242dd0"	"2034"	"drm-shim: preserve namespace boundaries and scoped EAGAIN semantics"	"2026-08-29T06:09:10Z"	"drm-shim: preserve namespace and scoped EAGAIN semantics"	"drm-shim: preserve namespace and scoped EAGAIN semantics"	"Exact GitHub thread re-query plus resolution-source and current-source ancestry at the recorded target identity"
"PRRT_kwDOR3YK5M6ZJ2Bq"	"2026-08-14T03:37:01Z"	"https://github.com/Oichkatzelesfrettschen/mesa-26-gororoba/pull/1599#discussion_r3780836184"	"src/amd/drm-shim/tests/radeon_noop_drm_shim_residue_check.py"	"37"	"parse the multiline identity diagnostic before normalizing"	"repair-required"	"A multiline identity mismatch retains both observed and expected identities through normalization."	"resolved"	"same-source"	"f3b2b5d6a976e3443c50aa646e431fc5aabb4f74"	"merged-pr"	"01ed7a0ba744d4743a625602dfd4c5a26effd6ee"	"2031"	"drm-shim: preserve multiline residue diagnostics in calibration"	"2026-08-29T04:23:09Z"	"src/amd/drm-shim/tests/radeon_noop_drm_shim_residue_check.py"	"e54179f320249f628041d79f404c0b02f0ae83dd"	"f3b2b5d6a976e3443c50aa646e431fc5aabb4f74"	"merged-pr"	"01ed7a0ba744d4743a625602dfd4c5a26effd6ee"	"2031"	"drm-shim: preserve multiline residue diagnostics in calibration"	"2026-08-29T04:23:09Z"	"drm-shim: preserve multiline residue diagnostics in calibration"	"drm-shim: preserve multiline residue diagnostics in calibration"	"Exact GitHub thread re-query plus resolution-source and current-source ancestry at the recorded target identity"
"PRRT_kwDOR3YK5M6ZJ2Bv"	"2026-08-14T03:37:01Z"	"https://github.com/Oichkatzelesfrettschen/mesa-26-gororoba/pull/1599#discussion_r3780836196"	"src/amd/drm-shim/tests/radeon_noop_drm_shim_residue_check_selftest.py"	"65"	"make the bad calibration distinguish the old checker"	"repair-required"	"The calibrated bad input passes the old checker and fails the corrected checker for the intended identity difference."	"resolved"	"same-source"	"f3b2b5d6a976e3443c50aa646e431fc5aabb4f74"	"merged-pr"	"01ed7a0ba744d4743a625602dfd4c5a26effd6ee"	"2031"	"drm-shim: preserve multiline residue diagnostics in calibration"	"2026-08-29T04:23:09Z"	"src/amd/drm-shim/tests/radeon_noop_drm_shim_residue_check_selftest.py"	"28427f540f2576d2ce3f140c6db9c1945313beac"	"f3b2b5d6a976e3443c50aa646e431fc5aabb4f74"	"merged-pr"	"01ed7a0ba744d4743a625602dfd4c5a26effd6ee"	"2031"	"drm-shim: preserve multiline residue diagnostics in calibration"	"2026-08-29T04:23:09Z"	"drm-shim: preserve multiline residue diagnostics in calibration"	"drm-shim: preserve multiline residue diagnostics in calibration"	"Exact GitHub thread re-query plus resolution-source and current-source ancestry at the recorded target identity"
"PRRT_kwDOR3YK5M6ZJ2Bw"	"2026-08-14T03:37:01Z"	"https://github.com/Oichkatzelesfrettschen/mesa-26-gororoba/pull/1599#discussion_r3780836204"	"src/amd/drm-shim/tests/radeon_noop_drm_shim_residue_check_selftest.py"	"57"	"keep calibration checks active under optimized python"	"repair-required"	"The self-test still rejects every bad arm when executed with PYTHONOPTIMIZE=1."	"resolved"	"same-source"	"f3b2b5d6a976e3443c50aa646e431fc5aabb4f74"	"merged-pr"	"01ed7a0ba744d4743a625602dfd4c5a26effd6ee"	"2031"	"drm-shim: preserve multiline residue diagnostics in calibration"	"2026-08-29T04:23:09Z"	"src/amd/drm-shim/tests/radeon_noop_drm_shim_residue_check_selftest.py"	"28427f540f2576d2ce3f140c6db9c1945313beac"	"f3b2b5d6a976e3443c50aa646e431fc5aabb4f74"	"merged-pr"	"01ed7a0ba744d4743a625602dfd4c5a26effd6ee"	"2031"	"drm-shim: preserve multiline residue diagnostics in calibration"	"2026-08-29T04:23:09Z"	"drm-shim: preserve multiline residue diagnostics in calibration"	"drm-shim: preserve multiline residue diagnostics in calibration"	"Exact GitHub thread re-query plus resolution-source and current-source ancestry at the recorded target identity"
"PRRT_kwDOR3YK5M6ZMYw7"	"2026-08-14T07:09:24Z"	"https://github.com/Oichkatzelesfrettschen/mesa-26-gororoba/pull/1601#discussion_r3781803980"	"src/amd/r300/vulkan/meson.build"	"1330"	"move the arming runner outside the drm shim guard"	"unassessed"	""	"resolved"	"same-source"	"82087a506a7f43a7603ca36e5431a8aa24f08396"	"merged-pr"	"ba1652a87e55351b40743b79f0bec9dee44a9f6b"	"2057"	"r3v native separation audit input validation"	"2026-08-29T15:35:47Z"	"src/amd/r300/vulkan/meson.build"	"7e26c2f56fb8b1afdd1ceb271412721de87f37d3"	"82087a506a7f43a7603ca36e5431a8aa24f08396"	"merged-pr"	"ba1652a87e55351b40743b79f0bec9dee44a9f6b"	"2057"	"r3v native separation audit input validation"	"2026-08-29T15:35:47Z"	"r3v: harden native separation audit inputs"	"r3v: harden native separation audit inputs"	"Exact GitHub thread re-query plus resolution-source and current-source ancestry at the recorded target identity"
"PRRT_kwDOR3YK5M6ZMYxA"	"2026-08-14T07:09:24Z"	"https://github.com/Oichkatzelesfrettschen/mesa-26-gororoba/pull/1601#discussion_r3781803985"	"src/amd/r300/vulkan/tests/r3v_native_producer_arming_runner_check.py"	"38"	"calibrate the producer runner with an armed case"	"unassessed"	""	"resolved"	"same-source"	"fbc6aeabcb4f309acd75a32455baeca48e76d3a1"	"merged-pr"	"83893aa1effff3aa809218abc7cb96a7347a12b4"	"2033"	"r300: enforce producer stream manifest and arming contracts"	"2026-08-29T05:10:52Z"	"src/amd/r300/vulkan/tests/r3v_native_producer_arming_runner_check.py"	"52fa8da5a65f718fdd497aadeb528a6d87c5e7d9"	"fbc6aeabcb4f309acd75a32455baeca48e76d3a1"	"merged-pr"	"83893aa1effff3aa809218abc7cb96a7347a12b4"	"2033"	"r300: enforce producer stream manifest and arming contracts"	"2026-08-29T05:10:52Z"	"r300: calibrate producer stream review contracts"	"r300: calibrate producer stream review contracts"	"Exact GitHub thread re-query plus resolution-source and current-source ancestry at the recorded target identity"
"PRRT_kwDOR3YK5M6ZMYxC"	"2026-08-14T07:09:24Z"	"https://github.com/Oichkatzelesfrettschen/mesa-26-gororoba/pull/1601#discussion_r3781803990"	"src/amd/r300/vulkan/tests/r3v_native_producer_arming_runner.c"	"2"	"add required copyright attribution to both new sources"	"unassessed"	""	"resolved"	"same-source"	"bd51468d1ffbd22f5f42981e69e7be747c2e4333"	"merged-pr"	"9521204307310471613e1820ab19dfea438449d5"	"2032"	"r3v: calibrate producer arming runner and PCI identity parsing"	"2026-08-29T04:45:45Z"	"src/amd/r300/vulkan/tests/r3v_native_producer_arming_runner.c"	"d6c525c2593a166c3d5a6d9dc6db747d877e65a0"	"bd51468d1ffbd22f5f42981e69e7be747c2e4333"	"merged-pr"	"9521204307310471613e1820ab19dfea438449d5"	"2032"	"r3v: calibrate producer arming runner and PCI identity parsing"	"2026-08-29T04:45:45Z"	"r3v: calibrate producer arming runner and PCI identity parsing"	"r3v: calibrate producer arming runner and PCI identity parsing"	"Exact GitHub thread re-query plus resolution-source and current-source ancestry at the recorded target identity"
"PRRT_kwDOR3YK5M6ZMYxG"	"2026-08-14T07:09:24Z"	"https://github.com/Oichkatzelesfrettschen/mesa-26-gororoba/pull/1601#discussion_r3781803994"	"src/amd/r300/vulkan/tests/r3v_native_producer_arming_runner.c"	"82"	"reject malformed pci identity overrides"	"unassessed"	""	"resolved"	"same-source"	"bd51468d1ffbd22f5f42981e69e7be747c2e4333"	"merged-pr"	"9521204307310471613e1820ab19dfea438449d5"	"2032"	"r3v: calibrate producer arming runner and PCI identity parsing"	"2026-08-29T04:45:45Z"	"src/amd/r300/vulkan/tests/r3v_native_producer_arming_runner.c"	"d6c525c2593a166c3d5a6d9dc6db747d877e65a0"	"bd51468d1ffbd22f5f42981e69e7be747c2e4333"	"merged-pr"	"9521204307310471613e1820ab19dfea438449d5"	"2032"	"r3v: calibrate producer arming runner and PCI identity parsing"	"2026-08-29T04:45:45Z"	"r3v: calibrate producer arming runner and PCI identity parsing"	"r3v: calibrate producer arming runner and PCI identity parsing"	"Exact GitHub thread re-query plus resolution-source and current-source ancestry at the recorded target identity"
"PRRT_kwDOR3YK5M6ZMYxH"	"2026-08-14T07:09:24Z"	"https://github.com/Oichkatzelesfrettschen/mesa-26-gororoba/pull/1601#discussion_r3781803997"	"src/amd/r300/vulkan/tests/r3v_native_producer_arming_runner.c"	"28"	"add symbol discovery provenance to the cross path claim"	"unassessed"	""	"resolved"	"same-source"	"bd51468d1ffbd22f5f42981e69e7be747c2e4333"	"merged-pr"	"9521204307310471613e1820ab19dfea438449d5"	"2032"	"r3v: calibrate producer arming runner and PCI identity parsing"	"2026-08-29T04:45:45Z"	"src/amd/r300/vulkan/tests/r3v_native_producer_arming_runner.c"	"d6c525c2593a166c3d5a6d9dc6db747d877e65a0"	"bd51468d1ffbd22f5f42981e69e7be747c2e4333"	"merged-pr"	"9521204307310471613e1820ab19dfea438449d5"	"2032"	"r3v: calibrate producer arming runner and PCI identity parsing"	"2026-08-29T04:45:45Z"	"r3v: calibrate producer arming runner and PCI identity parsing"	"r3v: calibrate producer arming runner and PCI identity parsing"	"Exact GitHub thread re-query plus resolution-source and current-source ancestry at the recorded target identity"
"PRRT_kwDOR3YK5M6ZTCO9"	"2026-08-14T13:57:31Z"	"https://github.com/Oichkatzelesfrettschen/mesa-26-gororoba/pull/1602#discussion_r3784301431"	"src/amd/r300/vulkan/r3v_native_cell.c"	"818"	"maintainability code quality minor quick win"	"unassessed"	""	"resolved"	"same-source"	"aa62b70798ae6ddc3a07e1da7989568d18b4be4d"	"merged-pr"	"b01c1dcb5a836bb8a64fcc3890c5cd73fe0e09b1"	"2056"	"r3v GPU producer viewport and carrier retention"	"2026-08-29T15:06:35Z"	"src/amd/r300/vulkan/r3v_native_cell.c"	"9c7b1daf0877bcc03e27fb883ec8041580435e01"	"aa62b70798ae6ddc3a07e1da7989568d18b4be4d"	"merged-pr"	"b01c1dcb5a836bb8a64fcc3890c5cd73fe0e09b1"	"2056"	"r3v GPU producer viewport and carrier retention"	"2026-08-29T15:06:35Z"	"r3v: project GPU producer positions before carrier emission"	"r3v: project GPU producer positions before carrier emission"	"Exact GitHub thread re-query plus resolution-source and current-source ancestry at the recorded target identity"
"PRRT_kwDOR3YK5M6ZTCOk"	"2026-08-14T13:57:31Z"	"https://github.com/Oichkatzelesfrettschen/mesa-26-gororoba/pull/1602#discussion_r3784301399"	"docs/hardware/r3v-native-attended-producer-procedure.md"	"104"	"maintainability code quality minor quick win"	"unassessed"	""	"resolved"	"same-source"	"d34f310ffe1563af46bace03e514488a62f9cb25"	"merged-pr"	"0a689dc6b1200af477f0cbaf3c8a7c1e7da0488a"	"2038"	"r300: separate generic FP24 storage from R2VB identity admission"	"2026-08-29T07:26:25Z"	"docs/hardware/r3v-native-attended-producer-procedure.md"	"3d0fb4fb70127c954bcc704eaf018489ea84f1f4"	"d34f310ffe1563af46bace03e514488a62f9cb25"	"merged-pr"	"0a689dc6b1200af477f0cbaf3c8a7c1e7da0488a"	"2038"	"r300: separate generic FP24 storage from R2VB identity admission"	"2026-08-29T07:26:25Z"	"r300: separate generic FP24 storage from R2VB identity admission"	"r300: separate generic FP24 storage from R2VB identity admission"	"Exact GitHub thread re-query plus resolution-source and current-source ancestry at the recorded target identity"
"PRRT_kwDOR3YK5M6ZTCPO"	"2026-08-14T13:57:31Z"	"https://github.com/Oichkatzelesfrettschen/mesa-26-gororoba/pull/1602#discussion_r3784301448"	"src/amd/r300/vulkan/tests/r3v_native_producer_arming_runner_check.py"	"152"	"functional correctness minor quick win"	"repair-required"	"A matching sweep digest arms the sweep and the sweep digest refuses the reference stream."	"resolved"	"same-source"	"fbc6aeabcb4f309acd75a32455baeca48e76d3a1"	"merged-pr"	"83893aa1effff3aa809218abc7cb96a7347a12b4"	"2033"	"r300: enforce producer stream manifest and arming contracts"	"2026-08-29T05:10:52Z"	"src/amd/r300/vulkan/tests/r3v_native_producer_arming_runner_check.py"	"52fa8da5a65f718fdd497aadeb528a6d87c5e7d9"	"fbc6aeabcb4f309acd75a32455baeca48e76d3a1"	"merged-pr"	"83893aa1effff3aa809218abc7cb96a7347a12b4"	"2033"	"r300: enforce producer stream manifest and arming contracts"	"2026-08-29T05:10:52Z"	"r300: calibrate producer stream review contracts"	"r300: calibrate producer stream review contracts"	"Exact GitHub thread re-query plus resolution-source and current-source ancestry at the recorded target identity"
"PRRT_kwDOR3YK5M6ZTDHJ"	"2026-08-14T13:58:03Z"	"https://github.com/Oichkatzelesfrettschen/mesa-26-gororoba/pull/1602#discussion_r3784306276"	"docs/hardware/r3v-native-attended-producer-procedure.md"	"99"	"mark the executed run as reference only"	"unassessed"	""	"resolved"	"same-source"	"d34f310ffe1563af46bace03e514488a62f9cb25"	"merged-pr"	"0a689dc6b1200af477f0cbaf3c8a7c1e7da0488a"	"2038"	"r300: separate generic FP24 storage from R2VB identity admission"	"2026-08-29T07:26:25Z"	"docs/hardware/r3v-native-attended-producer-procedure.md"	"3d0fb4fb70127c954bcc704eaf018489ea84f1f4"	"d34f310ffe1563af46bace03e514488a62f9cb25"	"merged-pr"	"0a689dc6b1200af477f0cbaf3c8a7c1e7da0488a"	"2038"	"r300: separate generic FP24 storage from R2VB identity admission"	"2026-08-29T07:26:25Z"	"r300: separate generic FP24 storage from R2VB identity admission"	"r300: separate generic FP24 storage from R2VB identity admission"	"Exact GitHub thread re-query plus resolution-source and current-source ancestry at the recorded target identity"
"PRRT_kwDOR3YK5M6ZTDHW"	"2026-08-14T13:58:04Z"	"https://github.com/Oichkatzelesfrettschen/mesa-26-gororoba/pull/1602#discussion_r3784306291"	"docs/hardware/r3v-native-attended-producer-procedure.md"	"103"	"replace the host local evidence path with a durable locator"	"unassessed"	""	"resolved"	"same-source"	"d34f310ffe1563af46bace03e514488a62f9cb25"	"merged-pr"	"0a689dc6b1200af477f0cbaf3c8a7c1e7da0488a"	"2038"	"r300: separate generic FP24 storage from R2VB identity admission"	"2026-08-29T07:26:25Z"	"docs/hardware/r3v-native-attended-producer-procedure.md"	"3d0fb4fb70127c954bcc704eaf018489ea84f1f4"	"d34f310ffe1563af46bace03e514488a62f9cb25"	"merged-pr"	"0a689dc6b1200af477f0cbaf3c8a7c1e7da0488a"	"2038"	"r300: separate generic FP24 storage from R2VB identity admission"	"2026-08-29T07:26:25Z"	"r300: separate generic FP24 storage from R2VB identity admission"	"r300: separate generic FP24 storage from R2VB identity admission"	"Exact GitHub thread re-query plus resolution-source and current-source ancestry at the recorded target identity"
"PRRT_kwDOR3YK5M6ZTDHn"	"2026-08-14T13:58:04Z"	"https://github.com/Oichkatzelesfrettschen/mesa-26-gororoba/pull/1602#discussion_r3784306309"	"src/amd/r300/common/meson.build"	"100"	"validate the sweep manifest artifacts"	"unassessed"	""	"resolved"	"same-source"	"99b06c460b894559903321a88c26b6addad2b79c"	"merged-pr"	"e3ea414d33d430b41187cebe1a1987e06fcc42a0"	"2055"	"r3v: make tuple-width burst evidence paths explicit"	"2026-08-29T14:13:48Z"	"src/amd/r300/common/meson.build"	"bebd88e56e9fb929550887c1deb822f58b3f8e83"	"99b06c460b894559903321a88c26b6addad2b79c"	"merged-pr"	"e3ea414d33d430b41187cebe1a1987e06fcc42a0"	"2055"	"r3v: make tuple-width burst evidence paths explicit"	"2026-08-29T14:13:48Z"	"r3v: make tuple-width burst evidence paths explicit"	"r3v: make tuple-width burst evidence paths explicit"	"Exact GitHub thread re-query plus resolution-source and current-source ancestry at the recorded target identity"
"PRRT_kwDOR3YK5M6ZTDHx"	"2026-08-14T13:58:04Z"	"https://github.com/Oichkatzelesfrettschen/mesa-26-gororoba/pull/1602#discussion_r3784306320"	"src/amd/r300/vulkan/tests/r3v_native_producer_arming_runner_check.py"	"138"	"calibrate an armed sweep verdict"	"repair-required"	"A matching sweep digest arms the sweep and the sweep digest refuses the reference stream."	"resolved"	"same-source"	"fbc6aeabcb4f309acd75a32455baeca48e76d3a1"	"merged-pr"	"83893aa1effff3aa809218abc7cb96a7347a12b4"	"2033"	"r300: enforce producer stream manifest and arming contracts"	"2026-08-29T05:10:52Z"	"src/amd/r300/vulkan/tests/r3v_native_producer_arming_runner_check.py"	"52fa8da5a65f718fdd497aadeb528a6d87c5e7d9"	"fbc6aeabcb4f309acd75a32455baeca48e76d3a1"	"merged-pr"	"83893aa1effff3aa809218abc7cb96a7347a12b4"	"2033"	"r300: enforce producer stream manifest and arming contracts"	"2026-08-29T05:10:52Z"	"r300: calibrate producer stream review contracts"	"r300: calibrate producer stream review contracts"	"Exact GitHub thread re-query plus resolution-source and current-source ancestry at the recorded target identity"
"PRRT_kwDOR3YK5M6ZTeB4"	"2026-08-14T14:16:04Z"	"https://github.com/Oichkatzelesfrettschen/mesa-26-gororoba/pull/1603#discussion_r3784463868"	"src/amd/r300/common/tests/run_r2vb_reingest_replay.sh"	"49"	"validate the generated re ingest manifest contents"	"repair-required"	"Malformed digest, relocation, domain, and size metadata mutations are rejected."	"resolved"	"same-source"	"89f4e0b47236530efcdcc1b56fa21df3800f1975"	"merged-pr"	"b5c45f4d2c6353cef359d44375dd434aca64a015"	"2035"	"r300: cross-check re-ingest metadata before CS replay"	"2026-08-29T06:36:18Z"	"src/amd/r300/common/tests/run_r2vb_reingest_replay.sh"	"181356e18314f0887d51252abd026fe15d33af41"	"89f4e0b47236530efcdcc1b56fa21df3800f1975"	"merged-pr"	"b5c45f4d2c6353cef359d44375dd434aca64a015"	"2035"	"r300: cross-check re-ingest metadata before CS replay"	"2026-08-29T06:36:18Z"	"r300: cross-check re-ingest metadata before CS replay"	"r300: cross-check re-ingest metadata before CS replay"	"Exact GitHub thread re-query plus resolution-source and current-source ancestry at the recorded target identity"
"PRRT_kwDOR3YK5M6ZTeBt"	"2026-08-14T14:16:04Z"	"https://github.com/Oichkatzelesfrettschen/mesa-26-gororoba/pull/1603#discussion_r3784463852"	"src/amd/r300/vulkan/tests/r3v_native_reingest_arming_runner_check.py"	"82"	"add a known good re ingest arming case"	"repair-required"	"A known-good matching-provider case returns ARMED before the bad mutations are applied."	"resolved"	"same-source"	"89f4e0b47236530efcdcc1b56fa21df3800f1975"	"merged-pr"	"b5c45f4d2c6353cef359d44375dd434aca64a015"	"2035"	"r300: cross-check re-ingest metadata before CS replay"	"2026-08-29T06:36:18Z"	"src/amd/r300/vulkan/tests/r3v_native_reingest_arming_runner_check.py"	"6971fc58fc9eb5ad7328d690e60eaed2d568540a"	"89f4e0b47236530efcdcc1b56fa21df3800f1975"	"merged-pr"	"b5c45f4d2c6353cef359d44375dd434aca64a015"	"2035"	"r300: cross-check re-ingest metadata before CS replay"	"2026-08-29T06:36:18Z"	"r300: cross-check re-ingest metadata before CS replay"	"r300: cross-check re-ingest metadata before CS replay"	"Exact GitHub thread re-query plus resolution-source and current-source ancestry at the recorded target identity"
"PRRT_kwDOR3YK5M6ZTeBy"	"2026-08-14T14:16:04Z"	"https://github.com/Oichkatzelesfrettschen/mesa-26-gororoba/pull/1603#discussion_r3784463858"	"src/amd/r300/common/r300_r2vb_reingest_manifest.c"	"2"	"add real copyright lines to the new source headers"	"superseded-on-main"	"A verified legal holder requires attribution across the new source set under the current policy."	"resolved"	"same-source"	"428f6dcbb0e1cd71417e1169c385f9e62f2ac0b7"	"merged-pr"	"428f6dcbb0e1cd71417e1169c385f9e62f2ac0b7"	"1683"	"r300: name the reingest pass emitter"	"2026-08-22T07:31:34Z"	"src/amd/r300/common/r300_r2vb_reingest_manifest.c"	"9754e27a1d68bf54eb8d7aaa824a4f155e2f6c57"	"428f6dcbb0e1cd71417e1169c385f9e62f2ac0b7"	"merged-pr"	"428f6dcbb0e1cd71417e1169c385f9e62f2ac0b7"	"1683"	"r300: name the reingest pass emitter"	"2026-08-22T07:31:34Z"	"r300: name the reingest pass emitter (#1683)"	"r300: name the reingest pass emitter (#1683)"	"Exact GitHub thread re-query plus resolution-source and current-source ancestry at the recorded target identity"
"PRRT_kwDOR3YK5M6ZZIY3"	"2026-08-14T19:25:24Z"	"https://github.com/Oichkatzelesfrettschen/mesa-26-gororoba/pull/1605#discussion_r3786586404"	"src/amd/r300/vulkan/tests/r3v_native_attended_reingest.c"	"389"	"retain the poison count in re ingest outcomes"	"repair-required"	"The retained outcome records the poison count and a partial-write fixture remains independently classifiable."	"resolved"	"same-source"	"228b07d739cb803c61a3306f2766bca9c907bdcb"	"merged-pr"	"ab05d2e39b9a2308f588714bfe26ca3b66d8f180"	"2036"	"r3v: retain poison count in re-ingest outcomes"	"2026-08-29T06:52:59Z"	"src/amd/r300/vulkan/tests/r3v_native_attended_reingest.c"	"fe281488ff1c698e8ade4b2e5c4cf91cf42d94bd"	"228b07d739cb803c61a3306f2766bca9c907bdcb"	"merged-pr"	"ab05d2e39b9a2308f588714bfe26ca3b66d8f180"	"2036"	"r3v: retain poison count in re-ingest outcomes"	"2026-08-29T06:52:59Z"	"r3v: retain poison count in re-ingest outcomes"	"r3v: retain poison count in re-ingest outcomes"	"Exact GitHub thread re-query plus resolution-source and current-source ancestry at the recorded target identity"
"PRRT_kwDOR3YK5M6ZZIYq"	"2026-08-14T19:25:24Z"	"https://github.com/Oichkatzelesfrettschen/mesa-26-gororoba/pull/1605#discussion_r3786586385"	"docs/hardware/r3v-native-attended-producer-procedure.md"	"125"	"remove target local paths from checked in procedures"	"unassessed"	""	"resolved"	"same-source"	"d34f310ffe1563af46bace03e514488a62f9cb25"	"merged-pr"	"0a689dc6b1200af477f0cbaf3c8a7c1e7da0488a"	"2038"	"r300: separate generic FP24 storage from R2VB identity admission"	"2026-08-29T07:26:25Z"	"docs/hardware/r3v-native-attended-producer-procedure.md"	"3d0fb4fb70127c954bcc704eaf018489ea84f1f4"	"d34f310ffe1563af46bace03e514488a62f9cb25"	"merged-pr"	"0a689dc6b1200af477f0cbaf3c8a7c1e7da0488a"	"2038"	"r300: separate generic FP24 storage from R2VB identity admission"	"2026-08-29T07:26:25Z"	"r300: separate generic FP24 storage from R2VB identity admission"	"r300: separate generic FP24 storage from R2VB identity admission"	"Exact GitHub thread re-query plus resolution-source and current-source ancestry at the recorded target identity"
"PRRT_kwDOR3YK5M6ZZIYz"	"2026-08-14T19:25:24Z"	"https://github.com/Oichkatzelesfrettschen/mesa-26-gororoba/pull/1605#discussion_r3786586398"	"docs/hardware/r3v-native-attended-producer-procedure.md"	"119"	"bound the known claim to the sampled fp24 values"	"unassessed"	""	"resolved"	"same-source"	"d34f310ffe1563af46bace03e514488a62f9cb25"	"merged-pr"	"0a689dc6b1200af477f0cbaf3c8a7c1e7da0488a"	"2038"	"r300: separate generic FP24 storage from R2VB identity admission"	"2026-08-29T07:26:25Z"	"docs/hardware/r3v-native-attended-producer-procedure.md"	"3d0fb4fb70127c954bcc704eaf018489ea84f1f4"	"d34f310ffe1563af46bace03e514488a62f9cb25"	"merged-pr"	"0a689dc6b1200af477f0cbaf3c8a7c1e7da0488a"	"2038"	"r300: separate generic FP24 storage from R2VB identity admission"	"2026-08-29T07:26:25Z"	"r300: separate generic FP24 storage from R2VB identity admission"	"r300: separate generic FP24 storage from R2VB identity admission"	"Exact GitHub thread re-query plus resolution-source and current-source ancestry at the recorded target identity"
"PRRT_kwDOR3YK5M6ZZ5qL"	"2026-08-14T20:15:19Z"	"https://github.com/Oichkatzelesfrettschen/mesa-26-gororoba/pull/1607#discussion_r3786886951"	"src/amd/r300/common/r300_r2vb_producer_pass.c"	"582"	"state the measured fp24 property without run chronology"	"unassessed"	""	"resolved"	"same-source"	"9eb86a6813450a2433207f2a46fb9087c424c9d2"	"merged-pr"	"e47b90d535ed983d26185a5580aa6480ec4e06a8"	"2037"	"r300: state RS482 FP24 ceiling in producer comment"	"2026-08-29T07:06:48Z"	"src/amd/r300/common/r300_r2vb_producer_pass.c"	"8f4d6e3da893947c6b5cfe42541f605b5d66b4f3"	"9eb86a6813450a2433207f2a46fb9087c424c9d2"	"merged-pr"	"e47b90d535ed983d26185a5580aa6480ec4e06a8"	"2037"	"r300: state RS482 FP24 ceiling in producer comment"	"2026-08-29T07:06:48Z"	"r300: state RS482 FP24 ceiling in producer comment"	"r300: state RS482 FP24 ceiling in producer comment"	"Exact GitHub thread re-query plus resolution-source and current-source ancestry at the recorded target identity"
"PRRT_kwDOR3YK5M6ZbztH"	"2026-08-14T22:46:33Z"	"https://github.com/Oichkatzelesfrettschen/mesa-26-gororoba/pull/1608#discussion_r3787621785"	"src/amd/r300/common/r300_us_source_read.h"	"72"	"keep the r2vb ceiling out of the generic fp24 model"	"repair-required"	"A route-specific R2VB admission bound coexists with the production FP24 storage range."	"resolved"	"same-source"	"d34f310ffe1563af46bace03e514488a62f9cb25"	"merged-pr"	"0a689dc6b1200af477f0cbaf3c8a7c1e7da0488a"	"2038"	"r300: separate generic FP24 storage from R2VB identity admission"	"2026-08-29T07:26:25Z"	"src/amd/r300/common/r300_us_source_read.h"	"d147fda0e8f2f723df236bbd86da1c6e64f755c8"	"d34f310ffe1563af46bace03e514488a62f9cb25"	"merged-pr"	"0a689dc6b1200af477f0cbaf3c8a7c1e7da0488a"	"2038"	"r300: separate generic FP24 storage from R2VB identity admission"	"2026-08-29T07:26:25Z"	"r300: separate generic FP24 storage from R2VB identity admission"	"r300: separate generic FP24 storage from R2VB identity admission"	"Exact GitHub thread re-query plus resolution-source and current-source ancestry at the recorded target identity"
"PRRT_kwDOR3YK5M6ZbztK"	"2026-08-14T22:46:33Z"	"https://github.com/Oichkatzelesfrettschen/mesa-26-gororoba/pull/1608#discussion_r3787621789"	"docs/hardware/r3v-native-attended-producer-procedure.md"	"112"	"use the mesa ai disclosure trailer"	"superseded-on-main"	"The merged commit lacks a recognized disclosure trailer or the policy requires Generated-by for this contribution."	"resolved"	"same-source"	"d34f310ffe1563af46bace03e514488a62f9cb25"	"merged-pr"	"0a689dc6b1200af477f0cbaf3c8a7c1e7da0488a"	"2038"	"r300: separate generic FP24 storage from R2VB identity admission"	"2026-08-29T07:26:25Z"	"docs/hardware/r3v-native-attended-producer-procedure.md"	"3d0fb4fb70127c954bcc704eaf018489ea84f1f4"	"d34f310ffe1563af46bace03e514488a62f9cb25"	"merged-pr"	"0a689dc6b1200af477f0cbaf3c8a7c1e7da0488a"	"2038"	"r300: separate generic FP24 storage from R2VB identity admission"	"2026-08-29T07:26:25Z"	"r300: separate generic FP24 storage from R2VB identity admission"	"r300: separate generic FP24 storage from R2VB identity admission"	"Exact GitHub thread re-query plus resolution-source and current-source ancestry at the recorded target identity"
"PRRT_kwDOR3YK5M6Zc7p4"	"2026-08-15T01:01:52Z"	"https://github.com/Oichkatzelesfrettschen/mesa-26-gororoba/pull/1609#discussion_r3788059294"	"src/amd/r300/common/r300_r2vb_float2_tuple_pass.c"	"1"	"add copyright lines to the new file headers"	"unassessed"	""	"resolved"	"same-source"	"6208e8d8c6d9ebd9c72aa12d0110700f3e6a4d33"	"merged-pr"	"1bc48e28cc13fbf93e0618af72c07d0c5a105557"	"2049"	"r300: restore symbol discovery provenance"	"2026-08-29T12:40:25Z"	"src/amd/r300/common/r300_r2vb_float2_tuple_pass.c"	"3581a1093124a8eb51a396598a5904bf0fa08725"	"6208e8d8c6d9ebd9c72aa12d0110700f3e6a4d33"	"merged-pr"	"1bc48e28cc13fbf93e0618af72c07d0c5a105557"	"2049"	"r300: restore symbol discovery provenance"	"2026-08-29T12:40:25Z"	"r300: restore symbol discovery provenance"	"r300: restore symbol discovery provenance"	"Exact GitHub thread re-query plus resolution-source and current-source ancestry at the recorded target identity"
"PRRT_kwDOR3YK5M6Zc7p6"	"2026-08-15T01:01:52Z"	"https://github.com/Oichkatzelesfrettschen/mesa-26-gororoba/pull/1609#discussion_r3788059296"	"src/amd/r300/common/tests/run_r2vb_float2_tuple_replay.sh"	"53"	"validate tuple artifacts before accepting replay"	"repair-required"	"Mutated vertex bytes, BO metadata, manifest fields, and expected carrier values are each rejected."	"resolved"	"same-source"	"bbcd528647e38378032bd9a58b73fd2893f2cd85"	"merged-pr"	"bcfd7bdd4da698db89f049ac7a2fd21d18c77a37"	"2039"	"r300: verify FLOAT_2 tuple manifest artifacts before replay"	"2026-08-29T07:54:24Z"	"src/amd/r300/common/tests/run_r2vb_float2_tuple_replay.sh"	"c685ea1e01a6b7f14bbd01c290f25c42324ff07e"	"bbcd528647e38378032bd9a58b73fd2893f2cd85"	"merged-pr"	"bcfd7bdd4da698db89f049ac7a2fd21d18c77a37"	"2039"	"r300: verify FLOAT_2 tuple manifest artifacts before replay"	"2026-08-29T07:54:24Z"	"r300: verify FLOAT_2 tuple manifest artifacts before replay"	"r300: verify FLOAT_2 tuple manifest artifacts before replay"	"Exact GitHub thread re-query plus resolution-source and current-source ancestry at the recorded target identity"
"PRRT_kwDOR3YK5M6Zc7p9"	"2026-08-15T01:01:52Z"	"https://github.com/Oichkatzelesfrettschen/mesa-26-gororoba/pull/1609#discussion_r3788059298"	"src/amd/r300/common/r300_r2vb_float2_tuple_pass.c"	"323"	"reset the lower vertex index clamp"	"unassessed"	""	"resolved"	"same-source"	"6208e8d8c6d9ebd9c72aa12d0110700f3e6a4d33"	"merged-pr"	"1bc48e28cc13fbf93e0618af72c07d0c5a105557"	"2049"	"r300: restore symbol discovery provenance"	"2026-08-29T12:40:25Z"	"src/amd/r300/common/r300_r2vb_float2_tuple_pass.c"	"3581a1093124a8eb51a396598a5904bf0fa08725"	"6208e8d8c6d9ebd9c72aa12d0110700f3e6a4d33"	"merged-pr"	"1bc48e28cc13fbf93e0618af72c07d0c5a105557"	"2049"	"r300: restore symbol discovery provenance"	"2026-08-29T12:40:25Z"	"r300: restore symbol discovery provenance"	"r300: restore symbol discovery provenance"	"Exact GitHub thread re-query plus resolution-source and current-source ancestry at the recorded target identity"
"PRRT_kwDOR3YK5M6Zdt0h"	"2026-08-15T03:18:58Z"	"https://github.com/Oichkatzelesfrettschen/mesa-26-gororoba/pull/1610#discussion_r3788355048"	"src/amd/r300/vulkan/tests/r3v_native_float2_tuple_arming_runner_check.py"	"106"	"calibrate the runner with an armed input"	"repair-required"	"An exact digest, kernel release, and module srcversion case returns an armed verdict before mutation."	"resolved"	"same-source"	"b6b7da45896ac7959f7c0b03d368cba4ed847939"	"merged-pr"	"cab58db45ac3e2308c02a5ed175d433aa5784665"	"2040"	"r3v: harden FLOAT_2 tuple arming and evidence freshness"	"2026-08-29T08:25:49Z"	"src/amd/r300/vulkan/tests/r3v_native_float2_tuple_arming_runner_check.py"	"f7ef77bf47c58aa2840f2f290552aec68b56a8a5"	"b6b7da45896ac7959f7c0b03d368cba4ed847939"	"merged-pr"	"cab58db45ac3e2308c02a5ed175d433aa5784665"	"2040"	"r3v: harden FLOAT_2 tuple arming and evidence freshness"	"2026-08-29T08:25:49Z"	"r3v: harden FLOAT_2 tuple arming and evidence freshness"	"r3v: harden FLOAT_2 tuple arming and evidence freshness"	"Exact GitHub thread re-query plus resolution-source and current-source ancestry at the recorded target identity"
"PRRT_kwDOR3YK5M6Zdt0i"	"2026-08-15T03:18:58Z"	"https://github.com/Oichkatzelesfrettschen/mesa-26-gororoba/pull/1610#discussion_r3788355049"	"src/amd/r300/vulkan/meson.build"	"1455"	"include the tuple tests in the qualification inventory"	"unassessed"	""	"resolved"	"same-source"	"82087a506a7f43a7603ca36e5431a8aa24f08396"	"merged-pr"	"ba1652a87e55351b40743b79f0bec9dee44a9f6b"	"2057"	"r3v native separation audit input validation"	"2026-08-29T15:35:47Z"	"src/amd/r300/vulkan/meson.build"	"7e26c2f56fb8b1afdd1ceb271412721de87f37d3"	"82087a506a7f43a7603ca36e5431a8aa24f08396"	"merged-pr"	"ba1652a87e55351b40743b79f0bec9dee44a9f6b"	"2057"	"r3v native separation audit input validation"	"2026-08-29T15:35:47Z"	"r3v: harden native separation audit inputs"	"r3v: harden native separation audit inputs"	"Exact GitHub thread re-query plus resolution-source and current-source ancestry at the recorded target identity"
"PRRT_kwDOR3YK5M6Zdt0k"	"2026-08-15T03:18:58Z"	"https://github.com/Oichkatzelesfrettschen/mesa-26-gororoba/pull/1610#discussion_r3788355051"	"docs/hardware/r3v-native-attended-float2-tuple-procedure.md"	"25"	"replace the inherited triangle specific run steps"	"unassessed"	""	"resolved"	"same-source"	"407e786fd4c183bbee87c02a3e45cacc4915117a"	"merged-pr"	"cf1856ef29754f1c811e98eb7fab16863f3266b5"	"2043"	"r300: clarify index-pair emission and domain scope"	"2026-08-29T09:26:42Z"	"docs/hardware/r3v-native-attended-float2-tuple-procedure.md"	"f4cedc7d7dfff45de4fccee1d28a033568c16e70"	"407e786fd4c183bbee87c02a3e45cacc4915117a"	"merged-pr"	"cf1856ef29754f1c811e98eb7fab16863f3266b5"	"2043"	"r300: clarify index-pair emission and domain scope"	"2026-08-29T09:26:42Z"	"r300: clarify index-pair emission and domain scope"	"r300: clarify index-pair emission and domain scope"	"Exact GitHub thread re-query plus resolution-source and current-source ancestry at the recorded target identity"
"PRRT_kwDOR3YK5M6Zdt0l"	"2026-08-15T03:18:58Z"	"https://github.com/Oichkatzelesfrettschen/mesa-26-gororoba/pull/1610#discussion_r3788355052"	"src/amd/r300/vulkan/tests/r3v_native_attended_float2_tuple.c"	"2"	"add real copyright lines to every new file"	"superseded-on-main"	"A verified legal holder requires attribution across the named new files under the current policy."	"resolved"	"same-source"	"b6b7da45896ac7959f7c0b03d368cba4ed847939"	"merged-pr"	"cab58db45ac3e2308c02a5ed175d433aa5784665"	"2040"	"r3v: harden FLOAT_2 tuple arming and evidence freshness"	"2026-08-29T08:25:49Z"	"src/amd/r300/vulkan/tests/r3v_native_attended_float2_tuple.c"	"0b3fede6641d74125f29172e04abb3cbcea7d28d"	"b6b7da45896ac7959f7c0b03d368cba4ed847939"	"merged-pr"	"cab58db45ac3e2308c02a5ed175d433aa5784665"	"2040"	"r3v: harden FLOAT_2 tuple arming and evidence freshness"	"2026-08-29T08:25:49Z"	"r3v: harden FLOAT_2 tuple arming and evidence freshness"	"r3v: harden FLOAT_2 tuple arming and evidence freshness"	"Exact GitHub thread re-query plus resolution-source and current-source ancestry at the recorded target identity"
"PRRT_kwDOR3YK5M6Zdt0n"	"2026-08-15T03:18:58Z"	"https://github.com/Oichkatzelesfrettschen/mesa-26-gororoba/pull/1610#discussion_r3788355054"	"src/amd/r300/vulkan/tests/r3v_native_attended_float2_tuple.c"	"356"	"reserve every readback artifact before submission"	"repair-required"	"Every final artifact name is reserved before the hazardous boundary and an EEXIST fixture prevents submission."	"resolved"	"same-source"	"b6b7da45896ac7959f7c0b03d368cba4ed847939"	"merged-pr"	"cab58db45ac3e2308c02a5ed175d433aa5784665"	"2040"	"r3v: harden FLOAT_2 tuple arming and evidence freshness"	"2026-08-29T08:25:49Z"	"src/amd/r300/vulkan/tests/r3v_native_attended_float2_tuple.c"	"0b3fede6641d74125f29172e04abb3cbcea7d28d"	"b6b7da45896ac7959f7c0b03d368cba4ed847939"	"merged-pr"	"cab58db45ac3e2308c02a5ed175d433aa5784665"	"2040"	"r3v: harden FLOAT_2 tuple arming and evidence freshness"	"2026-08-29T08:25:49Z"	"r3v: harden FLOAT_2 tuple arming and evidence freshness"	"r3v: harden FLOAT_2 tuple arming and evidence freshness"	"Exact GitHub thread re-query plus resolution-source and current-source ancestry at the recorded target identity"
"PRRT_kwDOR3YK5M6ZjF1o"	"2026-08-15T22:10:39Z"	"https://github.com/Oichkatzelesfrettschen/mesa-26-gororoba/pull/1616#discussion_r3790371004"	"src/amd/r300/vulkan/tests/r3v_native_float2_tuple_cell_harness.c"	"240"	"respect the configured temporary directory"	"repair-required"	"The harness creates its private directory below a configured TMPDIR."	"resolved"	"same-source"	"b6b7da45896ac7959f7c0b03d368cba4ed847939"	"merged-pr"	"cab58db45ac3e2308c02a5ed175d433aa5784665"	"2040"	"r3v: harden FLOAT_2 tuple arming and evidence freshness"	"2026-08-29T08:25:49Z"	"src/amd/r300/vulkan/tests/r3v_native_float2_tuple_cell_harness.c"	"e33228a3c447cab4aca69ec339838e70a9a1a1ab"	"b6b7da45896ac7959f7c0b03d368cba4ed847939"	"merged-pr"	"cab58db45ac3e2308c02a5ed175d433aa5784665"	"2040"	"r3v: harden FLOAT_2 tuple arming and evidence freshness"	"2026-08-29T08:25:49Z"	"r3v: harden FLOAT_2 tuple arming and evidence freshness"	"r3v: harden FLOAT_2 tuple arming and evidence freshness"	"Exact GitHub thread re-query plus resolution-source and current-source ancestry at the recorded target identity"
"PRRT_kwDOR3YK5M6Zjitu"	"2026-08-15T23:53:13Z"	"https://github.com/Oichkatzelesfrettschen/mesa-26-gororoba/pull/1618#discussion_r3790537354"	"src/amd/r300/common/r300_pm4_builder.c"	"143"	"accept the full 24 bit vertex index range"	"repair-required"	"The builder and first-draw resolver accept 0xffffff and reject 0x1000000."	"resolved"	"same-source"	"03d7945b17914dde1f6a06e9bfcbf205413d5c0e"	"merged-pr"	"3c3913df074594c3d4d6d9d840c2f68805dc18fb"	"2050"	"r300 immediate draw atomic PM4 reservation"	"2026-08-29T12:48:55Z"	"src/amd/r300/common/r300_pm4_builder.c"	"0b0b58ac59f76da62bab340aa7a06e740074b1c2"	"03d7945b17914dde1f6a06e9bfcbf205413d5c0e"	"merged-pr"	"3c3913df074594c3d4d6d9d840c2f68805dc18fb"	"2050"	"r300 immediate draw atomic PM4 reservation"	"2026-08-29T12:48:55Z"	"r300: reserve immediate draw PM4 prefix atomically"	"r300: reserve immediate draw PM4 prefix atomically"	"Exact GitHub thread re-query plus resolution-source and current-source ancestry at the recorded target identity"
"PRRT_kwDOR3YK5M6Zj7c7"	"2026-08-16T01:30:51Z"	"https://github.com/Oichkatzelesfrettschen/mesa-26-gororoba/pull/1619#discussion_r3790681005"	"src/amd/r300/common/r300_r2vb_fetch_pass.c"	"52"	"reject 65 536 vertices before encoding the draw"	"repair-required"	"The exact 65536 boundary is rejected before encoding while 65535 remains accepted."	"resolved"	"same-source"	"ae6e610ef98dbb0205e6bf6ef6a1ab79d7c53de7"	"merged-pr"	"8cdc9715221cd8a77db259655a013ac23d5f27e7"	"2041"	"r300: separate PM4 vertex index and count limits"	"2026-08-29T09:01:16Z"	"src/amd/r300/common/r300_r2vb_fetch_pass.c"	"95cedf34ff39c58c1a6b47c85a38aed96bc6b688"	"ae6e610ef98dbb0205e6bf6ef6a1ab79d7c53de7"	"merged-pr"	"8cdc9715221cd8a77db259655a013ac23d5f27e7"	"2041"	"r300: separate PM4 vertex index and count limits"	"2026-08-29T09:01:16Z"	"r300: separate PM4 vertex index and count limits"	"r300: separate PM4 vertex index and count limits"	"Exact GitHub thread re-query plus resolution-source and current-source ancestry at the recorded target identity"
"PRRT_kwDOR3YK5M6Zj8uP"	"2026-08-16T01:35:54Z"	"https://github.com/Oichkatzelesfrettschen/mesa-26-gororoba/pull/1620#discussion_r3790688234"	"src/amd/r300/common/r300_r2vb_target_state.c"	"14"	"accept the full 13 bit scissor extent domain"	"repair-required"	"The supported 4096-wide layout emits an encodable scissor and the first unencodable coordinate fails."	"resolved"	"same-source"	"ae6e610ef98dbb0205e6bf6ef6a1ab79d7c53de7"	"merged-pr"	"8cdc9715221cd8a77db259655a013ac23d5f27e7"	"2041"	"r300: separate PM4 vertex index and count limits"	"2026-08-29T09:01:16Z"	"src/amd/r300/common/r300_r2vb_target_state.c"	"a1b6be608b349fd3a009dbf030edbee599fb5576"	"ae6e610ef98dbb0205e6bf6ef6a1ab79d7c53de7"	"merged-pr"	"8cdc9715221cd8a77db259655a013ac23d5f27e7"	"2041"	"r300: separate PM4 vertex index and count limits"	"2026-08-29T09:01:16Z"	"r300: separate PM4 vertex index and count limits"	"r300: separate PM4 vertex index and count limits"	"Exact GitHub thread re-query plus resolution-source and current-source ancestry at the recorded target identity"
"PRRT_kwDOR3YK5M6Zj9sd"	"2026-08-16T01:39:45Z"	"https://github.com/Oichkatzelesfrettschen/mesa-26-gororoba/pull/1621#discussion_r3790693880"	"src/amd/r300/common/r300_pm4_compose.c"	"57"	"reject writers aliased through the role map"	"repair-required"	"Two writing roles mapped to one chunk are rejected as multiple owners."	"resolved"	"same-source"	"b08b8b489237983f8852b8bb9455c751acf1279d"	"merged-pr"	"79da1289bfb8cb2f65333c141e6efd6222066867"	"2042"	"r300: validate PM4 composer relocation ownership"	"2026-08-29T09:14:53Z"	"src/amd/r300/common/r300_pm4_compose.c"	"fc75c798c0f69a4e78149b3178b9cdaa9f264dcc"	"b08b8b489237983f8852b8bb9455c751acf1279d"	"merged-pr"	"79da1289bfb8cb2f65333c141e6efd6222066867"	"2042"	"r300: validate PM4 composer relocation ownership"	"2026-08-29T09:14:53Z"	"r300: validate PM4 composer relocation ownership"	"r300: validate PM4 composer relocation ownership"	"Exact GitHub thread re-query plus resolution-source and current-source ancestry at the recorded target identity"
"PRRT_kwDOR3YK5M6Zj9sf"	"2026-08-16T01:39:45Z"	"https://github.com/Oichkatzelesfrettschen/mesa-26-gororoba/pull/1621#discussion_r3790693882"	"src/amd/r300/common/r300_pm4_compose.c"	"82"	"reject relocation indexes that overflow the payload"	"repair-required"	"UINT32_MAX divided by four is accepted and the next chunk index returns EOVERFLOW before copying."	"resolved"	"same-source"	"b08b8b489237983f8852b8bb9455c751acf1279d"	"merged-pr"	"79da1289bfb8cb2f65333c141e6efd6222066867"	"2042"	"r300: validate PM4 composer relocation ownership"	"2026-08-29T09:14:53Z"	"src/amd/r300/common/r300_pm4_compose.c"	"fc75c798c0f69a4e78149b3178b9cdaa9f264dcc"	"b08b8b489237983f8852b8bb9455c751acf1279d"	"merged-pr"	"79da1289bfb8cb2f65333c141e6efd6222066867"	"2042"	"r300: validate PM4 composer relocation ownership"	"2026-08-29T09:14:53Z"	"r300: validate PM4 composer relocation ownership"	"r300: validate PM4 composer relocation ownership"	"Exact GitHub thread re-query plus resolution-source and current-source ancestry at the recorded target identity"
"PRRT_kwDOR3YK5M6Zj9sg"	"2026-08-16T01:39:45Z"	"https://github.com/Oichkatzelesfrettschen/mesa-26-gororoba/pull/1621#discussion_r3790693883"	"src/amd/r300/common/r300_pm4_compose.h"	"37"	"ground the kernel resolution claim in its source"	"repair-required"	"The comment names the authoritative kernel parser and a reproducible symbol search."	"resolved"	"same-source"	"b08b8b489237983f8852b8bb9455c751acf1279d"	"merged-pr"	"79da1289bfb8cb2f65333c141e6efd6222066867"	"2042"	"r300: validate PM4 composer relocation ownership"	"2026-08-29T09:14:53Z"	"src/amd/r300/common/r300_pm4_compose.h"	"2297f46a59ebb57d3b285f993166468ae21e46af"	"b08b8b489237983f8852b8bb9455c751acf1279d"	"merged-pr"	"79da1289bfb8cb2f65333c141e6efd6222066867"	"2042"	"r300: validate PM4 composer relocation ownership"	"2026-08-29T09:14:53Z"	"r300: validate PM4 composer relocation ownership"	"r300: validate PM4 composer relocation ownership"	"Exact GitHub thread re-query plus resolution-source and current-source ancestry at the recorded target identity"
"PRRT_kwDOR3YK5M6Zj9si"	"2026-08-16T01:39:45Z"	"https://github.com/Oichkatzelesfrettschen/mesa-26-gororoba/pull/1621#discussion_r3790693885"	"src/amd/r300/common/r300_pm4_compose.c"	"45"	"reject duplicate descriptors for one relocation payload"	"repair-required"	"Two descriptors naming one dword index are rejected before the copy pass."	"resolved"	"same-source"	"b08b8b489237983f8852b8bb9455c751acf1279d"	"merged-pr"	"79da1289bfb8cb2f65333c141e6efd6222066867"	"2042"	"r300: validate PM4 composer relocation ownership"	"2026-08-29T09:14:53Z"	"src/amd/r300/common/r300_pm4_compose.c"	"fc75c798c0f69a4e78149b3178b9cdaa9f264dcc"	"b08b8b489237983f8852b8bb9455c751acf1279d"	"merged-pr"	"79da1289bfb8cb2f65333c141e6efd6222066867"	"2042"	"r300: validate PM4 composer relocation ownership"	"2026-08-29T09:14:53Z"	"r300: validate PM4 composer relocation ownership"	"r300: validate PM4 composer relocation ownership"	"Exact GitHub thread re-query plus resolution-source and current-source ancestry at the recorded target identity"
"PRRT_kwDOR3YK5M6ZkBxx"	"2026-08-16T01:56:02Z"	"https://github.com/Oichkatzelesfrettschen/mesa-26-gororoba/pull/1622#discussion_r3790717204"	"src/amd/r300/common/tests/r300_r2vb_reingest_compose_parity_test.c"	"109"	"compare relocation domains in the parity verdict"	"unassessed"	""	"resolved"	"same-source"	"407e786fd4c183bbee87c02a3e45cacc4915117a"	"merged-pr"	"cf1856ef29754f1c811e98eb7fab16863f3266b5"	"2043"	"r300: clarify index-pair emission and domain scope"	"2026-08-29T09:26:42Z"	"src/amd/r300/common/tests/r300_r2vb_reingest_compose_parity_test.c"	"1d94504d8b3a0f2af078cc8cbff461dff9ebf3c8"	"407e786fd4c183bbee87c02a3e45cacc4915117a"	"merged-pr"	"cf1856ef29754f1c811e98eb7fab16863f3266b5"	"2043"	"r300: clarify index-pair emission and domain scope"	"2026-08-29T09:26:42Z"	"r300: clarify index-pair emission and domain scope"	"r300: clarify index-pair emission and domain scope"	"Exact GitHub thread re-query plus resolution-source and current-source ancestry at the recorded target identity"
"PRRT_kwDOR3YK5M6ZkUvF"	"2026-08-16T03:13:19Z"	"https://github.com/Oichkatzelesfrettschen/mesa-26-gororoba/pull/1623#discussion_r3790825857"	"docs/hardware/r3v-native-attended-float2-tuple-procedure.md"	"122"	"correct the three dword delta description"	"repair-required"	"The note accounts separately for the first-draw MIN pair and the widened MAX/MIN run."	"resolved"	"same-source"	"407e786fd4c183bbee87c02a3e45cacc4915117a"	"merged-pr"	"cf1856ef29754f1c811e98eb7fab16863f3266b5"	"2043"	"r300: clarify index-pair emission and domain scope"	"2026-08-29T09:26:42Z"	"docs/hardware/r3v-native-attended-float2-tuple-procedure.md"	"f4cedc7d7dfff45de4fccee1d28a033568c16e70"	"407e786fd4c183bbee87c02a3e45cacc4915117a"	"merged-pr"	"cf1856ef29754f1c811e98eb7fab16863f3266b5"	"2043"	"r300: clarify index-pair emission and domain scope"	"2026-08-29T09:26:42Z"	"r300: clarify index-pair emission and domain scope"	"r300: clarify index-pair emission and domain scope"	"Exact GitHub thread re-query plus resolution-source and current-source ancestry at the recorded target identity"
"PRRT_kwDOR3YK5M6Zm_Mk"	"2026-08-16T13:16:49Z"	"https://github.com/Oichkatzelesfrettschen/mesa-26-gororoba/pull/1624#discussion_r3791831680"	"src/amd/r300/common/tests/r300_r2vb_reingest_compose_parity_test.c"	"116"	"replace the deictic uma target with exact chip identity"	"repair-required"	"The comment names RS482 explicitly or binds the assertion only to the DRM domain constant."	"resolved"	"same-source"	"407e786fd4c183bbee87c02a3e45cacc4915117a"	"merged-pr"	"cf1856ef29754f1c811e98eb7fab16863f3266b5"	"2043"	"r300: clarify index-pair emission and domain scope"	"2026-08-29T09:26:42Z"	"src/amd/r300/common/tests/r300_r2vb_reingest_compose_parity_test.c"	"1d94504d8b3a0f2af078cc8cbff461dff9ebf3c8"	"407e786fd4c183bbee87c02a3e45cacc4915117a"	"merged-pr"	"cf1856ef29754f1c811e98eb7fab16863f3266b5"	"2043"	"r300: clarify index-pair emission and domain scope"	"2026-08-29T09:26:42Z"	"r300: clarify index-pair emission and domain scope"	"r300: clarify index-pair emission and domain scope"	"Exact GitHub thread re-query plus resolution-source and current-source ancestry at the recorded target identity"
"PRRT_kwDOR3YK5M6ZpvmL"	"2026-08-16T21:38:07Z"	"https://github.com/Oichkatzelesfrettschen/mesa-26-gororoba/pull/1626#discussion_r3792879568"	"src/amd/r300/vulkan/tests/r3v_native_status_load_machine.c"	"92"	"reuse the failed sequence number for abort"	"unassessed"	""	"resolved"	"same-source"	"7014ec1ffa4d092d9e58ce479fb5acd469a38566"	"merged-pr"	"043055477cfcb8d66db3f3386e8aa596e8541b09"	"2054"	"r3v: retain status-load preparation failures"	"2026-08-29T13:58:52Z"	"src/amd/r300/vulkan/tests/r3v_native_status_load_machine.c"	"7815597c53fa807e2d234c9b762dcaa4d8b5f509"	"7014ec1ffa4d092d9e58ce479fb5acd469a38566"	"merged-pr"	"043055477cfcb8d66db3f3386e8aa596e8541b09"	"2054"	"r3v: retain status-load preparation failures"	"2026-08-29T13:58:52Z"	"r3v: retain status-load preparation failures"	"r3v: retain status-load preparation failures"	"Exact GitHub thread re-query plus resolution-source and current-source ancestry at the recorded target identity"
"PRRT_kwDOR3YK5M6ZpvmN"	"2026-08-16T21:38:07Z"	"https://github.com/Oichkatzelesfrettschen/mesa-26-gororoba/pull/1626#discussion_r3792879570"	"src/amd/r300/vulkan/tests/r3v_native_status_load_machine.c"	"219"	"require a fresh enter read before every submission"	"unassessed"	""	"resolved"	"same-source"	"7014ec1ffa4d092d9e58ce479fb5acd469a38566"	"merged-pr"	"043055477cfcb8d66db3f3386e8aa596e8541b09"	"2054"	"r3v: retain status-load preparation failures"	"2026-08-29T13:58:52Z"	"src/amd/r300/vulkan/tests/r3v_native_status_load_machine.c"	"7815597c53fa807e2d234c9b762dcaa4d8b5f509"	"7014ec1ffa4d092d9e58ce479fb5acd469a38566"	"merged-pr"	"043055477cfcb8d66db3f3386e8aa596e8541b09"	"2054"	"r3v: retain status-load preparation failures"	"2026-08-29T13:58:52Z"	"r3v: retain status-load preparation failures"	"r3v: retain status-load preparation failures"	"Exact GitHub thread re-query plus resolution-source and current-source ancestry at the recorded target identity"
"PRRT_kwDOR3YK5M6ZpvmP"	"2026-08-16T21:38:07Z"	"https://github.com/Oichkatzelesfrettschen/mesa-26-gororoba/pull/1626#discussion_r3792879572"	"src/amd/r300/vulkan/tests/r3v_native_status_load_machine.c"	"24"	"reject malformed json fields before formatting"	"unassessed"	""	"resolved"	"same-source"	"7014ec1ffa4d092d9e58ce479fb5acd469a38566"	"merged-pr"	"043055477cfcb8d66db3f3386e8aa596e8541b09"	"2054"	"r3v: retain status-load preparation failures"	"2026-08-29T13:58:52Z"	"src/amd/r300/vulkan/tests/r3v_native_status_load_machine.c"	"7815597c53fa807e2d234c9b762dcaa4d8b5f509"	"7014ec1ffa4d092d9e58ce479fb5acd469a38566"	"merged-pr"	"043055477cfcb8d66db3f3386e8aa596e8541b09"	"2054"	"r3v: retain status-load preparation failures"	"2026-08-29T13:58:52Z"	"r3v: retain status-load preparation failures"	"r3v: retain status-load preparation failures"	"Exact GitHub thread re-query plus resolution-source and current-source ancestry at the recorded target identity"
"PRRT_kwDOR3YK5M6ZpvmS"	"2026-08-16T21:38:07Z"	"https://github.com/Oichkatzelesfrettschen/mesa-26-gororoba/pull/1626#discussion_r3792879575"	"src/amd/r300/vulkan/tests/r3v_native_status_load_machine_test.c"	"368"	"fail calibration when transcript writes fail"	"unassessed"	""	"resolved"	"same-source"	"7014ec1ffa4d092d9e58ce479fb5acd469a38566"	"merged-pr"	"043055477cfcb8d66db3f3386e8aa596e8541b09"	"2054"	"r3v: retain status-load preparation failures"	"2026-08-29T13:58:52Z"	"src/amd/r300/vulkan/tests/r3v_native_status_load_machine_test.c"	"2e82657b1303a4a41a0f70b092314827fe150d67"	"7014ec1ffa4d092d9e58ce479fb5acd469a38566"	"merged-pr"	"043055477cfcb8d66db3f3386e8aa596e8541b09"	"2054"	"r3v: retain status-load preparation failures"	"2026-08-29T13:58:52Z"	"r3v: retain status-load preparation failures"	"r3v: retain status-load preparation failures"	"Exact GitHub thread re-query plus resolution-source and current-source ancestry at the recorded target identity"
"PRRT_kwDOR3YK5M6ZpvmV"	"2026-08-16T21:38:07Z"	"https://github.com/Oichkatzelesfrettschen/mesa-26-gororoba/pull/1626#discussion_r3792879578"	"src/amd/r300/vulkan/tests/r3v_native_status_load_machine.c"	"253"	"retain the carrier before aborting on a mismatch"	"unassessed"	""	"resolved"	"same-source"	"7014ec1ffa4d092d9e58ce479fb5acd469a38566"	"merged-pr"	"043055477cfcb8d66db3f3386e8aa596e8541b09"	"2054"	"r3v: retain status-load preparation failures"	"2026-08-29T13:58:52Z"	"src/amd/r300/vulkan/tests/r3v_native_status_load_machine.c"	"7815597c53fa807e2d234c9b762dcaa4d8b5f509"	"7014ec1ffa4d092d9e58ce479fb5acd469a38566"	"merged-pr"	"043055477cfcb8d66db3f3386e8aa596e8541b09"	"2054"	"r3v: retain status-load preparation failures"	"2026-08-29T13:58:52Z"	"r3v: retain status-load preparation failures"	"r3v: retain status-load preparation failures"	"Exact GitHub thread re-query plus resolution-source and current-source ancestry at the recorded target identity"
"PRRT_kwDOR3YK5M6Zpwd7"	"2026-08-16T21:40:51Z"	"https://github.com/Oichkatzelesfrettschen/mesa-26-gororoba/pull/1627#discussion_r3792884541"	"src/gallium/drivers/r300/r300_screen.c"	"758"	"record discovery for the callback flow claim"	"unassessed"	""	"resolved"	"same-source"	"59eb384204cfa99dac27de9068121af366c3a4dc"	"merged-pr"	"84925baa8b7afb60304ef78664aa42e5e778f06b"	"2047"	"r300: document finalize_nir discovery path"	"2026-08-29T12:15:19Z"	"src/gallium/drivers/r300/r300_screen.c"	"f480b8c352595853065cee6f561e5e203f7805eb"	"59eb384204cfa99dac27de9068121af366c3a4dc"	"merged-pr"	"84925baa8b7afb60304ef78664aa42e5e778f06b"	"2047"	"r300: document finalize_nir discovery path"	"2026-08-29T12:15:19Z"	"r300: document finalize_nir discovery path"	"r300: document finalize_nir discovery path"	"Exact GitHub thread re-query plus resolution-source and current-source ancestry at the recorded target identity"
"PRRT_kwDOR3YK5M6ZqoN-"	"2026-08-17T00:33:28Z"	"https://github.com/Oichkatzelesfrettschen/mesa-26-gororoba/pull/1630#discussion_r3793211490"	"src/amd/r300/vulkan/tests/r3v_native_attended_status_load_float2_tuple.c"	"675"	"preserve evidence separately for every serial submission"	"unassessed"	""	"resolved"	"same-source"	"7014ec1ffa4d092d9e58ce479fb5acd469a38566"	"merged-pr"	"043055477cfcb8d66db3f3386e8aa596e8541b09"	"2054"	"r3v: retain status-load preparation failures"	"2026-08-29T13:58:52Z"	"src/amd/r300/vulkan/tests/r3v_native_attended_status_load_float2_tuple.c"	"a003b74fc8ab897bbdf5dc20a2a5091ccd3e9455"	"7014ec1ffa4d092d9e58ce479fb5acd469a38566"	"merged-pr"	"043055477cfcb8d66db3f3386e8aa596e8541b09"	"2054"	"r3v: retain status-load preparation failures"	"2026-08-29T13:58:52Z"	"r3v: retain status-load preparation failures"	"r3v: retain status-load preparation failures"	"Exact GitHub thread re-query plus resolution-source and current-source ancestry at the recorded target identity"
"PRRT_kwDOR3YK5M6ZqoN_"	"2026-08-17T00:33:28Z"	"https://github.com/Oichkatzelesfrettschen/mesa-26-gororoba/pull/1630#discussion_r3793211491"	"src/amd/r300/vulkan/tests/r3v_native_attended_status_load_float2_tuple.c"	"198"	"validate the sampler protocol envelope before arming"	"unassessed"	""	"resolved"	"same-source"	"7014ec1ffa4d092d9e58ce479fb5acd469a38566"	"merged-pr"	"043055477cfcb8d66db3f3386e8aa596e8541b09"	"2054"	"r3v: retain status-load preparation failures"	"2026-08-29T13:58:52Z"	"src/amd/r300/vulkan/tests/r3v_native_attended_status_load_float2_tuple.c"	"a003b74fc8ab897bbdf5dc20a2a5091ccd3e9455"	"7014ec1ffa4d092d9e58ce479fb5acd469a38566"	"merged-pr"	"043055477cfcb8d66db3f3386e8aa596e8541b09"	"2054"	"r3v: retain status-load preparation failures"	"2026-08-29T13:58:52Z"	"r3v: retain status-load preparation failures"	"r3v: retain status-load preparation failures"	"Exact GitHub thread re-query plus resolution-source and current-source ancestry at the recorded target identity"
"PRRT_kwDOR3YK5M6ZrX1D"	"2026-08-17T02:35:30Z"	"https://github.com/Oichkatzelesfrettschen/mesa-26-gororoba/pull/1631#discussion_r3793497160"	"src/amd/r300/vulkan/tests/r3v_native_serial_cell_harness.c"	"127"	"derive the harness directory from an explicit root"	"repair-required"	"The harness creates its directory below an explicit configured temporary root."	"resolved"	"same-source"	"bbd141b1fa639686fc4f467b9cc0730e6afe8cfb"	"merged-pr"	"56d449ef57e6ebe1861195e85c80dbc677e4dea1"	"2045"	"r3v: bind serial admission evidence to semantic identity"	"2026-08-29T11:05:57Z"	"src/amd/r300/vulkan/tests/r3v_native_serial_cell_harness.c"	"40567e5fe7a23756164835300f2fff360fd98bee"	"bbd141b1fa639686fc4f467b9cc0730e6afe8cfb"	"merged-pr"	"56d449ef57e6ebe1861195e85c80dbc677e4dea1"	"2045"	"r3v: bind serial admission evidence to semantic identity"	"2026-08-29T11:05:57Z"	"r3v: bind serial admission evidence to semantic identity"	"r3v: bind serial admission evidence to semantic identity"	"Exact GitHub thread re-query plus resolution-source and current-source ancestry at the recorded target identity"
"PRRT_kwDOR3YK5M6ZrX1F"	"2026-08-17T02:35:31Z"	"https://github.com/Oichkatzelesfrettschen/mesa-26-gororoba/pull/1631#discussion_r3793497163"	"src/amd/r300/vulkan/r3v_native_queue.c"	"807"	"attach symbol discovery to the arming claim"	"unassessed"	""	"resolved"	"same-source"	"bbd141b1fa639686fc4f467b9cc0730e6afe8cfb"	"merged-pr"	"56d449ef57e6ebe1861195e85c80dbc677e4dea1"	"2045"	"r3v: bind serial admission evidence to semantic identity"	"2026-08-29T11:05:57Z"	"src/amd/r300/vulkan/r3v_native_queue.c"	"679db29ab6cac279f4808a483a71af163429630f"	"bbd141b1fa639686fc4f467b9cc0730e6afe8cfb"	"merged-pr"	"56d449ef57e6ebe1861195e85c80dbc677e4dea1"	"2045"	"r3v: bind serial admission evidence to semantic identity"	"2026-08-29T11:05:57Z"	"r3v: bind serial admission evidence to semantic identity"	"r3v: bind serial admission evidence to semantic identity"	"Exact GitHub thread re-query plus resolution-source and current-source ancestry at the recorded target identity"
"PRRT_kwDOR3YK5M6ZrX1I"	"2026-08-17T02:35:31Z"	"https://github.com/Oichkatzelesfrettschen/mesa-26-gororoba/pull/1631#discussion_r3793497167"	"src/amd/r300/vulkan/r3v_native_queue.c"	"814"	"bind semantic retention to the submitted cell"	"unassessed"	""	"resolved"	"same-source"	"bbd141b1fa639686fc4f467b9cc0730e6afe8cfb"	"merged-pr"	"56d449ef57e6ebe1861195e85c80dbc677e4dea1"	"2045"	"r3v: bind serial admission evidence to semantic identity"	"2026-08-29T11:05:57Z"	"src/amd/r300/vulkan/r3v_native_queue.c"	"679db29ab6cac279f4808a483a71af163429630f"	"bbd141b1fa639686fc4f467b9cc0730e6afe8cfb"	"merged-pr"	"56d449ef57e6ebe1861195e85c80dbc677e4dea1"	"2045"	"r3v: bind serial admission evidence to semantic identity"	"2026-08-29T11:05:57Z"	"r3v: bind serial admission evidence to semantic identity"	"r3v: bind serial admission evidence to semantic identity"	"Exact GitHub thread re-query plus resolution-source and current-source ancestry at the recorded target identity"
"PRRT_kwDOR3YK5M6ZrX1K"	"2026-08-17T02:35:31Z"	"https://github.com/Oichkatzelesfrettschen/mesa-26-gororoba/pull/1631#discussion_r3793497170"	"src/amd/r300/vulkan/r3v_native_queue.c"	"923"	"distinguish refused attempts from admissions"	"unassessed"	""	"resolved"	"same-source"	"bbd141b1fa639686fc4f467b9cc0730e6afe8cfb"	"merged-pr"	"56d449ef57e6ebe1861195e85c80dbc677e4dea1"	"2045"	"r3v: bind serial admission evidence to semantic identity"	"2026-08-29T11:05:57Z"	"src/amd/r300/vulkan/r3v_native_queue.c"	"679db29ab6cac279f4808a483a71af163429630f"	"bbd141b1fa639686fc4f467b9cc0730e6afe8cfb"	"merged-pr"	"56d449ef57e6ebe1861195e85c80dbc677e4dea1"	"2045"	"r3v: bind serial admission evidence to semantic identity"	"2026-08-29T11:05:57Z"	"r3v: bind serial admission evidence to semantic identity"	"r3v: bind serial admission evidence to semantic identity"	"Exact GitHub thread re-query plus resolution-source and current-source ancestry at the recorded target identity"
"PRRT_kwDOR3YK5M6Zsg50"	"2026-08-17T05:06:54Z"	"https://github.com/Oichkatzelesfrettschen/mesa-26-gororoba/pull/1633#discussion_r3793931168"	"src/amd/r300/vulkan/tests/r3v_native_attended_status_load_float2_tuple.c"	"745"	"stop waiting when the sampler has already stopped"	"unassessed"	""	"resolved"	"same-source"	"7014ec1ffa4d092d9e58ce479fb5acd469a38566"	"merged-pr"	"043055477cfcb8d66db3f3386e8aa596e8541b09"	"2054"	"r3v: retain status-load preparation failures"	"2026-08-29T13:58:52Z"	"src/amd/r300/vulkan/tests/r3v_native_attended_status_load_float2_tuple.c"	"a003b74fc8ab897bbdf5dc20a2a5091ccd3e9455"	"7014ec1ffa4d092d9e58ce479fb5acd469a38566"	"merged-pr"	"043055477cfcb8d66db3f3386e8aa596e8541b09"	"2054"	"r3v: retain status-load preparation failures"	"2026-08-29T13:58:52Z"	"r3v: retain status-load preparation failures"	"r3v: retain status-load preparation failures"	"Exact GitHub thread re-query plus resolution-source and current-source ancestry at the recorded target identity"
"PRRT_kwDOR3YK5M6Zsg5y"	"2026-08-17T05:06:54Z"	"https://github.com/Oichkatzelesfrettschen/mesa-26-gororoba/pull/1633#discussion_r3793931165"	"src/amd/r300/vulkan/tests/r3v_native_attended_status_load_float2_tuple.c"	"745"	"place the census gate immediately before submission"	"unassessed"	""	"resolved"	"same-source"	"7014ec1ffa4d092d9e58ce479fb5acd469a38566"	"merged-pr"	"043055477cfcb8d66db3f3386e8aa596e8541b09"	"2054"	"r3v: retain status-load preparation failures"	"2026-08-29T13:58:52Z"	"src/amd/r300/vulkan/tests/r3v_native_attended_status_load_float2_tuple.c"	"a003b74fc8ab897bbdf5dc20a2a5091ccd3e9455"	"7014ec1ffa4d092d9e58ce479fb5acd469a38566"	"merged-pr"	"043055477cfcb8d66db3f3386e8aa596e8541b09"	"2054"	"r3v: retain status-load preparation failures"	"2026-08-29T13:58:52Z"	"r3v: retain status-load preparation failures"	"r3v: retain status-load preparation failures"	"Exact GitHub thread re-query plus resolution-source and current-source ancestry at the recorded target identity"
"PRRT_kwDOR3YK5M6Zs0iX"	"2026-08-17T05:42:11Z"	"https://github.com/Oichkatzelesfrettschen/mesa-26-gororoba/pull/1634#discussion_r3794048564"	"src/amd/r300/vulkan/tests/r3v_native_attended_status_load_float2_tuple.c"	"456"	"verify the sampler mode before declaring census absence"	"unassessed"	""	"resolved"	"same-source"	"7014ec1ffa4d092d9e58ce479fb5acd469a38566"	"merged-pr"	"043055477cfcb8d66db3f3386e8aa596e8541b09"	"2054"	"r3v: retain status-load preparation failures"	"2026-08-29T13:58:52Z"	"src/amd/r300/vulkan/tests/r3v_native_attended_status_load_float2_tuple.c"	"a003b74fc8ab897bbdf5dc20a2a5091ccd3e9455"	"7014ec1ffa4d092d9e58ce479fb5acd469a38566"	"merged-pr"	"043055477cfcb8d66db3f3386e8aa596e8541b09"	"2054"	"r3v: retain status-load preparation failures"	"2026-08-29T13:58:52Z"	"r3v: retain status-load preparation failures"	"r3v: retain status-load preparation failures"	"Exact GitHub thread re-query plus resolution-source and current-source ancestry at the recorded target identity"
"PRRT_kwDOR3YK5M6Zs0iZ"	"2026-08-17T05:42:12Z"	"https://github.com/Oichkatzelesfrettschen/mesa-26-gororoba/pull/1634#discussion_r3794048569"	"src/amd/r300/vulkan/tests/r3v_native_attended_status_load_float2_tuple.c"	"749"	"synchronize both control legs on the same barrier"	"unassessed"	""	"resolved"	"same-source"	"7014ec1ffa4d092d9e58ce479fb5acd469a38566"	"merged-pr"	"043055477cfcb8d66db3f3386e8aa596e8541b09"	"2054"	"r3v: retain status-load preparation failures"	"2026-08-29T13:58:52Z"	"src/amd/r300/vulkan/tests/r3v_native_attended_status_load_float2_tuple.c"	"a003b74fc8ab897bbdf5dc20a2a5091ccd3e9455"	"7014ec1ffa4d092d9e58ce479fb5acd469a38566"	"merged-pr"	"043055477cfcb8d66db3f3386e8aa596e8541b09"	"2054"	"r3v: retain status-load preparation failures"	"2026-08-29T13:58:52Z"	"r3v: retain status-load preparation failures"	"r3v: retain status-load preparation failures"	"Exact GitHub thread re-query plus resolution-source and current-source ancestry at the recorded target identity"
"PRRT_kwDOR3YK5M6Z6OR5"	"2026-08-17T22:08:34Z"	"https://github.com/Oichkatzelesfrettschen/mesa-26-gororoba/pull/1635#discussion_r3799168324"	"src/gallium/drivers/r300/r300_r2vb.c"	"1"	"restore the truncated gallium r300 r2vb source"	"unassessed"	""	"resolved"	"same-source"	"ae6e610ef98dbb0205e6bf6ef6a1ab79d7c53de7"	"merged-pr"	"8cdc9715221cd8a77db259655a013ac23d5f27e7"	"2041"	"r300: separate PM4 vertex index and count limits"	"2026-08-29T09:01:16Z"	"src/gallium/drivers/r300/r300_r2vb.c"	"9a5b7eadb021a26eabf7076907774f610701cbb5"	"ae6e610ef98dbb0205e6bf6ef6a1ab79d7c53de7"	"merged-pr"	"8cdc9715221cd8a77db259655a013ac23d5f27e7"	"2041"	"r300: separate PM4 vertex index and count limits"	"2026-08-29T09:01:16Z"	"r300: separate PM4 vertex index and count limits"	"r300: separate PM4 vertex index and count limits"	"Exact GitHub thread re-query plus resolution-source and current-source ancestry at the recorded target identity"
"PRRT_kwDOR3YK5M6Z6OR9"	"2026-08-17T22:08:34Z"	"https://github.com/Oichkatzelesfrettschen/mesa-26-gororoba/pull/1635#discussion_r3799168328"	"src/amd/r300/vulkan/r3v_pipeline.c"	"1"	"restore the truncated r3v pipeline source"	"unassessed"	""	"resolved"	"removed-source"	"57cd7d18c3db8e4e49b94006c5974c1d68dfa5b7"	"merged-pr"	"57cd7d18c3db8e4e49b94006c5974c1d68dfa5b7"	"1698"	"r3v: delete the Gallium-backed Vulkan lane"	"2026-08-22T21:53:38Z"	""	"removed"	""	""	""	""	""	""	""	"r3v: delete the Gallium-backed Vulkan lane"	"Exact GitHub thread re-query plus resolution-source and current-source ancestry at the recorded target identity"
"PRRT_kwDOR3YK5M6Z6OSA"	"2026-08-17T22:08:34Z"	"https://github.com/Oichkatzelesfrettschen/mesa-26-gororoba/pull/1635#discussion_r3799168333"	"src/gallium/drivers/r300/ci/gitlab-ci-inc.yml"	"16"	"include the relocated gallium tests in r300 ci rules"	"unassessed"	""	"resolved"	"same-source"	"b7187ec551a353a2f224acc73f70b864e95967f4"	"merged-pr"	"530b7cc51154751cd4910c37145d16785769e794"	"2048"	"r300: cover nested tests in CI changes"	"2026-08-29T12:25:37Z"	"src/gallium/drivers/r300/ci/gitlab-ci-inc.yml"	"3a69635fbc349dd82a67ffadaf66b9ca639bd419"	"b7187ec551a353a2f224acc73f70b864e95967f4"	"merged-pr"	"530b7cc51154751cd4910c37145d16785769e794"	"2048"	"r300: cover nested tests in CI changes"	"2026-08-29T12:25:37Z"	"r300: cover nested tests in CI changes"	"r300: cover nested tests in CI changes"	"Exact GitHub thread re-query plus resolution-source and current-source ancestry at the recorded target identity"
"PRRT_kwDOR3YK5M6aUhQv"	"2026-08-19T01:40:42Z"	"https://github.com/Oichkatzelesfrettschen/mesa-26-gororoba/pull/1638#discussion_r3809414970"	"src/amd/r300/compiler/r300_r2vb_nir.c"	"186"	"restore the restager symbol discovery record"	"repair-required"	"The comment names a repository-relative command that locates the restager and its passes."	"resolved"	"same-source"	"6208e8d8c6d9ebd9c72aa12d0110700f3e6a4d33"	"merged-pr"	"1bc48e28cc13fbf93e0618af72c07d0c5a105557"	"2049"	"r300: restore symbol discovery provenance"	"2026-08-29T12:40:25Z"	"src/amd/r300/compiler/r300_r2vb_nir.c"	"c2ddbb66bb44a7262d37938d1361db2ed94907ba"	"6208e8d8c6d9ebd9c72aa12d0110700f3e6a4d33"	"merged-pr"	"1bc48e28cc13fbf93e0618af72c07d0c5a105557"	"2049"	"r300: restore symbol discovery provenance"	"2026-08-29T12:40:25Z"	"r300: restore symbol discovery provenance"	"r300: restore symbol discovery provenance"	"Exact GitHub thread re-query plus resolution-source and current-source ancestry at the recorded target identity"
"PRRT_kwDOR3YK5M6aUw6Y"	"2026-08-19T02:04:19Z"	"https://github.com/Oichkatzelesfrettschen/mesa-26-gororoba/pull/1639#discussion_r3809511892"	"src/amd/r300/common/r300_pm4_builder.c"	"173"	"reserve the complete immediate draw before writing its prefix"	"repair-required"	"A one-dword-short destination preserves both the prior words and builder count unchanged."	"resolved"	"same-source"	"03d7945b17914dde1f6a06e9bfcbf205413d5c0e"	"merged-pr"	"3c3913df074594c3d4d6d9d840c2f68805dc18fb"	"2050"	"r300 immediate draw atomic PM4 reservation"	"2026-08-29T12:48:55Z"	"src/amd/r300/common/r300_pm4_builder.c"	"0b0b58ac59f76da62bab340aa7a06e740074b1c2"	"03d7945b17914dde1f6a06e9bfcbf205413d5c0e"	"merged-pr"	"3c3913df074594c3d4d6d9d840c2f68805dc18fb"	"2050"	"r300 immediate draw atomic PM4 reservation"	"2026-08-29T12:48:55Z"	"r300: reserve immediate draw PM4 prefix atomically"	"r300: reserve immediate draw PM4 prefix atomically"	"Exact GitHub thread re-query plus resolution-source and current-source ancestry at the recorded target identity"
"PRRT_kwDOR3YK5M6aV-cR"	"2026-08-19T04:12:56Z"	"https://github.com/Oichkatzelesfrettschen/mesa-26-gororoba/pull/1641#discussion_r3809991210"	"src/amd/r300/vulkan/r3v_native_queue.c"	"1010"	"keep transcript i o outside timed transport intervals"	"unassessed"	""	"resolved"	"same-source"	"bbd141b1fa639686fc4f467b9cc0730e6afe8cfb"	"merged-pr"	"56d449ef57e6ebe1861195e85c80dbc677e4dea1"	"2045"	"r3v: bind serial admission evidence to semantic identity"	"2026-08-29T11:05:57Z"	"src/amd/r300/vulkan/r3v_native_queue.c"	"679db29ab6cac279f4808a483a71af163429630f"	"bbd141b1fa639686fc4f467b9cc0730e6afe8cfb"	"merged-pr"	"56d449ef57e6ebe1861195e85c80dbc677e4dea1"	"2045"	"r3v: bind serial admission evidence to semantic identity"	"2026-08-29T11:05:57Z"	"r3v: bind serial admission evidence to semantic identity"	"r3v: bind serial admission evidence to semantic identity"	"Exact GitHub thread re-query plus resolution-source and current-source ancestry at the recorded target identity"
"PRRT_kwDOR3YK5M6aV-cS"	"2026-08-19T04:12:56Z"	"https://github.com/Oichkatzelesfrettschen/mesa-26-gororoba/pull/1641#discussion_r3809991213"	"src/amd/r300/vulkan/tests/r3v_native_attended_status_load_float2_tuple.c"	"362"	"perform the status query inside its labeled interval"	"unassessed"	""	"resolved"	"same-source"	"7014ec1ffa4d092d9e58ce479fb5acd469a38566"	"merged-pr"	"043055477cfcb8d66db3f3386e8aa596e8541b09"	"2054"	"r3v: retain status-load preparation failures"	"2026-08-29T13:58:52Z"	"src/amd/r300/vulkan/tests/r3v_native_attended_status_load_float2_tuple.c"	"a003b74fc8ab897bbdf5dc20a2a5091ccd3e9455"	"7014ec1ffa4d092d9e58ce479fb5acd469a38566"	"merged-pr"	"043055477cfcb8d66db3f3386e8aa596e8541b09"	"2054"	"r3v: retain status-load preparation failures"	"2026-08-29T13:58:52Z"	"r3v: retain status-load preparation failures"	"r3v: retain status-load preparation failures"	"Exact GitHub thread re-query plus resolution-source and current-source ancestry at the recorded target identity"
"PRRT_kwDOR3YK5M6aV-cU"	"2026-08-19T04:12:56Z"	"https://github.com/Oichkatzelesfrettschen/mesa-26-gororoba/pull/1641#discussion_r3809991215"	"src/amd/r300/vulkan/tests/r3v_native_attended_status_load_float2_tuple.c"	"230"	"validate protocol identity before retaining the datagram"	"unassessed"	""	"resolved"	"same-source"	"7014ec1ffa4d092d9e58ce479fb5acd469a38566"	"merged-pr"	"043055477cfcb8d66db3f3386e8aa596e8541b09"	"2054"	"r3v: retain status-load preparation failures"	"2026-08-29T13:58:52Z"	"src/amd/r300/vulkan/tests/r3v_native_attended_status_load_float2_tuple.c"	"a003b74fc8ab897bbdf5dc20a2a5091ccd3e9455"	"7014ec1ffa4d092d9e58ce479fb5acd469a38566"	"merged-pr"	"043055477cfcb8d66db3f3386e8aa596e8541b09"	"2054"	"r3v: retain status-load preparation failures"	"2026-08-29T13:58:52Z"	"r3v: retain status-load preparation failures"	"r3v: retain status-load preparation failures"	"Exact GitHub thread re-query plus resolution-source and current-source ancestry at the recorded target identity"
"PRRT_kwDOR3YK5M6aftQZ"	"2026-08-19T14:14:03Z"	"https://github.com/Oichkatzelesfrettschen/mesa-26-gororoba/pull/1643#discussion_r3813763066"	"src/amd/r300/cpu/r300_cpu_vertex_job.c"	"179"	"force separate dp4 multiply and add roundings"	"unassessed"	""	"resolved"	"same-source"	"761be63d623b1eeeb6a46274cf1792c840c0b086"	"merged-pr"	"588703da371efa4966c1da6a8986e3d9b9e7a0ff"	"2052"	"r300: preserve CPU vertex lane and index domains"	"2026-08-29T13:40:12Z"	"src/amd/r300/cpu/r300_cpu_vertex_job.c"	"51526cb2b4c6d312ee024d705abbec921b2abfdb"	"761be63d623b1eeeb6a46274cf1792c840c0b086"	"merged-pr"	"588703da371efa4966c1da6a8986e3d9b9e7a0ff"	"2052"	"r300: preserve CPU vertex lane and index domains"	"2026-08-29T13:40:12Z"	"r300: preserve CPU vertex lane and index domains"	"r300: preserve CPU vertex lane and index domains"	"Exact GitHub thread re-query plus resolution-source and current-source ancestry at the recorded target identity"
"PRRT_kwDOR3YK5M6aftQk"	"2026-08-19T14:14:03Z"	"https://github.com/Oichkatzelesfrettschen/mesa-26-gororoba/pull/1643#discussion_r3813763080"	"src/amd/r300/cpu/r300_cpu_vertex_job.c"	"21"	"decode gathered lanes from little endian bytes"	"unassessed"	""	"resolved"	"same-source"	"761be63d623b1eeeb6a46274cf1792c840c0b086"	"merged-pr"	"588703da371efa4966c1da6a8986e3d9b9e7a0ff"	"2052"	"r300: preserve CPU vertex lane and index domains"	"2026-08-29T13:40:12Z"	"src/amd/r300/cpu/r300_cpu_vertex_job.c"	"51526cb2b4c6d312ee024d705abbec921b2abfdb"	"761be63d623b1eeeb6a46274cf1792c840c0b086"	"merged-pr"	"588703da371efa4966c1da6a8986e3d9b9e7a0ff"	"2052"	"r300: preserve CPU vertex lane and index domains"	"2026-08-29T13:40:12Z"	"r300: preserve CPU vertex lane and index domains"	"r300: preserve CPU vertex lane and index domains"	"Exact GitHub thread re-query plus resolution-source and current-source ancestry at the recorded target identity"
"PRRT_kwDOR3YK5M6aftQu"	"2026-08-19T14:14:03Z"	"https://github.com/Oichkatzelesfrettschen/mesa-26-gororoba/pull/1643#discussion_r3813763093"	"src/amd/r300/cpu/r300_cpu_vertex_job.c"	"129"	"preserve 64 bit vertex indices across the loop"	"unassessed"	""	"resolved"	"same-source"	"761be63d623b1eeeb6a46274cf1792c840c0b086"	"merged-pr"	"588703da371efa4966c1da6a8986e3d9b9e7a0ff"	"2052"	"r300: preserve CPU vertex lane and index domains"	"2026-08-29T13:40:12Z"	"src/amd/r300/cpu/r300_cpu_vertex_job.c"	"51526cb2b4c6d312ee024d705abbec921b2abfdb"	"761be63d623b1eeeb6a46274cf1792c840c0b086"	"merged-pr"	"588703da371efa4966c1da6a8986e3d9b9e7a0ff"	"2052"	"r300: preserve CPU vertex lane and index domains"	"2026-08-29T13:40:12Z"	"r300: preserve CPU vertex lane and index domains"	"r300: preserve CPU vertex lane and index domains"	"Exact GitHub thread re-query plus resolution-source and current-source ancestry at the recorded target identity"
"PRRT_kwDOR3YK5M6agIl-"	"2026-08-19T14:33:35Z"	"https://github.com/Oichkatzelesfrettschen/mesa-26-gororoba/pull/1644#discussion_r3813928240"	"src/amd/r300/compiler/r300_vertex_job_nir.h"	"19"	"add the discovery method for the all consumer claim"	"unassessed"	""	"resolved"	"same-source"	"0d269e13d882c2f41e864a5d0dc039a9cb5c0d4a"	"merged-pr"	"2470d3b728de9bae3919745550f7e1d5735812ef"	"2053"	"r3v: document semantic vertex position contract"	"2026-08-29T13:52:55Z"	"src/amd/r300/compiler/r300_vertex_job_nir.h"	"cedef41a406ef9451a7c0d5a72813720d678c838"	"0d269e13d882c2f41e864a5d0dc039a9cb5c0d4a"	"merged-pr"	"2470d3b728de9bae3919745550f7e1d5735812ef"	"2053"	"r3v: document semantic vertex position contract"	"2026-08-29T13:52:55Z"	"r3v: document semantic vertex position contract"	"r3v: document semantic vertex position contract"	"Exact GitHub thread re-query plus resolution-source and current-source ancestry at the recorded target identity"
"PRRT_kwDOR3YK5M6agIl4"	"2026-08-19T14:33:35Z"	"https://github.com/Oichkatzelesfrettschen/mesa-26-gororoba/pull/1644#discussion_r3813928232"	"src/amd/r300/compiler/r300_vertex_job_nir.c"	"203"	"preserve fused semantics when lowering ffma"	"unassessed"	""	"resolved"	"same-source"	"41d774592cb536a8f74e5247c9a9a855725b397e"	"merged-pr"	"41d774592cb536a8f74e5247c9a9a855725b397e"	"1722"	"r3v: read several vertex attributes through per-slot streams with alias and overlap refusals"	"2026-08-23T08:19:56Z"	"src/amd/r300/compiler/r300_vertex_job_nir.c"	"a147b7ce2cf96bf0cf72a62c86a3b1061d3bd928"	"41d774592cb536a8f74e5247c9a9a855725b397e"	"merged-pr"	"41d774592cb536a8f74e5247c9a9a855725b397e"	"1722"	"r3v: read several vertex attributes through per-slot streams with alias and overlap refusals"	"2026-08-23T08:19:56Z"	"r3v: read several vertex attributes through per-slot streams with alias and overlap refusals"	"r3v: read several vertex attributes through per-slot streams with alias and overlap refusals"	"Exact GitHub thread re-query plus resolution-source and current-source ancestry at the recorded target identity"
"PRRT_kwDOR3YK5M6agImF"	"2026-08-19T14:33:35Z"	"https://github.com/Oichkatzelesfrettschen/mesa-26-gororoba/pull/1644#discussion_r3813928248"	"src/amd/r300/vulkan/r3v_native_cell.c"	"462"	"describe computed positions in the viewport contract"	"unassessed"	""	"resolved"	"same-source"	"aa62b70798ae6ddc3a07e1da7989568d18b4be4d"	"merged-pr"	"b01c1dcb5a836bb8a64fcc3890c5cd73fe0e09b1"	"2056"	"r3v GPU producer viewport and carrier retention"	"2026-08-29T15:06:35Z"	"src/amd/r300/vulkan/r3v_native_cell.c"	"9c7b1daf0877bcc03e27fb883ec8041580435e01"	"aa62b70798ae6ddc3a07e1da7989568d18b4be4d"	"merged-pr"	"b01c1dcb5a836bb8a64fcc3890c5cd73fe0e09b1"	"2056"	"r3v GPU producer viewport and carrier retention"	"2026-08-29T15:06:35Z"	"r3v: project GPU producer positions before carrier emission"	"r3v: project GPU producer positions before carrier emission"	"Exact GitHub thread re-query plus resolution-source and current-source ancestry at the recorded target identity"
"PRRT_kwDOR3YK5M6ahapL"	"2026-08-19T15:35:07Z"	"https://github.com/Oichkatzelesfrettschen/mesa-26-gororoba/pull/1646#discussion_r3814423871"	"src/amd/r300/cpu/r300_cpu_vertex_job.c"	"274"	"define nan propagation before asserting bit identity"	"unassessed"	""	"resolved"	"same-source"	"761be63d623b1eeeb6a46274cf1792c840c0b086"	"merged-pr"	"588703da371efa4966c1da6a8986e3d9b9e7a0ff"	"2052"	"r300: preserve CPU vertex lane and index domains"	"2026-08-29T13:40:12Z"	"src/amd/r300/cpu/r300_cpu_vertex_job.c"	"51526cb2b4c6d312ee024d705abbec921b2abfdb"	"761be63d623b1eeeb6a46274cf1792c840c0b086"	"merged-pr"	"588703da371efa4966c1da6a8986e3d9b9e7a0ff"	"2052"	"r300: preserve CPU vertex lane and index domains"	"2026-08-29T13:40:12Z"	"r300: preserve CPU vertex lane and index domains"	"r300: preserve CPU vertex lane and index domains"	"Exact GitHub thread re-query plus resolution-source and current-source ancestry at the recorded target identity"
"PRRT_kwDOR3YK5M6ahkG-"	"2026-08-19T15:41:34Z"	"https://github.com/Oichkatzelesfrettschen/mesa-26-gororoba/pull/1647#discussion_r3814479965"	"src/amd/r300/vulkan/tests/r3v_native_attended_status_load_float2_tuple.c"	"730"	"cite the transport claim s symbol discovery path"	"unassessed"	""	"resolved"	"same-source"	"7014ec1ffa4d092d9e58ce479fb5acd469a38566"	"merged-pr"	"043055477cfcb8d66db3f3386e8aa596e8541b09"	"2054"	"r3v: retain status-load preparation failures"	"2026-08-29T13:58:52Z"	"src/amd/r300/vulkan/tests/r3v_native_attended_status_load_float2_tuple.c"	"a003b74fc8ab897bbdf5dc20a2a5091ccd3e9455"	"7014ec1ffa4d092d9e58ce479fb5acd469a38566"	"merged-pr"	"043055477cfcb8d66db3f3386e8aa596e8541b09"	"2054"	"r3v: retain status-load preparation failures"	"2026-08-29T13:58:52Z"	"r3v: retain status-load preparation failures"	"r3v: retain status-load preparation failures"	"Exact GitHub thread re-query plus resolution-source and current-source ancestry at the recorded target identity"
"PRRT_kwDOR3YK5M6ahkHF"	"2026-08-19T15:41:34Z"	"https://github.com/Oichkatzelesfrettschen/mesa-26-gororoba/pull/1647#discussion_r3814479975"	"src/amd/r300/vulkan/tests/r3v_native_attended_status_load_float2_tuple.c"	"740"	"validate the nonce before consuming authorization"	"unassessed"	""	"resolved"	"same-source"	"7014ec1ffa4d092d9e58ce479fb5acd469a38566"	"merged-pr"	"043055477cfcb8d66db3f3386e8aa596e8541b09"	"2054"	"r3v: retain status-load preparation failures"	"2026-08-29T13:58:52Z"	"src/amd/r300/vulkan/tests/r3v_native_attended_status_load_float2_tuple.c"	"a003b74fc8ab897bbdf5dc20a2a5091ccd3e9455"	"7014ec1ffa4d092d9e58ce479fb5acd469a38566"	"merged-pr"	"043055477cfcb8d66db3f3386e8aa596e8541b09"	"2054"	"r3v: retain status-load preparation failures"	"2026-08-29T13:58:52Z"	"r3v: retain status-load preparation failures"	"r3v: retain status-load preparation failures"	"Exact GitHub thread re-query plus resolution-source and current-source ancestry at the recorded target identity"
"PRRT_kwDOR3YK5M6ahkHN"	"2026-08-19T15:41:34Z"	"https://github.com/Oichkatzelesfrettschen/mesa-26-gororoba/pull/1647#discussion_r3814479988"	"src/amd/r300/vulkan/tests/r3v_native_attended_status_load_float2_tuple.c"	"743"	"retain preparation failures in the outcome"	"unassessed"	""	"resolved"	"same-source"	"7014ec1ffa4d092d9e58ce479fb5acd469a38566"	"merged-pr"	"043055477cfcb8d66db3f3386e8aa596e8541b09"	"2054"	"r3v: retain status-load preparation failures"	"2026-08-29T13:58:52Z"	"src/amd/r300/vulkan/tests/r3v_native_attended_status_load_float2_tuple.c"	"a003b74fc8ab897bbdf5dc20a2a5091ccd3e9455"	"7014ec1ffa4d092d9e58ce479fb5acd469a38566"	"merged-pr"	"043055477cfcb8d66db3f3386e8aa596e8541b09"	"2054"	"r3v: retain status-load preparation failures"	"2026-08-29T13:58:52Z"	"r3v: retain status-load preparation failures"	"r3v: retain status-load preparation failures"	"Exact GitHub thread re-query plus resolution-source and current-source ancestry at the recorded target identity"
"PRRT_kwDOR3YK5M6ajnPC"	"2026-08-19T17:31:25Z"	"https://github.com/Oichkatzelesfrettschen/mesa-26-gororoba/pull/1648#discussion_r3815282988"	"src/amd/r300/vulkan/tests/r3v_native_burst_cell_harness.c"	"480"	"derive the evidence directory from an explicit root"	"unassessed"	""	"resolved"	"same-source"	"99b06c460b894559903321a88c26b6addad2b79c"	"merged-pr"	"e3ea414d33d430b41187cebe1a1987e06fcc42a0"	"2055"	"r3v: make tuple-width burst evidence paths explicit"	"2026-08-29T14:13:48Z"	"src/amd/r300/vulkan/tests/r3v_native_burst_cell_harness.c"	"33621a1c7cb3748ea34452554bc8ad996b64896a"	"99b06c460b894559903321a88c26b6addad2b79c"	"merged-pr"	"e3ea414d33d430b41187cebe1a1987e06fcc42a0"	"2055"	"r3v: make tuple-width burst evidence paths explicit"	"2026-08-29T14:13:48Z"	"r3v: make tuple-width burst evidence paths explicit"	"r3v: make tuple-width burst evidence paths explicit"	"Exact GitHub thread re-query plus resolution-source and current-source ancestry at the recorded target identity"
"PRRT_kwDOR3YK5M6ajnPI"	"2026-08-19T17:31:25Z"	"https://github.com/Oichkatzelesfrettschen/mesa-26-gororoba/pull/1648#discussion_r3815282998"	"src/amd/r300/common/r300_r2vb_float2_tuple_pass.c"	"64"	"add discovery provenance to the float 4 fetch claim"	"repair-required"	"The comment names the owning register contract and a command that locates it."	"resolved"	"same-source"	"6208e8d8c6d9ebd9c72aa12d0110700f3e6a4d33"	"merged-pr"	"1bc48e28cc13fbf93e0618af72c07d0c5a105557"	"2049"	"r300: restore symbol discovery provenance"	"2026-08-29T12:40:25Z"	"src/amd/r300/common/r300_r2vb_float2_tuple_pass.c"	"3581a1093124a8eb51a396598a5904bf0fa08725"	"6208e8d8c6d9ebd9c72aa12d0110700f3e6a4d33"	"merged-pr"	"1bc48e28cc13fbf93e0618af72c07d0c5a105557"	"2049"	"r300: restore symbol discovery provenance"	"2026-08-29T12:40:25Z"	"r300: restore symbol discovery provenance"	"r300: restore symbol discovery provenance"	"Exact GitHub thread re-query plus resolution-source and current-source ancestry at the recorded target identity"
"PRRT_kwDOR3YK5M6ajnPN"	"2026-08-19T17:31:25Z"	"https://github.com/Oichkatzelesfrettschen/mesa-26-gororoba/pull/1648#discussion_r3815283005"	"src/amd/r300/common/tests/run_r2vb_float2_tuple_burst_replay.sh"	"149"	"rename the replay tooling to describe both fetch widths"	"repair-required"	"Durable tool names describe both fetch widths or each width has a separately named tool."	"resolved"	"renamed-source"	"99b06c460b894559903321a88c26b6addad2b79c"	"merged-pr"	"e3ea414d33d430b41187cebe1a1987e06fcc42a0"	"2055"	"r3v: make tuple-width burst evidence paths explicit"	"2026-08-29T14:13:48Z"	"src/amd/r300/common/tests/run_r2vb_tuple_width_burst_replay.sh"	"6f6cfc79d0d323d548e0affbaa75e5a9ccb22cf1"	"99b06c460b894559903321a88c26b6addad2b79c"	"merged-pr"	"e3ea414d33d430b41187cebe1a1987e06fcc42a0"	"2055"	"r3v: make tuple-width burst evidence paths explicit"	"2026-08-29T14:13:48Z"	"r3v: make tuple-width burst evidence paths explicit"	"r3v: make tuple-width burst evidence paths explicit"	"Exact GitHub thread re-query plus resolution-source and current-source ancestry at the recorded target identity"
"PRRT_kwDOR3YK5M6ao044"	"2026-08-19T22:52:42Z"	"https://github.com/Oichkatzelesfrettschen/mesa-26-gororoba/pull/1651#discussion_r3817323868"	"src/amd/r300/vulkan/r3v_native_queue.c"	"1387"	"mark the transport completed before returning the verdict"	"unassessed"	""	"resolved"	"same-source"	"bbd141b1fa639686fc4f467b9cc0730e6afe8cfb"	"merged-pr"	"56d449ef57e6ebe1861195e85c80dbc677e4dea1"	"2045"	"r3v: bind serial admission evidence to semantic identity"	"2026-08-29T11:05:57Z"	"src/amd/r300/vulkan/r3v_native_queue.c"	"679db29ab6cac279f4808a483a71af163429630f"	"bbd141b1fa639686fc4f467b9cc0730e6afe8cfb"	"merged-pr"	"56d449ef57e6ebe1861195e85c80dbc677e4dea1"	"2045"	"r3v: bind serial admission evidence to semantic identity"	"2026-08-29T11:05:57Z"	"r3v: bind serial admission evidence to semantic identity"	"r3v: bind serial admission evidence to semantic identity"	"Exact GitHub thread re-query plus resolution-source and current-source ancestry at the recorded target identity"
"PRRT_kwDOR3YK5M6ao04o"	"2026-08-19T22:52:42Z"	"https://github.com/Oichkatzelesfrettschen/mesa-26-gororoba/pull/1651#discussion_r3817323843"	"src/amd/r300/vulkan/r3v_native_cell.c"	"645"	"apply the viewport transform before emitting producer records"	"unassessed"	""	"resolved"	"same-source"	"aa62b70798ae6ddc3a07e1da7989568d18b4be4d"	"merged-pr"	"b01c1dcb5a836bb8a64fcc3890c5cd73fe0e09b1"	"2056"	"r3v GPU producer viewport and carrier retention"	"2026-08-29T15:06:35Z"	"src/amd/r300/vulkan/r3v_native_cell.c"	"9c7b1daf0877bcc03e27fb883ec8041580435e01"	"aa62b70798ae6ddc3a07e1da7989568d18b4be4d"	"merged-pr"	"b01c1dcb5a836bb8a64fcc3890c5cd73fe0e09b1"	"2056"	"r3v GPU producer viewport and carrier retention"	"2026-08-29T15:06:35Z"	"r3v: project GPU producer positions before carrier emission"	"r3v: project GPU producer positions before carrier emission"	"Exact GitHub thread re-query plus resolution-source and current-source ancestry at the recorded target identity"
"PRRT_kwDOR3YK5M6ao04s"	"2026-08-19T22:52:42Z"	"https://github.com/Oichkatzelesfrettschen/mesa-26-gororoba/pull/1651#discussion_r3817323849"	"src/amd/r300/vulkan/r3v_native_cell.c"	"703"	"defer command buffer mutation until carrier mapping succeeds"	"unassessed"	""	"resolved"	"same-source"	"aa62b70798ae6ddc3a07e1da7989568d18b4be4d"	"merged-pr"	"b01c1dcb5a836bb8a64fcc3890c5cd73fe0e09b1"	"2056"	"r3v GPU producer viewport and carrier retention"	"2026-08-29T15:06:35Z"	"src/amd/r300/vulkan/r3v_native_cell.c"	"9c7b1daf0877bcc03e27fb883ec8041580435e01"	"aa62b70798ae6ddc3a07e1da7989568d18b4be4d"	"merged-pr"	"b01c1dcb5a836bb8a64fcc3890c5cd73fe0e09b1"	"2056"	"r3v GPU producer viewport and carrier retention"	"2026-08-29T15:06:35Z"	"r3v: project GPU producer positions before carrier emission"	"r3v: project GPU producer positions before carrier emission"	"Exact GitHub thread re-query plus resolution-source and current-source ancestry at the recorded target identity"
"PRRT_kwDOR3YK5M6ao04y"	"2026-08-19T22:52:42Z"	"https://github.com/Oichkatzelesfrettschen/mesa-26-gororoba/pull/1651#discussion_r3817323858"	"src/amd/r300/vulkan/r3v_native_cell.c"	"785"	"propagate observed carrier retention failures"	"unassessed"	""	"resolved"	"same-source"	"aa62b70798ae6ddc3a07e1da7989568d18b4be4d"	"merged-pr"	"b01c1dcb5a836bb8a64fcc3890c5cd73fe0e09b1"	"2056"	"r3v GPU producer viewport and carrier retention"	"2026-08-29T15:06:35Z"	"src/amd/r300/vulkan/r3v_native_cell.c"	"9c7b1daf0877bcc03e27fb883ec8041580435e01"	"aa62b70798ae6ddc3a07e1da7989568d18b4be4d"	"merged-pr"	"b01c1dcb5a836bb8a64fcc3890c5cd73fe0e09b1"	"2056"	"r3v GPU producer viewport and carrier retention"	"2026-08-29T15:06:35Z"	"r3v: project GPU producer positions before carrier emission"	"r3v: project GPU producer positions before carrier emission"	"Exact GitHub thread re-query plus resolution-source and current-source ancestry at the recorded target identity"
"PRRT_kwDOR3YK5M6ao71J"	"2026-08-19T23:00:53Z"	"https://github.com/Oichkatzelesfrettschen/mesa-26-gororoba/pull/1652#discussion_r3817367141"	"src/amd/r300/vulkan/tests/r3v_native_separation_audit.py"	"72"	"handle elif when tracking native active regions"	"unassessed"	""	"resolved"	"same-source"	"82087a506a7f43a7603ca36e5431a8aa24f08396"	"merged-pr"	"ba1652a87e55351b40743b79f0bec9dee44a9f6b"	"2057"	"r3v native separation audit input validation"	"2026-08-29T15:35:47Z"	"src/amd/r300/vulkan/tests/r3v_native_separation_audit.py"	"390d72d98d45528d37046a34bf692cdf818fecee"	"82087a506a7f43a7603ca36e5431a8aa24f08396"	"merged-pr"	"ba1652a87e55351b40743b79f0bec9dee44a9f6b"	"2057"	"r3v native separation audit input validation"	"2026-08-29T15:35:47Z"	"r3v: harden native separation audit inputs"	"r3v: harden native separation audit inputs"	"Exact GitHub thread re-query plus resolution-source and current-source ancestry at the recorded target identity"
"PRRT_kwDOR3YK5M6ao71M"	"2026-08-19T23:00:53Z"	"https://github.com/Oichkatzelesfrettschen/mesa-26-gororoba/pull/1652#discussion_r3817367144"	"src/amd/r300/vulkan/tests/r3v_native_separation_audit.py"	"150"	"parse split include directory arguments"	"unassessed"	""	"resolved"	"same-source"	"82087a506a7f43a7603ca36e5431a8aa24f08396"	"merged-pr"	"ba1652a87e55351b40743b79f0bec9dee44a9f6b"	"2057"	"r3v native separation audit input validation"	"2026-08-29T15:35:47Z"	"src/amd/r300/vulkan/tests/r3v_native_separation_audit.py"	"390d72d98d45528d37046a34bf692cdf818fecee"	"82087a506a7f43a7603ca36e5431a8aa24f08396"	"merged-pr"	"ba1652a87e55351b40743b79f0bec9dee44a9f6b"	"2057"	"r3v native separation audit input validation"	"2026-08-29T15:35:47Z"	"r3v: harden native separation audit inputs"	"r3v: harden native separation audit inputs"	"Exact GitHub thread re-query plus resolution-source and current-source ancestry at the recorded target identity"
"PRRT_kwDOR3YK5M6ao71N"	"2026-08-19T23:00:53Z"	"https://github.com/Oichkatzelesfrettschen/mesa-26-gororoba/pull/1652#discussion_r3817367147"	"src/amd/r300/vulkan/tests/r3v_native_separation_audit.py"	"180"	"reject artifacts without a dynamic section"	"unassessed"	""	"resolved"	"same-source"	"82087a506a7f43a7603ca36e5431a8aa24f08396"	"merged-pr"	"ba1652a87e55351b40743b79f0bec9dee44a9f6b"	"2057"	"r3v native separation audit input validation"	"2026-08-29T15:35:47Z"	"src/amd/r300/vulkan/tests/r3v_native_separation_audit.py"	"390d72d98d45528d37046a34bf692cdf818fecee"	"82087a506a7f43a7603ca36e5431a8aa24f08396"	"merged-pr"	"ba1652a87e55351b40743b79f0bec9dee44a9f6b"	"2057"	"r3v native separation audit input validation"	"2026-08-29T15:35:47Z"	"r3v: harden native separation audit inputs"	"r3v: harden native separation audit inputs"	"Exact GitHub thread re-query plus resolution-source and current-source ancestry at the recorded target identity"
"PRRT_kwDOR3YK5M6ao71O"	"2026-08-19T23:00:53Z"	"https://github.com/Oichkatzelesfrettschen/mesa-26-gororoba/pull/1652#discussion_r3817367148"	"src/amd/r300/vulkan/r3v_physical_device.c"	"30"	"attach a discovery method to the header origin claim"	"unassessed"	""	"resolved"	"same-source"	"82087a506a7f43a7603ca36e5431a8aa24f08396"	"merged-pr"	"ba1652a87e55351b40743b79f0bec9dee44a9f6b"	"2057"	"r3v native separation audit input validation"	"2026-08-29T15:35:47Z"	"src/amd/r300/vulkan/r3v_physical_device.c"	"68b3f48e141f3f357796af9c910c1c9248028786"	"82087a506a7f43a7603ca36e5431a8aa24f08396"	"merged-pr"	"ba1652a87e55351b40743b79f0bec9dee44a9f6b"	"2057"	"r3v native separation audit input validation"	"2026-08-29T15:35:47Z"	"r3v: harden native separation audit inputs"	"r3v: harden native separation audit inputs"	"Exact GitHub thread re-query plus resolution-source and current-source ancestry at the recorded target identity"
"PRRT_kwDOR3YK5M6ao71S"	"2026-08-19T23:00:53Z"	"https://github.com/Oichkatzelesfrettschen/mesa-26-gororoba/pull/1652#discussion_r3817367155"	"src/amd/r300/vulkan/meson.build"	"414"	"give the pipe format provenance one canonical home"	"unassessed"	""	"resolved"	"same-source"	"82087a506a7f43a7603ca36e5431a8aa24f08396"	"merged-pr"	"ba1652a87e55351b40743b79f0bec9dee44a9f6b"	"2057"	"r3v native separation audit input validation"	"2026-08-29T15:35:47Z"	"src/amd/r300/vulkan/meson.build"	"7e26c2f56fb8b1afdd1ceb271412721de87f37d3"	"82087a506a7f43a7603ca36e5431a8aa24f08396"	"merged-pr"	"ba1652a87e55351b40743b79f0bec9dee44a9f6b"	"2057"	"r3v native separation audit input validation"	"2026-08-29T15:35:47Z"	"r3v: harden native separation audit inputs"	"r3v: harden native separation audit inputs"	"Exact GitHub thread re-query plus resolution-source and current-source ancestry at the recorded target identity"
"PRRT_kwDOR3YK5M6bF0Bc"	"2026-08-21T08:31:32Z"	"https://github.com/Oichkatzelesfrettschen/mesa-26-gororoba/pull/1673#discussion_r3828686140"	"src/amd/r300/cpu/r300_cpu_compute_job.c"	"52"	"preserve the shader s x only invocation domain"	"repair-required"	"Validation confines local and group Y/Z to one or execution follows the shader's actual indexing."	"resolved"	"same-source"	"d8f1c3c85cec7da7b274b817e3b6bfcff9170fd9"	"merged-pr"	"b08f77e7eb702ee60df8dc6e5227c18a3d1a6af8"	"2004"	"r300: constrain CPU compute dispatch to the x-only address domain"	"2026-08-28T20:57:47Z"	"src/amd/r300/cpu/r300_cpu_compute_job.c"	"78d942d56a0ea31c2298e95f6437aaa88e09aff2"	"d8f1c3c85cec7da7b274b817e3b6bfcff9170fd9"	"merged-pr"	"b08f77e7eb702ee60df8dc6e5227c18a3d1a6af8"	"2004"	"r300: constrain CPU compute dispatch to the x-only address domain"	"2026-08-28T20:57:47Z"	"r300: constrain CPU compute dispatch to the x-only address domain"	"r300: constrain CPU compute dispatch to the x-only address domain"	"Exact GitHub thread re-query plus resolution-source and current-source ancestry at the recorded target identity"
"PRRT_kwDOR3YK5M6bF0Bq"	"2026-08-21T08:31:32Z"	"https://github.com/Oichkatzelesfrettschen/mesa-26-gororoba/pull/1673#discussion_r3828686159"	"src/amd/r300/cpu/r300_cpu_compute_job.c"	"39"	"accept zero sized dispatches as no ops"	"repair-required"	"Every zero group-count axis returns success with zero invocations and touches no buffer."	"resolved"	"same-source"	"d8f1c3c85cec7da7b274b817e3b6bfcff9170fd9"	"merged-pr"	"b08f77e7eb702ee60df8dc6e5227c18a3d1a6af8"	"2004"	"r300: constrain CPU compute dispatch to the x-only address domain"	"2026-08-28T20:57:47Z"	"src/amd/r300/cpu/r300_cpu_compute_job.c"	"78d942d56a0ea31c2298e95f6437aaa88e09aff2"	"d8f1c3c85cec7da7b274b817e3b6bfcff9170fd9"	"merged-pr"	"b08f77e7eb702ee60df8dc6e5227c18a3d1a6af8"	"2004"	"r300: constrain CPU compute dispatch to the x-only address domain"	"2026-08-28T20:57:47Z"	"r300: constrain CPU compute dispatch to the x-only address domain"	"r300: constrain CPU compute dispatch to the x-only address domain"	"Exact GitHub thread re-query plus resolution-source and current-source ancestry at the recorded target identity"
"PRRT_kwDOR3YK5M6bF0B5"	"2026-08-21T08:31:33Z"	"https://github.com/Oichkatzelesfrettschen/mesa-26-gororoba/pull/1673#discussion_r3828686179"	"src/amd/r300/common/r300_compute_spirv.c"	"456"	"check instruction length before reading operands"	"unassessed"	""	"resolved"	"moved-source"	"31650bf8e57d52a812104aeb6cc60449099a86d1"	"merged-pr"	"813f5899cd3d315aa4c84213e5be5101fc03f698"	"1978"	"r3v: own the SPIR-V admitters and delivery route policy in vulkan/"	"2026-08-28T06:23:47Z"	"src/amd/r300/vulkan/r3v_compute_spirv.c"	"29da2db6b073d8eef34e88198a1050d996847372"	"d8f1c3c85cec7da7b274b817e3b6bfcff9170fd9"	"merged-pr"	"b08f77e7eb702ee60df8dc6e5227c18a3d1a6af8"	"2004"	"r300: constrain CPU compute dispatch to the x-only address domain"	"2026-08-28T20:57:47Z"	"r300: constrain CPU compute dispatch to the x-only address domain"	"r3v: own the SPIR-V admitters and delivery route policy in vulkan/"	"Exact GitHub thread re-query plus resolution-source and current-source ancestry at the recorded target identity"
"PRRT_kwDOR3YK5M6bF0Bw"	"2026-08-21T08:31:33Z"	"https://github.com/Oichkatzelesfrettschen/mesa-26-gororoba/pull/1673#discussion_r3828686166"	"src/amd/r300/cpu/r300_cpu_compute_job.c"	"81"	"permit identical input and output descriptor ranges"	"repair-required"	"An exact alias succeeds for identity while partial order-dependent overlaps still fail."	"resolved"	"same-source"	"d8f1c3c85cec7da7b274b817e3b6bfcff9170fd9"	"merged-pr"	"b08f77e7eb702ee60df8dc6e5227c18a3d1a6af8"	"2004"	"r300: constrain CPU compute dispatch to the x-only address domain"	"2026-08-28T20:57:47Z"	"src/amd/r300/cpu/r300_cpu_compute_job.c"	"78d942d56a0ea31c2298e95f6437aaa88e09aff2"	"d8f1c3c85cec7da7b274b817e3b6bfcff9170fd9"	"merged-pr"	"b08f77e7eb702ee60df8dc6e5227c18a3d1a6af8"	"2004"	"r300: constrain CPU compute dispatch to the x-only address domain"	"2026-08-28T20:57:47Z"	"r300: constrain CPU compute dispatch to the x-only address domain"	"r300: constrain CPU compute dispatch to the x-only address domain"	"Exact GitHub thread re-query plus resolution-source and current-source ancestry at the recorded target identity"
"PRRT_kwDOR3YK5M6bGNq5"	"2026-08-21T08:53:41Z"	"https://github.com/Oichkatzelesfrettschen/mesa-26-gororoba/pull/1674#discussion_r3828839395"	"src/amd/r300/common/r300_vertex_spirv.c"	"716"	"keep the position store as the final emitted instruction"	"unassessed"	""	"resolved"	"moved-source"	"31650bf8e57d52a812104aeb6cc60449099a86d1"	"merged-pr"	"813f5899cd3d315aa4c84213e5be5101fc03f698"	"1978"	"r3v: own the SPIR-V admitters and delivery route policy in vulkan/"	"2026-08-28T06:23:47Z"	"src/amd/r300/vulkan/r3v_vertex_spirv.c"	"95b2a44921c6a7245f9ed5947d8530c1cc40b4d5"	"4337fab9b7e51ae23d0c1db75c0c107ec1a20f29"	"merged-pr"	"c3f310b429a8061a7eda94441b306c7b999d5ebc"	"1980"	"r3v: record the Vulkan shader interface at pipeline creation"	"2026-08-28T07:03:04Z"	"r3v: record the Vulkan shader interface at pipeline creation"	"r3v: own the SPIR-V admitters and delivery route policy in vulkan/"	"Exact GitHub thread re-query plus resolution-source and current-source ancestry at the recorded target identity"
"PRRT_kwDOR3YK5M6bGNqz"	"2026-08-21T08:53:41Z"	"https://github.com/Oichkatzelesfrettschen/mesa-26-gororoba/pull/1674#discussion_r3828839382"	"src/amd/r300/common/r300_vertex_spirv.c"	"333"	"validate instruction length before reading operands"	"unassessed"	""	"resolved"	"moved-source"	"31650bf8e57d52a812104aeb6cc60449099a86d1"	"merged-pr"	"813f5899cd3d315aa4c84213e5be5101fc03f698"	"1978"	"r3v: own the SPIR-V admitters and delivery route policy in vulkan/"	"2026-08-28T06:23:47Z"	"src/amd/r300/vulkan/r3v_vertex_spirv.c"	"95b2a44921c6a7245f9ed5947d8530c1cc40b4d5"	"4337fab9b7e51ae23d0c1db75c0c107ec1a20f29"	"merged-pr"	"c3f310b429a8061a7eda94441b306c7b999d5ebc"	"1980"	"r3v: record the Vulkan shader interface at pipeline creation"	"2026-08-28T07:03:04Z"	"r3v: record the Vulkan shader interface at pipeline creation"	"r3v: own the SPIR-V admitters and delivery route policy in vulkan/"	"Exact GitHub thread re-query plus resolution-source and current-source ancestry at the recorded target identity"
"PRRT_kwDOR3YK5M6bGb9D"	"2026-08-21T09:05:30Z"	"https://github.com/Oichkatzelesfrettschen/mesa-26-gororoba/pull/1674#discussion_r3828927258"	"src/amd/r300/common/r300_vertex_spirv.c"	"359"	"match opentrypoint s name before admitting the stage"	"unassessed"	""	"resolved"	"moved-source"	"31650bf8e57d52a812104aeb6cc60449099a86d1"	"merged-pr"	"813f5899cd3d315aa4c84213e5be5101fc03f698"	"1978"	"r3v: own the SPIR-V admitters and delivery route policy in vulkan/"	"2026-08-28T06:23:47Z"	"src/amd/r300/vulkan/r3v_vertex_spirv.c"	"95b2a44921c6a7245f9ed5947d8530c1cc40b4d5"	"4337fab9b7e51ae23d0c1db75c0c107ec1a20f29"	"merged-pr"	"c3f310b429a8061a7eda94441b306c7b999d5ebc"	"1980"	"r3v: record the Vulkan shader interface at pipeline creation"	"2026-08-28T07:03:04Z"	"r3v: record the Vulkan shader interface at pipeline creation"	"r3v: own the SPIR-V admitters and delivery route policy in vulkan/"	"Exact GitHub thread re-query plus resolution-source and current-source ancestry at the recorded target identity"
"PRRT_kwDOR3YK5M6bXPWo"	"2026-08-22T07:02:40Z"	"https://github.com/Oichkatzelesfrettschen/mesa-26-gororoba/pull/1681#discussion_r3835466954"	"src/amd/r300/common/tests/fixtures/r300_common_boundary_known_bad_object.c"	"8"	"declare the known bad fixture entry point"	"fixed-on-main"	"A warning-clean build still reports a missing prototype for the fixture entry point."	"resolved"	"same-source"	"367a218ff2b765194bd18d30ab84c41078341404"	"merged-pr"	"367a218ff2b765194bd18d30ab84c41078341404"	"1690"	"r300: declare the common-boundary known-bad fixture prototype"	"2026-08-22T21:02:34Z"	"src/amd/r300/common/tests/fixtures/r300_common_boundary_known_bad_object.c"	"dd252ac053228eb4140553fe956087f0af33ba44"	"367a218ff2b765194bd18d30ab84c41078341404"	"merged-pr"	"367a218ff2b765194bd18d30ab84c41078341404"	"1690"	"r300: declare the common-boundary known-bad fixture prototype"	"2026-08-22T21:02:34Z"	"r300: declare the common-boundary known-bad fixture prototype"	"r300: declare the common-boundary known-bad fixture prototype"	"Exact GitHub thread re-query plus resolution-source and current-source ancestry at the recorded target identity"
"PRRT_kwDOR3YK5M6bXyZt"	"2026-08-22T09:04:38Z"	"https://github.com/Oichkatzelesfrettschen/mesa-26-gororoba/pull/1687#discussion_r3835674969"	"src/amd/r300/vulkan/tests/r3v_gallium_ownership_disposition.py"	"369"	"verify that each basis consumes the candidate"	"unassessed"	""	"resolved"	"removed-source"	"57cd7d18c3db8e4e49b94006c5974c1d68dfa5b7"	"merged-pr"	"57cd7d18c3db8e4e49b94006c5974c1d68dfa5b7"	"1698"	"r3v: delete the Gallium-backed Vulkan lane"	"2026-08-22T21:53:38Z"	""	"removed"	""	""	""	""	""	""	""	"r3v: delete the Gallium-backed Vulkan lane"	"Exact GitHub thread re-query plus resolution-source and current-source ancestry at the recorded target identity"
"PRRT_kwDOR3YK5M6bXyZv"	"2026-08-22T09:04:38Z"	"https://github.com/Oichkatzelesfrettschen/mesa-26-gororoba/pull/1687#discussion_r3835674972"	"src/amd/r300/vulkan/tests/r3v_gallium_ownership_disposition.py"	"224"	"include shared loader files in the retirement scope"	"unassessed"	""	"resolved"	"removed-source"	"57cd7d18c3db8e4e49b94006c5974c1d68dfa5b7"	"merged-pr"	"57cd7d18c3db8e4e49b94006c5974c1d68dfa5b7"	"1698"	"r3v: delete the Gallium-backed Vulkan lane"	"2026-08-22T21:53:38Z"	""	"removed"	""	""	""	""	""	""	""	"r3v: delete the Gallium-backed Vulkan lane"	"Exact GitHub thread re-query plus resolution-source and current-source ancestry at the recorded target identity"
"PRRT_kwDOR3YK5M6bblRq"	"2026-08-22T22:00:13Z"	"https://github.com/Oichkatzelesfrettschen/mesa-26-gororoba/pull/1698#discussion_r3837116726"	"meson.options"	"923"	"enable the surviving backend in every ati r300 build"	"fixed-on-main"	"An ati_r300 profile configures successfully without producing libvulkan_r3v.so and its ICD manifest."	"resolved"	"same-source"	"8077376b79a29299a39b37c6178b7a064a9abf29"	"merged-pr"	"8077376b79a29299a39b37c6178b7a064a9abf29"	"1699"	"r3v: build one ICD, libvulkan_r3v.so, under the r3v identity"	"2026-08-22T21:58:48Z"	"meson.options"	"a58255aa232c25eb1df47cdd015cdfea44be8dcc"	"8077376b79a29299a39b37c6178b7a064a9abf29"	"merged-pr"	"8077376b79a29299a39b37c6178b7a064a9abf29"	"1699"	"r3v: build one ICD, libvulkan_r3v.so, under the r3v identity"	"2026-08-22T21:58:48Z"	"r3v: build one ICD, libvulkan_r3v.so, under the r3v identity"	"r3v: build one ICD, libvulkan_r3v.so, under the r3v identity"	"Exact GitHub thread re-query plus resolution-source and current-source ancestry at the recorded target identity"
"PRRT_kwDOR3YK5M6bdQpE"	"2026-08-23T05:04:41Z"	"https://github.com/Oichkatzelesfrettschen/mesa-26-gororoba/pull/1715#discussion_r3837747220"	"docs/hardware/r3v-native-attended-cell-procedure.md"	"121"	"nitpick the statement that the suites run with r3v native manifest dir withheld is false for the r3v native float2 tuple cell external manifest ignored test its meson test definition explicitly sets r3v native manifest dir to meson curren"	"unassessed"	""	"resolved"	"same-source"	"a7817d2912b7f6fdfa78e734ce1a4e5829dd5cc9"	"merged-pr"	"27e65ccdb5ddb33921e1b48818012103386e9ab8"	"2024"	"docs: bind attended suite to TCL replay binary"	"2026-08-29T02:04:40Z"	"docs/hardware/r3v-native-attended-cell-procedure.md"	"df3adb6b803e77f0b91093e756d6b82a2e303257"	"a7817d2912b7f6fdfa78e734ce1a4e5829dd5cc9"	"merged-pr"	"27e65ccdb5ddb33921e1b48818012103386e9ab8"	"2024"	"docs: bind attended suite to TCL replay binary"	"2026-08-29T02:04:40Z"	"docs: bind attended suite to TCL replay binary"	"docs: bind attended suite to TCL replay binary"	"Exact GitHub thread re-query plus resolution-source and current-source ancestry at the recorded target identity"
"PRRT_kwDOR3YK5M6bepfU"	"2026-08-23T10:26:39Z"	"https://github.com/Oichkatzelesfrettschen/mesa-26-gororoba/pull/1726#discussion_r3838273263"	"src/amd/r300/vulkan/r3v_native_queue.c"	"795"	"clear compute route classification on host only submits"	"unassessed"	""	"resolved"	"same-source"	"bbd141b1fa639686fc4f467b9cc0730e6afe8cfb"	"merged-pr"	"56d449ef57e6ebe1861195e85c80dbc677e4dea1"	"2045"	"r3v: bind serial admission evidence to semantic identity"	"2026-08-29T11:05:57Z"	"src/amd/r300/vulkan/r3v_native_queue.c"	"679db29ab6cac279f4808a483a71af163429630f"	"bbd141b1fa639686fc4f467b9cc0730e6afe8cfb"	"merged-pr"	"56d449ef57e6ebe1861195e85c80dbc677e4dea1"	"2045"	"r3v: bind serial admission evidence to semantic identity"	"2026-08-29T11:05:57Z"	"r3v: bind serial admission evidence to semantic identity"	"r3v: bind serial admission evidence to semantic identity"	"Exact GitHub thread re-query plus resolution-source and current-source ancestry at the recorded target identity"
"PRRT_kwDOR3YK5M6bij-s"	"2026-08-23T22:25:43Z"	"https://github.com/Oichkatzelesfrettschen/mesa-26-gororoba/pull/1744#discussion_r3839759693"	"src/amd/r300/vulkan/r3v_native_queue.c"	"1222"	"apply query transitions on prepared submissions"	"unassessed"	""	"resolved"	"same-source"	"bbd141b1fa639686fc4f467b9cc0730e6afe8cfb"	"merged-pr"	"56d449ef57e6ebe1861195e85c80dbc677e4dea1"	"2045"	"r3v: bind serial admission evidence to semantic identity"	"2026-08-29T11:05:57Z"	"src/amd/r300/vulkan/r3v_native_queue.c"	"679db29ab6cac279f4808a483a71af163429630f"	"bbd141b1fa639686fc4f467b9cc0730e6afe8cfb"	"merged-pr"	"56d449ef57e6ebe1861195e85c80dbc677e4dea1"	"2045"	"r3v: bind serial admission evidence to semantic identity"	"2026-08-29T11:05:57Z"	"r3v: bind serial admission evidence to semantic identity"	"r3v: bind serial admission evidence to semantic identity"	"Exact GitHub thread re-query plus resolution-source and current-source ancestry at the recorded target identity"
"PRRT_kwDOR3YK5M6bimU5"	"2026-08-23T22:32:15Z"	"https://github.com/Oichkatzelesfrettschen/mesa-26-gororoba/pull/1746#discussion_r3839773176"	"src/amd/r300/vulkan/r3v_native_queue.c"	"1229"	"handle event operations on prepared submissions"	"unassessed"	""	"resolved"	"same-source"	"bbd141b1fa639686fc4f467b9cc0730e6afe8cfb"	"merged-pr"	"56d449ef57e6ebe1861195e85c80dbc677e4dea1"	"2045"	"r3v: bind serial admission evidence to semantic identity"	"2026-08-29T11:05:57Z"	"src/amd/r300/vulkan/r3v_native_queue.c"	"679db29ab6cac279f4808a483a71af163429630f"	"bbd141b1fa639686fc4f467b9cc0730e6afe8cfb"	"merged-pr"	"56d449ef57e6ebe1861195e85c80dbc677e4dea1"	"2045"	"r3v: bind serial admission evidence to semantic identity"	"2026-08-29T11:05:57Z"	"r3v: bind serial admission evidence to semantic identity"	"r3v: bind serial admission evidence to semantic identity"	"Exact GitHub thread re-query plus resolution-source and current-source ancestry at the recorded target identity"
"PRRT_kwDOR3YK5M6bwuq0"	"2026-08-24T15:56:46Z"	"https://github.com/Oichkatzelesfrettschen/mesa-26-gororoba/pull/1756#discussion_r3845178814"	"src/amd/r300/vulkan/tests/r3v_kernel_memory_contract_pins.tsv"	"10"	"pin the two gtt geometry rows consumed by the model"	"fixed-on-main"	"Changing either consumed geometry row leaves the pin check green."	"resolved"	"same-source"	"51908d782a26eb55617e8378a54a1a0a06b2e81a"	"merged-pr"	"f559746ef68934e88eba2c185ed16fb3cd46cc1a"	"1996"	"r3v: bind kernel memory-contract schema and GTT geometry"	"2026-08-29T05:37:52Z"	"src/amd/r300/vulkan/tests/r3v_kernel_memory_contract_pins.tsv"	"2eafad8c2df7dab217aee56692978d5ce616102f"	"51908d782a26eb55617e8378a54a1a0a06b2e81a"	"merged-pr"	"f559746ef68934e88eba2c185ed16fb3cd46cc1a"	"1996"	"r3v: bind kernel memory-contract schema and GTT geometry"	"2026-08-29T05:37:52Z"	"r3v: bind kernel memory-contract schema and GTT geometry"	"r3v: bind kernel memory-contract schema and GTT geometry"	"Exact GitHub thread re-query plus resolution-source and current-source ancestry at the recorded target identity"
"PRRT_kwDOR3YK5M6b1p5-"	"2026-08-24T20:12:38Z"	"https://github.com/Oichkatzelesfrettschen/mesa-26-gororoba/pull/1761#discussion_r3847090298"	"src/amd/r300/vulkan/tests/r3v_conformance_runner.py"	"480"	"refuse to grade mismatched source identities"	"unassessed"	""	"resolved"	"same-source"	"0756d0bd5b11ca35e63bdf8e1b7b43e43f3c35da"	"merged-pr"	"0b3a40ced72379a35afa5afe456f9755fe94baf7"	"2001"	"r3v runner identity and planning witness fail-closed repairs"	"2026-08-28T19:41:45Z"	"src/amd/r300/vulkan/tests/r3v_conformance_runner.py"	"769f68ed402f01d8473bdfe7bedcd9554239bb2a"	"0756d0bd5b11ca35e63bdf8e1b7b43e43f3c35da"	"merged-pr"	"0b3a40ced72379a35afa5afe456f9755fe94baf7"	"2001"	"r3v runner identity and planning witness fail-closed repairs"	"2026-08-28T19:41:45Z"	"r3v: fail closed on runner identity and planning witnesses"	"r3v: fail closed on runner identity and planning witnesses"	"Exact GitHub thread re-query plus resolution-source and current-source ancestry at the recorded target identity"
"PRRT_kwDOR3YK5M6b1p6C"	"2026-08-24T20:12:38Z"	"https://github.com/Oichkatzelesfrettschen/mesa-26-gororoba/pull/1761#discussion_r3847090306"	"src/amd/r300/vulkan/tests/r3v_conformance_runner.py"	"389"	"fail runs that report a late framework abort"	"unassessed"	""	"resolved"	"same-source"	"0756d0bd5b11ca35e63bdf8e1b7b43e43f3c35da"	"merged-pr"	"0b3a40ced72379a35afa5afe456f9755fe94baf7"	"2001"	"r3v runner identity and planning witness fail-closed repairs"	"2026-08-28T19:41:45Z"	"src/amd/r300/vulkan/tests/r3v_conformance_runner.py"	"769f68ed402f01d8473bdfe7bedcd9554239bb2a"	"0756d0bd5b11ca35e63bdf8e1b7b43e43f3c35da"	"merged-pr"	"0b3a40ced72379a35afa5afe456f9755fe94baf7"	"2001"	"r3v runner identity and planning witness fail-closed repairs"	"2026-08-28T19:41:45Z"	"r3v: fail closed on runner identity and planning witnesses"	"r3v: fail closed on runner identity and planning witnesses"	"Exact GitHub thread re-query plus resolution-source and current-source ancestry at the recorded target identity"
"PRRT_kwDOR3YK5M6b1p6J"	"2026-08-24T20:12:38Z"	"https://github.com/Oichkatzelesfrettschen/mesa-26-gororoba/pull/1761#discussion_r3847090316"	"src/amd/r300/vulkan/tests/r3v_conformance_runner.py"	"312"	"keep incomplete case records non passing"	"unassessed"	""	"resolved"	"same-source"	"0756d0bd5b11ca35e63bdf8e1b7b43e43f3c35da"	"merged-pr"	"0b3a40ced72379a35afa5afe456f9755fe94baf7"	"2001"	"r3v runner identity and planning witness fail-closed repairs"	"2026-08-28T19:41:45Z"	"src/amd/r300/vulkan/tests/r3v_conformance_runner.py"	"769f68ed402f01d8473bdfe7bedcd9554239bb2a"	"0756d0bd5b11ca35e63bdf8e1b7b43e43f3c35da"	"merged-pr"	"0b3a40ced72379a35afa5afe456f9755fe94baf7"	"2001"	"r3v runner identity and planning witness fail-closed repairs"	"2026-08-28T19:41:45Z"	"r3v: fail closed on runner identity and planning witnesses"	"r3v: fail closed on runner identity and planning witnesses"	"Exact GitHub thread re-query plus resolution-source and current-source ancestry at the recorded target identity"
"PRRT_kwDOR3YK5M6b1p6O"	"2026-08-24T20:12:38Z"	"https://github.com/Oichkatzelesfrettschen/mesa-26-gororoba/pull/1761#discussion_r3847090320"	"src/amd/r300/vulkan/tests/r3v_conformance_runner.py"	"435"	"require a fresh output directory before parsing artifacts"	"unassessed"	""	"resolved"	"same-source"	"0756d0bd5b11ca35e63bdf8e1b7b43e43f3c35da"	"merged-pr"	"0b3a40ced72379a35afa5afe456f9755fe94baf7"	"2001"	"r3v runner identity and planning witness fail-closed repairs"	"2026-08-28T19:41:45Z"	"src/amd/r300/vulkan/tests/r3v_conformance_runner.py"	"769f68ed402f01d8473bdfe7bedcd9554239bb2a"	"0756d0bd5b11ca35e63bdf8e1b7b43e43f3c35da"	"merged-pr"	"0b3a40ced72379a35afa5afe456f9755fe94baf7"	"2001"	"r3v runner identity and planning witness fail-closed repairs"	"2026-08-28T19:41:45Z"	"r3v: fail closed on runner identity and planning witnesses"	"r3v: fail closed on runner identity and planning witnesses"	"Exact GitHub thread re-query plus resolution-source and current-source ancestry at the recorded target identity"
"PRRT_kwDOR3YK5M6b1p6S"	"2026-08-24T20:12:38Z"	"https://github.com/Oichkatzelesfrettschen/mesa-26-gororoba/pull/1761#discussion_r3847090325"	"src/amd/r300/vulkan/tests/r3v_conformance_runner_fixture_info.qpa"	"8"	"remove the local absolute path from the fixture"	"repair-required"	"The fixture retains the session-field shape with a neutral or repository-relative log path."	"resolved"	"same-source"	"3fae29c5d2babbeb7ef5a60579f043b62aa442ea"	"merged-pr"	"fa349a2d01816689b39ff1586d3dbd14ccafcbe6"	"2003"	"r3v: make conformance fixture log path repository-relative"	"2026-08-28T20:30:56Z"	"src/amd/r300/vulkan/tests/r3v_conformance_runner_fixture_info.qpa"	"54a3af904b6a2956a49292e18e84147655f21855"	"3fae29c5d2babbeb7ef5a60579f043b62aa442ea"	"merged-pr"	"fa349a2d01816689b39ff1586d3dbd14ccafcbe6"	"2003"	"r3v: make conformance fixture log path repository-relative"	"2026-08-28T20:30:56Z"	"r3v: make conformance fixture log path repository-relative"	"r3v: make conformance fixture log path repository-relative"	"Exact GitHub thread re-query plus resolution-source and current-source ancestry at the recorded target identity"
"PRRT_kwDOR3YK5M6b1p6V"	"2026-08-24T20:12:38Z"	"https://github.com/Oichkatzelesfrettschen/mesa-26-gororoba/pull/1761#discussion_r3847090328"	"src/amd/r300/vulkan/tests/r3v_conformance_runner.py"	"233"	"verify that the drm shim preload actually succeeded"	"unassessed"	""	"resolved"	"same-source"	"0756d0bd5b11ca35e63bdf8e1b7b43e43f3c35da"	"merged-pr"	"0b3a40ced72379a35afa5afe456f9755fe94baf7"	"2001"	"r3v runner identity and planning witness fail-closed repairs"	"2026-08-28T19:41:45Z"	"src/amd/r300/vulkan/tests/r3v_conformance_runner.py"	"769f68ed402f01d8473bdfe7bedcd9554239bb2a"	"0756d0bd5b11ca35e63bdf8e1b7b43e43f3c35da"	"merged-pr"	"0b3a40ced72379a35afa5afe456f9755fe94baf7"	"2001"	"r3v runner identity and planning witness fail-closed repairs"	"2026-08-28T19:41:45Z"	"r3v: fail closed on runner identity and planning witnesses"	"r3v: fail closed on runner identity and planning witnesses"	"Exact GitHub thread re-query plus resolution-source and current-source ancestry at the recorded target identity"
"PRRT_kwDOR3YK5M6b1p6Z"	"2026-08-24T20:12:39Z"	"https://github.com/Oichkatzelesfrettschen/mesa-26-gororoba/pull/1761#discussion_r3847090335"	"src/amd/r300/vulkan/tests/r3v_conformance_runner.py"	"292"	"reject duplicate case records in the qpa log"	"unassessed"	""	"resolved"	"same-source"	"0756d0bd5b11ca35e63bdf8e1b7b43e43f3c35da"	"merged-pr"	"0b3a40ced72379a35afa5afe456f9755fe94baf7"	"2001"	"r3v runner identity and planning witness fail-closed repairs"	"2026-08-28T19:41:45Z"	"src/amd/r300/vulkan/tests/r3v_conformance_runner.py"	"769f68ed402f01d8473bdfe7bedcd9554239bb2a"	"0756d0bd5b11ca35e63bdf8e1b7b43e43f3c35da"	"merged-pr"	"0b3a40ced72379a35afa5afe456f9755fe94baf7"	"2001"	"r3v runner identity and planning witness fail-closed repairs"	"2026-08-28T19:41:45Z"	"r3v: fail closed on runner identity and planning witnesses"	"r3v: fail closed on runner identity and planning witnesses"	"Exact GitHub thread re-query plus resolution-source and current-source ancestry at the recorded target identity"
"PRRT_kwDOR3YK5M6b1p6m"	"2026-08-24T20:12:39Z"	"https://github.com/Oichkatzelesfrettschen/mesa-26-gororoba/pull/1761#discussion_r3847090348"	"src/amd/r300/vulkan/tests/r3v_conformance_runner.py"	"71"	"record environment variables that select runtime identity"	"unassessed"	""	"resolved"	"same-source"	"0756d0bd5b11ca35e63bdf8e1b7b43e43f3c35da"	"merged-pr"	"0b3a40ced72379a35afa5afe456f9755fe94baf7"	"2001"	"r3v runner identity and planning witness fail-closed repairs"	"2026-08-28T19:41:45Z"	"src/amd/r300/vulkan/tests/r3v_conformance_runner.py"	"769f68ed402f01d8473bdfe7bedcd9554239bb2a"	"0756d0bd5b11ca35e63bdf8e1b7b43e43f3c35da"	"merged-pr"	"0b3a40ced72379a35afa5afe456f9755fe94baf7"	"2001"	"r3v runner identity and planning witness fail-closed repairs"	"2026-08-28T19:41:45Z"	"r3v: fail closed on runner identity and planning witnesses"	"r3v: fail closed on runner identity and planning witnesses"	"Exact GitHub thread re-query plus resolution-source and current-source ancestry at the recorded target identity"
"PRRT_kwDOR3YK5M6b1p6r"	"2026-08-24T20:12:39Z"	"https://github.com/Oichkatzelesfrettschen/mesa-26-gororoba/pull/1761#discussion_r3847090356"	"src/amd/r300/vulkan/tests/r3v_conformance_runner.py"	"257"	"preserve repeated dmesg events in the run delta"	"unassessed"	""	"resolved"	"same-source"	"0756d0bd5b11ca35e63bdf8e1b7b43e43f3c35da"	"merged-pr"	"0b3a40ced72379a35afa5afe456f9755fe94baf7"	"2001"	"r3v runner identity and planning witness fail-closed repairs"	"2026-08-28T19:41:45Z"	"src/amd/r300/vulkan/tests/r3v_conformance_runner.py"	"769f68ed402f01d8473bdfe7bedcd9554239bb2a"	"0756d0bd5b11ca35e63bdf8e1b7b43e43f3c35da"	"merged-pr"	"0b3a40ced72379a35afa5afe456f9755fe94baf7"	"2001"	"r3v runner identity and planning witness fail-closed repairs"	"2026-08-28T19:41:45Z"	"r3v: fail closed on runner identity and planning witnesses"	"r3v: fail closed on runner identity and planning witnesses"	"Exact GitHub thread re-query plus resolution-source and current-source ancestry at the recorded target identity"
"PRRT_kwDOR3YK5M6b1p6x"	"2026-08-24T20:12:39Z"	"https://github.com/Oichkatzelesfrettschen/mesa-26-gororoba/pull/1761#discussion_r3847090362"	"src/amd/r300/vulkan/tests/r3v_conformance_runner.py"	"541"	"require the qpa session identity fields"	"unassessed"	""	"resolved"	"same-source"	"0756d0bd5b11ca35e63bdf8e1b7b43e43f3c35da"	"merged-pr"	"0b3a40ced72379a35afa5afe456f9755fe94baf7"	"2001"	"r3v runner identity and planning witness fail-closed repairs"	"2026-08-28T19:41:45Z"	"src/amd/r300/vulkan/tests/r3v_conformance_runner.py"	"769f68ed402f01d8473bdfe7bedcd9554239bb2a"	"0756d0bd5b11ca35e63bdf8e1b7b43e43f3c35da"	"merged-pr"	"0b3a40ced72379a35afa5afe456f9755fe94baf7"	"2001"	"r3v runner identity and planning witness fail-closed repairs"	"2026-08-28T19:41:45Z"	"r3v: fail closed on runner identity and planning witnesses"	"r3v: fail closed on runner identity and planning witnesses"	"Exact GitHub thread re-query plus resolution-source and current-source ancestry at the recorded target identity"
"PRRT_kwDOR3YK5M6b3cjS"	"2026-08-24T21:55:46Z"	"https://github.com/Oichkatzelesfrettschen/mesa-26-gororoba/pull/1767#discussion_r3847791283"	"src/amd/r300/vulkan/tests/r3v_conformance_runner.py"	"113"	"enforce each slice s required evidence class"	"unassessed"	""	"resolved"	"same-source"	"0756d0bd5b11ca35e63bdf8e1b7b43e43f3c35da"	"merged-pr"	"0b3a40ced72379a35afa5afe456f9755fe94baf7"	"2001"	"r3v runner identity and planning witness fail-closed repairs"	"2026-08-28T19:41:45Z"	"src/amd/r300/vulkan/tests/r3v_conformance_runner.py"	"769f68ed402f01d8473bdfe7bedcd9554239bb2a"	"0756d0bd5b11ca35e63bdf8e1b7b43e43f3c35da"	"merged-pr"	"0b3a40ced72379a35afa5afe456f9755fe94baf7"	"2001"	"r3v runner identity and planning witness fail-closed repairs"	"2026-08-28T19:41:45Z"	"r3v: fail closed on runner identity and planning witnesses"	"r3v: fail closed on runner identity and planning witnesses"	"Exact GitHub thread re-query plus resolution-source and current-source ancestry at the recorded target identity"
"PRRT_kwDOR3YK5M6b3ziV"	"2026-08-24T22:18:59Z"	"https://github.com/Oichkatzelesfrettschen/mesa-26-gororoba/pull/1767#discussion_r3847933055"	"src/amd/r300/vulkan/tests/r3v_conformance_runner.py"	"98"	"require hazard identity before launching an ad hoc run"	"unassessed"	""	"resolved"	"same-source"	"0756d0bd5b11ca35e63bdf8e1b7b43e43f3c35da"	"merged-pr"	"0b3a40ced72379a35afa5afe456f9755fe94baf7"	"2001"	"r3v runner identity and planning witness fail-closed repairs"	"2026-08-28T19:41:45Z"	"src/amd/r300/vulkan/tests/r3v_conformance_runner.py"	"769f68ed402f01d8473bdfe7bedcd9554239bb2a"	"0756d0bd5b11ca35e63bdf8e1b7b43e43f3c35da"	"merged-pr"	"0b3a40ced72379a35afa5afe456f9755fe94baf7"	"2001"	"r3v runner identity and planning witness fail-closed repairs"	"2026-08-28T19:41:45Z"	"r3v: fail closed on runner identity and planning witnesses"	"r3v: fail closed on runner identity and planning witnesses"	"Exact GitHub thread re-query plus resolution-source and current-source ancestry at the recorded target identity"
"PRRT_kwDOR3YK5M6b3zid"	"2026-08-24T22:18:59Z"	"https://github.com/Oichkatzelesfrettschen/mesa-26-gororoba/pull/1767#discussion_r3847933062"	"src/amd/r300/vulkan/tests/r3v_conformance_runner.py"	"109"	"bind the deqp executable to the pinned cts revision"	"unassessed"	""	"resolved"	"same-source"	"0756d0bd5b11ca35e63bdf8e1b7b43e43f3c35da"	"merged-pr"	"0b3a40ced72379a35afa5afe456f9755fe94baf7"	"2001"	"r3v runner identity and planning witness fail-closed repairs"	"2026-08-28T19:41:45Z"	"src/amd/r300/vulkan/tests/r3v_conformance_runner.py"	"769f68ed402f01d8473bdfe7bedcd9554239bb2a"	"0756d0bd5b11ca35e63bdf8e1b7b43e43f3c35da"	"merged-pr"	"0b3a40ced72379a35afa5afe456f9755fe94baf7"	"2001"	"r3v runner identity and planning witness fail-closed repairs"	"2026-08-28T19:41:45Z"	"r3v: fail closed on runner identity and planning witnesses"	"r3v: fail closed on runner identity and planning witnesses"	"Exact GitHub thread re-query plus resolution-source and current-source ancestry at the recorded target identity"
"PRRT_kwDOR3YK5M6b3zih"	"2026-08-24T22:19:00Z"	"https://github.com/Oichkatzelesfrettschen/mesa-26-gororoba/pull/1767#discussion_r3847933067"	"src/amd/r300/vulkan/tests/r3v_conformance_runner.py"	"494"	"record one consistent caselist digest in the receipt"	"unassessed"	""	"resolved"	"same-source"	"0756d0bd5b11ca35e63bdf8e1b7b43e43f3c35da"	"merged-pr"	"0b3a40ced72379a35afa5afe456f9755fe94baf7"	"2001"	"r3v runner identity and planning witness fail-closed repairs"	"2026-08-28T19:41:45Z"	"src/amd/r300/vulkan/tests/r3v_conformance_runner.py"	"769f68ed402f01d8473bdfe7bedcd9554239bb2a"	"0756d0bd5b11ca35e63bdf8e1b7b43e43f3c35da"	"merged-pr"	"0b3a40ced72379a35afa5afe456f9755fe94baf7"	"2001"	"r3v runner identity and planning witness fail-closed repairs"	"2026-08-28T19:41:45Z"	"r3v: fail closed on runner identity and planning witnesses"	"r3v: fail closed on runner identity and planning witnesses"	"Exact GitHub thread re-query plus resolution-source and current-source ancestry at the recorded target identity"
"PRRT_kwDOR3YK5M6b3zio"	"2026-08-24T22:19:00Z"	"https://github.com/Oichkatzelesfrettschen/mesa-26-gororoba/pull/1767#discussion_r3847933076"	"src/amd/r300/vulkan/tests/r3v_conformance_runner.py"	"501"	"clear stale artifacts before recording a refused rerun"	"unassessed"	""	"resolved"	"same-source"	"0756d0bd5b11ca35e63bdf8e1b7b43e43f3c35da"	"merged-pr"	"0b3a40ced72379a35afa5afe456f9755fe94baf7"	"2001"	"r3v runner identity and planning witness fail-closed repairs"	"2026-08-28T19:41:45Z"	"src/amd/r300/vulkan/tests/r3v_conformance_runner.py"	"769f68ed402f01d8473bdfe7bedcd9554239bb2a"	"0756d0bd5b11ca35e63bdf8e1b7b43e43f3c35da"	"merged-pr"	"0b3a40ced72379a35afa5afe456f9755fe94baf7"	"2001"	"r3v runner identity and planning witness fail-closed repairs"	"2026-08-28T19:41:45Z"	"r3v: fail closed on runner identity and planning witnesses"	"r3v: fail closed on runner identity and planning witnesses"	"Exact GitHub thread re-query plus resolution-source and current-source ancestry at the recorded target identity"
"PRRT_kwDOR3YK5M6b4Obe"	"2026-08-24T22:49:31Z"	"https://github.com/Oichkatzelesfrettschen/mesa-26-gororoba/pull/1770#discussion_r3848099590"	"src/amd/r300/vulkan/tests/r3v_native_plan_tool.c"	"159"	"preserve the dso identity observed during capture"	"fixed-on-main"	"A mismatched DSO digest seals successfully."	"resolved"	"same-source"	"baf48620c79c19566965936e10cb66c5c1419cf5"	"merged-pr"	"baf48620c79c19566965936e10cb66c5c1419cf5"	"1770"	"r3v: capture the ordered-submission transcript under the drm-shim"	"2026-08-24T23:24:48Z"	"src/amd/r300/vulkan/tests/r3v_native_plan_tool.c"	"dda5c898973dfa5f45e0699d99c4e54325d2c842"	"baf48620c79c19566965936e10cb66c5c1419cf5"	"merged-pr"	"baf48620c79c19566965936e10cb66c5c1419cf5"	"1770"	"r3v: capture the ordered-submission transcript under the drm-shim"	"2026-08-24T23:24:48Z"	"r3v: capture the ordered-submission transcript under the drm-shim"	"r3v: capture the ordered-submission transcript under the drm-shim"	"Exact GitHub thread re-query plus resolution-source and current-source ancestry at the recorded target identity"
"PRRT_kwDOR3YK5M6b4Obj"	"2026-08-24T22:49:31Z"	"https://github.com/Oichkatzelesfrettschen/mesa-26-gororoba/pull/1770#discussion_r3848099597"	"src/amd/r300/vulkan/tests/r3v_native_plan_tool.c"	"160"	"reject overlong identity arguments instead of truncating them"	"fixed-on-main"	"An overlong valid prefix plus garbage is silently truncated and accepted."	"resolved"	"same-source"	"baf48620c79c19566965936e10cb66c5c1419cf5"	"merged-pr"	"baf48620c79c19566965936e10cb66c5c1419cf5"	"1770"	"r3v: capture the ordered-submission transcript under the drm-shim"	"2026-08-24T23:24:48Z"	"src/amd/r300/vulkan/tests/r3v_native_plan_tool.c"	"dda5c898973dfa5f45e0699d99c4e54325d2c842"	"baf48620c79c19566965936e10cb66c5c1419cf5"	"merged-pr"	"baf48620c79c19566965936e10cb66c5c1419cf5"	"1770"	"r3v: capture the ordered-submission transcript under the drm-shim"	"2026-08-24T23:24:48Z"	"r3v: capture the ordered-submission transcript under the drm-shim"	"r3v: capture the ordered-submission transcript under the drm-shim"	"Exact GitHub thread re-query plus resolution-source and current-source ancestry at the recorded target identity"
"PRRT_kwDOR3YK5M6b4UK-"	"2026-08-24T22:56:21Z"	"https://github.com/Oichkatzelesfrettschen/mesa-26-gororoba/pull/1771#discussion_r3848134451"	"src/amd/r300/vulkan/tests/r3v_conformance_runner.py"	"576"	"match runtime events to the current boot"	"unassessed"	""	"resolved"	"same-source"	"0756d0bd5b11ca35e63bdf8e1b7b43e43f3c35da"	"merged-pr"	"0b3a40ced72379a35afa5afe456f9755fe94baf7"	"2001"	"r3v runner identity and planning witness fail-closed repairs"	"2026-08-28T19:41:45Z"	"src/amd/r300/vulkan/tests/r3v_conformance_runner.py"	"769f68ed402f01d8473bdfe7bedcd9554239bb2a"	"0756d0bd5b11ca35e63bdf8e1b7b43e43f3c35da"	"merged-pr"	"0b3a40ced72379a35afa5afe456f9755fe94baf7"	"2001"	"r3v runner identity and planning witness fail-closed repairs"	"2026-08-28T19:41:45Z"	"r3v: fail closed on runner identity and planning witnesses"	"r3v: fail closed on runner identity and planning witnesses"	"Exact GitHub thread re-query plus resolution-source and current-source ancestry at the recorded target identity"
"PRRT_kwDOR3YK5M6b4UK1"	"2026-08-24T22:56:21Z"	"https://github.com/Oichkatzelesfrettschen/mesa-26-gororoba/pull/1771#discussion_r3848134436"	"src/amd/r300/vulkan/tests/r3v_conformance_runner.py"	"648"	"compare the declared caselist against its file digest"	"unassessed"	""	"resolved"	"same-source"	"0756d0bd5b11ca35e63bdf8e1b7b43e43f3c35da"	"merged-pr"	"0b3a40ced72379a35afa5afe456f9755fe94baf7"	"2001"	"r3v runner identity and planning witness fail-closed repairs"	"2026-08-28T19:41:45Z"	"src/amd/r300/vulkan/tests/r3v_conformance_runner.py"	"769f68ed402f01d8473bdfe7bedcd9554239bb2a"	"0756d0bd5b11ca35e63bdf8e1b7b43e43f3c35da"	"merged-pr"	"0b3a40ced72379a35afa5afe456f9755fe94baf7"	"2001"	"r3v runner identity and planning witness fail-closed repairs"	"2026-08-28T19:41:45Z"	"r3v: fail closed on runner identity and planning witnesses"	"r3v: fail closed on runner identity and planning witnesses"	"Exact GitHub thread re-query plus resolution-source and current-source ancestry at the recorded target identity"
"PRRT_kwDOR3YK5M6b4UK3"	"2026-08-24T22:56:21Z"	"https://github.com/Oichkatzelesfrettschen/mesa-26-gororoba/pull/1771#discussion_r3848134439"	"src/amd/r300/vulkan/tests/r3v_conformance_runner.py"	"974"	"preserve the receipt path used by the tamper selftest"	"unassessed"	""	"resolved"	"same-source"	"0756d0bd5b11ca35e63bdf8e1b7b43e43f3c35da"	"merged-pr"	"0b3a40ced72379a35afa5afe456f9755fe94baf7"	"2001"	"r3v runner identity and planning witness fail-closed repairs"	"2026-08-28T19:41:45Z"	"src/amd/r300/vulkan/tests/r3v_conformance_runner.py"	"769f68ed402f01d8473bdfe7bedcd9554239bb2a"	"0756d0bd5b11ca35e63bdf8e1b7b43e43f3c35da"	"merged-pr"	"0b3a40ced72379a35afa5afe456f9755fe94baf7"	"2001"	"r3v runner identity and planning witness fail-closed repairs"	"2026-08-28T19:41:45Z"	"r3v: fail closed on runner identity and planning witnesses"	"r3v: fail closed on runner identity and planning witnesses"	"Exact GitHub thread re-query plus resolution-source and current-source ancestry at the recorded target identity"
"PRRT_kwDOR3YK5M6b4UK5"	"2026-08-24T22:56:21Z"	"https://github.com/Oichkatzelesfrettschen/mesa-26-gororoba/pull/1771#discussion_r3848134442"	"src/amd/r300/vulkan/tests/r3v_conformance_runner.py"	"670"	"downgrade identity mismatches from verified result"	"unassessed"	""	"resolved"	"same-source"	"0756d0bd5b11ca35e63bdf8e1b7b43e43f3c35da"	"merged-pr"	"0b3a40ced72379a35afa5afe456f9755fe94baf7"	"2001"	"r3v runner identity and planning witness fail-closed repairs"	"2026-08-28T19:41:45Z"	"src/amd/r300/vulkan/tests/r3v_conformance_runner.py"	"769f68ed402f01d8473bdfe7bedcd9554239bb2a"	"0756d0bd5b11ca35e63bdf8e1b7b43e43f3c35da"	"merged-pr"	"0b3a40ced72379a35afa5afe456f9755fe94baf7"	"2001"	"r3v runner identity and planning witness fail-closed repairs"	"2026-08-28T19:41:45Z"	"r3v: fail closed on runner identity and planning witnesses"	"r3v: fail closed on runner identity and planning witnesses"	"Exact GitHub thread re-query plus resolution-source and current-source ancestry at the recorded target identity"
"PRRT_kwDOR3YK5M6b4UK8"	"2026-08-24T22:56:21Z"	"https://github.com/Oichkatzelesfrettschen/mesa-26-gororoba/pull/1771#discussion_r3848134448"	"src/amd/r300/vulkan/tests/r3v_conformance_runner.py"	"78"	"isolate home from user installed vulkan layers"	"unassessed"	""	"resolved"	"same-source"	"0756d0bd5b11ca35e63bdf8e1b7b43e43f3c35da"	"merged-pr"	"0b3a40ced72379a35afa5afe456f9755fe94baf7"	"2001"	"r3v runner identity and planning witness fail-closed repairs"	"2026-08-28T19:41:45Z"	"src/amd/r300/vulkan/tests/r3v_conformance_runner.py"	"769f68ed402f01d8473bdfe7bedcd9554239bb2a"	"0756d0bd5b11ca35e63bdf8e1b7b43e43f3c35da"	"merged-pr"	"0b3a40ced72379a35afa5afe456f9755fe94baf7"	"2001"	"r3v runner identity and planning witness fail-closed repairs"	"2026-08-28T19:41:45Z"	"r3v: fail closed on runner identity and planning witnesses"	"r3v: fail closed on runner identity and planning witnesses"	"Exact GitHub thread re-query plus resolution-source and current-source ancestry at the recorded target identity"
"PRRT_kwDOR3YK5M6b4UKy"	"2026-08-24T22:56:21Z"	"https://github.com/Oichkatzelesfrettschen/mesa-26-gororoba/pull/1771#discussion_r3848134430"	"src/amd/r300/vulkan/tests/r3v_conformance_runner.py"	"524"	"drain child output while supervising deqp"	"unassessed"	""	"resolved"	"same-source"	"0756d0bd5b11ca35e63bdf8e1b7b43e43f3c35da"	"merged-pr"	"0b3a40ced72379a35afa5afe456f9755fe94baf7"	"2001"	"r3v runner identity and planning witness fail-closed repairs"	"2026-08-28T19:41:45Z"	"src/amd/r300/vulkan/tests/r3v_conformance_runner.py"	"769f68ed402f01d8473bdfe7bedcd9554239bb2a"	"0756d0bd5b11ca35e63bdf8e1b7b43e43f3c35da"	"merged-pr"	"0b3a40ced72379a35afa5afe456f9755fe94baf7"	"2001"	"r3v runner identity and planning witness fail-closed repairs"	"2026-08-28T19:41:45Z"	"r3v: fail closed on runner identity and planning witnesses"	"r3v: fail closed on runner identity and planning witnesses"	"Exact GitHub thread re-query plus resolution-source and current-source ancestry at the recorded target identity"
"PRRT_kwDOR3YK5M6b4ULB"	"2026-08-24T22:56:21Z"	"https://github.com/Oichkatzelesfrettschen/mesa-26-gororoba/pull/1771#discussion_r3848134454"	"src/amd/r300/vulkan/tests/r3v_conformance_runner.py"	"527"	"start the case deadline only after a case begins"	"unassessed"	""	"resolved"	"same-source"	"0756d0bd5b11ca35e63bdf8e1b7b43e43f3c35da"	"merged-pr"	"0b3a40ced72379a35afa5afe456f9755fe94baf7"	"2001"	"r3v runner identity and planning witness fail-closed repairs"	"2026-08-28T19:41:45Z"	"src/amd/r300/vulkan/tests/r3v_conformance_runner.py"	"769f68ed402f01d8473bdfe7bedcd9554239bb2a"	"0756d0bd5b11ca35e63bdf8e1b7b43e43f3c35da"	"merged-pr"	"0b3a40ced72379a35afa5afe456f9755fe94baf7"	"2001"	"r3v runner identity and planning witness fail-closed repairs"	"2026-08-28T19:41:45Z"	"r3v: fail closed on runner identity and planning witnesses"	"r3v: fail closed on runner identity and planning witnesses"	"Exact GitHub thread re-query plus resolution-source and current-source ancestry at the recorded target identity"
"PRRT_kwDOR3YK5M6b4WuJ"	"2026-08-24T22:59:18Z"	"https://github.com/Oichkatzelesfrettschen/mesa-26-gororoba/pull/1770#discussion_r3848150471"	"src/amd/r300/vulkan/tests/r3v_native_plan_tool.c"	"127"	"parse numeric authorization options strictly"	"fixed-on-main"	"Trailing garbage or overflow seals a plan."	"resolved"	"same-source"	"baf48620c79c19566965936e10cb66c5c1419cf5"	"merged-pr"	"baf48620c79c19566965936e10cb66c5c1419cf5"	"1770"	"r3v: capture the ordered-submission transcript under the drm-shim"	"2026-08-24T23:24:48Z"	"src/amd/r300/vulkan/tests/r3v_native_plan_tool.c"	"dda5c898973dfa5f45e0699d99c4e54325d2c842"	"baf48620c79c19566965936e10cb66c5c1419cf5"	"merged-pr"	"baf48620c79c19566965936e10cb66c5c1419cf5"	"1770"	"r3v: capture the ordered-submission transcript under the drm-shim"	"2026-08-24T23:24:48Z"	"r3v: capture the ordered-submission transcript under the drm-shim"	"r3v: capture the ordered-submission transcript under the drm-shim"	"Exact GitHub thread re-query plus resolution-source and current-source ancestry at the recorded target identity"
"PRRT_kwDOR3YK5M6b4bt0"	"2026-08-24T23:05:34Z"	"https://github.com/Oichkatzelesfrettschen/mesa-26-gororoba/pull/1772#discussion_r3848181432"	"src/amd/r300/vulkan/tests/r3v_native_queue_claim_report.c"	"41"	"include all verb row fields in the ledger digest"	"fixed-on-main"	"Changing any semantic row field leaves the receipt digest unchanged."	"resolved"	"same-source"	"7f7feec24572361f74134376433c0ba63f6219c2"	"merged-pr"	"7f7feec24572361f74134376433c0ba63f6219c2"	"1772"	"r3v: record the queue-claim mode and verb ledger digest in every receipt"	"2026-08-24T23:34:04Z"	"src/amd/r300/vulkan/tests/r3v_native_queue_claim_report.c"	"2996b5d9db490722b59aef246ec02ee260b51ad8"	"7f7feec24572361f74134376433c0ba63f6219c2"	"merged-pr"	"7f7feec24572361f74134376433c0ba63f6219c2"	"1772"	"r3v: record the queue-claim mode and verb ledger digest in every receipt"	"2026-08-24T23:34:04Z"	"r3v: record the queue-claim mode and verb ledger digest in every receipt"	"r3v: record the queue-claim mode and verb ledger digest in every receipt"	"Exact GitHub thread re-query plus resolution-source and current-source ancestry at the recorded target identity"
"PRRT_kwDOR3YK5M6b4bt2"	"2026-08-24T23:05:34Z"	"https://github.com/Oichkatzelesfrettschen/mesa-26-gororoba/pull/1772#discussion_r3848181434"	"src/amd/r300/vulkan/tests/r3v_conformance_runner.py"	"576"	"bind runtime events to the current boot"	"unassessed"	""	"resolved"	"same-source"	"0756d0bd5b11ca35e63bdf8e1b7b43e43f3c35da"	"merged-pr"	"0b3a40ced72379a35afa5afe456f9755fe94baf7"	"2001"	"r3v runner identity and planning witness fail-closed repairs"	"2026-08-28T19:41:45Z"	"src/amd/r300/vulkan/tests/r3v_conformance_runner.py"	"769f68ed402f01d8473bdfe7bedcd9554239bb2a"	"0756d0bd5b11ca35e63bdf8e1b7b43e43f3c35da"	"merged-pr"	"0b3a40ced72379a35afa5afe456f9755fe94baf7"	"2001"	"r3v runner identity and planning witness fail-closed repairs"	"2026-08-28T19:41:45Z"	"r3v: fail closed on runner identity and planning witnesses"	"r3v: fail closed on runner identity and planning witnesses"	"Exact GitHub thread re-query plus resolution-source and current-source ancestry at the recorded target identity"
"PRRT_kwDOR3YK5M6b4bt5"	"2026-08-24T23:05:34Z"	"https://github.com/Oichkatzelesfrettschen/mesa-26-gororoba/pull/1772#discussion_r3848181438"	"src/amd/r300/vulkan/tests/r3v_conformance_runner.py"	"720"	"clear verified result when an expected identity mismatches"	"unassessed"	""	"resolved"	"same-source"	"0756d0bd5b11ca35e63bdf8e1b7b43e43f3c35da"	"merged-pr"	"0b3a40ced72379a35afa5afe456f9755fe94baf7"	"2001"	"r3v runner identity and planning witness fail-closed repairs"	"2026-08-28T19:41:45Z"	"src/amd/r300/vulkan/tests/r3v_conformance_runner.py"	"769f68ed402f01d8473bdfe7bedcd9554239bb2a"	"0756d0bd5b11ca35e63bdf8e1b7b43e43f3c35da"	"merged-pr"	"0b3a40ced72379a35afa5afe456f9755fe94baf7"	"2001"	"r3v runner identity and planning witness fail-closed repairs"	"2026-08-28T19:41:45Z"	"r3v: fail closed on runner identity and planning witnesses"	"r3v: fail closed on runner identity and planning witnesses"	"Exact GitHub thread re-query plus resolution-source and current-source ancestry at the recorded target identity"
"PRRT_kwDOR3YK5M6b4btr"	"2026-08-24T23:05:34Z"	"https://github.com/Oichkatzelesfrettschen/mesa-26-gororoba/pull/1772#discussion_r3848181419"	"src/amd/r300/vulkan/tests/r3v_conformance_runner.py"	"524"	"drain child output while supervising deqp"	"unassessed"	""	"resolved"	"same-source"	"0756d0bd5b11ca35e63bdf8e1b7b43e43f3c35da"	"merged-pr"	"0b3a40ced72379a35afa5afe456f9755fe94baf7"	"2001"	"r3v runner identity and planning witness fail-closed repairs"	"2026-08-28T19:41:45Z"	"src/amd/r300/vulkan/tests/r3v_conformance_runner.py"	"769f68ed402f01d8473bdfe7bedcd9554239bb2a"	"0756d0bd5b11ca35e63bdf8e1b7b43e43f3c35da"	"merged-pr"	"0b3a40ced72379a35afa5afe456f9755fe94baf7"	"2001"	"r3v runner identity and planning witness fail-closed repairs"	"2026-08-28T19:41:45Z"	"r3v: fail closed on runner identity and planning witnesses"	"r3v: fail closed on runner identity and planning witnesses"	"Exact GitHub thread re-query plus resolution-source and current-source ancestry at the recorded target identity"
"PRRT_kwDOR3YK5M6b4btv"	"2026-08-24T23:05:34Z"	"https://github.com/Oichkatzelesfrettschen/mesa-26-gororoba/pull/1772#discussion_r3848181425"	"src/amd/r300/vulkan/tests/r3v_conformance_runner.py"	"688"	"compare the declared caselist digest using the manifest convention"	"unassessed"	""	"resolved"	"same-source"	"0756d0bd5b11ca35e63bdf8e1b7b43e43f3c35da"	"merged-pr"	"0b3a40ced72379a35afa5afe456f9755fe94baf7"	"2001"	"r3v runner identity and planning witness fail-closed repairs"	"2026-08-28T19:41:45Z"	"src/amd/r300/vulkan/tests/r3v_conformance_runner.py"	"769f68ed402f01d8473bdfe7bedcd9554239bb2a"	"0756d0bd5b11ca35e63bdf8e1b7b43e43f3c35da"	"merged-pr"	"0b3a40ced72379a35afa5afe456f9755fe94baf7"	"2001"	"r3v runner identity and planning witness fail-closed repairs"	"2026-08-28T19:41:45Z"	"r3v: fail closed on runner identity and planning witnesses"	"r3v: fail closed on runner identity and planning witnesses"	"Exact GitHub thread re-query plus resolution-source and current-source ancestry at the recorded target identity"
"PRRT_kwDOR3YK5M6b4btz"	"2026-08-24T23:05:34Z"	"https://github.com/Oichkatzelesfrettschen/mesa-26-gororoba/pull/1772#discussion_r3848181430"	"src/amd/r300/vulkan/tests/r3v_conformance_runner.py"	"600"	"reject queue reports without the required ledger digest"	"unassessed"	""	"resolved"	"same-source"	"0756d0bd5b11ca35e63bdf8e1b7b43e43f3c35da"	"merged-pr"	"0b3a40ced72379a35afa5afe456f9755fe94baf7"	"2001"	"r3v runner identity and planning witness fail-closed repairs"	"2026-08-28T19:41:45Z"	"src/amd/r300/vulkan/tests/r3v_conformance_runner.py"	"769f68ed402f01d8473bdfe7bedcd9554239bb2a"	"0756d0bd5b11ca35e63bdf8e1b7b43e43f3c35da"	"merged-pr"	"0b3a40ced72379a35afa5afe456f9755fe94baf7"	"2001"	"r3v runner identity and planning witness fail-closed repairs"	"2026-08-28T19:41:45Z"	"r3v: fail closed on runner identity and planning witnesses"	"r3v: fail closed on runner identity and planning witnesses"	"Exact GitHub thread re-query plus resolution-source and current-source ancestry at the recorded target identity"
"PRRT_kwDOR3YK5M6b4bt-"	"2026-08-24T23:05:35Z"	"https://github.com/Oichkatzelesfrettschen/mesa-26-gororoba/pull/1772#discussion_r3848181444"	"src/amd/r300/vulkan/tests/r3v_conformance_runner.py"	"638"	"make partition slices compatible with the shard ceiling"	"unassessed"	""	"resolved"	"same-source"	"0756d0bd5b11ca35e63bdf8e1b7b43e43f3c35da"	"merged-pr"	"0b3a40ced72379a35afa5afe456f9755fe94baf7"	"2001"	"r3v runner identity and planning witness fail-closed repairs"	"2026-08-28T19:41:45Z"	"src/amd/r300/vulkan/tests/r3v_conformance_runner.py"	"769f68ed402f01d8473bdfe7bedcd9554239bb2a"	"0756d0bd5b11ca35e63bdf8e1b7b43e43f3c35da"	"merged-pr"	"0b3a40ced72379a35afa5afe456f9755fe94baf7"	"2001"	"r3v runner identity and planning witness fail-closed repairs"	"2026-08-28T19:41:45Z"	"r3v: fail closed on runner identity and planning witnesses"	"r3v: fail closed on runner identity and planning witnesses"	"Exact GitHub thread re-query plus resolution-source and current-source ancestry at the recorded target identity"
"PRRT_kwDOR3YK5M6b4bt6"	"2026-08-24T23:05:35Z"	"https://github.com/Oichkatzelesfrettschen/mesa-26-gororoba/pull/1772#discussion_r3848181440"	"src/amd/r300/vulkan/tests/r3v_conformance_runner.py"	"283"	"record every declared environment value in the receipt"	"unassessed"	""	"resolved"	"same-source"	"0756d0bd5b11ca35e63bdf8e1b7b43e43f3c35da"	"merged-pr"	"0b3a40ced72379a35afa5afe456f9755fe94baf7"	"2001"	"r3v runner identity and planning witness fail-closed repairs"	"2026-08-28T19:41:45Z"	"src/amd/r300/vulkan/tests/r3v_conformance_runner.py"	"769f68ed402f01d8473bdfe7bedcd9554239bb2a"	"0756d0bd5b11ca35e63bdf8e1b7b43e43f3c35da"	"merged-pr"	"0b3a40ced72379a35afa5afe456f9755fe94baf7"	"2001"	"r3v runner identity and planning witness fail-closed repairs"	"2026-08-28T19:41:45Z"	"r3v: fail closed on runner identity and planning witnesses"	"r3v: fail closed on runner identity and planning witnesses"	"Exact GitHub thread re-query plus resolution-source and current-source ancestry at the recorded target identity"
"PRRT_kwDOR3YK5M6b4buF"	"2026-08-24T23:05:35Z"	"https://github.com/Oichkatzelesfrettschen/mesa-26-gororoba/pull/1772#discussion_r3848181453"	"src/amd/r300/vulkan/tests/r3v_conformance_runner.py"	"541"	"track case markers rather than raw log size"	"unassessed"	""	"resolved"	"same-source"	"0756d0bd5b11ca35e63bdf8e1b7b43e43f3c35da"	"merged-pr"	"0b3a40ced72379a35afa5afe456f9755fe94baf7"	"2001"	"r3v runner identity and planning witness fail-closed repairs"	"2026-08-28T19:41:45Z"	"src/amd/r300/vulkan/tests/r3v_conformance_runner.py"	"769f68ed402f01d8473bdfe7bedcd9554239bb2a"	"0756d0bd5b11ca35e63bdf8e1b7b43e43f3c35da"	"merged-pr"	"0b3a40ced72379a35afa5afe456f9755fe94baf7"	"2001"	"r3v runner identity and planning witness fail-closed repairs"	"2026-08-28T19:41:45Z"	"r3v: fail closed on runner identity and planning witnesses"	"r3v: fail closed on runner identity and planning witnesses"	"Exact GitHub thread re-query plus resolution-source and current-source ancestry at the recorded target identity"
"PRRT_kwDOR3YK5M6b4pyr"	"2026-08-24T23:23:10Z"	"https://github.com/Oichkatzelesfrettschen/mesa-26-gororoba/pull/1770#discussion_r3848268012"	"src/amd/r300/vulkan/r3v_native_queue.c"	"1664"	"mark completed transport before reporting capture i o failure"	"unassessed"	""	"resolved"	"same-source"	"bbd141b1fa639686fc4f467b9cc0730e6afe8cfb"	"merged-pr"	"56d449ef57e6ebe1861195e85c80dbc677e4dea1"	"2045"	"r3v: bind serial admission evidence to semantic identity"	"2026-08-29T11:05:57Z"	"src/amd/r300/vulkan/r3v_native_queue.c"	"679db29ab6cac279f4808a483a71af163429630f"	"bbd141b1fa639686fc4f467b9cc0730e6afe8cfb"	"merged-pr"	"56d449ef57e6ebe1861195e85c80dbc677e4dea1"	"2045"	"r3v: bind serial admission evidence to semantic identity"	"2026-08-29T11:05:57Z"	"r3v: bind serial admission evidence to semantic identity"	"r3v: bind serial admission evidence to semantic identity"	"Exact GitHub thread re-query plus resolution-source and current-source ancestry at the recorded target identity"
"PRRT_kwDOR3YK5M6b4tFW"	"2026-08-24T23:27:29Z"	"https://github.com/Oichkatzelesfrettschen/mesa-26-gororoba/pull/1772#discussion_r3848288903"	"src/amd/r300/vulkan/tests/r3v_conformance_runner.py"	"670"	"start kernel log capture before the queue report"	"unassessed"	""	"resolved"	"same-source"	"0756d0bd5b11ca35e63bdf8e1b7b43e43f3c35da"	"merged-pr"	"0b3a40ced72379a35afa5afe456f9755fe94baf7"	"2001"	"r3v runner identity and planning witness fail-closed repairs"	"2026-08-28T19:41:45Z"	"src/amd/r300/vulkan/tests/r3v_conformance_runner.py"	"769f68ed402f01d8473bdfe7bedcd9554239bb2a"	"0756d0bd5b11ca35e63bdf8e1b7b43e43f3c35da"	"merged-pr"	"0b3a40ced72379a35afa5afe456f9755fe94baf7"	"2001"	"r3v runner identity and planning witness fail-closed repairs"	"2026-08-28T19:41:45Z"	"r3v: fail closed on runner identity and planning witnesses"	"r3v: fail closed on runner identity and planning witnesses"	"Exact GitHub thread re-query plus resolution-source and current-source ancestry at the recorded target identity"
"PRRT_kwDOR3YK5M6b4tFc"	"2026-08-24T23:27:29Z"	"https://github.com/Oichkatzelesfrettschen/mesa-26-gororoba/pull/1772#discussion_r3848288909"	"src/amd/r300/vulkan/tests/r3v_conformance_partition.py"	"316"	"verify that shards concatenate to the recorded slice"	"fixed-on-main"	"A resealed duplicate-or-missing shard partition verifies."	"resolved"	"same-source"	"1f91536e6394b52f3969336a0b585106c3b6e5f9"	"merged-pr"	"9f65f5f61e53a9ca26b082e1b27222c374cd28da"	"1796"	"r3v: shard-subset caselist binding and kernel deployment reconciliation before the first plan replay"	"2026-08-25T15:05:52Z"	"src/amd/r300/vulkan/tests/r3v_conformance_partition.py"	"f02ae53b5d4b83bec5ea2277a615036e53e4e6b4"	"1f91536e6394b52f3969336a0b585106c3b6e5f9"	"merged-pr"	"9f65f5f61e53a9ca26b082e1b27222c374cd28da"	"1796"	"r3v: shard-subset caselist binding and kernel deployment reconciliation before the first plan replay"	"2026-08-25T15:05:52Z"	"r3v: bind a shard-subset caselist to its shard in the conformance runner"	"r3v: bind a shard-subset caselist to its shard in the conformance runner"	"Exact GitHub thread re-query plus resolution-source and current-source ancestry at the recorded target identity"
"PRRT_kwDOR3YK5M6b4tFj"	"2026-08-24T23:27:30Z"	"https://github.com/Oichkatzelesfrettschen/mesa-26-gororoba/pull/1772#discussion_r3848288916"	"src/amd/r300/vulkan/tests/r3v_conformance_runner.py"	"602"	"reject non object runtime event json"	"unassessed"	""	"resolved"	"same-source"	"0756d0bd5b11ca35e63bdf8e1b7b43e43f3c35da"	"merged-pr"	"0b3a40ced72379a35afa5afe456f9755fe94baf7"	"2001"	"r3v runner identity and planning witness fail-closed repairs"	"2026-08-28T19:41:45Z"	"src/amd/r300/vulkan/tests/r3v_conformance_runner.py"	"769f68ed402f01d8473bdfe7bedcd9554239bb2a"	"0756d0bd5b11ca35e63bdf8e1b7b43e43f3c35da"	"merged-pr"	"0b3a40ced72379a35afa5afe456f9755fe94baf7"	"2001"	"r3v runner identity and planning witness fail-closed repairs"	"2026-08-28T19:41:45Z"	"r3v: fail closed on runner identity and planning witnesses"	"r3v: fail closed on runner identity and planning witnesses"	"Exact GitHub thread re-query plus resolution-source and current-source ancestry at the recorded target identity"
"PRRT_kwDOR3YK5M6b4wC-"	"2026-08-24T23:31:33Z"	"https://github.com/Oichkatzelesfrettschen/mesa-26-gororoba/pull/1770#discussion_r3848306963"	"src/amd/r300/vulkan/r3v_native_queue.c"	"1459"	"preserve the relocation count before cleanup"	"unassessed"	""	"resolved"	"same-source"	"bbd141b1fa639686fc4f467b9cc0730e6afe8cfb"	"merged-pr"	"56d449ef57e6ebe1861195e85c80dbc677e4dea1"	"2045"	"r3v: bind serial admission evidence to semantic identity"	"2026-08-29T11:05:57Z"	"src/amd/r300/vulkan/r3v_native_queue.c"	"679db29ab6cac279f4808a483a71af163429630f"	"bbd141b1fa639686fc4f467b9cc0730e6afe8cfb"	"merged-pr"	"56d449ef57e6ebe1861195e85c80dbc677e4dea1"	"2045"	"r3v: bind serial admission evidence to semantic identity"	"2026-08-29T11:05:57Z"	"r3v: bind serial admission evidence to semantic identity"	"r3v: bind serial admission evidence to semantic identity"	"Exact GitHub thread re-query plus resolution-source and current-source ancestry at the recorded target identity"
"PRRT_kwDOR3YK5M6b4wiD"	"2026-08-24T23:32:11Z"	"https://github.com/Oichkatzelesfrettschen/mesa-26-gororoba/pull/1776#discussion_r3848309818"	"src/amd/r300/vulkan/tests/r3v_cs_ioctl_trace.py"	"215"	"refuse traces whose command did not complete successfully"	"fixed-on-main"	"A missing or crashing tracee yields a witnessed zero-CS verdict."	"resolved"	"same-source"	"4b11002d5b38f01f6477a2878352caea8cd28ac7"	"merged-pr"	"4b11002d5b38f01f6477a2878352caea8cd28ac7"	"1776"	"r3v: witness kernel-entering CS ioctls in a run through strace"	"2026-08-24T23:49:22Z"	"src/amd/r300/vulkan/tests/r3v_cs_ioctl_trace.py"	"f00601d329fee66d5379177c032819f59451cc03"	"4b11002d5b38f01f6477a2878352caea8cd28ac7"	"merged-pr"	"4b11002d5b38f01f6477a2878352caea8cd28ac7"	"1776"	"r3v: witness kernel-entering CS ioctls in a run through strace"	"2026-08-24T23:49:22Z"	"r3v: witness kernel-entering CS ioctls in a run through strace"	"r3v: witness kernel-entering CS ioctls in a run through strace"	"Exact GitHub thread re-query plus resolution-source and current-source ancestry at the recorded target identity"
"PRRT_kwDOR3YK5M6b4wiI"	"2026-08-24T23:32:11Z"	"https://github.com/Oichkatzelesfrettschen/mesa-26-gororoba/pull/1776#discussion_r3848309824"	"src/amd/r300/vulkan/tests/r3v_cs_ioctl_trace.py"	"70"	"exclude info from the gem aggregate"	"fixed-on-main"	"A normal INFO query is still reported as a GEM-only count."	"resolved"	"same-source"	"4b11002d5b38f01f6477a2878352caea8cd28ac7"	"merged-pr"	"4b11002d5b38f01f6477a2878352caea8cd28ac7"	"1776"	"r3v: witness kernel-entering CS ioctls in a run through strace"	"2026-08-24T23:49:22Z"	"src/amd/r300/vulkan/tests/r3v_cs_ioctl_trace.py"	"f00601d329fee66d5379177c032819f59451cc03"	"4b11002d5b38f01f6477a2878352caea8cd28ac7"	"merged-pr"	"4b11002d5b38f01f6477a2878352caea8cd28ac7"	"1776"	"r3v: witness kernel-entering CS ioctls in a run through strace"	"2026-08-24T23:49:22Z"	"r3v: witness kernel-entering CS ioctls in a run through strace"	"r3v: witness kernel-entering CS ioctls in a run through strace"	"Exact GitHub thread re-query plus resolution-source and current-source ancestry at the recorded target identity"
"PRRT_kwDOR3YK5M6b4wiN"	"2026-08-24T23:32:11Z"	"https://github.com/Oichkatzelesfrettschen/mesa-26-gororoba/pull/1776#discussion_r3848309830"	"src/amd/r300/vulkan/tests/r3v_cs_ioctl_trace.py"	"364"	"fail shim calibration on every kernel entering ioctl"	"fixed-on-main"	"An unlisted kernel-entering ioctl leaves the shim calibration green."	"resolved"	"same-source"	"4b11002d5b38f01f6477a2878352caea8cd28ac7"	"merged-pr"	"4b11002d5b38f01f6477a2878352caea8cd28ac7"	"1776"	"r3v: witness kernel-entering CS ioctls in a run through strace"	"2026-08-24T23:49:22Z"	"src/amd/r300/vulkan/tests/r3v_cs_ioctl_trace.py"	"f00601d329fee66d5379177c032819f59451cc03"	"4b11002d5b38f01f6477a2878352caea8cd28ac7"	"merged-pr"	"4b11002d5b38f01f6477a2878352caea8cd28ac7"	"1776"	"r3v: witness kernel-entering CS ioctls in a run through strace"	"2026-08-24T23:49:22Z"	"r3v: witness kernel-entering CS ioctls in a run through strace"	"r3v: witness kernel-entering CS ioctls in a run through strace"	"Exact GitHub thread re-query plus resolution-source and current-source ancestry at the recorded target identity"
"PRRT_kwDOR3YK5M6b4wpg"	"2026-08-24T23:32:21Z"	"https://github.com/Oichkatzelesfrettschen/mesa-26-gororoba/pull/1771#discussion_r3848310528"	"src/amd/r300/vulkan/tests/r3v_conformance_partition.py"	"319"	"reconcile shard contents with the full slice"	"fixed-on-main"	"A resealed duplicate-or-missing shard partition verifies."	"resolved"	"same-source"	"1f91536e6394b52f3969336a0b585106c3b6e5f9"	"merged-pr"	"9f65f5f61e53a9ca26b082e1b27222c374cd28da"	"1796"	"r3v: shard-subset caselist binding and kernel deployment reconciliation before the first plan replay"	"2026-08-25T15:05:52Z"	"src/amd/r300/vulkan/tests/r3v_conformance_partition.py"	"f02ae53b5d4b83bec5ea2277a615036e53e4e6b4"	"1f91536e6394b52f3969336a0b585106c3b6e5f9"	"merged-pr"	"9f65f5f61e53a9ca26b082e1b27222c374cd28da"	"1796"	"r3v: shard-subset caselist binding and kernel deployment reconciliation before the first plan replay"	"2026-08-25T15:05:52Z"	"r3v: bind a shard-subset caselist to its shard in the conformance runner"	"r3v: bind a shard-subset caselist to its shard in the conformance runner"	"Exact GitHub thread re-query plus resolution-source and current-source ancestry at the recorded target identity"
"PRRT_kwDOR3YK5M6b41T8"	"2026-08-24T23:38:59Z"	"https://github.com/Oichkatzelesfrettschen/mesa-26-gororoba/pull/1772#discussion_r3848339415"	"src/amd/r300/vulkan/tests/r3v_conformance_runner.py"	"760"	"require the queue report digest for verified result"	"unassessed"	""	"resolved"	"same-source"	"0756d0bd5b11ca35e63bdf8e1b7b43e43f3c35da"	"merged-pr"	"0b3a40ced72379a35afa5afe456f9755fe94baf7"	"2001"	"r3v runner identity and planning witness fail-closed repairs"	"2026-08-28T19:41:45Z"	"src/amd/r300/vulkan/tests/r3v_conformance_runner.py"	"769f68ed402f01d8473bdfe7bedcd9554239bb2a"	"0756d0bd5b11ca35e63bdf8e1b7b43e43f3c35da"	"merged-pr"	"0b3a40ced72379a35afa5afe456f9755fe94baf7"	"2001"	"r3v runner identity and planning witness fail-closed repairs"	"2026-08-28T19:41:45Z"	"r3v: fail closed on runner identity and planning witnesses"	"r3v: fail closed on runner identity and planning witnesses"	"Exact GitHub thread re-query plus resolution-source and current-source ancestry at the recorded target identity"
"PRRT_kwDOR3YK5M6b41UE"	"2026-08-24T23:38:59Z"	"https://github.com/Oichkatzelesfrettschen/mesa-26-gororoba/pull/1772#discussion_r3848339423"	"src/amd/r300/vulkan/tests/r3v_conformance_runner.py"	"707"	"bump the receipt schema for mandatory queue evidence"	"unassessed"	""	"resolved"	"same-source"	"0756d0bd5b11ca35e63bdf8e1b7b43e43f3c35da"	"merged-pr"	"0b3a40ced72379a35afa5afe456f9755fe94baf7"	"2001"	"r3v runner identity and planning witness fail-closed repairs"	"2026-08-28T19:41:45Z"	"src/amd/r300/vulkan/tests/r3v_conformance_runner.py"	"769f68ed402f01d8473bdfe7bedcd9554239bb2a"	"0756d0bd5b11ca35e63bdf8e1b7b43e43f3c35da"	"merged-pr"	"0b3a40ced72379a35afa5afe456f9755fe94baf7"	"2001"	"r3v runner identity and planning witness fail-closed repairs"	"2026-08-28T19:41:45Z"	"r3v: fail closed on runner identity and planning witnesses"	"r3v: fail closed on runner identity and planning witnesses"	"Exact GitHub thread re-query plus resolution-source and current-source ancestry at the recorded target identity"
"PRRT_kwDOR3YK5M6b4-FQ"	"2026-08-24T23:51:16Z"	"https://github.com/Oichkatzelesfrettschen/mesa-26-gororoba/pull/1778#discussion_r3848393096"	"src/amd/r300/vulkan/r3v_native_plan_replay.c"	"173"	"scan for contaminating gates after exempting the claim gate"	"fixed-on-main"	"An additional open or cached hazardous gate still admits replay."	"resolved"	"same-source"	"26b04af5186ffa9c81c9f86ea67d56a9b2ee9baf"	"merged-pr"	"26b04af5186ffa9c81c9f86ea67d56a9b2ee9baf"	"1778"	"r3v: admit conformance submissions by exact ordered-plan replay"	"2026-08-25T00:02:56Z"	"src/amd/r300/vulkan/r3v_native_plan_replay.c"	"85c047c6790d113cb66e336740a76a2f01e2e1f5"	"26b04af5186ffa9c81c9f86ea67d56a9b2ee9baf"	"merged-pr"	"26b04af5186ffa9c81c9f86ea67d56a9b2ee9baf"	"1778"	"r3v: admit conformance submissions by exact ordered-plan replay"	"2026-08-25T00:02:56Z"	"r3v: admit conformance submissions by exact ordered-plan replay"	"r3v: admit conformance submissions by exact ordered-plan replay"	"Exact GitHub thread re-query plus resolution-source and current-source ancestry at the recorded target identity"
"PRRT_kwDOR3YK5M6b5DPM"	"2026-08-24T23:58:32Z"	"https://github.com/Oichkatzelesfrettschen/mesa-26-gororoba/pull/1778#discussion_r3848424786"	"src/amd/r300/vulkan/r3v_native_plan_replay.c"	"173"	"validate the gates cached on the device"	"fixed-on-main"	"An additional open or cached hazardous gate still admits replay."	"resolved"	"same-source"	"26b04af5186ffa9c81c9f86ea67d56a9b2ee9baf"	"merged-pr"	"26b04af5186ffa9c81c9f86ea67d56a9b2ee9baf"	"1778"	"r3v: admit conformance submissions by exact ordered-plan replay"	"2026-08-25T00:02:56Z"	"src/amd/r300/vulkan/r3v_native_plan_replay.c"	"85c047c6790d113cb66e336740a76a2f01e2e1f5"	"26b04af5186ffa9c81c9f86ea67d56a9b2ee9baf"	"merged-pr"	"26b04af5186ffa9c81c9f86ea67d56a9b2ee9baf"	"1778"	"r3v: admit conformance submissions by exact ordered-plan replay"	"2026-08-25T00:02:56Z"	"r3v: admit conformance submissions by exact ordered-plan replay"	"r3v: admit conformance submissions by exact ordered-plan replay"	"Exact GitHub thread re-query plus resolution-source and current-source ancestry at the recorded target identity"
"PRRT_kwDOR3YK5M6b6xcP"	"2026-08-25T02:34:51Z"	"https://github.com/Oichkatzelesfrettschen/mesa-26-gororoba/pull/1781#discussion_r3849119080"	"src/amd/r300/vulkan/tests/r3v_conformance_runner.py"	"706"	"derive the caselist digest and cases from one snapshot"	"unassessed"	""	"resolved"	"same-source"	"0756d0bd5b11ca35e63bdf8e1b7b43e43f3c35da"	"merged-pr"	"0b3a40ced72379a35afa5afe456f9755fe94baf7"	"2001"	"r3v runner identity and planning witness fail-closed repairs"	"2026-08-28T19:41:45Z"	"src/amd/r300/vulkan/tests/r3v_conformance_runner.py"	"769f68ed402f01d8473bdfe7bedcd9554239bb2a"	"0756d0bd5b11ca35e63bdf8e1b7b43e43f3c35da"	"merged-pr"	"0b3a40ced72379a35afa5afe456f9755fe94baf7"	"2001"	"r3v runner identity and planning witness fail-closed repairs"	"2026-08-28T19:41:45Z"	"r3v: fail closed on runner identity and planning witnesses"	"r3v: fail closed on runner identity and planning witnesses"	"Exact GitHub thread re-query plus resolution-source and current-source ancestry at the recorded target identity"
"PRRT_kwDOR3YK5M6b6xcT"	"2026-08-25T02:34:52Z"	"https://github.com/Oichkatzelesfrettschen/mesa-26-gororoba/pull/1781#discussion_r3849119087"	"src/amd/r300/vulkan/tests/r3v_conformance_runner.py"	"1163"	"keep the byte digest rationale in one canonical comment"	"unassessed"	""	"resolved"	"same-source"	"0756d0bd5b11ca35e63bdf8e1b7b43e43f3c35da"	"merged-pr"	"0b3a40ced72379a35afa5afe456f9755fe94baf7"	"2001"	"r3v runner identity and planning witness fail-closed repairs"	"2026-08-28T19:41:45Z"	"src/amd/r300/vulkan/tests/r3v_conformance_runner.py"	"769f68ed402f01d8473bdfe7bedcd9554239bb2a"	"0756d0bd5b11ca35e63bdf8e1b7b43e43f3c35da"	"merged-pr"	"0b3a40ced72379a35afa5afe456f9755fe94baf7"	"2001"	"r3v runner identity and planning witness fail-closed repairs"	"2026-08-28T19:41:45Z"	"r3v: fail closed on runner identity and planning witnesses"	"r3v: fail closed on runner identity and planning witnesses"	"Exact GitHub thread re-query plus resolution-source and current-source ancestry at the recorded target identity"
"PRRT_kwDOR3YK5M6b8Mgh"	"2026-08-25T04:57:06Z"	"https://github.com/Oichkatzelesfrettschen/mesa-26-gororoba/pull/1786#discussion_r3849684198"	"src/amd/r300/vulkan/tests/r3v_conformance_runner.py"	"855"	"propagate per case shutdown deadlines to the shard verdict"	"unassessed"	""	"resolved"	"same-source"	"0756d0bd5b11ca35e63bdf8e1b7b43e43f3c35da"	"merged-pr"	"0b3a40ced72379a35afa5afe456f9755fe94baf7"	"2001"	"r3v runner identity and planning witness fail-closed repairs"	"2026-08-28T19:41:45Z"	"src/amd/r300/vulkan/tests/r3v_conformance_runner.py"	"769f68ed402f01d8473bdfe7bedcd9554239bb2a"	"0756d0bd5b11ca35e63bdf8e1b7b43e43f3c35da"	"merged-pr"	"0b3a40ced72379a35afa5afe456f9755fe94baf7"	"2001"	"r3v runner identity and planning witness fail-closed repairs"	"2026-08-28T19:41:45Z"	"r3v: fail closed on runner identity and planning witnesses"	"r3v: fail closed on runner identity and planning witnesses"	"Exact GitHub thread re-query plus resolution-source and current-source ancestry at the recorded target identity"
"PRRT_kwDOR3YK5M6b8Mgk"	"2026-08-25T04:57:06Z"	"https://github.com/Oichkatzelesfrettschen/mesa-26-gororoba/pull/1786#discussion_r3849684203"	"src/amd/r300/vulkan/tests/r3v_conformance_runner.py"	"860"	"require every per case qpa session to close"	"unassessed"	""	"resolved"	"same-source"	"0756d0bd5b11ca35e63bdf8e1b7b43e43f3c35da"	"merged-pr"	"0b3a40ced72379a35afa5afe456f9755fe94baf7"	"2001"	"r3v runner identity and planning witness fail-closed repairs"	"2026-08-28T19:41:45Z"	"src/amd/r300/vulkan/tests/r3v_conformance_runner.py"	"769f68ed402f01d8473bdfe7bedcd9554239bb2a"	"0756d0bd5b11ca35e63bdf8e1b7b43e43f3c35da"	"merged-pr"	"0b3a40ced72379a35afa5afe456f9755fe94baf7"	"2001"	"r3v runner identity and planning witness fail-closed repairs"	"2026-08-28T19:41:45Z"	"r3v: fail closed on runner identity and planning witnesses"	"r3v: fail closed on runner identity and planning witnesses"	"Exact GitHub thread re-query plus resolution-source and current-source ancestry at the recorded target identity"
"PRRT_kwDOR3YK5M6b8Mgn"	"2026-08-25T04:57:06Z"	"https://github.com/Oichkatzelesfrettschen/mesa-26-gororoba/pull/1786#discussion_r3849684207"	"src/amd/r300/vulkan/tests/r3v_conformance_runner.py"	"727"	"reject nonce reuse across replay cases"	"unassessed"	""	"resolved"	"same-source"	"0756d0bd5b11ca35e63bdf8e1b7b43e43f3c35da"	"merged-pr"	"0b3a40ced72379a35afa5afe456f9755fe94baf7"	"2001"	"r3v runner identity and planning witness fail-closed repairs"	"2026-08-28T19:41:45Z"	"src/amd/r300/vulkan/tests/r3v_conformance_runner.py"	"769f68ed402f01d8473bdfe7bedcd9554239bb2a"	"0756d0bd5b11ca35e63bdf8e1b7b43e43f3c35da"	"merged-pr"	"0b3a40ced72379a35afa5afe456f9755fe94baf7"	"2001"	"r3v runner identity and planning witness fail-closed repairs"	"2026-08-28T19:41:45Z"	"r3v: fail closed on runner identity and planning witnesses"	"r3v: fail closed on runner identity and planning witnesses"	"Exact GitHub thread re-query plus resolution-source and current-source ancestry at the recorded target identity"
"PRRT_kwDOR3YK5M6b8cX4"	"2026-08-25T05:19:08Z"	"https://github.com/Oichkatzelesfrettschen/mesa-26-gororoba/pull/1786#discussion_r3849780811"	"src/amd/r300/vulkan/tests/r3v_conformance_runner.py"	"807"	"bound per case directory components before mkdir"	"unassessed"	""	"resolved"	"same-source"	"0756d0bd5b11ca35e63bdf8e1b7b43e43f3c35da"	"merged-pr"	"0b3a40ced72379a35afa5afe456f9755fe94baf7"	"2001"	"r3v runner identity and planning witness fail-closed repairs"	"2026-08-28T19:41:45Z"	"src/amd/r300/vulkan/tests/r3v_conformance_runner.py"	"769f68ed402f01d8473bdfe7bedcd9554239bb2a"	"0756d0bd5b11ca35e63bdf8e1b7b43e43f3c35da"	"merged-pr"	"0b3a40ced72379a35afa5afe456f9755fe94baf7"	"2001"	"r3v runner identity and planning witness fail-closed repairs"	"2026-08-28T19:41:45Z"	"r3v: fail closed on runner identity and planning witnesses"	"r3v: fail closed on runner identity and planning witnesses"	"Exact GitHub thread re-query plus resolution-source and current-source ancestry at the recorded target identity"
"PRRT_kwDOR3YK5M6b8cXr"	"2026-08-25T05:19:08Z"	"https://github.com/Oichkatzelesfrettschen/mesa-26-gororoba/pull/1786#discussion_r3849780795"	"src/amd/r300/vulkan/tests/r3v_conformance_runner.py"	"884"	"preserve nonzero child exits in the shard verdict"	"unassessed"	""	"resolved"	"same-source"	"0756d0bd5b11ca35e63bdf8e1b7b43e43f3c35da"	"merged-pr"	"0b3a40ced72379a35afa5afe456f9755fe94baf7"	"2001"	"r3v runner identity and planning witness fail-closed repairs"	"2026-08-28T19:41:45Z"	"src/amd/r300/vulkan/tests/r3v_conformance_runner.py"	"769f68ed402f01d8473bdfe7bedcd9554239bb2a"	"0756d0bd5b11ca35e63bdf8e1b7b43e43f3c35da"	"merged-pr"	"0b3a40ced72379a35afa5afe456f9755fe94baf7"	"2001"	"r3v runner identity and planning witness fail-closed repairs"	"2026-08-28T19:41:45Z"	"r3v: fail closed on runner identity and planning witnesses"	"r3v: fail closed on runner identity and planning witnesses"	"Exact GitHub thread re-query plus resolution-source and current-source ancestry at the recorded target identity"
"PRRT_kwDOR3YK5M6b8cXw"	"2026-08-25T05:19:08Z"	"https://github.com/Oichkatzelesfrettschen/mesa-26-gororoba/pull/1786#discussion_r3849780799"	"src/amd/r300/vulkan/tests/r3v_conformance_runner.py"	"940"	"require an active per case capture before the planning bypass"	"unassessed"	""	"resolved"	"same-source"	"0756d0bd5b11ca35e63bdf8e1b7b43e43f3c35da"	"merged-pr"	"0b3a40ced72379a35afa5afe456f9755fe94baf7"	"2001"	"r3v runner identity and planning witness fail-closed repairs"	"2026-08-28T19:41:45Z"	"src/amd/r300/vulkan/tests/r3v_conformance_runner.py"	"769f68ed402f01d8473bdfe7bedcd9554239bb2a"	"0756d0bd5b11ca35e63bdf8e1b7b43e43f3c35da"	"merged-pr"	"0b3a40ced72379a35afa5afe456f9755fe94baf7"	"2001"	"r3v runner identity and planning witness fail-closed repairs"	"2026-08-28T19:41:45Z"	"r3v: fail closed on runner identity and planning witnesses"	"r3v: fail closed on runner identity and planning witnesses"	"Exact GitHub thread re-query plus resolution-source and current-source ancestry at the recorded target identity"
"PRRT_kwDOR3YK5M6b8cXz"	"2026-08-25T05:19:08Z"	"https://github.com/Oichkatzelesfrettschen/mesa-26-gororoba/pull/1786#discussion_r3849780802"	"src/amd/r300/vulkan/tests/r3v_conformance_runner.py"	"1058"	"stop the shard when kernel log continuity is lost"	"unassessed"	""	"resolved"	"same-source"	"0756d0bd5b11ca35e63bdf8e1b7b43e43f3c35da"	"merged-pr"	"0b3a40ced72379a35afa5afe456f9755fe94baf7"	"2001"	"r3v runner identity and planning witness fail-closed repairs"	"2026-08-28T19:41:45Z"	"src/amd/r300/vulkan/tests/r3v_conformance_runner.py"	"769f68ed402f01d8473bdfe7bedcd9554239bb2a"	"0756d0bd5b11ca35e63bdf8e1b7b43e43f3c35da"	"merged-pr"	"0b3a40ced72379a35afa5afe456f9755fe94baf7"	"2001"	"r3v runner identity and planning witness fail-closed repairs"	"2026-08-28T19:41:45Z"	"r3v: fail closed on runner identity and planning witnesses"	"r3v: fail closed on runner identity and planning witnesses"	"Exact GitHub thread re-query plus resolution-source and current-source ancestry at the recorded target identity"
"PRRT_kwDOR3YK5M6b_C-H"	"2026-08-25T08:13:16Z"	"https://github.com/Oichkatzelesfrettschen/mesa-26-gororoba/pull/1788#discussion_r3850795034"	"docs/hardware/r3v-current-program-status.md"	"108"	"preserve verified result host model receipts"	"unassessed"	""	"resolved"	"same-source"	"5b4d4027af47c81c9a9c21ff47987ab1f24f9e7f"	"merged-pr"	"6437a99238b5295205eaa531e417f62267e56685"	"2007"	"status_noperspective_route_receipt"	"2026-08-28T21:41:41Z"	"docs/hardware/r3v-current-program-status.md"	"93a645bc57c50622159e6219ffb11dd986b806f9"	"5b4d4027af47c81c9a9c21ff47987ab1f24f9e7f"	"merged-pr"	"6437a99238b5295205eaa531e417f62267e56685"	"2007"	"status_noperspective_route_receipt"	"2026-08-28T21:41:41Z"	"docs: record the public NoPerspective route receipt as the latest target receipt"	"docs: record the public NoPerspective route receipt as the latest target receipt"	"Exact GitHub thread re-query plus resolution-source and current-source ancestry at the recorded target identity"
"PRRT_kwDOR3YK5M6b_C-N"	"2026-08-25T08:13:16Z"	"https://github.com/Oichkatzelesfrettschen/mesa-26-gororoba/pull/1788#discussion_r3850795040"	"docs/hardware/r3v-current-program-status.md"	"16"	"identify the actual mesa revision described by the table"	"unassessed"	""	"resolved"	"same-source"	"5b4d4027af47c81c9a9c21ff47987ab1f24f9e7f"	"merged-pr"	"6437a99238b5295205eaa531e417f62267e56685"	"2007"	"status_noperspective_route_receipt"	"2026-08-28T21:41:41Z"	"docs/hardware/r3v-current-program-status.md"	"93a645bc57c50622159e6219ffb11dd986b806f9"	"5b4d4027af47c81c9a9c21ff47987ab1f24f9e7f"	"merged-pr"	"6437a99238b5295205eaa531e417f62267e56685"	"2007"	"status_noperspective_route_receipt"	"2026-08-28T21:41:41Z"	"docs: record the public NoPerspective route receipt as the latest target receipt"	"docs: record the public NoPerspective route receipt as the latest target receipt"	"Exact GitHub thread re-query plus resolution-source and current-source ancestry at the recorded target identity"
"PRRT_kwDOR3YK5M6cFWo2"	"2026-08-25T13:11:34Z"	"https://github.com/Oichkatzelesfrettschen/mesa-26-gororoba/pull/1790#discussion_r3853288367"	"src/amd/r300/vulkan/tests/r3v_conformance_runner.py"	"432"	"resolve the declared tracer before changing directories"	"unassessed"	""	"resolved"	"same-source"	"0756d0bd5b11ca35e63bdf8e1b7b43e43f3c35da"	"merged-pr"	"0b3a40ced72379a35afa5afe456f9755fe94baf7"	"2001"	"r3v runner identity and planning witness fail-closed repairs"	"2026-08-28T19:41:45Z"	"src/amd/r300/vulkan/tests/r3v_conformance_runner.py"	"769f68ed402f01d8473bdfe7bedcd9554239bb2a"	"0756d0bd5b11ca35e63bdf8e1b7b43e43f3c35da"	"merged-pr"	"0b3a40ced72379a35afa5afe456f9755fe94baf7"	"2001"	"r3v runner identity and planning witness fail-closed repairs"	"2026-08-28T19:41:45Z"	"r3v: fail closed on runner identity and planning witnesses"	"r3v: fail closed on runner identity and planning witnesses"	"Exact GitHub thread re-query plus resolution-source and current-source ancestry at the recorded target identity"
"PRRT_kwDOR3YK5M6cFWo7"	"2026-08-25T13:11:34Z"	"https://github.com/Oichkatzelesfrettschen/mesa-26-gororoba/pull/1790#discussion_r3853288374"	"src/amd/r300/vulkan/tests/r3v_conformance_runner.py"	"1287"	"let the kernel hazard outrank the planning refusal"	"unassessed"	""	"resolved"	"same-source"	"0756d0bd5b11ca35e63bdf8e1b7b43e43f3c35da"	"merged-pr"	"0b3a40ced72379a35afa5afe456f9755fe94baf7"	"2001"	"r3v runner identity and planning witness fail-closed repairs"	"2026-08-28T19:41:45Z"	"src/amd/r300/vulkan/tests/r3v_conformance_runner.py"	"769f68ed402f01d8473bdfe7bedcd9554239bb2a"	"0756d0bd5b11ca35e63bdf8e1b7b43e43f3c35da"	"merged-pr"	"0b3a40ced72379a35afa5afe456f9755fe94baf7"	"2001"	"r3v runner identity and planning witness fail-closed repairs"	"2026-08-28T19:41:45Z"	"r3v: fail closed on runner identity and planning witnesses"	"r3v: fail closed on runner identity and planning witnesses"	"Exact GitHub thread re-query plus resolution-source and current-source ancestry at the recorded target identity"
"PRRT_kwDOR3YK5M6cFWoh"	"2026-08-25T13:11:34Z"	"https://github.com/Oichkatzelesfrettschen/mesa-26-gororoba/pull/1790#discussion_r3853288339"	"src/amd/r300/vulkan/tests/r3v_conformance_runner.py"	"455"	"reject transcripts that predate the planning case"	"unassessed"	""	"resolved"	"same-source"	"0756d0bd5b11ca35e63bdf8e1b7b43e43f3c35da"	"merged-pr"	"0b3a40ced72379a35afa5afe456f9755fe94baf7"	"2001"	"r3v runner identity and planning witness fail-closed repairs"	"2026-08-28T19:41:45Z"	"src/amd/r300/vulkan/tests/r3v_conformance_runner.py"	"769f68ed402f01d8473bdfe7bedcd9554239bb2a"	"0756d0bd5b11ca35e63bdf8e1b7b43e43f3c35da"	"merged-pr"	"0b3a40ced72379a35afa5afe456f9755fe94baf7"	"2001"	"r3v runner identity and planning witness fail-closed repairs"	"2026-08-28T19:41:45Z"	"r3v: fail closed on runner identity and planning witnesses"	"r3v: fail closed on runner identity and planning witnesses"	"Exact GitHub thread re-query plus resolution-source and current-source ancestry at the recorded target identity"
"PRRT_kwDOR3YK5M6cFWou"	"2026-08-25T13:11:34Z"	"https://github.com/Oichkatzelesfrettschen/mesa-26-gororoba/pull/1790#discussion_r3853288356"	"src/amd/r300/vulkan/tests/r3v_conformance_runner.py"	"1277"	"require every shard case in the planning witness"	"unassessed"	""	"resolved"	"same-source"	"0756d0bd5b11ca35e63bdf8e1b7b43e43f3c35da"	"merged-pr"	"0b3a40ced72379a35afa5afe456f9755fe94baf7"	"2001"	"r3v runner identity and planning witness fail-closed repairs"	"2026-08-28T19:41:45Z"	"src/amd/r300/vulkan/tests/r3v_conformance_runner.py"	"769f68ed402f01d8473bdfe7bedcd9554239bb2a"	"0756d0bd5b11ca35e63bdf8e1b7b43e43f3c35da"	"merged-pr"	"0b3a40ced72379a35afa5afe456f9755fe94baf7"	"2001"	"r3v runner identity and planning witness fail-closed repairs"	"2026-08-28T19:41:45Z"	"r3v: fail closed on runner identity and planning witnesses"	"r3v: fail closed on runner identity and planning witnesses"	"Exact GitHub thread re-query plus resolution-source and current-source ancestry at the recorded target identity"
"PRRT_kwDOR3YK5M6cFWpC"	"2026-08-25T13:11:34Z"	"https://github.com/Oichkatzelesfrettschen/mesa-26-gororoba/pull/1790#discussion_r3853288387"	"src/amd/r300/vulkan/tests/r3v_conformance_runner.py"	"155"	"record the discovery method for the driver claims"	"unassessed"	""	"resolved"	"same-source"	"0756d0bd5b11ca35e63bdf8e1b7b43e43f3c35da"	"merged-pr"	"0b3a40ced72379a35afa5afe456f9755fe94baf7"	"2001"	"r3v runner identity and planning witness fail-closed repairs"	"2026-08-28T19:41:45Z"	"src/amd/r300/vulkan/tests/r3v_conformance_runner.py"	"769f68ed402f01d8473bdfe7bedcd9554239bb2a"	"0756d0bd5b11ca35e63bdf8e1b7b43e43f3c35da"	"merged-pr"	"0b3a40ced72379a35afa5afe456f9755fe94baf7"	"2001"	"r3v runner identity and planning witness fail-closed repairs"	"2026-08-28T19:41:45Z"	"r3v: fail closed on runner identity and planning witnesses"	"r3v: fail closed on runner identity and planning witnesses"	"Exact GitHub thread re-query plus resolution-source and current-source ancestry at the recorded target identity"
"PRRT_kwDOR3YK5M6cFWpP"	"2026-08-25T13:11:35Z"	"https://github.com/Oichkatzelesfrettschen/mesa-26-gororoba/pull/1790#discussion_r3853288401"	"docs/hardware/r3v-current-program-status.md"	"70"	"replace the workspace specific evidence path"	"unassessed"	""	"resolved"	"same-source"	"5b4d4027af47c81c9a9c21ff47987ab1f24f9e7f"	"merged-pr"	"6437a99238b5295205eaa531e417f62267e56685"	"2007"	"status_noperspective_route_receipt"	"2026-08-28T21:41:41Z"	"docs/hardware/r3v-current-program-status.md"	"93a645bc57c50622159e6219ffb11dd986b806f9"	"5b4d4027af47c81c9a9c21ff47987ab1f24f9e7f"	"merged-pr"	"6437a99238b5295205eaa531e417f62267e56685"	"2007"	"status_noperspective_route_receipt"	"2026-08-28T21:41:41Z"	"docs: record the public NoPerspective route receipt as the latest target receipt"	"docs: record the public NoPerspective route receipt as the latest target receipt"	"Exact GitHub thread re-query plus resolution-source and current-source ancestry at the recorded target identity"
"PRRT_kwDOR3YK5M6cFxqD"	"2026-08-25T13:28:38Z"	"https://github.com/Oichkatzelesfrettschen/mesa-26-gororoba/pull/1792#discussion_r3853452936"	"src/amd/r300/vulkan/tests/r3v_wsi_init_comment_parity_audit.py"	"79"	"check r3v wsi sw in the adjacent comment"	"fixed-on-main"	"Restoring stale default-software wording leaves the audit green."	"resolved"	"same-source"	"710d7e3c12b5e6eecd6a9356de5295618b201d1d"	"merged-pr"	"710d7e3c12b5e6eecd6a9356de5295618b201d1d"	"1792"	"r3v: pin the WSI denominator with retained absence, parity, shape, and registration checks"	"2026-08-25T13:38:58Z"	"src/amd/r300/vulkan/tests/r3v_wsi_init_comment_parity_audit.py"	"cac2ce7b6f2efd6561f054d849f23b09c6eb95cb"	"710d7e3c12b5e6eecd6a9356de5295618b201d1d"	"merged-pr"	"710d7e3c12b5e6eecd6a9356de5295618b201d1d"	"1792"	"r3v: pin the WSI denominator with retained absence, parity, shape, and registration checks"	"2026-08-25T13:38:58Z"	"r3v: pin the WSI denominator with retained absence, parity, shape, and registration checks"	"r3v: pin the WSI denominator with retained absence, parity, shape, and registration checks"	"Exact GitHub thread re-query plus resolution-source and current-source ancestry at the recorded target identity"
"PRRT_kwDOR3YK5M6cF4uB"	"2026-08-25T13:33:13Z"	"https://github.com/Oichkatzelesfrettschen/mesa-26-gororoba/pull/1794#discussion_r3853494985"	"src/amd/r300/vulkan/tests/r3v_conformance_runner.py"	"461"	"accept only markers created by the current case"	"unassessed"	""	"resolved"	"same-source"	"0756d0bd5b11ca35e63bdf8e1b7b43e43f3c35da"	"merged-pr"	"0b3a40ced72379a35afa5afe456f9755fe94baf7"	"2001"	"r3v runner identity and planning witness fail-closed repairs"	"2026-08-28T19:41:45Z"	"src/amd/r300/vulkan/tests/r3v_conformance_runner.py"	"769f68ed402f01d8473bdfe7bedcd9554239bb2a"	"0756d0bd5b11ca35e63bdf8e1b7b43e43f3c35da"	"merged-pr"	"0b3a40ced72379a35afa5afe456f9755fe94baf7"	"2001"	"r3v runner identity and planning witness fail-closed repairs"	"2026-08-28T19:41:45Z"	"r3v: fail closed on runner identity and planning witnesses"	"r3v: fail closed on runner identity and planning witnesses"	"Exact GitHub thread re-query plus resolution-source and current-source ancestry at the recorded target identity"
"PRRT_kwDOR3YK5M6cF4uH"	"2026-08-25T13:33:13Z"	"https://github.com/Oichkatzelesfrettschen/mesa-26-gororoba/pull/1794#discussion_r3853494992"	"src/amd/r300/vulkan/tests/r3v_conformance_runner.py"	"465"	"require every capture device to report an empty outcome"	"unassessed"	""	"resolved"	"same-source"	"0756d0bd5b11ca35e63bdf8e1b7b43e43f3c35da"	"merged-pr"	"0b3a40ced72379a35afa5afe456f9755fe94baf7"	"2001"	"r3v runner identity and planning witness fail-closed repairs"	"2026-08-28T19:41:45Z"	"src/amd/r300/vulkan/tests/r3v_conformance_runner.py"	"769f68ed402f01d8473bdfe7bedcd9554239bb2a"	"0756d0bd5b11ca35e63bdf8e1b7b43e43f3c35da"	"merged-pr"	"0b3a40ced72379a35afa5afe456f9755fe94baf7"	"2001"	"r3v runner identity and planning witness fail-closed repairs"	"2026-08-28T19:41:45Z"	"r3v: fail closed on runner identity and planning witnesses"	"r3v: fail closed on runner identity and planning witnesses"	"Exact GitHub thread re-query plus resolution-source and current-source ancestry at the recorded target identity"
"PRRT_kwDOR3YK5M6cGMel"	"2026-08-25T13:46:48Z"	"https://github.com/Oichkatzelesfrettschen/mesa-26-gororoba/pull/1792#discussion_r3853615008"	"docs/hardware/r3v-wsi-denominator.md"	"200"	"classify the drm shim result as runtime evidence"	"fixed-on-main"	"The same shim result is promoted to silicon evidence again."	"resolved"	"same-source"	"cebc5f008a2b1f33922597891892bb48205e557f"	"merged-pr"	"cebc5f008a2b1f33922597891892bb48205e557f"	"1852"	"docs: resync the WSI denominator to the widened image admission gate"	"2026-08-26T18:04:13Z"	"docs/hardware/r3v-wsi-denominator.md"	"db48f26238d8e79edcd1ffb9a8d28a037d19c540"	"cebc5f008a2b1f33922597891892bb48205e557f"	"merged-pr"	"cebc5f008a2b1f33922597891892bb48205e557f"	"1852"	"docs: resync the WSI denominator to the widened image admission gate"	"2026-08-26T18:04:13Z"	"docs: resync the WSI denominator to the widened image admission gate"	"docs: resync the WSI denominator to the widened image admission gate"	"Exact GitHub thread re-query plus resolution-source and current-source ancestry at the recorded target identity"
"PRRT_kwDOR3YK5M6cGRyz"	"2026-08-25T13:50:24Z"	"https://github.com/Oichkatzelesfrettschen/mesa-26-gororoba/pull/1795#discussion_r3853646876"	"docs/hardware/r3v-current-program-status.md"	"118"	"update the pinned evidence repository head"	"unassessed"	""	"resolved"	"same-source"	"5b4d4027af47c81c9a9c21ff47987ab1f24f9e7f"	"merged-pr"	"6437a99238b5295205eaa531e417f62267e56685"	"2007"	"status_noperspective_route_receipt"	"2026-08-28T21:41:41Z"	"docs/hardware/r3v-current-program-status.md"	"93a645bc57c50622159e6219ffb11dd986b806f9"	"5b4d4027af47c81c9a9c21ff47987ab1f24f9e7f"	"merged-pr"	"6437a99238b5295205eaa531e417f62267e56685"	"2007"	"status_noperspective_route_receipt"	"2026-08-28T21:41:41Z"	"docs: record the public NoPerspective route receipt as the latest target receipt"	"docs: record the public NoPerspective route receipt as the latest target receipt"	"Exact GitHub thread re-query plus resolution-source and current-source ancestry at the recorded target identity"
"PRRT_kwDOR3YK5M6cGRzE"	"2026-08-25T13:50:24Z"	"https://github.com/Oichkatzelesfrettschen/mesa-26-gororoba/pull/1795#discussion_r3853646896"	"docs/hardware/r3v-current-program-status.md"	"120"	"advance the mesa head past the receipt source"	"unassessed"	""	"resolved"	"same-source"	"5b4d4027af47c81c9a9c21ff47987ab1f24f9e7f"	"merged-pr"	"6437a99238b5295205eaa531e417f62267e56685"	"2007"	"status_noperspective_route_receipt"	"2026-08-28T21:41:41Z"	"docs/hardware/r3v-current-program-status.md"	"93a645bc57c50622159e6219ffb11dd986b806f9"	"5b4d4027af47c81c9a9c21ff47987ab1f24f9e7f"	"merged-pr"	"6437a99238b5295205eaa531e417f62267e56685"	"2007"	"status_noperspective_route_receipt"	"2026-08-28T21:41:41Z"	"docs: record the public NoPerspective route receipt as the latest target receipt"	"docs: record the public NoPerspective route receipt as the latest target receipt"	"Exact GitHub thread re-query plus resolution-source and current-source ancestry at the recorded target identity"
"PRRT_kwDOR3YK5M6cGRzN"	"2026-08-25T13:50:24Z"	"https://github.com/Oichkatzelesfrettschen/mesa-26-gororoba/pull/1795#discussion_r3853646908"	"docs/hardware/r3v-current-program-status.md"	"121"	"correct the second device count"	"unassessed"	""	"resolved"	"same-source"	"5b4d4027af47c81c9a9c21ff47987ab1f24f9e7f"	"merged-pr"	"6437a99238b5295205eaa531e417f62267e56685"	"2007"	"status_noperspective_route_receipt"	"2026-08-28T21:41:41Z"	"docs/hardware/r3v-current-program-status.md"	"93a645bc57c50622159e6219ffb11dd986b806f9"	"5b4d4027af47c81c9a9c21ff47987ab1f24f9e7f"	"merged-pr"	"6437a99238b5295205eaa531e417f62267e56685"	"2007"	"status_noperspective_route_receipt"	"2026-08-28T21:41:41Z"	"docs: record the public NoPerspective route receipt as the latest target receipt"	"docs: record the public NoPerspective route receipt as the latest target receipt"	"Exact GitHub thread re-query plus resolution-source and current-source ancestry at the recorded target identity"
"PRRT_kwDOR3YK5M6cIUnm"	"2026-08-25T15:15:41Z"	"https://github.com/Oichkatzelesfrettschen/mesa-26-gororoba/pull/1796#discussion_r3854445919"	"docs/hardware/r3v-current-program-status.md"	"16"	"reconcile the mesa head with the declared target source"	"unassessed"	""	"resolved"	"same-source"	"5b4d4027af47c81c9a9c21ff47987ab1f24f9e7f"	"merged-pr"	"6437a99238b5295205eaa531e417f62267e56685"	"2007"	"status_noperspective_route_receipt"	"2026-08-28T21:41:41Z"	"docs/hardware/r3v-current-program-status.md"	"93a645bc57c50622159e6219ffb11dd986b806f9"	"5b4d4027af47c81c9a9c21ff47987ab1f24f9e7f"	"merged-pr"	"6437a99238b5295205eaa531e417f62267e56685"	"2007"	"status_noperspective_route_receipt"	"2026-08-28T21:41:41Z"	"docs: record the public NoPerspective route receipt as the latest target receipt"	"docs: record the public NoPerspective route receipt as the latest target receipt"	"Exact GitHub thread re-query plus resolution-source and current-source ancestry at the recorded target identity"
"PRRT_kwDOR3YK5M6cJt9j"	"2026-08-25T16:18:47Z"	"https://github.com/Oichkatzelesfrettschen/mesa-26-gororoba/pull/1798#discussion_r3854991381"	"docs/hardware/r3v-current-program-status.md"	"271"	"keep architecture facts in their named authority"	"unassessed"	""	"resolved"	"same-source"	"5b4d4027af47c81c9a9c21ff47987ab1f24f9e7f"	"merged-pr"	"6437a99238b5295205eaa531e417f62267e56685"	"2007"	"status_noperspective_route_receipt"	"2026-08-28T21:41:41Z"	"docs/hardware/r3v-current-program-status.md"	"93a645bc57c50622159e6219ffb11dd986b806f9"	"5b4d4027af47c81c9a9c21ff47987ab1f24f9e7f"	"merged-pr"	"6437a99238b5295205eaa531e417f62267e56685"	"2007"	"status_noperspective_route_receipt"	"2026-08-28T21:41:41Z"	"docs: record the public NoPerspective route receipt as the latest target receipt"	"docs: record the public NoPerspective route receipt as the latest target receipt"	"Exact GitHub thread re-query plus resolution-source and current-source ancestry at the recorded target identity"
"PRRT_kwDOR3YK5M6cJt-F"	"2026-08-25T16:18:48Z"	"https://github.com/Oichkatzelesfrettschen/mesa-26-gororoba/pull/1798#discussion_r3854991421"	"docs/hardware/r3v-current-program-status.md"	"265"	"name the structurally unsupported format feature"	"unassessed"	""	"resolved"	"same-source"	"5b4d4027af47c81c9a9c21ff47987ab1f24f9e7f"	"merged-pr"	"6437a99238b5295205eaa531e417f62267e56685"	"2007"	"status_noperspective_route_receipt"	"2026-08-28T21:41:41Z"	"docs/hardware/r3v-current-program-status.md"	"93a645bc57c50622159e6219ffb11dd986b806f9"	"5b4d4027af47c81c9a9c21ff47987ab1f24f9e7f"	"merged-pr"	"6437a99238b5295205eaa531e417f62267e56685"	"2007"	"status_noperspective_route_receipt"	"2026-08-28T21:41:41Z"	"docs: record the public NoPerspective route receipt as the latest target receipt"	"docs: record the public NoPerspective route receipt as the latest target receipt"	"Exact GitHub thread re-query plus resolution-source and current-source ancestry at the recorded target identity"
"PRRT_kwDOR3YK5M6cJt9-"	"2026-08-25T16:18:48Z"	"https://github.com/Oichkatzelesfrettschen/mesa-26-gororoba/pull/1798#discussion_r3854991413"	"docs/hardware/r3v-current-program-status.md"	"252"	"define how removal satisfies the rung one gate"	"unassessed"	""	"resolved"	"same-source"	"5b4d4027af47c81c9a9c21ff47987ab1f24f9e7f"	"merged-pr"	"6437a99238b5295205eaa531e417f62267e56685"	"2007"	"status_noperspective_route_receipt"	"2026-08-28T21:41:41Z"	"docs/hardware/r3v-current-program-status.md"	"93a645bc57c50622159e6219ffb11dd986b806f9"	"5b4d4027af47c81c9a9c21ff47987ab1f24f9e7f"	"merged-pr"	"6437a99238b5295205eaa531e417f62267e56685"	"2007"	"status_noperspective_route_receipt"	"2026-08-28T21:41:41Z"	"docs: record the public NoPerspective route receipt as the latest target receipt"	"docs: record the public NoPerspective route receipt as the latest target receipt"	"Exact GitHub thread re-query plus resolution-source and current-source ancestry at the recorded target identity"
"PRRT_kwDOR3YK5M6cJt91"	"2026-08-25T16:18:48Z"	"https://github.com/Oichkatzelesfrettschen/mesa-26-gororoba/pull/1798#discussion_r3854991402"	"docs/hardware/r3v-current-program-status.md"	"256"	"admit a baseline sampled image before executing sampling"	"unassessed"	""	"resolved"	"same-source"	"5b4d4027af47c81c9a9c21ff47987ab1f24f9e7f"	"merged-pr"	"6437a99238b5295205eaa531e417f62267e56685"	"2007"	"status_noperspective_route_receipt"	"2026-08-28T21:41:41Z"	"docs/hardware/r3v-current-program-status.md"	"93a645bc57c50622159e6219ffb11dd986b806f9"	"5b4d4027af47c81c9a9c21ff47987ab1f24f9e7f"	"merged-pr"	"6437a99238b5295205eaa531e417f62267e56685"	"2007"	"status_noperspective_route_receipt"	"2026-08-28T21:41:41Z"	"docs: record the public NoPerspective route receipt as the latest target receipt"	"docs: record the public NoPerspective route receipt as the latest target receipt"	"Exact GitHub thread re-query plus resolution-source and current-source ancestry at the recorded target identity"
"PRRT_kwDOR3YK5M6cJt96"	"2026-08-25T16:18:48Z"	"https://github.com/Oichkatzelesfrettschen/mesa-26-gororoba/pull/1798#discussion_r3854991407"	"docs/hardware/r3v-current-program-status.md"	"261"	"align the intermediate framebuffer limit receipts"	"unassessed"	""	"resolved"	"same-source"	"5b4d4027af47c81c9a9c21ff47987ab1f24f9e7f"	"merged-pr"	"6437a99238b5295205eaa531e417f62267e56685"	"2007"	"status_noperspective_route_receipt"	"2026-08-28T21:41:41Z"	"docs/hardware/r3v-current-program-status.md"	"93a645bc57c50622159e6219ffb11dd986b806f9"	"5b4d4027af47c81c9a9c21ff47987ab1f24f9e7f"	"merged-pr"	"6437a99238b5295205eaa531e417f62267e56685"	"2007"	"status_noperspective_route_receipt"	"2026-08-28T21:41:41Z"	"docs: record the public NoPerspective route receipt as the latest target receipt"	"docs: record the public NoPerspective route receipt as the latest target receipt"	"Exact GitHub thread re-query plus resolution-source and current-source ancestry at the recorded target identity"
"PRRT_kwDOR3YK5M6cJt9q"	"2026-08-25T16:18:48Z"	"https://github.com/Oichkatzelesfrettschen/mesa-26-gororoba/pull/1798#discussion_r3854991390"	"docs/hardware/r3v-current-program-status.md"	"288"	"name the wsi prerequisite instead of its issue number"	"unassessed"	""	"resolved"	"same-source"	"5b4d4027af47c81c9a9c21ff47987ab1f24f9e7f"	"merged-pr"	"6437a99238b5295205eaa531e417f62267e56685"	"2007"	"status_noperspective_route_receipt"	"2026-08-28T21:41:41Z"	"docs/hardware/r3v-current-program-status.md"	"93a645bc57c50622159e6219ffb11dd986b806f9"	"5b4d4027af47c81c9a9c21ff47987ab1f24f9e7f"	"merged-pr"	"6437a99238b5295205eaa531e417f62267e56685"	"2007"	"status_noperspective_route_receipt"	"2026-08-28T21:41:41Z"	"docs: record the public NoPerspective route receipt as the latest target receipt"	"docs: record the public NoPerspective route receipt as the latest target receipt"	"Exact GitHub thread re-query plus resolution-source and current-source ancestry at the recorded target identity"
"PRRT_kwDOR3YK5M6cJt9w"	"2026-08-25T16:18:48Z"	"https://github.com/Oichkatzelesfrettschen/mesa-26-gororoba/pull/1798#discussion_r3854991396"	"docs/hardware/r3v-current-program-status.md"	"299"	"qualify the radeontool package path with its repository"	"unassessed"	""	"resolved"	"same-source"	"5b4d4027af47c81c9a9c21ff47987ab1f24f9e7f"	"merged-pr"	"6437a99238b5295205eaa531e417f62267e56685"	"2007"	"status_noperspective_route_receipt"	"2026-08-28T21:41:41Z"	"docs/hardware/r3v-current-program-status.md"	"93a645bc57c50622159e6219ffb11dd986b806f9"	"5b4d4027af47c81c9a9c21ff47987ab1f24f9e7f"	"merged-pr"	"6437a99238b5295205eaa531e417f62267e56685"	"2007"	"status_noperspective_route_receipt"	"2026-08-28T21:41:41Z"	"docs: record the public NoPerspective route receipt as the latest target receipt"	"docs: record the public NoPerspective route receipt as the latest target receipt"	"Exact GitHub thread re-query plus resolution-source and current-source ancestry at the recorded target identity"
"PRRT_kwDOR3YK5M6cKCuE"	"2026-08-25T16:34:14Z"	"https://github.com/Oichkatzelesfrettschen/mesa-26-gororoba/pull/1799#discussion_r3855118905"	"docs/hardware/r3v-current-program-status.md"	"237"	"keep the constant row open until vulkan binds the payload"	"unassessed"	""	"resolved"	"same-source"	"5b4d4027af47c81c9a9c21ff47987ab1f24f9e7f"	"merged-pr"	"6437a99238b5295205eaa531e417f62267e56685"	"2007"	"status_noperspective_route_receipt"	"2026-08-28T21:41:41Z"	"docs/hardware/r3v-current-program-status.md"	"93a645bc57c50622159e6219ffb11dd986b806f9"	"5b4d4027af47c81c9a9c21ff47987ab1f24f9e7f"	"merged-pr"	"6437a99238b5295205eaa531e417f62267e56685"	"2007"	"status_noperspective_route_receipt"	"2026-08-28T21:41:41Z"	"docs: record the public NoPerspective route receipt as the latest target receipt"	"docs: record the public NoPerspective route receipt as the latest target receipt"	"Exact GitHub thread re-query plus resolution-source and current-source ancestry at the recorded target identity"
"PRRT_kwDOR3YK5M6cKCuP"	"2026-08-25T16:34:14Z"	"https://github.com/Oichkatzelesfrettschen/mesa-26-gororoba/pull/1799#discussion_r3855118917"	"docs/hardware/r3v-current-program-status.md"	"216"	"reconcile the silicon evidence classification"	"unassessed"	""	"resolved"	"same-source"	"5b4d4027af47c81c9a9c21ff47987ab1f24f9e7f"	"merged-pr"	"6437a99238b5295205eaa531e417f62267e56685"	"2007"	"status_noperspective_route_receipt"	"2026-08-28T21:41:41Z"	"docs/hardware/r3v-current-program-status.md"	"93a645bc57c50622159e6219ffb11dd986b806f9"	"5b4d4027af47c81c9a9c21ff47987ab1f24f9e7f"	"merged-pr"	"6437a99238b5295205eaa531e417f62267e56685"	"2007"	"status_noperspective_route_receipt"	"2026-08-28T21:41:41Z"	"docs: record the public NoPerspective route receipt as the latest target receipt"	"docs: record the public NoPerspective route receipt as the latest target receipt"	"Exact GitHub thread re-query plus resolution-source and current-source ancestry at the recorded target identity"
"PRRT_kwDOR3YK5M6cLYDU"	"2026-08-25T17:42:57Z"	"https://github.com/Oichkatzelesfrettschen/mesa-26-gororoba/pull/1802#discussion_r3855648147"	"docs/hardware/r3v-current-program-status.md"	"236"	"keep the evidence gate closed after a failed precondition"	"unassessed"	""	"resolved"	"same-source"	"5b4d4027af47c81c9a9c21ff47987ab1f24f9e7f"	"merged-pr"	"6437a99238b5295205eaa531e417f62267e56685"	"2007"	"status_noperspective_route_receipt"	"2026-08-28T21:41:41Z"	"docs/hardware/r3v-current-program-status.md"	"93a645bc57c50622159e6219ffb11dd986b806f9"	"5b4d4027af47c81c9a9c21ff47987ab1f24f9e7f"	"merged-pr"	"6437a99238b5295205eaa531e417f62267e56685"	"2007"	"status_noperspective_route_receipt"	"2026-08-28T21:41:41Z"	"docs: record the public NoPerspective route receipt as the latest target receipt"	"docs: record the public NoPerspective route receipt as the latest target receipt"	"Exact GitHub thread re-query plus resolution-source and current-source ancestry at the recorded target identity"
"PRRT_kwDOR3YK5M6cL7kB"	"2026-08-25T18:10:45Z"	"https://github.com/Oichkatzelesfrettschen/mesa-26-gororoba/pull/1805#discussion_r3855867363"	"docs/hardware/r3v-current-program-status.md"	"250"	"update the authoritative latest receipt table"	"unassessed"	""	"resolved"	"same-source"	"5b4d4027af47c81c9a9c21ff47987ab1f24f9e7f"	"merged-pr"	"6437a99238b5295205eaa531e417f62267e56685"	"2007"	"status_noperspective_route_receipt"	"2026-08-28T21:41:41Z"	"docs/hardware/r3v-current-program-status.md"	"93a645bc57c50622159e6219ffb11dd986b806f9"	"5b4d4027af47c81c9a9c21ff47987ab1f24f9e7f"	"merged-pr"	"6437a99238b5295205eaa531e417f62267e56685"	"2007"	"status_noperspective_route_receipt"	"2026-08-28T21:41:41Z"	"docs: record the public NoPerspective route receipt as the latest target receipt"	"docs: record the public NoPerspective route receipt as the latest target receipt"	"Exact GitHub thread re-query plus resolution-source and current-source ancestry at the recorded target identity"
"PRRT_kwDOR3YK5M6cL7kJ"	"2026-08-25T18:10:45Z"	"https://github.com/Oichkatzelesfrettschen/mesa-26-gororoba/pull/1805#discussion_r3855867377"	"docs/hardware/r3v-current-program-status.md"	"253"	"include host clear addressing in the offset mechanism"	"unassessed"	""	"resolved"	"same-source"	"5b4d4027af47c81c9a9c21ff47987ab1f24f9e7f"	"merged-pr"	"6437a99238b5295205eaa531e417f62267e56685"	"2007"	"status_noperspective_route_receipt"	"2026-08-28T21:41:41Z"	"docs/hardware/r3v-current-program-status.md"	"93a645bc57c50622159e6219ffb11dd986b806f9"	"5b4d4027af47c81c9a9c21ff47987ab1f24f9e7f"	"merged-pr"	"6437a99238b5295205eaa531e417f62267e56685"	"2007"	"status_noperspective_route_receipt"	"2026-08-28T21:41:41Z"	"docs: record the public NoPerspective route receipt as the latest target receipt"	"docs: record the public NoPerspective route receipt as the latest target receipt"	"Exact GitHub thread re-query plus resolution-source and current-source ancestry at the recorded target identity"
"PRRT_kwDOR3YK5M6cL7kM"	"2026-08-25T18:10:45Z"	"https://github.com/Oichkatzelesfrettschen/mesa-26-gororoba/pull/1805#discussion_r3855867384"	"docs/hardware/r3v-current-program-status.md"	"246"	"describe the full reference target family"	"unassessed"	""	"resolved"	"same-source"	"5b4d4027af47c81c9a9c21ff47987ab1f24f9e7f"	"merged-pr"	"6437a99238b5295205eaa531e417f62267e56685"	"2007"	"status_noperspective_route_receipt"	"2026-08-28T21:41:41Z"	"docs/hardware/r3v-current-program-status.md"	"93a645bc57c50622159e6219ffb11dd986b806f9"	"5b4d4027af47c81c9a9c21ff47987ab1f24f9e7f"	"merged-pr"	"6437a99238b5295205eaa531e417f62267e56685"	"2007"	"status_noperspective_route_receipt"	"2026-08-28T21:41:41Z"	"docs: record the public NoPerspective route receipt as the latest target receipt"	"docs: record the public NoPerspective route receipt as the latest target receipt"	"Exact GitHub thread re-query plus resolution-source and current-source ancestry at the recorded target identity"
"PRRT_kwDOR3YK5M6cL7kT"	"2026-08-25T18:10:45Z"	"https://github.com/Oichkatzelesfrettschen/mesa-26-gororoba/pull/1805#discussion_r3855867393"	"docs/hardware/r3v-current-program-status.md"	"246"	"reconcile the fragment constant task with the new exception"	"unassessed"	""	"resolved"	"same-source"	"5b4d4027af47c81c9a9c21ff47987ab1f24f9e7f"	"merged-pr"	"6437a99238b5295205eaa531e417f62267e56685"	"2007"	"status_noperspective_route_receipt"	"2026-08-28T21:41:41Z"	"docs/hardware/r3v-current-program-status.md"	"93a645bc57c50622159e6219ffb11dd986b806f9"	"5b4d4027af47c81c9a9c21ff47987ab1f24f9e7f"	"merged-pr"	"6437a99238b5295205eaa531e417f62267e56685"	"2007"	"status_noperspective_route_receipt"	"2026-08-28T21:41:41Z"	"docs: record the public NoPerspective route receipt as the latest target receipt"	"docs: record the public NoPerspective route receipt as the latest target receipt"	"Exact GitHub thread re-query plus resolution-source and current-source ancestry at the recorded target identity"
"PRRT_kwDOR3YK5M6cL7kW"	"2026-08-25T18:10:45Z"	"https://github.com/Oichkatzelesfrettschen/mesa-26-gororoba/pull/1805#discussion_r3855867402"	"docs/hardware/r3v-current-program-status.md"	"240"	"advance the recorded mesa repository head"	"unassessed"	""	"resolved"	"same-source"	"5b4d4027af47c81c9a9c21ff47987ab1f24f9e7f"	"merged-pr"	"6437a99238b5295205eaa531e417f62267e56685"	"2007"	"status_noperspective_route_receipt"	"2026-08-28T21:41:41Z"	"docs/hardware/r3v-current-program-status.md"	"93a645bc57c50622159e6219ffb11dd986b806f9"	"5b4d4027af47c81c9a9c21ff47987ab1f24f9e7f"	"merged-pr"	"6437a99238b5295205eaa531e417f62267e56685"	"2007"	"status_noperspective_route_receipt"	"2026-08-28T21:41:41Z"	"docs: record the public NoPerspective route receipt as the latest target receipt"	"docs: record the public NoPerspective route receipt as the latest target receipt"	"Exact GitHub thread re-query plus resolution-source and current-source ancestry at the recorded target identity"
"PRRT_kwDOR3YK5M6cL7ke"	"2026-08-25T18:10:45Z"	"https://github.com/Oichkatzelesfrettschen/mesa-26-gororoba/pull/1805#discussion_r3855867411"	"docs/hardware/r3v-current-program-status.md"	"241"	"qualify the non reference lowering claim"	"unassessed"	""	"resolved"	"same-source"	"5b4d4027af47c81c9a9c21ff47987ab1f24f9e7f"	"merged-pr"	"6437a99238b5295205eaa531e417f62267e56685"	"2007"	"status_noperspective_route_receipt"	"2026-08-28T21:41:41Z"	"docs/hardware/r3v-current-program-status.md"	"93a645bc57c50622159e6219ffb11dd986b806f9"	"5b4d4027af47c81c9a9c21ff47987ab1f24f9e7f"	"merged-pr"	"6437a99238b5295205eaa531e417f62267e56685"	"2007"	"status_noperspective_route_receipt"	"2026-08-28T21:41:41Z"	"docs: record the public NoPerspective route receipt as the latest target receipt"	"docs: record the public NoPerspective route receipt as the latest target receipt"	"Exact GitHub thread re-query plus resolution-source and current-source ancestry at the recorded target identity"
"PRRT_kwDOR3YK5M6cPnEl"	"2026-08-25T20:57:20Z"	"https://github.com/Oichkatzelesfrettschen/mesa-26-gororoba/pull/1810#discussion_r3857329889"	"docs/hardware/r3v-current-program-status.md"	"267"	"keep the open receipt fact in one location"	"unassessed"	""	"resolved"	"same-source"	"5b4d4027af47c81c9a9c21ff47987ab1f24f9e7f"	"merged-pr"	"6437a99238b5295205eaa531e417f62267e56685"	"2007"	"status_noperspective_route_receipt"	"2026-08-28T21:41:41Z"	"docs/hardware/r3v-current-program-status.md"	"93a645bc57c50622159e6219ffb11dd986b806f9"	"5b4d4027af47c81c9a9c21ff47987ab1f24f9e7f"	"merged-pr"	"6437a99238b5295205eaa531e417f62267e56685"	"2007"	"status_noperspective_route_receipt"	"2026-08-28T21:41:41Z"	"docs: record the public NoPerspective route receipt as the latest target receipt"	"docs: record the public NoPerspective route receipt as the latest target receipt"	"Exact GitHub thread re-query plus resolution-source and current-source ancestry at the recorded target identity"
"PRRT_kwDOR3YK5M6cPnEp"	"2026-08-25T20:57:20Z"	"https://github.com/Oichkatzelesfrettschen/mesa-26-gororoba/pull/1810#discussion_r3857329897"	"docs/hardware/r3v-current-program-status.md"	"256"	"name the retained transcript bundle"	"unassessed"	""	"resolved"	"same-source"	"5b4d4027af47c81c9a9c21ff47987ab1f24f9e7f"	"merged-pr"	"6437a99238b5295205eaa531e417f62267e56685"	"2007"	"status_noperspective_route_receipt"	"2026-08-28T21:41:41Z"	"docs/hardware/r3v-current-program-status.md"	"93a645bc57c50622159e6219ffb11dd986b806f9"	"5b4d4027af47c81c9a9c21ff47987ab1f24f9e7f"	"merged-pr"	"6437a99238b5295205eaa531e417f62267e56685"	"2007"	"status_noperspective_route_receipt"	"2026-08-28T21:41:41Z"	"docs: record the public NoPerspective route receipt as the latest target receipt"	"docs: record the public NoPerspective route receipt as the latest target receipt"	"Exact GitHub thread re-query plus resolution-source and current-source ancestry at the recorded target identity"
"PRRT_kwDOR3YK5M6cPnEu"	"2026-08-25T20:57:20Z"	"https://github.com/Oichkatzelesfrettschen/mesa-26-gororoba/pull/1810#discussion_r3857329904"	"docs/hardware/r3v-current-program-status.md"	"260"	"cite the vulkan rule for ignoring tessellation state"	"unassessed"	""	"resolved"	"same-source"	"5b4d4027af47c81c9a9c21ff47987ab1f24f9e7f"	"merged-pr"	"6437a99238b5295205eaa531e417f62267e56685"	"2007"	"status_noperspective_route_receipt"	"2026-08-28T21:41:41Z"	"docs/hardware/r3v-current-program-status.md"	"93a645bc57c50622159e6219ffb11dd986b806f9"	"5b4d4027af47c81c9a9c21ff47987ab1f24f9e7f"	"merged-pr"	"6437a99238b5295205eaa531e417f62267e56685"	"2007"	"status_noperspective_route_receipt"	"2026-08-28T21:41:41Z"	"docs: record the public NoPerspective route receipt as the latest target receipt"	"docs: record the public NoPerspective route receipt as the latest target receipt"	"Exact GitHub thread re-query plus resolution-source and current-source ancestry at the recorded target identity"
"PRRT_kwDOR3YK5M6cTcXg"	"2026-08-26T01:17:13Z"	"https://github.com/Oichkatzelesfrettschen/mesa-26-gororoba/pull/1811#discussion_r3858873489"	"docs/hardware/r3v-current-program-status.md"	"102"	"reconcile the head with the latest receipt"	"unassessed"	""	"resolved"	"same-source"	"5b4d4027af47c81c9a9c21ff47987ab1f24f9e7f"	"merged-pr"	"6437a99238b5295205eaa531e417f62267e56685"	"2007"	"status_noperspective_route_receipt"	"2026-08-28T21:41:41Z"	"docs/hardware/r3v-current-program-status.md"	"93a645bc57c50622159e6219ffb11dd986b806f9"	"5b4d4027af47c81c9a9c21ff47987ab1f24f9e7f"	"merged-pr"	"6437a99238b5295205eaa531e417f62267e56685"	"2007"	"status_noperspective_route_receipt"	"2026-08-28T21:41:41Z"	"docs: record the public NoPerspective route receipt as the latest target receipt"	"docs: record the public NoPerspective route receipt as the latest target receipt"	"Exact GitHub thread re-query plus resolution-source and current-source ancestry at the recorded target identity"
"PRRT_kwDOR3YK5M6cTcXk"	"2026-08-26T01:17:13Z"	"https://github.com/Oichkatzelesfrettschen/mesa-26-gororoba/pull/1811#discussion_r3858873493"	"docs/hardware/r3v-current-program-status.md"	"226"	"remove completed work from the p0 blocker list"	"unassessed"	""	"resolved"	"same-source"	"5b4d4027af47c81c9a9c21ff47987ab1f24f9e7f"	"merged-pr"	"6437a99238b5295205eaa531e417f62267e56685"	"2007"	"status_noperspective_route_receipt"	"2026-08-28T21:41:41Z"	"docs/hardware/r3v-current-program-status.md"	"93a645bc57c50622159e6219ffb11dd986b806f9"	"5b4d4027af47c81c9a9c21ff47987ab1f24f9e7f"	"merged-pr"	"6437a99238b5295205eaa531e417f62267e56685"	"2007"	"status_noperspective_route_receipt"	"2026-08-28T21:41:41Z"	"docs: record the public NoPerspective route receipt as the latest target receipt"	"docs: record the public NoPerspective route receipt as the latest target receipt"	"Exact GitHub thread re-query plus resolution-source and current-source ancestry at the recorded target identity"
"PRRT_kwDOR3YK5M6cTcXq"	"2026-08-26T01:17:13Z"	"https://github.com/Oichkatzelesfrettschen/mesa-26-gororoba/pull/1811#discussion_r3858873501"	"docs/hardware/r3v-current-program-status.md"	"110"	"limit the refutation to the smoke triangle case"	"unassessed"	""	"resolved"	"same-source"	"5b4d4027af47c81c9a9c21ff47987ab1f24f9e7f"	"merged-pr"	"6437a99238b5295205eaa531e417f62267e56685"	"2007"	"status_noperspective_route_receipt"	"2026-08-28T21:41:41Z"	"docs/hardware/r3v-current-program-status.md"	"93a645bc57c50622159e6219ffb11dd986b806f9"	"5b4d4027af47c81c9a9c21ff47987ab1f24f9e7f"	"merged-pr"	"6437a99238b5295205eaa531e417f62267e56685"	"2007"	"status_noperspective_route_receipt"	"2026-08-28T21:41:41Z"	"docs: record the public NoPerspective route receipt as the latest target receipt"	"docs: record the public NoPerspective route receipt as the latest target receipt"	"Exact GitHub thread re-query plus resolution-source and current-source ancestry at the recorded target identity"
"PRRT_kwDOR3YK5M6cTcXu"	"2026-08-26T01:17:14Z"	"https://github.com/Oichkatzelesfrettschen/mesa-26-gororoba/pull/1811#discussion_r3858873506"	"docs/hardware/r3v-current-program-status.md"	"108"	"name the transcript bearing planning receipt"	"unassessed"	""	"resolved"	"same-source"	"5b4d4027af47c81c9a9c21ff47987ab1f24f9e7f"	"merged-pr"	"6437a99238b5295205eaa531e417f62267e56685"	"2007"	"status_noperspective_route_receipt"	"2026-08-28T21:41:41Z"	"docs/hardware/r3v-current-program-status.md"	"93a645bc57c50622159e6219ffb11dd986b806f9"	"5b4d4027af47c81c9a9c21ff47987ab1f24f9e7f"	"merged-pr"	"6437a99238b5295205eaa531e417f62267e56685"	"2007"	"status_noperspective_route_receipt"	"2026-08-28T21:41:41Z"	"docs: record the public NoPerspective route receipt as the latest target receipt"	"docs: record the public NoPerspective route receipt as the latest target receipt"	"Exact GitHub thread re-query plus resolution-source and current-source ancestry at the recorded target identity"
"PRRT_kwDOR3YK5M6cT_6U"	"2026-08-26T02:11:34Z"	"https://github.com/Oichkatzelesfrettschen/mesa-26-gororoba/pull/1813#discussion_r3859100501"	"src/amd/r300/vulkan/r3v_native_recording.c"	"448"	"advertise the formats accepted by the scaling blit"	"unassessed"	""	"resolved"	"same-source"	"73b4fc07196b5bc9e5505406dfc34f4269407165"	"merged-pr"	"c7dae69423791abaefee49603b2d45e62086ac19"	"1954"	"second_render_pass_and_deferred_draw_per_command_buffer"	"2026-08-28T01:25:15Z"	"src/amd/r300/vulkan/r3v_native_recording.c"	"22bb885cd522d1e8d56150752a5c1f49cd25c9ee"	"73b4fc07196b5bc9e5505406dfc34f4269407165"	"merged-pr"	"c7dae69423791abaefee49603b2d45e62086ac19"	"1954"	"second_render_pass_and_deferred_draw_per_command_buffer"	"2026-08-28T01:25:15Z"	"r3v: admit a second render pass and second deferred draw"	"r3v: admit a second render pass and second deferred draw"	"Exact GitHub thread re-query plus resolution-source and current-source ancestry at the recorded target identity"
"PRRT_kwDOR3YK5M6cT_6Y"	"2026-08-26T02:11:34Z"	"https://github.com/Oichkatzelesfrettschen/mesa-26-gororoba/pull/1813#discussion_r3859100508"	"src/amd/r300/vulkan/tests/r3v_conformance_nonpass_ledger.tsv"	"9"	"remove the closed scaling blit wall from the ledger"	"unassessed"	""	"resolved"	"same-source"	"a628623143f80181b4a864337e2afdecf89fb1d1"	"merged-pr"	"41ed3670d8f5557938e79d43a08dd9cd15768dbf"	"1962"	"view_rows_measured_movement ledger retirement"	"2026-08-28T02:49:26Z"	"src/amd/r300/vulkan/tests/r3v_conformance_nonpass_ledger.tsv"	"1cbbd3a6fac1530b6241bb108c58b43e21e6665e"	"a628623143f80181b4a864337e2afdecf89fb1d1"	"merged-pr"	"41ed3670d8f5557938e79d43a08dd9cd15768dbf"	"1962"	"view_rows_measured_movement ledger retirement"	"2026-08-28T02:49:26Z"	"r3v: retire the view-row ledger entries on measured movement"	"r3v: retire the view-row ledger entries on measured movement"	"Exact GitHub thread re-query plus resolution-source and current-source ancestry at the recorded target identity"
"PRRT_kwDOR3YK5M6cT_6c"	"2026-08-26T02:11:35Z"	"https://github.com/Oichkatzelesfrettschen/mesa-26-gororoba/pull/1813#discussion_r3859100513"	"src/amd/r300/vulkan/tests/r3v_native_object_lifetime_test.c"	"842"	"keep the replayed secondary alive through submission"	"repair-required"	"The secondary remains alive through queue idle and opposite valid cleanup orders release both owned allocations."	"resolved"	"same-source"	"2cb307652cc8b14e61abd9fd3d71ff5e935c5eae"	"merged-pr"	"2cb307652cc8b14e61abd9fd3d71ff5e935c5eae"	"1814"	"bounded nearest scaling blit and owned update bytes on secondary replay"	"2026-08-26T02:02:17Z"	"src/amd/r300/vulkan/tests/r3v_native_object_lifetime_test.c"	"cef6918ac358374125e7f03412f4509b39aa443c"	"2cb307652cc8b14e61abd9fd3d71ff5e935c5eae"	"merged-pr"	"2cb307652cc8b14e61abd9fd3d71ff5e935c5eae"	"1814"	"bounded nearest scaling blit and owned update bytes on secondary replay"	"2026-08-26T02:02:17Z"	"r3v: lower the scaling blit onto a nearest resample executor (#1814)"	"r3v: lower the scaling blit onto a nearest resample executor (#1814)"	"Exact GitHub thread re-query plus resolution-source and current-source ancestry at the recorded target identity"
"PRRT_kwDOR3YK5M6cUCrg"	"2026-08-26T02:15:52Z"	"https://github.com/Oichkatzelesfrettschen/mesa-26-gororoba/pull/1815#discussion_r3859117527"	"docs/hardware/r3v-current-program-status.md"	"336"	"refresh the canonical status when closing the rung"	"unassessed"	""	"resolved"	"same-source"	"5b4d4027af47c81c9a9c21ff47987ab1f24f9e7f"	"merged-pr"	"6437a99238b5295205eaa531e417f62267e56685"	"2007"	"status_noperspective_route_receipt"	"2026-08-28T21:41:41Z"	"docs/hardware/r3v-current-program-status.md"	"93a645bc57c50622159e6219ffb11dd986b806f9"	"5b4d4027af47c81c9a9c21ff47987ab1f24f9e7f"	"merged-pr"	"6437a99238b5295205eaa531e417f62267e56685"	"2007"	"status_noperspective_route_receipt"	"2026-08-28T21:41:41Z"	"docs: record the public NoPerspective route receipt as the latest target receipt"	"docs: record the public NoPerspective route receipt as the latest target receipt"	"Exact GitHub thread re-query plus resolution-source and current-source ancestry at the recorded target identity"
"PRRT_kwDOR3YK5M6cUCrh"	"2026-08-26T02:15:52Z"	"https://github.com/Oichkatzelesfrettschen/mesa-26-gororoba/pull/1815#discussion_r3859117530"	"docs/hardware/r3v-current-program-status.md"	"339"	"qualify the secondary replay ordering claim"	"unassessed"	""	"resolved"	"same-source"	"5b4d4027af47c81c9a9c21ff47987ab1f24f9e7f"	"merged-pr"	"6437a99238b5295205eaa531e417f62267e56685"	"2007"	"status_noperspective_route_receipt"	"2026-08-28T21:41:41Z"	"docs/hardware/r3v-current-program-status.md"	"93a645bc57c50622159e6219ffb11dd986b806f9"	"5b4d4027af47c81c9a9c21ff47987ab1f24f9e7f"	"merged-pr"	"6437a99238b5295205eaa531e417f62267e56685"	"2007"	"status_noperspective_route_receipt"	"2026-08-28T21:41:41Z"	"docs: record the public NoPerspective route receipt as the latest target receipt"	"docs: record the public NoPerspective route receipt as the latest target receipt"	"Exact GitHub thread re-query plus resolution-source and current-source ancestry at the recorded target identity"
"PRRT_kwDOR3YK5M6cUCrj"	"2026-08-26T02:15:52Z"	"https://github.com/Oichkatzelesfrettschen/mesa-26-gororoba/pull/1815#discussion_r3859117534"	"docs/hardware/r3v-current-program-status.md"	"348"	"name the vulkan blit rule behind the resample formula"	"unassessed"	""	"resolved"	"same-source"	"5b4d4027af47c81c9a9c21ff47987ab1f24f9e7f"	"merged-pr"	"6437a99238b5295205eaa531e417f62267e56685"	"2007"	"status_noperspective_route_receipt"	"2026-08-28T21:41:41Z"	"docs/hardware/r3v-current-program-status.md"	"93a645bc57c50622159e6219ffb11dd986b806f9"	"5b4d4027af47c81c9a9c21ff47987ab1f24f9e7f"	"merged-pr"	"6437a99238b5295205eaa531e417f62267e56685"	"2007"	"status_noperspective_route_receipt"	"2026-08-28T21:41:41Z"	"docs: record the public NoPerspective route receipt as the latest target receipt"	"docs: record the public NoPerspective route receipt as the latest target receipt"	"Exact GitHub thread re-query plus resolution-source and current-source ancestry at the recorded target identity"
"PRRT_kwDOR3YK5M6cUCrr"	"2026-08-26T02:15:52Z"	"https://github.com/Oichkatzelesfrettschen/mesa-26-gororoba/pull/1815#discussion_r3859117542"	"docs/hardware/r3v-current-program-status.md"	"340"	"separate rung 1 movement from its eight case receipt"	"unassessed"	""	"resolved"	"same-source"	"5b4d4027af47c81c9a9c21ff47987ab1f24f9e7f"	"merged-pr"	"6437a99238b5295205eaa531e417f62267e56685"	"2007"	"status_noperspective_route_receipt"	"2026-08-28T21:41:41Z"	"docs/hardware/r3v-current-program-status.md"	"93a645bc57c50622159e6219ffb11dd986b806f9"	"5b4d4027af47c81c9a9c21ff47987ab1f24f9e7f"	"merged-pr"	"6437a99238b5295205eaa531e417f62267e56685"	"2007"	"status_noperspective_route_receipt"	"2026-08-28T21:41:41Z"	"docs: record the public NoPerspective route receipt as the latest target receipt"	"docs: record the public NoPerspective route receipt as the latest target receipt"	"Exact GitHub thread re-query plus resolution-source and current-source ancestry at the recorded target identity"
"PRRT_kwDOR3YK5M6cV3bi"	"2026-08-26T05:15:41Z"	"https://github.com/Oichkatzelesfrettschen/mesa-26-gororoba/pull/1820#discussion_r3859838269"	"docs/hardware/r3v-current-program-status.md"	"317"	"do not promote sampled cts cases to silicon evidence"	"unassessed"	""	"resolved"	"same-source"	"5b4d4027af47c81c9a9c21ff47987ab1f24f9e7f"	"merged-pr"	"6437a99238b5295205eaa531e417f62267e56685"	"2007"	"status_noperspective_route_receipt"	"2026-08-28T21:41:41Z"	"docs/hardware/r3v-current-program-status.md"	"93a645bc57c50622159e6219ffb11dd986b806f9"	"5b4d4027af47c81c9a9c21ff47987ab1f24f9e7f"	"merged-pr"	"6437a99238b5295205eaa531e417f62267e56685"	"2007"	"status_noperspective_route_receipt"	"2026-08-28T21:41:41Z"	"docs: record the public NoPerspective route receipt as the latest target receipt"	"docs: record the public NoPerspective route receipt as the latest target receipt"	"Exact GitHub thread re-query plus resolution-source and current-source ancestry at the recorded target identity"
"PRRT_kwDOR3YK5M6cWDMj"	"2026-08-26T05:32:43Z"	"https://github.com/Oichkatzelesfrettschen/mesa-26-gororoba/pull/1822#discussion_r3859911129"	"docs/hardware/r3v-current-program-status.md"	"368"	"state the silicon observation positively"	"unassessed"	""	"resolved"	"same-source"	"5b4d4027af47c81c9a9c21ff47987ab1f24f9e7f"	"merged-pr"	"6437a99238b5295205eaa531e417f62267e56685"	"2007"	"status_noperspective_route_receipt"	"2026-08-28T21:41:41Z"	"docs/hardware/r3v-current-program-status.md"	"93a645bc57c50622159e6219ffb11dd986b806f9"	"5b4d4027af47c81c9a9c21ff47987ab1f24f9e7f"	"merged-pr"	"6437a99238b5295205eaa531e417f62267e56685"	"2007"	"status_noperspective_route_receipt"	"2026-08-28T21:41:41Z"	"docs: record the public NoPerspective route receipt as the latest target receipt"	"docs: record the public NoPerspective route receipt as the latest target receipt"	"Exact GitHub thread re-query plus resolution-source and current-source ancestry at the recorded target identity"
"PRRT_kwDOR3YK5M6cWPv1"	"2026-08-26T05:49:39Z"	"https://github.com/Oichkatzelesfrettschen/mesa-26-gororoba/pull/1824#discussion_r3859988437"	"docs/hardware/r3v-current-program-status.md"	"377"	"keep nearest and clamp semantics open"	"unassessed"	""	"resolved"	"same-source"	"5b4d4027af47c81c9a9c21ff47987ab1f24f9e7f"	"merged-pr"	"6437a99238b5295205eaa531e417f62267e56685"	"2007"	"status_noperspective_route_receipt"	"2026-08-28T21:41:41Z"	"docs/hardware/r3v-current-program-status.md"	"93a645bc57c50622159e6219ffb11dd986b806f9"	"5b4d4027af47c81c9a9c21ff47987ab1f24f9e7f"	"merged-pr"	"6437a99238b5295205eaa531e417f62267e56685"	"2007"	"status_noperspective_route_receipt"	"2026-08-28T21:41:41Z"	"docs: record the public NoPerspective route receipt as the latest target receipt"	"docs: record the public NoPerspective route receipt as the latest target receipt"	"Exact GitHub thread re-query plus resolution-source and current-source ancestry at the recorded target identity"
"PRRT_kwDOR3YK5M6cWPv6"	"2026-08-26T05:49:39Z"	"https://github.com/Oichkatzelesfrettschen/mesa-26-gororoba/pull/1824#discussion_r3859988442"	"docs/hardware/r3v-current-program-status.md"	"376"	"retain s axis addressing as open work"	"unassessed"	""	"resolved"	"same-source"	"5b4d4027af47c81c9a9c21ff47987ab1f24f9e7f"	"merged-pr"	"6437a99238b5295205eaa531e417f62267e56685"	"2007"	"status_noperspective_route_receipt"	"2026-08-28T21:41:41Z"	"docs/hardware/r3v-current-program-status.md"	"93a645bc57c50622159e6219ffb11dd986b806f9"	"5b4d4027af47c81c9a9c21ff47987ab1f24f9e7f"	"merged-pr"	"6437a99238b5295205eaa531e417f62267e56685"	"2007"	"status_noperspective_route_receipt"	"2026-08-28T21:41:41Z"	"docs: record the public NoPerspective route receipt as the latest target receipt"	"docs: record the public NoPerspective route receipt as the latest target receipt"	"Exact GitHub thread re-query plus resolution-source and current-source ancestry at the recorded target identity"
"PRRT_kwDOR3YK5M6cWPvu"	"2026-08-26T05:49:39Z"	"https://github.com/Oichkatzelesfrettschen/mesa-26-gororoba/pull/1824#discussion_r3859988428"	"docs/hardware/r3v-current-program-status.md"	"373"	"bound the receipt to half row discrimination"	"unassessed"	""	"resolved"	"same-source"	"5b4d4027af47c81c9a9c21ff47987ab1f24f9e7f"	"merged-pr"	"6437a99238b5295205eaa531e417f62267e56685"	"2007"	"status_noperspective_route_receipt"	"2026-08-28T21:41:41Z"	"docs/hardware/r3v-current-program-status.md"	"93a645bc57c50622159e6219ffb11dd986b806f9"	"5b4d4027af47c81c9a9c21ff47987ab1f24f9e7f"	"merged-pr"	"6437a99238b5295205eaa531e417f62267e56685"	"2007"	"status_noperspective_route_receipt"	"2026-08-28T21:41:41Z"	"docs: record the public NoPerspective route receipt as the latest target receipt"	"docs: record the public NoPerspective route receipt as the latest target receipt"	"Exact GitHub thread re-query plus resolution-source and current-source ancestry at the recorded target identity"
"PRRT_kwDOR3YK5M6cWTLd"	"2026-08-26T05:54:17Z"	"https://github.com/Oichkatzelesfrettschen/mesa-26-gororoba/pull/1826#discussion_r3860009407"	"docs/hardware/r3v-current-program-status.md"	"395"	"name the layered image ledger row explicitly"	"unassessed"	""	"resolved"	"same-source"	"5b4d4027af47c81c9a9c21ff47987ab1f24f9e7f"	"merged-pr"	"6437a99238b5295205eaa531e417f62267e56685"	"2007"	"status_noperspective_route_receipt"	"2026-08-28T21:41:41Z"	"docs/hardware/r3v-current-program-status.md"	"93a645bc57c50622159e6219ffb11dd986b806f9"	"5b4d4027af47c81c9a9c21ff47987ab1f24f9e7f"	"merged-pr"	"6437a99238b5295205eaa531e417f62267e56685"	"2007"	"status_noperspective_route_receipt"	"2026-08-28T21:41:41Z"	"docs: record the public NoPerspective route receipt as the latest target receipt"	"docs: record the public NoPerspective route receipt as the latest target receipt"	"Exact GitHub thread re-query plus resolution-source and current-source ancestry at the recorded target identity"
"PRRT_kwDOR3YK5M6cWTLh"	"2026-08-26T05:54:17Z"	"https://github.com/Oichkatzelesfrettschen/mesa-26-gororoba/pull/1826#discussion_r3860009415"	"docs/hardware/r3v-current-program-status.md"	"392"	"scope the layered route gate to the array cases"	"unassessed"	""	"resolved"	"same-source"	"5b4d4027af47c81c9a9c21ff47987ab1f24f9e7f"	"merged-pr"	"6437a99238b5295205eaa531e417f62267e56685"	"2007"	"status_noperspective_route_receipt"	"2026-08-28T21:41:41Z"	"docs/hardware/r3v-current-program-status.md"	"93a645bc57c50622159e6219ffb11dd986b806f9"	"5b4d4027af47c81c9a9c21ff47987ab1f24f9e7f"	"merged-pr"	"6437a99238b5295205eaa531e417f62267e56685"	"2007"	"status_noperspective_route_receipt"	"2026-08-28T21:41:41Z"	"docs: record the public NoPerspective route receipt as the latest target receipt"	"docs: record the public NoPerspective route receipt as the latest target receipt"	"Exact GitHub thread re-query plus resolution-source and current-source ancestry at the recorded target identity"
"PRRT_kwDOR3YK5M6cWTLl"	"2026-08-26T05:54:18Z"	"https://github.com/Oichkatzelesfrettschen/mesa-26-gororoba/pull/1826#discussion_r3860009422"	"docs/hardware/r3v-current-program-status.md"	"398"	"require both routes before admitting the combined usage"	"unassessed"	""	"resolved"	"same-source"	"5b4d4027af47c81c9a9c21ff47987ab1f24f9e7f"	"merged-pr"	"6437a99238b5295205eaa531e417f62267e56685"	"2007"	"status_noperspective_route_receipt"	"2026-08-28T21:41:41Z"	"docs/hardware/r3v-current-program-status.md"	"93a645bc57c50622159e6219ffb11dd986b806f9"	"5b4d4027af47c81c9a9c21ff47987ab1f24f9e7f"	"merged-pr"	"6437a99238b5295205eaa531e417f62267e56685"	"2007"	"status_noperspective_route_receipt"	"2026-08-28T21:41:41Z"	"docs: record the public NoPerspective route receipt as the latest target receipt"	"docs: record the public NoPerspective route receipt as the latest target receipt"	"Exact GitHub thread re-query plus resolution-source and current-source ancestry at the recorded target identity"
"PRRT_kwDOR3YK5M6cWUtX"	"2026-08-26T05:56:13Z"	"https://github.com/Oichkatzelesfrettschen/mesa-26-gororoba/pull/1825#discussion_r3860018706"	"docs/hardware/r3v-current-program-status.md"	"381"	"scope the zero movement claim to the measured families"	"unassessed"	""	"resolved"	"same-source"	"5b4d4027af47c81c9a9c21ff47987ab1f24f9e7f"	"merged-pr"	"6437a99238b5295205eaa531e417f62267e56685"	"2007"	"status_noperspective_route_receipt"	"2026-08-28T21:41:41Z"	"docs/hardware/r3v-current-program-status.md"	"93a645bc57c50622159e6219ffb11dd986b806f9"	"5b4d4027af47c81c9a9c21ff47987ab1f24f9e7f"	"merged-pr"	"6437a99238b5295205eaa531e417f62267e56685"	"2007"	"status_noperspective_route_receipt"	"2026-08-28T21:41:41Z"	"docs: record the public NoPerspective route receipt as the latest target receipt"	"docs: record the public NoPerspective route receipt as the latest target receipt"	"Exact GitHub thread re-query plus resolution-source and current-source ancestry at the recorded target identity"
"PRRT_kwDOR3YK5M6cWUta"	"2026-08-26T05:56:13Z"	"https://github.com/Oichkatzelesfrettschen/mesa-26-gororoba/pull/1825#discussion_r3860018709"	"docs/hardware/r3v-current-program-status.md"	"388"	"add the promised sampler state rung"	"unassessed"	""	"resolved"	"same-source"	"5b4d4027af47c81c9a9c21ff47987ab1f24f9e7f"	"merged-pr"	"6437a99238b5295205eaa531e417f62267e56685"	"2007"	"status_noperspective_route_receipt"	"2026-08-28T21:41:41Z"	"docs/hardware/r3v-current-program-status.md"	"93a645bc57c50622159e6219ffb11dd986b806f9"	"5b4d4027af47c81c9a9c21ff47987ab1f24f9e7f"	"merged-pr"	"6437a99238b5295205eaa531e417f62267e56685"	"2007"	"status_noperspective_route_receipt"	"2026-08-28T21:41:41Z"	"docs: record the public NoPerspective route receipt as the latest target receipt"	"docs: record the public NoPerspective route receipt as the latest target receipt"	"Exact GitHub thread re-query plus resolution-source and current-source ancestry at the recorded target identity"
"PRRT_kwDOR3YK5M6cW12I"	"2026-08-26T06:36:19Z"	"https://github.com/Oichkatzelesfrettschen/mesa-26-gororoba/pull/1829#discussion_r3860219674"	"docs/hardware/r3v-current-program-status.md"	"464"	"keep the render to sample coherency edge open"	"unassessed"	""	"resolved"	"same-source"	"5b4d4027af47c81c9a9c21ff47987ab1f24f9e7f"	"merged-pr"	"6437a99238b5295205eaa531e417f62267e56685"	"2007"	"status_noperspective_route_receipt"	"2026-08-28T21:41:41Z"	"docs/hardware/r3v-current-program-status.md"	"93a645bc57c50622159e6219ffb11dd986b806f9"	"5b4d4027af47c81c9a9c21ff47987ab1f24f9e7f"	"merged-pr"	"6437a99238b5295205eaa531e417f62267e56685"	"2007"	"status_noperspective_route_receipt"	"2026-08-28T21:41:41Z"	"docs: record the public NoPerspective route receipt as the latest target receipt"	"docs: record the public NoPerspective route receipt as the latest target receipt"	"Exact GitHub thread re-query plus resolution-source and current-source ancestry at the recorded target identity"
"PRRT_kwDOR3YK5M6cW12N"	"2026-08-26T06:36:20Z"	"https://github.com/Oichkatzelesfrettschen/mesa-26-gororoba/pull/1829#discussion_r3860219681"	"docs/hardware/r3v-current-program-status.md"	"458"	"reconcile rung 7 with the ladder s strict ordering"	"unassessed"	""	"resolved"	"same-source"	"5b4d4027af47c81c9a9c21ff47987ab1f24f9e7f"	"merged-pr"	"6437a99238b5295205eaa531e417f62267e56685"	"2007"	"status_noperspective_route_receipt"	"2026-08-28T21:41:41Z"	"docs/hardware/r3v-current-program-status.md"	"93a645bc57c50622159e6219ffb11dd986b806f9"	"5b4d4027af47c81c9a9c21ff47987ab1f24f9e7f"	"merged-pr"	"6437a99238b5295205eaa531e417f62267e56685"	"2007"	"status_noperspective_route_receipt"	"2026-08-28T21:41:41Z"	"docs: record the public NoPerspective route receipt as the latest target receipt"	"docs: record the public NoPerspective route receipt as the latest target receipt"	"Exact GitHub thread re-query plus resolution-source and current-source ancestry at the recorded target identity"
"PRRT_kwDOR3YK5M6cW12R"	"2026-08-26T06:36:20Z"	"https://github.com/Oichkatzelesfrettschen/mesa-26-gororoba/pull/1829#discussion_r3860219686"	"docs/hardware/r3v-current-program-status.md"	"431"	"require vram placement rather than device local memory"	"unassessed"	""	"resolved"	"same-source"	"5b4d4027af47c81c9a9c21ff47987ab1f24f9e7f"	"merged-pr"	"6437a99238b5295205eaa531e417f62267e56685"	"2007"	"status_noperspective_route_receipt"	"2026-08-28T21:41:41Z"	"docs/hardware/r3v-current-program-status.md"	"93a645bc57c50622159e6219ffb11dd986b806f9"	"5b4d4027af47c81c9a9c21ff47987ab1f24f9e7f"	"merged-pr"	"6437a99238b5295205eaa531e417f62267e56685"	"2007"	"status_noperspective_route_receipt"	"2026-08-28T21:41:41Z"	"docs: record the public NoPerspective route receipt as the latest target receipt"	"docs: record the public NoPerspective route receipt as the latest target receipt"	"Exact GitHub thread re-query plus resolution-source and current-source ancestry at the recorded target identity"
"PRRT_kwDOR3YK5M6cW12U"	"2026-08-26T06:36:20Z"	"https://github.com/Oichkatzelesfrettschen/mesa-26-gororoba/pull/1829#discussion_r3860219692"	"docs/hardware/r3v-current-program-status.md"	"453"	"make the first msaa arm distinguish multisampling"	"unassessed"	""	"resolved"	"same-source"	"5b4d4027af47c81c9a9c21ff47987ab1f24f9e7f"	"merged-pr"	"6437a99238b5295205eaa531e417f62267e56685"	"2007"	"status_noperspective_route_receipt"	"2026-08-28T21:41:41Z"	"docs/hardware/r3v-current-program-status.md"	"93a645bc57c50622159e6219ffb11dd986b806f9"	"5b4d4027af47c81c9a9c21ff47987ab1f24f9e7f"	"merged-pr"	"6437a99238b5295205eaa531e417f62267e56685"	"2007"	"status_noperspective_route_receipt"	"2026-08-28T21:41:41Z"	"docs: record the public NoPerspective route receipt as the latest target receipt"	"docs: record the public NoPerspective route receipt as the latest target receipt"	"Exact GitHub thread re-query plus resolution-source and current-source ancestry at the recorded target identity"
"PRRT_kwDOR3YK5M6cW-e_"	"2026-08-26T06:45:44Z"	"https://github.com/Oichkatzelesfrettschen/mesa-26-gororoba/pull/1831#discussion_r3860271670"	"docs/hardware/r3v-current-program-status.md"	"478"	"record the composed cell s required offset"	"unassessed"	""	"resolved"	"same-source"	"5b4d4027af47c81c9a9c21ff47987ab1f24f9e7f"	"merged-pr"	"6437a99238b5295205eaa531e417f62267e56685"	"2007"	"status_noperspective_route_receipt"	"2026-08-28T21:41:41Z"	"docs/hardware/r3v-current-program-status.md"	"93a645bc57c50622159e6219ffb11dd986b806f9"	"5b4d4027af47c81c9a9c21ff47987ab1f24f9e7f"	"merged-pr"	"6437a99238b5295205eaa531e417f62267e56685"	"2007"	"status_noperspective_route_receipt"	"2026-08-28T21:41:41Z"	"docs: record the public NoPerspective route receipt as the latest target receipt"	"docs: record the public NoPerspective route receipt as the latest target receipt"	"Exact GitHub thread re-query plus resolution-source and current-source ancestry at the recorded target identity"
"PRRT_kwDOR3YK5M6cW-fF"	"2026-08-26T06:45:44Z"	"https://github.com/Oichkatzelesfrettschen/mesa-26-gororoba/pull/1831#discussion_r3860271679"	"docs/hardware/r3v-current-program-status.md"	"472"	"add the discovery method to the emitter claim"	"unassessed"	""	"resolved"	"same-source"	"5b4d4027af47c81c9a9c21ff47987ab1f24f9e7f"	"merged-pr"	"6437a99238b5295205eaa531e417f62267e56685"	"2007"	"status_noperspective_route_receipt"	"2026-08-28T21:41:41Z"	"docs/hardware/r3v-current-program-status.md"	"93a645bc57c50622159e6219ffb11dd986b806f9"	"5b4d4027af47c81c9a9c21ff47987ab1f24f9e7f"	"merged-pr"	"6437a99238b5295205eaa531e417f62267e56685"	"2007"	"status_noperspective_route_receipt"	"2026-08-28T21:41:41Z"	"docs: record the public NoPerspective route receipt as the latest target receipt"	"docs: record the public NoPerspective route receipt as the latest target receipt"	"Exact GitHub thread re-query plus resolution-source and current-source ancestry at the recorded target identity"
"PRRT_kwDOR3YK5M6cW-fI"	"2026-08-26T06:45:44Z"	"https://github.com/Oichkatzelesfrettschen/mesa-26-gororoba/pull/1831#discussion_r3860271682"	"docs/hardware/r3v-current-program-status.md"	"470"	"close the em dash substitute against both words"	"unassessed"	""	"resolved"	"same-source"	"5b4d4027af47c81c9a9c21ff47987ab1f24f9e7f"	"merged-pr"	"6437a99238b5295205eaa531e417f62267e56685"	"2007"	"status_noperspective_route_receipt"	"2026-08-28T21:41:41Z"	"docs/hardware/r3v-current-program-status.md"	"93a645bc57c50622159e6219ffb11dd986b806f9"	"5b4d4027af47c81c9a9c21ff47987ab1f24f9e7f"	"merged-pr"	"6437a99238b5295205eaa531e417f62267e56685"	"2007"	"status_noperspective_route_receipt"	"2026-08-28T21:41:41Z"	"docs: record the public NoPerspective route receipt as the latest target receipt"	"docs: record the public NoPerspective route receipt as the latest target receipt"	"Exact GitHub thread re-query plus resolution-source and current-source ancestry at the recorded target identity"
"PRRT_kwDOR3YK5M6cXe3W"	"2026-08-26T07:18:58Z"	"https://github.com/Oichkatzelesfrettschen/mesa-26-gororoba/pull/1836#discussion_r3860470615"	"docs/hardware/r3v-current-program-status.md"	"496"	"add discovery locations to the new code claims"	"unassessed"	""	"resolved"	"same-source"	"5b4d4027af47c81c9a9c21ff47987ab1f24f9e7f"	"merged-pr"	"6437a99238b5295205eaa531e417f62267e56685"	"2007"	"status_noperspective_route_receipt"	"2026-08-28T21:41:41Z"	"docs/hardware/r3v-current-program-status.md"	"93a645bc57c50622159e6219ffb11dd986b806f9"	"5b4d4027af47c81c9a9c21ff47987ab1f24f9e7f"	"merged-pr"	"6437a99238b5295205eaa531e417f62267e56685"	"2007"	"status_noperspective_route_receipt"	"2026-08-28T21:41:41Z"	"docs: record the public NoPerspective route receipt as the latest target receipt"	"docs: record the public NoPerspective route receipt as the latest target receipt"	"Exact GitHub thread re-query plus resolution-source and current-source ancestry at the recorded target identity"
"PRRT_kwDOR3YK5M6cXe3b"	"2026-08-26T07:18:58Z"	"https://github.com/Oichkatzelesfrettschen/mesa-26-gororoba/pull/1836#discussion_r3860470623"	"docs/hardware/r3v-current-program-status.md"	"494"	"account for the fifth payload falling outside the chunk"	"unassessed"	""	"resolved"	"same-source"	"5b4d4027af47c81c9a9c21ff47987ab1f24f9e7f"	"merged-pr"	"6437a99238b5295205eaa531e417f62267e56685"	"2007"	"status_noperspective_route_receipt"	"2026-08-28T21:41:41Z"	"docs/hardware/r3v-current-program-status.md"	"93a645bc57c50622159e6219ffb11dd986b806f9"	"5b4d4027af47c81c9a9c21ff47987ab1f24f9e7f"	"merged-pr"	"6437a99238b5295205eaa531e417f62267e56685"	"2007"	"status_noperspective_route_receipt"	"2026-08-28T21:41:41Z"	"docs: record the public NoPerspective route receipt as the latest target receipt"	"docs: record the public NoPerspective route receipt as the latest target receipt"	"Exact GitHub thread re-query plus resolution-source and current-source ancestry at the recorded target identity"
"PRRT_kwDOR3YK5M6cXpKj"	"2026-08-26T07:28:29Z"	"https://github.com/Oichkatzelesfrettschen/mesa-26-gororoba/pull/1839#discussion_r3860533914"	"docs/hardware/r3v-current-program-status.md"	"506"	"remove the unsupported recorder calibration claim"	"unassessed"	""	"resolved"	"same-source"	"5b4d4027af47c81c9a9c21ff47987ab1f24f9e7f"	"merged-pr"	"6437a99238b5295205eaa531e417f62267e56685"	"2007"	"status_noperspective_route_receipt"	"2026-08-28T21:41:41Z"	"docs/hardware/r3v-current-program-status.md"	"93a645bc57c50622159e6219ffb11dd986b806f9"	"5b4d4027af47c81c9a9c21ff47987ab1f24f9e7f"	"merged-pr"	"6437a99238b5295205eaa531e417f62267e56685"	"2007"	"status_noperspective_route_receipt"	"2026-08-28T21:41:41Z"	"docs: record the public NoPerspective route receipt as the latest target receipt"	"docs: record the public NoPerspective route receipt as the latest target receipt"	"Exact GitHub thread re-query plus resolution-source and current-source ancestry at the recorded target identity"
"PRRT_kwDOR3YK5M6cXpKo"	"2026-08-26T07:28:29Z"	"https://github.com/Oichkatzelesfrettschen/mesa-26-gororoba/pull/1839#discussion_r3860533919"	"docs/hardware/r3v-current-program-status.md"	"507"	"record the composed kind s arming blocker"	"unassessed"	""	"resolved"	"same-source"	"5b4d4027af47c81c9a9c21ff47987ab1f24f9e7f"	"merged-pr"	"6437a99238b5295205eaa531e417f62267e56685"	"2007"	"status_noperspective_route_receipt"	"2026-08-28T21:41:41Z"	"docs/hardware/r3v-current-program-status.md"	"93a645bc57c50622159e6219ffb11dd986b806f9"	"5b4d4027af47c81c9a9c21ff47987ab1f24f9e7f"	"merged-pr"	"6437a99238b5295205eaa531e417f62267e56685"	"2007"	"status_noperspective_route_receipt"	"2026-08-28T21:41:41Z"	"docs: record the public NoPerspective route receipt as the latest target receipt"	"docs: record the public NoPerspective route receipt as the latest target receipt"	"Exact GitHub thread re-query plus resolution-source and current-source ancestry at the recorded target identity"
"PRRT_kwDOR3YK5M6cY3aN"	"2026-08-26T08:37:52Z"	"https://github.com/Oichkatzelesfrettschen/mesa-26-gororoba/pull/1846#discussion_r3861015440"	"docs/hardware/r3v-current-program-status.md"	"482"	"retain an edge oracle before accepting the msaa arm"	"unassessed"	""	"resolved"	"same-source"	"5b4d4027af47c81c9a9c21ff47987ab1f24f9e7f"	"merged-pr"	"6437a99238b5295205eaa531e417f62267e56685"	"2007"	"status_noperspective_route_receipt"	"2026-08-28T21:41:41Z"	"docs/hardware/r3v-current-program-status.md"	"93a645bc57c50622159e6219ffb11dd986b806f9"	"5b4d4027af47c81c9a9c21ff47987ab1f24f9e7f"	"merged-pr"	"6437a99238b5295205eaa531e417f62267e56685"	"2007"	"status_noperspective_route_receipt"	"2026-08-28T21:41:41Z"	"docs: record the public NoPerspective route receipt as the latest target receipt"	"docs: record the public NoPerspective route receipt as the latest target receipt"	"Exact GitHub thread re-query plus resolution-source and current-source ancestry at the recorded target identity"
"PRRT_kwDOR3YK5M6chXIA"	"2026-08-26T15:35:00Z"	"https://github.com/Oichkatzelesfrettschen/mesa-26-gororoba/pull/1848#discussion_r3864337773"	"docs/hardware/r3v-current-program-status.md"	"498"	"keep resolve semantics marked as a hypothesis"	"unassessed"	""	"resolved"	"same-source"	"5b4d4027af47c81c9a9c21ff47987ab1f24f9e7f"	"merged-pr"	"6437a99238b5295205eaa531e417f62267e56685"	"2007"	"status_noperspective_route_receipt"	"2026-08-28T21:41:41Z"	"docs/hardware/r3v-current-program-status.md"	"93a645bc57c50622159e6219ffb11dd986b806f9"	"5b4d4027af47c81c9a9c21ff47987ab1f24f9e7f"	"merged-pr"	"6437a99238b5295205eaa531e417f62267e56685"	"2007"	"status_noperspective_route_receipt"	"2026-08-28T21:41:41Z"	"docs: record the public NoPerspective route receipt as the latest target receipt"	"docs: record the public NoPerspective route receipt as the latest target receipt"	"Exact GitHub thread re-query plus resolution-source and current-source ancestry at the recorded target identity"
"PRRT_kwDOR3YK5M6chXun"	"2026-08-26T15:35:34Z"	"https://github.com/Oichkatzelesfrettschen/mesa-26-gororoba/pull/1849#discussion_r3864341604"	"docs/hardware/r3v-current-program-status.md"	"515"	"add discovery methods to the new code claims"	"unassessed"	""	"resolved"	"same-source"	"5b4d4027af47c81c9a9c21ff47987ab1f24f9e7f"	"merged-pr"	"6437a99238b5295205eaa531e417f62267e56685"	"2007"	"status_noperspective_route_receipt"	"2026-08-28T21:41:41Z"	"docs/hardware/r3v-current-program-status.md"	"93a645bc57c50622159e6219ffb11dd986b806f9"	"5b4d4027af47c81c9a9c21ff47987ab1f24f9e7f"	"merged-pr"	"6437a99238b5295205eaa531e417f62267e56685"	"2007"	"status_noperspective_route_receipt"	"2026-08-28T21:41:41Z"	"docs: record the public NoPerspective route receipt as the latest target receipt"	"docs: record the public NoPerspective route receipt as the latest target receipt"	"Exact GitHub thread re-query plus resolution-source and current-source ancestry at the recorded target identity"
"PRRT_kwDOR3YK5M6chXuo"	"2026-08-26T15:35:34Z"	"https://github.com/Oichkatzelesfrettschen/mesa-26-gororoba/pull/1849#discussion_r3864341605"	"docs/hardware/r3v-current-program-status.md"	"519"	"reconcile the fragment color outcomes"	"unassessed"	""	"resolved"	"same-source"	"5b4d4027af47c81c9a9c21ff47987ab1f24f9e7f"	"merged-pr"	"6437a99238b5295205eaa531e417f62267e56685"	"2007"	"status_noperspective_route_receipt"	"2026-08-28T21:41:41Z"	"docs/hardware/r3v-current-program-status.md"	"93a645bc57c50622159e6219ffb11dd986b806f9"	"5b4d4027af47c81c9a9c21ff47987ab1f24f9e7f"	"merged-pr"	"6437a99238b5295205eaa531e417f62267e56685"	"2007"	"status_noperspective_route_receipt"	"2026-08-28T21:41:41Z"	"docs: record the public NoPerspective route receipt as the latest target receipt"	"docs: record the public NoPerspective route receipt as the latest target receipt"	"Exact GitHub thread re-query plus resolution-source and current-source ancestry at the recorded target identity"
"PRRT_kwDOR3YK5M6chXur"	"2026-08-26T15:35:34Z"	"https://github.com/Oichkatzelesfrettschen/mesa-26-gororoba/pull/1849#discussion_r3864341609"	"docs/hardware/r3v-current-program-status.md"	"533"	"base the allocation claim on the final placement"	"unassessed"	""	"resolved"	"same-source"	"5b4d4027af47c81c9a9c21ff47987ab1f24f9e7f"	"merged-pr"	"6437a99238b5295205eaa531e417f62267e56685"	"2007"	"status_noperspective_route_receipt"	"2026-08-28T21:41:41Z"	"docs/hardware/r3v-current-program-status.md"	"93a645bc57c50622159e6219ffb11dd986b806f9"	"5b4d4027af47c81c9a9c21ff47987ab1f24f9e7f"	"merged-pr"	"6437a99238b5295205eaa531e417f62267e56685"	"2007"	"status_noperspective_route_receipt"	"2026-08-28T21:41:41Z"	"docs: record the public NoPerspective route receipt as the latest target receipt"	"docs: record the public NoPerspective route receipt as the latest target receipt"	"Exact GitHub thread re-query plus resolution-source and current-source ancestry at the recorded target identity"
"PRRT_kwDOR3YK5M6cm0lo"	"2026-08-26T20:29:09Z"	"https://github.com/Oichkatzelesfrettschen/mesa-26-gororoba/pull/1865#discussion_r3866475551"	"docs/hardware/r3v-current-program-status.md"	"453"	"record the discovery method for the new source locator"	"unassessed"	""	"resolved"	"same-source"	"5b4d4027af47c81c9a9c21ff47987ab1f24f9e7f"	"merged-pr"	"6437a99238b5295205eaa531e417f62267e56685"	"2007"	"status_noperspective_route_receipt"	"2026-08-28T21:41:41Z"	"docs/hardware/r3v-current-program-status.md"	"93a645bc57c50622159e6219ffb11dd986b806f9"	"5b4d4027af47c81c9a9c21ff47987ab1f24f9e7f"	"merged-pr"	"6437a99238b5295205eaa531e417f62267e56685"	"2007"	"status_noperspective_route_receipt"	"2026-08-28T21:41:41Z"	"docs: record the public NoPerspective route receipt as the latest target receipt"	"docs: record the public NoPerspective route receipt as the latest target receipt"	"Exact GitHub thread re-query plus resolution-source and current-source ancestry at the recorded target identity"
"PRRT_kwDOR3YK5M6cm0l2"	"2026-08-26T20:29:10Z"	"https://github.com/Oichkatzelesfrettschen/mesa-26-gororoba/pull/1865#discussion_r3866475567"	"docs/hardware/r3v-current-program-status.md"	"456"	"link the canonical memory placement contract"	"unassessed"	""	"resolved"	"same-source"	"5b4d4027af47c81c9a9c21ff47987ab1f24f9e7f"	"merged-pr"	"6437a99238b5295205eaa531e417f62267e56685"	"2007"	"status_noperspective_route_receipt"	"2026-08-28T21:41:41Z"	"docs/hardware/r3v-current-program-status.md"	"93a645bc57c50622159e6219ffb11dd986b806f9"	"5b4d4027af47c81c9a9c21ff47987ab1f24f9e7f"	"merged-pr"	"6437a99238b5295205eaa531e417f62267e56685"	"2007"	"status_noperspective_route_receipt"	"2026-08-28T21:41:41Z"	"docs: record the public NoPerspective route receipt as the latest target receipt"	"docs: record the public NoPerspective route receipt as the latest target receipt"	"Exact GitHub thread re-query plus resolution-source and current-source ancestry at the recorded target identity"
"PRRT_kwDOR3YK5M6cm0lv"	"2026-08-26T20:29:10Z"	"https://github.com/Oichkatzelesfrettschen/mesa-26-gororoba/pull/1865#discussion_r3866475560"	"docs/hardware/r3v-current-program-status.md"	"456"	"describe vram residency as unproven rather than absent"	"unassessed"	""	"resolved"	"same-source"	"5b4d4027af47c81c9a9c21ff47987ab1f24f9e7f"	"merged-pr"	"6437a99238b5295205eaa531e417f62267e56685"	"2007"	"status_noperspective_route_receipt"	"2026-08-28T21:41:41Z"	"docs/hardware/r3v-current-program-status.md"	"93a645bc57c50622159e6219ffb11dd986b806f9"	"5b4d4027af47c81c9a9c21ff47987ab1f24f9e7f"	"merged-pr"	"6437a99238b5295205eaa531e417f62267e56685"	"2007"	"status_noperspective_route_receipt"	"2026-08-28T21:41:41Z"	"docs: record the public NoPerspective route receipt as the latest target receipt"	"docs: record the public NoPerspective route receipt as the latest target receipt"	"Exact GitHub thread re-query plus resolution-source and current-source ancestry at the recorded target identity"
"PRRT_kwDOR3YK5M6cm_G0"	"2026-08-26T20:38:28Z"	"https://github.com/Oichkatzelesfrettschen/mesa-26-gororoba/pull/1867#discussion_r3866539676"	"build-infra/scripts/review_thread_classification.py"	"198"	"allow classifications to transition into closed rows"	"fixed-on-main"	"A valid closed row cannot replay through the frontier check."	"resolved"	"same-source"	"5553f18dd493d70594299d8b24ab9d151f1bd863"	"merged-pr"	"5553f18dd493d70594299d8b24ab9d151f1bd863"	"1868"	"review: close merged-thread PR93-PR161 frontier"	"2026-08-26T20:41:21Z"	"build-infra/scripts/review_thread_classification.py"	"fab8df6d8b1e25bc15c01ed3f2f64d67d91a61fb"	"5553f18dd493d70594299d8b24ab9d151f1bd863"	"merged-pr"	"5553f18dd493d70594299d8b24ab9d151f1bd863"	"1868"	"review: close merged-thread PR93-PR161 frontier"	"2026-08-26T20:41:21Z"	"review: close merged-thread PR93-PR161 frontier"	"review: close merged-thread PR93-PR161 frontier"	"Exact GitHub thread re-query plus resolution-source and current-source ancestry at the recorded target identity"
"PRRT_kwDOR3YK5M6dCkne"	"2026-08-28T02:20:49Z"	"https://github.com/Oichkatzelesfrettschen/mesa-26-gororoba/pull/1957#discussion_r3877416708"	"src/amd/r300/vulkan/tests/r3v_conformance_runner.py"	"1968"	"preserve version 3 receipt semantics during verification"	"unassessed"	""	"resolved"	"same-source"	"0756d0bd5b11ca35e63bdf8e1b7b43e43f3c35da"	"merged-pr"	"0b3a40ced72379a35afa5afe456f9755fe94baf7"	"2001"	"r3v runner identity and planning witness fail-closed repairs"	"2026-08-28T19:41:45Z"	"src/amd/r300/vulkan/tests/r3v_conformance_runner.py"	"769f68ed402f01d8473bdfe7bedcd9554239bb2a"	"0756d0bd5b11ca35e63bdf8e1b7b43e43f3c35da"	"merged-pr"	"0b3a40ced72379a35afa5afe456f9755fe94baf7"	"2001"	"r3v runner identity and planning witness fail-closed repairs"	"2026-08-28T19:41:45Z"	"r3v: fail closed on runner identity and planning witnesses"	"r3v: fail closed on runner identity and planning witnesses"	"Exact GitHub thread re-query plus resolution-source and current-source ancestry at the recorded target identity"
