"work_group_id"	"status"	"evidence_commit"	"evidence_locator"	"discovery_command"	"verification_command"	"verification_result"	"closure_state"	"reason"	"falsifier"
"work-terakan-softfp64-lifetime-contract-test-py-def-verify-contract-source-e5c30b962861"	"repair-required"	"660f73b28743b3f032697ae7bdbc980efd3f3020"	"src/amd/terascale/vulkan/tests/terakan_softfp64_lifetime_contract_test.py:failure_edges"	"rg -n --fixed-strings -- failure_edges src/amd/terascale/vulkan/tests/terakan_softfp64_lifetime_contract_test.py"	""	"not-run"	"open"	"The check still accepts an earlier return when the expected goto remains later in the same block."	"A calibrated early-return mutant is rejected."
"work-r3v-native-float2-tuple-cell-harness-c-original-line-240-b0f277bf9f68"	"repair-required"	"660f73b28743b3f032697ae7bdbc980efd3f3020"	"src/amd/r300/vulkan/tests/r3v_native_float2_tuple_cell_harness.c:239"	"nl -ba -- src/amd/r300/vulkan/tests/r3v_native_float2_tuple_cell_harness.c | sed -n 239p"	""	"not-run"	"open"	"The harness still creates its manifest directory from a hard-coded /tmp template."	"The harness creates its private directory below a configured TMPDIR."
"work-r300-r2vb-producer-manifest-check-py-def-validate-outdir-path-bfd931d37bd4"	"repair-required"	"660f73b28743b3f032697ae7bdbc980efd3f3020"	"src/amd/r300/common/tests/r300_r2vb_producer_manifest_check.py:265-332"	"nl -ba -- src/amd/r300/common/tests/r300_r2vb_producer_manifest_check.py | sed -n 265,332p"	""	"not-run"	"open"	"The manifest check still accepts out-of-range poison integers and checks only US register presence rather than the trusted program payload."	"Payload-corruption and out-of-range poison mutants are both rejected."
"work-r3v-native-attended-producer-procedure-md-exact-wrong-pattern-falsifies-c2af32add322"	"superseded-on-main"	"e9307acc45eee02601f02b3131cb9ce20fe5be27"	"commit e9307acc45eee02601f02b3131cb9ce20fe5be27 Assisted-by trailer"	"git show --format=fuller --no-patch e9307acc45eee02601f02b3131cb9ce20fe5be27"	""	"not-run"	"open"	"The landed commit uses the repository-prescribed Assisted-by trailer; Generated-by is reserved for changes produced almost entirely by AI."	"The merged commit lacks a recognized disclosure trailer or the policy requires Generated-by for this contribution."
"work-r3v-memory-properties-contract-test-c-original-line-10-48af69cc2b19"	"fixed-on-main"	"cbe9d2597cdfecf75e6cee9653a499a61957f894"	"src/amd/r300/vulkan/tests/r3v_memory_properties_contract_test.c:8"	"nl -ba -- src/amd/r300/vulkan/tests/r3v_memory_properties_contract_test.c | sed -n 8p"	""	"not-run"	"open"	"The test undefines NDEBUG before including assert.h, so release builds retain every contract assertion."	"A release build removes the assertions or the known-bad table passes."
"work-r3v-memory-properties-contract-test-c-original-line-2-3e3b0e7aab3c"	"superseded-on-main"	"3742009c13db4a63b0bcfdb37b1e8f2bc5d04e40"	"AGENTS.md AI disclosure, authorship, and copyright rules"	"rg -n --fixed-strings -- authorship AGENTS.md"	""	"not-run"	"open"	"The current source-header policy requires SPDX on new files and preserves a copyright line only for a verified legal holder."	"A verified legal holder requires attribution in this file under the current policy."
"work-r3v-native-producer-arming-runner-check-py-def-main-f7ee8f3da7d5"	"repair-required"	"660f73b28743b3f032697ae7bdbc980efd3f3020"	"src/amd/r300/vulkan/tests/r3v_native_producer_arming_runner_check.py:118-149"	"nl -ba -- src/amd/r300/vulkan/tests/r3v_native_producer_arming_runner_check.py | sed -n 118,149p"	""	"not-run"	"open"	"The sweep route still has only closed and mismatch cases; it lacks both a matching armed run and the reverse cross-stream refusal."	"A matching sweep digest arms the sweep and the sweep digest refuses the reference stream."
"work-r300-r2vb-reingest-manifest-c-original-line-2-97a3387e4ac7"	"superseded-on-main"	"3742009c13db4a63b0bcfdb37b1e8f2bc5d04e40"	"AGENTS.md AI disclosure, authorship, and copyright rules"	"rg -n --fixed-strings -- authorship AGENTS.md"	""	"not-run"	"open"	"The current source-header policy requires SPDX on new files and preserves a copyright line only for a verified legal holder."	"A verified legal holder requires attribution across the new source set under the current policy."
"work-r300-r2vb-reingest-compose-parity-test-c-main-void-0663bcaf5282"	"repair-required"	"660f73b28743b3f032697ae7bdbc980efd3f3020"	"src/amd/r300/common/tests/r300_r2vb_reingest_compose_parity_test.c:115"	"nl -ba -- src/amd/r300/common/tests/r300_r2vb_reingest_compose_parity_test.c | sed -n 115p"	""	"not-run"	"open"	"The comment still describes RADEON_GEM_DOMAIN_GTT as applying to an unnamed UMA target."	"The comment names RS482 explicitly or binds the assertion only to the DRM domain constant."
"work-r300-us-source-read-h-enum-r300-source-read-model-6087a25848e2"	"repair-required"	"660f73b28743b3f032697ae7bdbc980efd3f3020"	"src/amd/r300/common/r300_us_source_read.h:64-106"	"nl -ba -- src/amd/r300/common/r300_us_source_read.h | sed -n 64,106p"	""	"not-run"	"open"	"The generic FP24 quantizer still applies the R2VB identity-route ceiling to every stored and temporary source value."	"A route-specific R2VB admission bound coexists with the production FP24 storage range."
"work-r300-pm4-builder-c-r300-pm4-reloc-nop-struct-r300-9487ac93309d"	"repair-required"	"660f73b28743b3f032697ae7bdbc980efd3f3020"	"src/amd/r300/common/r300_pm4_builder.h:86-94"	"nl -ba -- src/amd/r300/common/r300_pm4_builder.h | sed -n 86,94p"	""	"not-run"	"open"	"The shared VAP vertex-index limit remains 0xffff even though the hardware index clamp accepts 24-bit indices."	"The builder and first-draw resolver accept 0xffffff and reject 0x1000000."
"work-r3v-native-burst-cell-harness-c-run-burst-leg-vkinstance-aa8bd4a0156f"	"repair-required"	"660f73b28743b3f032697ae7bdbc980efd3f3020"	"src/amd/r300/vulkan/tests/r3v_native_burst_cell_harness.c:251-257"	"nl -ba -- src/amd/r300/vulkan/tests/r3v_native_burst_cell_harness.c | sed -n 251,257p"	""	"not-run"	"open"	"The harness resets individual command buffers from a pool created without VK_COMMAND_POOL_CREATE_RESET_COMMAND_BUFFER_BIT."	"A validation-enabled reset leg runs without VUID-vkResetCommandBuffer-commandBuffer-00046."
"work-r300-cpu-compute-job-c-original-line-39-8e7a32b31e5b"	"repair-required"	"660f73b28743b3f032697ae7bdbc980efd3f3020"	"src/amd/r300/cpu/r300_cpu_compute_job.c:29-31"	"nl -ba -- src/amd/r300/cpu/r300_cpu_compute_job.c | sed -n 29,31p"	""	"not-run"	"open"	"The invocation counter still rejects a zero group count instead of returning a successful zero-work dispatch."	"Every zero group-count axis returns success with zero invocations and touches no buffer."
"work-r300-cpu-compute-job-c-original-line-52-c7f087d76583"	"repair-required"	"660f73b28743b3f032697ae7bdbc980efd3f3020"	"src/amd/r300/cpu/r300_cpu_compute_job.c:15-48"	"nl -ba -- src/amd/r300/cpu/r300_cpu_compute_job.c | sed -n 15,48p"	""	"not-run"	"open"	"The CPU route still multiplies Y and Z dimensions even though the admitted shader addresses only gl_GlobalInvocationID.x."	"Validation confines local and group Y/Z to one or execution follows the shader's actual indexing."
"work-r300-cpu-compute-job-c-original-line-81-940bc1d9c460"	"repair-required"	"660f73b28743b3f032697ae7bdbc980efd3f3020"	"src/amd/r300/cpu/r300_cpu_compute_job.c:72-78"	"nl -ba -- src/amd/r300/cpu/r300_cpu_compute_job.c | sed -n 72,78p"	""	"not-run"	"open"	"The overlap check still rejects the exact same input and output range for the identity operation."	"An exact alias succeeds for identity while partial order-dependent overlaps still fail."
"work-r300-numeric-domain-c-const-struct-r300-virtual-op-info-1d6e693ef6e2"	"repair-required"	"660f73b28743b3f032697ae7bdbc980efd3f3020"	"src/amd/r300/common/r300_numeric_domain.c:977-984"	"nl -ba -- src/amd/r300/common/r300_numeric_domain.c | sed -n 977,984p"	""	"not-run"	"open"	"The catalog still marks the combined AND, OR, and XOR logic-op family hardware-confirmed without the named AND and OR silicon observations."	"AND and OR carry retained independent silicon evidence or remain explicitly pending."
"work-r300-common-boundary-known-bad-object-c-original-line-8-bea2dbe3e603"	"fixed-on-main"	"367a218ff2b765194bd18d30ab84c41078341404"	"src/amd/r300/common/tests/fixtures/r300_common_boundary_known_bad_object.c:9-13"	"nl -ba -- src/amd/r300/common/tests/fixtures/r300_common_boundary_known_bad_object.c | sed -n 9,13p"	""	"not-run"	"open"	"The fixture now declares r300_common_boundary_known_bad_object before its definition."	"A warning-clean build still reports a missing prototype for the fixture entry point."
"work-r300-vertex-job-nir-c-r300-vertex-job-spirv-to-4357e0030c4e"	"repair-required"	"660f73b28743b3f032697ae7bdbc980efd3f3020"	"src/amd/r300/compiler/r300_vertex_job_nir.c:64-68"	"nl -ba -- src/amd/r300/compiler/r300_vertex_job_nir.c | sed -n 64,68p"	""	"not-run"	"open"	"The parse-refusal comment still names the diagnostic and debug-trap behavior without a reproducible symbol-discovery locator."	"The comment names the exact search or reference query that reaches the diagnostic and trap path."
"work-r300-r2vb-typed-route-oracle-test-c-original-line-15-69cedd691702"	"repair-required"	"660f73b28743b3f032697ae7bdbc980efd3f3020"	"src/gallium/drivers/r300/tests/r300_r2vb_typed_route_oracle_test.c:6-15"	"nl -ba -- src/gallium/drivers/r300/tests/r300_r2vb_typed_route_oracle_test.c | sed -n 6,15p"	""	"not-run"	"open"	"The file-scope comment still explains the oracle through prior test history and an undefined silicon gate instead of the representation invariant."	"The comment states only the SPIR-V-to-planner representation boundary and its executable oracle."
"work-r300-r2vb-typed-route-oracle-test-c-original-line-25-98904491ae8e"	"repair-required"	"660f73b28743b3f032697ae7bdbc980efd3f3020"	"src/gallium/drivers/r300/tests/r300_r2vb_typed_route_oracle_test.c:17-25"	"nl -ba -- src/gallium/drivers/r300/tests/r300_r2vb_typed_route_oracle_test.c | sed -n 17,25p"	""	"not-run"	"open"	"The adapter-equivalence claims still lack search locators for the GL uniform lowering and state-tracker location assignment paths."	"Each cross-file equivalence claim names its reproducible search and owning symbol."
"work-meson-options-option-cf4f4737a530"	"fixed-on-main"	"8077376b79a29299a39b37c6178b7a064a9abf29"	"src/amd/r300/vulkan/meson.build ati_r300 driver selection"	"rg -n --fixed-strings -- driver src/amd/r300/vulkan/meson.build"	""	"not-run"	"open"	"The surviving r3v ICD now builds directly whenever vulkan-drivers selects ati_r300; the removed backend option no longer gates it."	"An ati_r300 profile configures successfully without producing libvulkan_r3v.so and its ICD manifest."
"work-3-r300-full-debug-optimized-x86-64v1-clang22-distcc-cache-e11f7468afe9"	"repair-required"	"660f73b28743b3f032697ae7bdbc980efd3f3020"	"build-infra/configs/3_r300_full_debug_optimized_x86_64v1-clang22-distcc-cache.meson:55-61"	"nl -ba -- build-infra/configs/3_r300_full_debug_optimized_x86_64v1-clang22-distcc-cache.meson | sed -n 55,61p"	""	"not-run"	"open"	"The primary profile still routes Zink to an r3v ICD that lacks Zink's required feature surface."	"The profile removes Zink or the selected ICD satisfies and tests every Zink-required capability."
"work-r300-retained-route-digests-h-original-line-21-1cc15cd19e5e"	"repair-required"	"660f73b28743b3f032697ae7bdbc980efd3f3020"	"src/amd/r300/common/tests/r300_staging_manifest_test.c:89-91"	"nl -ba -- src/amd/r300/common/tests/r300_staging_manifest_test.c | sed -n 89,91p"	""	"not-run"	"open"	"The staging-manifest test still duplicates the CPU route digest as a string literal instead of consuming the shared constant."	"Repinning the shared header alone updates every CPU-route digest assertion."
"work-r300-vertex-stream-h-struct-r300-vertex-stream-7a2a30d0e690"	"repair-required"	"660f73b28743b3f032697ae7bdbc980efd3f3020"	"src/amd/r300/common/r300_vertex_stream.h:14-26"	"nl -ba -- src/amd/r300/common/r300_vertex_stream.h | sed -n 14,26p"	""	"not-run"	"open"	"The shared record and instance rules still equate Vulkan and GL behavior without naming the governing specification sections or separating differing guarantees."	"The contract cites matching primary rules for both APIs or exposes distinct policies where they differ."
"work-r3v-native-fetched-gpu-producer-arming-runner-check-py-original-5cbe87912df9"	"repair-required"	"660f73b28743b3f032697ae7bdbc980efd3f3020"	"src/amd/r300/vulkan/tests/r3v_native_fetched_gpu_producer_arming_runner_check.py:137-192"	"nl -ba -- src/amd/r300/vulkan/tests/r3v_native_fetched_gpu_producer_arming_runner_check.py | sed -n 137,192p"	""	"not-run"	"open"	"Every run after the gates open still carries a wrong digest, stale digest, wrong chip, or closed route gate, so an always-refusing runner passes."	"An all-factors-matching non-submitting calibration returns armed before each refusal mutation."
"work-r300-compute-identity-carrier-c-original-line-57-dbbde9690099"	"repair-required"	"660f73b28743b3f032697ae7bdbc980efd3f3020"	"src/amd/r300/common/r300_compute_identity_carrier.c:54-59"	"nl -ba -- src/amd/r300/common/r300_compute_identity_carrier.c | sed -n 54,59p"	""	"not-run"	"open"	"The output-size check still subtracts carrier_offset before proving that the offset is inside the carrier BO."	"An offset one byte beyond the BO returns ERANGE before unsigned subtraction."
"work-r3v-native-attended-compute-identity-c-original-line-509-453dca74e074"	"repair-required"	"660f73b28743b3f032697ae7bdbc980efd3f3020"	"src/amd/r300/vulkan/tests/r3v_native_attended_compute_identity.c:completion result handling"	"rg -n --fixed-strings -- completion src/amd/r300/vulkan/tests/r3v_native_attended_compute_identity.c"	""	"not-run"	"open"	"The runner still serializes and judges mapped output after a completion-wait failure when readback is indeterminate."	"Completion failure records unavailable readback and performs no output comparison before safe recovery."
"work-r3v-native-attended-compute-identity-procedure-md-original-line-28-4ff061f7aae3"	"repair-required"	"660f73b28743b3f032697ae7bdbc980efd3f3020"	"docs/hardware/r3v-native-attended-compute-identity-procedure.md:preflight artifacts"	"rg -n '^' docs/hardware/r3v-native-attended-compute-identity-procedure.md"	""	"not-run"	"open"	"The procedure still inherits an artifact hash for a different submitter instead of binding the compute executable."	"The preflight hash set includes and rechecks r3v_native_attended_compute_identity."
"work-r3v-native-attended-compute-identity-procedure-md-original-line-70-d474a4319fec"	"repair-required"	"660f73b28743b3f032697ae7bdbc980efd3f3020"	"docs/hardware/r3v-native-attended-compute-identity-procedure.md:68-70"	"nl -ba -- docs/hardware/r3v-native-attended-compute-identity-procedure.md | sed -n 68,70p"	""	"not-run"	"open"	"The procedure still says every missing declaration consumes an attempt even though pre-admission refusal writes no token."	"The procedure distinguishes preserved pre-admission directories from consumed admitted attempts."
"work-r3v-vulkan10-requirement-inventory-py-original-line-104-79cb6ccf9de5"	"repair-required"	"660f73b28743b3f032697ae7bdbc980efd3f3020"	"src/amd/r300/vulkan/tests/r3v_vulkan10_requirement_inventory.py:parse_api_version"	"rg -n --fixed-strings -- parse_api_version src/amd/r300/vulkan/tests/r3v_vulkan10_requirement_inventory.py"	""	"not-run"	"open"	"API version matching can still select a commented definition before the active macro."	"Comment stripping plus a unique active-definition check rejects the calibrated commented decoy."
"work-r3v-vulkan10-requirement-inventory-py-original-line-146-d5a99589e107"	"repair-required"	"660f73b28743b3f032697ae7bdbc980efd3f3020"	"src/amd/r300/vulkan/tests/r3v_vulkan10_requirement_inventory.py:parse_queue_family"	"rg -n --fixed-strings -- parse_queue_family src/amd/r300/vulkan/tests/r3v_vulkan10_requirement_inventory.py"	""	"not-run"	"open"	"Queue-family parsing still checks required snippets without proving a single family or excluding additional capability mutations."	"A second family and an added sparse-binding bit are each rejected by calibrated fixtures."
"work-r3v-vulkan10-requirement-inventory-py-original-line-256-3885d5d5fb51"	"repair-required"	"660f73b28743b3f032697ae7bdbc980efd3f3020"	"src/amd/r300/vulkan/tests/r3v_vulkan10_requirement_inventory.py:Registry dependency closure"	"rg -n --fixed-strings -- dependency src/amd/r300/vulkan/tests/r3v_vulkan10_requirement_inventory.py"	""	"not-run"	"open"	"The orphan-alias traversal still omits enum aliases introduced by advertised extensions."	"A required enum alias whose target is absent fails the self-test fixture."
"work-r3v-vulkan10-requirement-inventory-py-original-line-87-64d65c7174d2"	"repair-required"	"660f73b28743b3f032697ae7bdbc980efd3f3020"	"src/amd/r300/vulkan/tests/r3v_vulkan10_requirement_inventory.py:extension table parser"	"rg -n --fixed-strings -- extension src/amd/r300/vulkan/tests/r3v_vulkan10_requirement_inventory.py"	""	"not-run"	"open"	"The extension initializer parser still skips valid designators whose value is an expression it does not recognize."	"Every initializer row is counted and an unparsed expression fails closed."
"work-r3v-native-object-c-r3v-destroyquerypool-vkdevice-device-vkquerypool-poo-5750f88c4dc1"	"repair-required"	"660f73b28743b3f032697ae7bdbc980efd3f3020"	"src/amd/r300/vulkan/r3v_native.h:263-270"	"nl -ba -- src/amd/r300/vulkan/r3v_native.h | sed -n 263,270p"	""	"not-run"	"open"	"The host-visible event state remains a plain bool read and written concurrently by polling and queue execution."	"Event state uses atomic storage with an ordering contract validated by a concurrent poll test."
"work-r3v-advertised-surface-deqp-binding-py-original-line-110-4e7f62c15c6a"	"repair-required"	"660f73b28743b3f032697ae7bdbc980efd3f3020"	"src/amd/r300/vulkan/tests/r3v_advertised_surface_deqp_binding.py:130-138"	"nl -ba -- src/amd/r300/vulkan/tests/r3v_advertised_surface_deqp_binding.py | sed -n 130,138p"	""	"not-run"	"open"	"The mustpass loader still unions every text caselist recursively instead of selecting the applicable Vulkan 1.0 list."	"A group found only in a newer or non-target caselist is rejected."
"work-r3v-native-object-c-original-line-42-d096d31c657b"	"repair-required"	"660f73b28743b3f032697ae7bdbc980efd3f3020"	"src/amd/r300/vulkan/r3v_native.h:938-943"	"nl -ba -- src/amd/r300/vulkan/r3v_native.h | sed -n 938,943p"	""	"not-run"	"open"	"The buffer-view mechanism comments still name cross-file symbols without the required reproducible discovery locators."	"Every load-bearing cross-file symbol claim names its exact search query and source root."
"work-r3v-native-advertised-surface-audit-py-original-line-88-8875412fb5af"	"repair-required"	"660f73b28743b3f032697ae7bdbc980efd3f3020"	"src/amd/r300/vulkan/tests/r3v_native_advertised_surface_audit.py:receipt registry"	"rg -n --fixed-strings -- 'receipt registry' src/amd/r300/vulkan/tests/r3v_native_advertised_surface_audit.py"	""	"not-run"	"open"	"The audit still discards receipt names and does not prove that the named registered tests exercise each advertised boundary."	"Removing or weakening a named boundary receipt makes a calibrated audit fail."
"work-r3v-native-advertised-surface-audit-py-original-line-91-1843d1bc339f"	"repair-required"	"660f73b28743b3f032697ae7bdbc980efd3f3020"	"src/amd/r300/vulkan/tests/r3v_native_advertised_surface_audit.py:limit parsing"	"rg -n --fixed-strings -- limit src/amd/r300/vulkan/tests/r3v_native_advertised_surface_audit.py"	""	"not-run"	"open"	"The audit still compares the limit assignment token without resolving the macro value from r3v_private.h."	"Changing the defining macro while leaving the assignment spelling intact fails the calibrated audit."
"work-r3v-vulkan-memory-model-over-radeon-drm-md-original-line-2290898a0779"	"repair-required"	"660f73b28743b3f032697ae7bdbc980efd3f3020"	"docs/hardware/r3v-vulkan-memory-model-over-radeon-drm.md:heap sizing"	"rg -n --fixed-strings -- heap docs/hardware/r3v-vulkan-memory-model-over-radeon-drm.md"	""	"not-run"	"open"	"The document still omits the live 192 MiB fallback when GEM_INFO fails or reports no pool."	"The documented capacity rule includes the exact fallback condition and sizes."
"work-r3v-vulkan-memory-model-over-radeon-drm-md-original-line-5a67a3d2cc77"	"repair-required"	"660f73b28743b3f032697ae7bdbc980efd3f3020"	"docs/hardware/r3v-vulkan-memory-model-over-radeon-drm.md:kernel pins"	"rg -n --fixed-strings -- kernel docs/hardware/r3v-vulkan-memory-model-over-radeon-drm.md"	""	"not-run"	"open"	"The document still claims a kernel-contract pin that has no matching executable test."	"A mutation of every consumed ledger row is rejected by the named test."
"work-r3v-vulkan-memory-model-over-radeon-drm-md-original-line-82ad985edbbf"	"repair-required"	"660f73b28743b3f032697ae7bdbc980efd3f3020"	"docs/hardware/r3v-vulkan-memory-model-over-radeon-drm.md:PRIME"	"rg -n --fixed-strings -- PRIME docs/hardware/r3v-vulkan-memory-model-over-radeon-drm.md"	""	"not-run"	"open"	"The document still presents dormant PRIME helpers as a Vulkan client surface."	"The text marks PRIME as unavailable until external-memory extensions and entry points expose it."
"work-r3v-vulkan-memory-model-over-radeon-drm-md-original-line-8a25174be548"	"repair-required"	"660f73b28743b3f032697ae7bdbc980efd3f3020"	"docs/hardware/r3v-vulkan-memory-model-over-radeon-drm.md:completion waits"	"rg -n --fixed-strings -- completion docs/hardware/r3v-vulkan-memory-model-over-radeon-drm.md"	""	"not-run"	"open"	"The completion description still omits the bounded EBUSY retry loop."	"The text distinguishes wait retries from prohibited command replay."
"work-r3v-vulkan-memory-model-over-radeon-drm-md-original-line-abcb566c316c"	"repair-required"	"660f73b28743b3f032697ae7bdbc980efd3f3020"	"docs/hardware/r3v-vulkan-memory-model-over-radeon-drm.md:dedicated allocations"	"rg -n --fixed-strings -- allocations docs/hardware/r3v-vulkan-memory-model-over-radeon-drm.md"	""	"not-run"	"open"	"The document still denies dedicated allocation for render-family images that require BO offset zero."	"Render images retain their preferred and required dedicated-allocation rule."
"work-r3v-native-memory-model-harness-c-original-line-213-e6db7aab47eb"	"repair-required"	"660f73b28743b3f032697ae7bdbc980efd3f3020"	"src/amd/r300/vulkan/tests/r3v_native_memory_model_harness.c:allocation failure arm"	"rg -n --fixed-strings -- allocation src/amd/r300/vulkan/tests/r3v_native_memory_model_harness.c"	""	"not-run"	"open"	"The failure arm still checks only VkResult and cannot detect a leaked host allocation."	"A tracked outstanding-allocation count returns to its pre-call value."
"work-r3v-native-memory-model-harness-c-original-line-242-369a732053be"	"repair-required"	"660f73b28743b3f032697ae7bdbc980efd3f3020"	"src/amd/r300/vulkan/tests/r3v_native_memory_model_harness.c:remap arm"	"rg -n --fixed-strings -- arm src/amd/r300/vulkan/tests/r3v_native_memory_model_harness.c"	""	"not-run"	"open"	"The harness still requires a second mmap to reuse the expired virtual address."	"The arm validates bytes and offset without comparing old and new virtual addresses."
"work-r3v-native-memory-model-harness-c-original-line-302-89a27d094337"	"repair-required"	"660f73b28743b3f032697ae7bdbc980efd3f3020"	"src/amd/r300/vulkan/tests/r3v_native_memory_model_harness.c:bind refusals"	"rg -n --fixed-strings -- bind src/amd/r300/vulkan/tests/r3v_native_memory_model_harness.c"	""	"not-run"	"open"	"Rejected binds still lack assertions that object binding state remained unchanged."	"Each refusal preserves the prior memory and offset fields."
"work-r3v-native-memory-model-harness-c-original-line-361-affd671ba30d"	"repair-required"	"660f73b28743b3f032697ae7bdbc980efd3f3020"	"src/amd/r300/vulkan/tests/r3v_native_memory_model_harness.c:commitment query"	"rg -n -i --fixed-strings -- commitment src/amd/r300/vulkan/tests/r3v_native_memory_model_harness.c"	""	"not-run"	"open"	"The harness still queries commitment for a non-lazily-allocated memory type."	"No commitment query is issued unless the selected type carries LAZILY_ALLOCATED."
"work-r3v-native-memory-model-harness-c-original-line-387-b9a95739acdd"	"repair-required"	"660f73b28743b3f032697ae7bdbc980efd3f3020"	"src/amd/r300/vulkan/tests/r3v_native_memory_model_harness.c:known-bad range"	"rg -n --fixed-strings -- known src/amd/r300/vulkan/tests/r3v_native_memory_model_harness.c"	""	"not-run"	"open"	"The known-bad flush arm still uses unmapped memory and can pass for the wrong refusal reason."	"The allocation is mapped before the isolated out-of-range mutation."
"work-r3v-kernel-memory-contract-pins-tsv-original-line-10-dfc01d1e71ea"	"fixed-on-main"	"8afa214faa11235fb25f8de610ed3b36d32b1d43"	"src/amd/r300/vulkan/tests/r3v_kernel_memory_contract_pins.tsv GTT geometry rows"	"rg -n --fixed-strings -- GTT src/amd/r300/vulkan/tests/r3v_kernel_memory_contract_pins.tsv"	""	"not-run"	"open"	"The pin table now includes both RS482 GTT size-encoding and address-placement rows consumed by the memory model."	"Changing either consumed geometry row leaves the pin check green."
"work-rs482-composed-surface-campaign-md-original-line-121-49413c777376"	"repair-required"	"660f73b28743b3f032697ae7bdbc980efd3f3020"	"docs/hardware/rs482-composed-surface-campaign.md:sample-count masks"	"rg -n --fixed-strings -- 'sample-count masks' docs/hardware/rs482-composed-surface-campaign.md"	""	"not-run"	"open"	"The plan still raises sampled-image masks without a multisample sampling path."	"Sampled-image masks remain closed or gain descriptor and sample-index receipts."
"work-rs482-composed-surface-campaign-md-original-line-66-34cc4deb44f1"	"repair-required"	"660f73b28743b3f032697ae7bdbc980efd3f3020"	"docs/hardware/rs482-composed-surface-campaign.md:COLORPITCH"	"rg -n --fixed-strings -- COLORPITCH docs/hardware/rs482-composed-surface-campaign.md"	""	"not-run"	"open"	"The plan still describes COLORPITCH in 64-byte units instead of pixels."	"The wider-cell recipe passes an even pixel pitch to the packer."
"work-rs482-composed-surface-campaign-md-original-line-69-aff02bb65584"	"repair-required"	"660f73b28743b3f032697ae7bdbc980efd3f3020"	"docs/hardware/rs482-composed-surface-campaign.md:R1 vertices"	"rg -n --fixed-strings -- vertices docs/hardware/rs482-composed-surface-campaign.md"	""	"not-run"	"open"	"The wider R1 plan still leaves fixed pretransformed 64-pixel vertex coordinates."	"The vertex payload or VTE transform spans each qualified extent."
"work-rs482-composed-surface-campaign-md-original-line-89-6451ba7fd79a"	"repair-required"	"660f73b28743b3f032697ae7bdbc980efd3f3020"	"docs/hardware/rs482-composed-surface-campaign.md:seam oracle"	"rg -n --fixed-strings -- oracle docs/hardware/rs482-composed-surface-campaign.md"	""	"not-run"	"open"	"The seam plan still uses an idempotent overwrite that cannot reveal duplicate rasterization."	"A non-idempotent signal distinguishes one seam write from two."
"work-rs482-composed-surface-campaign-md-original-line-91-0eec86493025"	"repair-required"	"660f73b28743b3f032697ae7bdbc980efd3f3020"	"docs/hardware/rs482-composed-surface-campaign.md:viewport limits"	"rg -n --fixed-strings -- 'viewport limits' docs/hardware/rs482-composed-surface-campaign.md"	""	"not-run"	"open"	"The composed-surface rungs still lack a 4096 viewport receipt."	"The final rung qualifies both 4096 viewport dimensions and per-tile translation."
"work-rs482-composed-surface-campaign-md-original-line-100-95c52e577bd3"	"repair-required"	"660f73b28743b3f032697ae7bdbc980efd3f3020"	"docs/hardware/rs482-composed-surface-campaign.md:sampler budget"	"rg -n --fixed-strings -- sampler docs/hardware/rs482-composed-surface-campaign.md"	""	"not-run"	"open"	"Four-way stitching still multiplies physical sampler use while retaining a 16-logical-sampler claim."	"The lowering avoids persistent fourfold use or the advertised limit is reduced with receipts."
"work-rs482-composed-surface-campaign-md-original-line-103-36dcd5bb4583"	"repair-required"	"660f73b28743b3f032697ae7bdbc980efd3f3020"	"docs/hardware/rs482-composed-surface-campaign.md:4096 linear cover"	"rg -n --fixed-strings -- linear docs/hardware/rs482-composed-surface-campaign.md"	""	"not-run"	"open"	"The plan still lacks the three-chart construction needed for a 4096 LINEAR atlas."	"A 4096 three-chart seam receipt exists before the capability opens."
"work-rs482-composed-surface-campaign-md-original-line-112-73094d075525"	"repair-required"	"660f73b28743b3f032697ae7bdbc980efd3f3020"	"docs/hardware/rs482-composed-surface-campaign.md:4x sample positions"	"rg -n --fixed-strings -- positions docs/hardware/rs482-composed-surface-campaign.md"	""	"not-run"	"open"	"The 4x rung still omits Vulkan-standard sample positions and subpixel-grid programming."	"The exact Vulkan 4x coordinates and SUBPIXEL setting pass a coverage oracle."
"work-r3v-deqp-provision-py-original-line-248-26cd482aca03"	"fixed-on-main"	"4653e691f1692ad7c7e37835316e6cf7d82fc7bc"	"src/amd/r300/vulkan/tests/r3v_deqp_provision.py:242-251,355"	"nl -ba -- src/amd/r300/vulkan/tests/r3v_deqp_provision.py | sed -n '242,251p;355p'"	""	"not-run"	"open"	"Bundle creation refuses dirty source before output creation and verification rejects recorded dirty provenance."	"A dirty source leaves a reusable bundle or dirty provenance verifies."
"work-r3v-deqp-provision-py-original-line-90-12aa6145e207"	"fixed-on-main"	"4653e691f1692ad7c7e37835316e6cf7d82fc7bc"	"src/amd/r300/vulkan/tests/r3v_deqp_provision.py:instruction ISA table"	"rg -n --fixed-strings -- instruction src/amd/r300/vulkan/tests/r3v_deqp_provision.py"	""	"not-run"	"open"	"The disassembly screen now covers the forbidden post-K8 instruction families including the calibrated pblendw case."	"A representative post-SSE3 opcode is absent from the refusal table."
"work-r3v-deqp-provision-py-original-line-305-0b7c8909fa6b"	"repair-required"	"660f73b28743b3f032697ae7bdbc980efd3f3020"	"src/amd/r300/vulkan/tests/r3v_deqp_provision.py:325-330"	"nl -ba -- src/amd/r300/vulkan/tests/r3v_deqp_provision.py | sed -n 325,330p"	""	"not-run"	"open"	"The x86-64-v3 host check still omits mandatory LZCNT and XSAVE capability requirements."	"Each level uses its complete psABI feature set and rejects a partially masked fixture."
"work-r3v-native-plan-tool-c-original-line-159-58fd0e8c71d0"	"fixed-on-main"	"baf48620c79c19566965936e10cb66c5c1419cf5"	"src/amd/r300/vulkan/tests/r3v_native_plan_tool.c:compose DSO validation"	"rg -n --fixed-strings -- compose src/amd/r300/vulkan/tests/r3v_native_plan_tool.c"	""	"not-run"	"open"	"Compose now validates the requested DSO identity against the captured transcript instead of replacing it."	"A mismatched DSO digest seals successfully."
"work-r3v-native-plan-tool-c-original-line-160-c2c13e092f29"	"fixed-on-main"	"baf48620c79c19566965936e10cb66c5c1419cf5"	"src/amd/r300/vulkan/tests/r3v_native_plan_tool.c:take"	"rg -n --fixed-strings -- take src/amd/r300/vulkan/tests/r3v_native_plan_tool.c"	""	"not-run"	"open"	"Identity arguments now refuse overflow before copying into fixed schema fields."	"An overlong valid prefix plus garbage is silently truncated and accepted."
"work-r3v-native-plan-tool-c-original-line-127-833318f47b14"	"fixed-on-main"	"baf48620c79c19566965936e10cb66c5c1419cf5"	"src/amd/r300/vulkan/tests/r3v_native_plan_tool.c:151-158"	"nl -ba -- src/amd/r300/vulkan/tests/r3v_native_plan_tool.c | sed -n 151,158p"	""	"not-run"	"open"	"Numeric options now require full-string parsing and an explicit schema range."	"Trailing garbage or overflow seals a plan."
"work-r3v-native-queue-claim-report-c-original-line-41-ee265c7456b9"	"fixed-on-main"	"7f7feec24572361f74134376433c0ba63f6219c2"	"src/amd/r300/vulkan/tests/r3v_native_queue_claim_report.c:27-52"	"nl -ba -- src/amd/r300/vulkan/tests/r3v_native_queue_claim_report.c | sed -n 27,52p"	""	"not-run"	"open"	"The digest serialization now includes every scalar verb-row field and tolerance bits."	"Changing any semantic row field leaves the receipt digest unchanged."
"work-r3v-conformance-partition-py-def-verify-manifest-path-f96dbd258557"	"fixed-on-main"	"1f91536e6394b52f3969336a0b585106c3b6e5f9"	"src/amd/r300/vulkan/tests/r3v_conformance_partition.py:shard exact-cover verification"	"rg -n --fixed-strings -- verification src/amd/r300/vulkan/tests/r3v_conformance_partition.py"	""	"not-run"	"open"	"Manifest verification now compares ordered shard concatenation with the full slice and calibrates duplicate and omitted cases."	"A resealed duplicate-or-missing shard partition verifies."
"work-r3v-cs-ioctl-trace-py-original-line-215-9da48a767794"	"fixed-on-main"	"4b11002d5b38f01f6477a2878352caea8cd28ac7"	"src/amd/r300/vulkan/tests/r3v_cs_ioctl_trace.py:150-202"	"nl -ba -- src/amd/r300/vulkan/tests/r3v_cs_ioctl_trace.py | sed -n 150,202p"	""	"not-run"	"open"	"The verdict now records and rejects a nonzero tracee status unless explicitly admitted."	"A missing or crashing tracee yields a witnessed zero-CS verdict."
"work-r3v-cs-ioctl-trace-py-original-line-364-4af5e24282f2"	"fixed-on-main"	"4b11002d5b38f01f6477a2878352caea8cd28ac7"	"src/amd/r300/vulkan/tests/r3v_cs_ioctl_trace.py:shim calibration"	"rg -n --fixed-strings -- 'shim calibration' src/amd/r300/vulkan/tests/r3v_cs_ioctl_trace.py"	""	"not-run"	"open"	"Shim calibration now uses the complete observed ioctl census rather than a short named subset."	"An unlisted kernel-entering ioctl leaves the shim calibration green."
"work-r3v-cs-ioctl-trace-py-original-line-70-92a9c4008f00"	"fixed-on-main"	"4b11002d5b38f01f6477a2878352caea8cd28ac7"	"src/amd/r300/vulkan/tests/r3v_cs_ioctl_trace.py:58-168"	"nl -ba -- src/amd/r300/vulkan/tests/r3v_cs_ioctl_trace.py | sed -n 58,168p"	""	"not-run"	"open"	"The aggregate is now explicitly GEM-plus-INFO with INFO separately named instead of being presented as GEM alone."	"A normal INFO query is still reported as a GEM-only count."
"work-r3v-native-plan-replay-c-original-line-173-03437ad4361f"	"fixed-on-main"	"26b04af5186ffa9c81c9f86ea67d56a9b2ee9baf"	"src/amd/r300/vulkan/r3v_native_plan_replay.c:gate contamination checks"	"rg -n --fixed-strings -- contamination src/amd/r300/vulkan/r3v_native_plan_replay.c"	""	"not-run"	"open"	"Replay scans all gates while exempting only the claim gate and validates device-cached route state."	"An additional open or cached hazardous gate still admits replay."
"work-r3v-native-plan-compose-shard-py-original-line-160-77fe4067abcc"	"repair-required"	"660f73b28743b3f032697ae7bdbc980efd3f3020"	"src/amd/r300/vulkan/tests/r3v_native_plan_compose_shard.py:213-219"	"nl -ba -- src/amd/r300/vulkan/tests/r3v_native_plan_compose_shard.py | sed -n 213,219p"	""	"not-run"	"open"	"The composer still rstrips and appends to an empty evidence root, producing a root-level case path."	"A nonempty absolute evidence directory is required and calibrated before composition."
"work-r3v-wsi-init-comment-parity-audit-py-original-line-79-98b239906a2b"	"fixed-on-main"	"710d7e3c12b5e6eecd6a9356de5295618b201d1d"	"src/amd/r300/vulkan/tests/r3v_wsi_init_comment_parity_audit.py:adjacent comment extraction"	"rg -n --fixed-strings -- adjacent src/amd/r300/vulkan/tests/r3v_wsi_init_comment_parity_audit.py"	""	"not-run"	"open"	"The audit now checks R3V_WSI_SW only in the extracted adjacent comment and calibrates stale wording with the real function body intact."	"Restoring stale default-software wording leaves the audit green."
"work-r3v-wsi-denominator-md-alone-would-not-open-slice-18-37139362050a"	"fixed-on-main"	"cebc5f008a2b1f33922597891892bb48205e557f"	"docs/hardware/r3v-wsi-denominator.md drm-shim result class"	"rg -n --fixed-strings -- result docs/hardware/r3v-wsi-denominator.md"	""	"not-run"	"open"	"The denominator now labels the noop drm-shim observation as runtime evidence and reserves hardware claims for silicon."	"The same shim result is promoted to silicon evidence again."
"work-r3v-native-render-shape-args-h-original-line-72-de3bcb6b478a"	"repair-required"	"660f73b28743b3f032697ae7bdbc980efd3f3020"	"src/amd/r300/vulkan/tests/r3v_native_render_shape_args.h:64-105"	"nl -ba -- src/amd/r300/vulkan/tests/r3v_native_render_shape_args.h | sed -n 64,105p"	""	"not-run"	"open"	"The shared parser still admits tiny shapes whose fixed-margin oracle has no interior or exterior witness."	"Every admitted shape has nonempty oracle witness sets or a shape-specific oracle."
"work-assessments-tsv-original-line-2-40313d1487ef"	"repair-required"	"660f73b28743b3f032697ae7bdbc980efd3f3020"	"build-infra/docs/review-thread-classifications/merged-pr93-pr161/assessments.tsv:2"	"nl -ba -- build-infra/docs/review-thread-classifications/merged-pr93-pr161/assessments.tsv | sed -n 2p"	""	"not-run"	"open"	"The assessment still closes the Evergreen CMPXCHG diagnostic although the uav_returning log reports W while emission uses Z."	"The thread remains actionable until the diagnostic uses the shared channel mapping."
"work-assessments-tsv-original-line-39-2d08f3d2e323"	"repair-required"	"660f73b28743b3f032697ae7bdbc980efd3f3020"	"build-infra/docs/review-thread-classifications/merged-pr93-pr161/assessments.tsv:38-39"	"nl -ba -- build-infra/docs/review-thread-classifications/merged-pr93-pr161/assessments.tsv | sed -n 38,39p"	""	"not-run"	"open"	"The supersession rows still omit the Makefile target surface that would falsify removal."	"Reintroducing either target invalidates the rows through a declared Makefile owner."
"work-review-thread-classification-py-original-line-133-bf88f3e97378"	"repair-required"	"660f73b28743b3f032697ae7bdbc980efd3f3020"	"build-infra/scripts/review_thread_classification.py:139-155"	"nl -ba -- build-infra/scripts/review_thread_classification.py | sed -n 139,155p"	""	"not-run"	"open"	"Assessment rows are still mapped by ID before the capture-order join, so reordered input is accepted."	"A swapped assessment pair is rejected by the calibrated unit test."
"work-review-thread-classification-py-original-line-198-25908dca8c6d"	"fixed-on-main"	"5553f18dd493d70594299d8b24ab9d151f1bd863"	"build-infra/scripts/review_thread_classification.py:101-107,204-207"	"nl -ba -- build-infra/scripts/review_thread_classification.py | sed -n '101,107p;204,207p'"	""	"not-run"	"open"	"The classifier now admits closed fixed or superseded rows and emits resolved frontier state."	"A valid closed row cannot replay through the frontier check."
"work-run-under-xvfb-sh-cleanup-dir-e982551a07c5"	"repair-required"	"660f73b28743b3f032697ae7bdbc980efd3f3020"	"src/amd/r300/vulkan/tests/run_under_xvfb.sh:71-76"	"nl -ba -- src/amd/r300/vulkan/tests/run_under_xvfb.sh | sed -n 71,76p"	""	"not-run"	"open"	"The signal cleanup targets only the direct child PID, so a wrapped command can leave descendants running."	"A calibrated wrapped process tree exits without leaving any descendant alive."
"work-run-under-xvfb-sh-exec-8-237c75aee3c0"	"repair-required"	"660f73b28743b3f032697ae7bdbc980efd3f3020"	"src/amd/r300/vulkan/tests/run_under_xvfb.sh:172-174"	"nl -ba -- src/amd/r300/vulkan/tests/run_under_xvfb.sh | sed -n 172,174p"	""	"not-run"	"open"	"The wrapper backgrounds the command without reconnecting inherited standard input."	"A piped-input calibration reaches the wrapped background command unchanged."
"work-r300-state-inlines-h-r300-blend-factor-for-target-enum-edee58be3c28"	"repair-required"	"660f73b28743b3f032697ae7bdbc980efd3f3020"	"src/gallium/drivers/r300/r300_state_inlines.h:39-43"	"nl -ba -- src/gallium/drivers/r300/r300_state_inlines.h | sed -n 39,43p"	""	"not-run"	"open"	"The intensity-target branch still maps RGB SRC_ALPHA_SATURATE to ZERO without a saturate-specific conformance mechanism."	"An intensity-target oracle proves ZERO preserves the required saturate result or the mapping retains the hardware factor."
"work-r3v-memory-properties-contract-h-original-line-102-4da9a63a7d1e"	"repair-required"	"660f73b28743b3f032697ae7bdbc980efd3f3020"	"src/amd/r300/vulkan/r3v_memory_properties_contract.h:98-106"	"nl -ba -- src/amd/r300/vulkan/r3v_memory_properties_contract.h | sed -n 98,106p"	""	"not-run"	"open"	"The memory-property comment still names load-bearing Mesa and kernel behavior without reproducible source locators."	"Every mechanism claim names its owning symbol, source location, and discovery command."
"work-r3v-memory-properties-contract-h-original-line-2-10360bcf6406"	"superseded-on-main"	"3742009c13db4a63b0bcfdb37b1e8f2bc5d04e40"	"AGENTS.md AI disclosure, authorship, and copyright rules"	"rg -n --fixed-strings -- authorship AGENTS.md"	""	"not-run"	"open"	"The current source-header policy requires SPDX on new files and preserves a copyright line only for a verified legal holder."	"A verified legal holder requires attribution in this file under the current policy."
"work-r3v-memory-properties-contract-h-original-line-28-838defddb661"	"repair-required"	"660f73b28743b3f032697ae7bdbc980efd3f3020"	"src/amd/r300/vulkan/r3v_memory_properties_contract.h:25-28"	"nl -ba -- src/amd/r300/vulkan/r3v_memory_properties_contract.h | sed -n 25,28p"	""	"not-run"	"open"	"The RS48x memory ceiling remains a fixed 128 MiB plus 1 GiB value without a named hardware or kernel authority."	"A rank-1-through-4 source proves the ceiling for every admitted device or the limit is derived from probed data."
"work-r3v-native-producer-cell-harness-c-original-line-193-3a7b2ba42b7b"	"repair-required"	"660f73b28743b3f032697ae7bdbc980efd3f3020"	"src/amd/r300/vulkan/tests/r3v_native_producer_cell_harness.c:178-196"	"nl -ba -- src/amd/r300/vulkan/tests/r3v_native_producer_cell_harness.c | sed -n 178,196p"	""	"not-run"	"open"	"The manifest-directory check bounds only PATH_MAX and not the smaller queue evidence-path buffers used later."	"A long-root calibration is rejected before any evidence artifact path can overflow."
"work-r3v-native-producer-cell-harness-c-original-line-2-24aa25c7d589"	"superseded-on-main"	"3742009c13db4a63b0bcfdb37b1e8f2bc5d04e40"	"AGENTS.md AI disclosure, authorship, and copyright rules"	"rg -n --fixed-strings -- authorship AGENTS.md"	""	"not-run"	"open"	"The current source-header policy requires SPDX on new files and preserves a copyright line only for a verified legal holder."	"A verified legal holder requires attribution in this file under the current policy."
"work-r3v-native-producer-cell-harness-c-original-line-561-aa6960905b4e"	"repair-required"	"660f73b28743b3f032697ae7bdbc980efd3f3020"	"src/amd/r300/vulkan/tests/r3v_native_producer_cell_harness.c:557-564"	"nl -ba -- src/amd/r300/vulkan/tests/r3v_native_producer_cell_harness.c | sed -n 557,564p"	""	"not-run"	"open"	"The retained-IB comparison uses the observed size even after recording a mismatch with the smaller reference allocation."	"An oversized retained IB reports a length failure without reading beyond the reference buffer."
"work-r3v-native-producer-cell-harness-c-original-line-10-1831b5e000fc"	"repair-required"	"660f73b28743b3f032697ae7bdbc980efd3f3020"	"src/amd/r300/vulkan/tests/r3v_native_producer_cell_harness.c:4-14"	"nl -ba -- src/amd/r300/vulkan/tests/r3v_native_producer_cell_harness.c | sed -n 4,14p"	""	"not-run"	"open"	"The file-scope transport and retention claims still omit their owning symbols and reproducible discovery locations."	"Every load-bearing mechanism claim names its owning symbol and exact search command."
"work-r3v-native-producer-cell-harness-c-original-line-175-5b56169b5d10"	"repair-required"	"660f73b28743b3f032697ae7bdbc980efd3f3020"	"src/amd/r300/vulkan/tests/r3v_native_producer_cell_harness.c:171-180"	"nl -ba -- src/amd/r300/vulkan/tests/r3v_native_producer_cell_harness.c | sed -n 171,180p"	""	"not-run"	"open"	"Harness initialization still inherits the shim CS-refusal and completion-failure fault-injection variables."	"Both inherited fault flags are cleared and an open-mode calibration completes normally."
"work-r3v-native-producer-cell-harness-c-original-line-334-c38a65a30c96"	"repair-required"	"660f73b28743b3f032697ae7bdbc980efd3f3020"	"src/amd/r300/vulkan/tests/r3v_native_producer_cell_harness.c:330-335"	"nl -ba -- src/amd/r300/vulkan/tests/r3v_native_producer_cell_harness.c | sed -n 330,335p"	""	"not-run"	"open"	"The geometry leg records an oversized allocation failure and continues with a null memory handle."	"A forced allocation failure reaches cleanup without installing or dereferencing the carrier memory."
"work-radeon-noop-drm-shim-residue-check-selftest-py-original-line-6ce9526488d6"	"repair-required"	"660f73b28743b3f032697ae7bdbc980efd3f3020"	"src/amd/drm-shim/tests/radeon_noop_drm_shim_residue_check_selftest.py:53-70"	"nl -ba -- src/amd/drm-shim/tests/radeon_noop_drm_shim_residue_check_selftest.py | sed -n 53,70p"	""	"not-run"	"open"	"The verdict calibration uses Python assertions that disappear under optimized execution."	"The self-test still rejects every bad arm when executed with PYTHONOPTIMIZE=1."
"work-radeon-noop-drm-shim-residue-check-selftest-py-original-line-c503f34a2d86"	"repair-required"	"660f73b28743b3f032697ae7bdbc980efd3f3020"	"src/amd/drm-shim/tests/radeon_noop_drm_shim_residue_check_selftest.py:60-70"	"nl -ba -- src/amd/drm-shim/tests/radeon_noop_drm_shim_residue_check_selftest.py | sed -n 60,70p"	""	"not-run"	"open"	"The foreign-vendor arm adds an unrelated extra failure and does not distinguish the identity-normalization regression."	"The calibrated bad input passes the old checker and fails the corrected checker for the intended identity difference."
"work-radeon-noop-drm-shim-residue-check-py-original-line-37-cd8d22bf43df"	"repair-required"	"660f73b28743b3f032697ae7bdbc980efd3f3020"	"src/amd/drm-shim/tests/radeon_noop_drm_shim_residue_check.py:35-47"	"nl -ba -- src/amd/drm-shim/tests/radeon_noop_drm_shim_residue_check.py | sed -n 35,47p"	""	"not-run"	"open"	"The identity pattern is applied after splitlines has separated diagnostics containing literal newlines."	"A multiline identity mismatch retains both observed and expected identities through normalization."
"work-run-r2vb-reingest-replay-sh-original-line-49-c06a8f960330"	"repair-required"	"660f73b28743b3f032697ae7bdbc980efd3f3020"	"src/amd/r300/common/tests/run_r2vb_reingest_replay.sh:45-54"	"nl -ba -- src/amd/r300/common/tests/run_r2vb_reingest_replay.sh | sed -n 45,54p"	""	"not-run"	"open"	"The replay gate checks generated JSON artifacts only for nonzero size and reconstructs its accepted bundle from constants."	"Malformed digest, relocation, domain, and size metadata mutations are rejected."
"work-r3v-native-reingest-arming-runner-check-py-original-line-82-bb6c9241aa72"	"repair-required"	"660f73b28743b3f032697ae7bdbc980efd3f3020"	"src/amd/r300/vulkan/tests/r3v_native_reingest_arming_runner_check.py:58-88"	"nl -ba -- src/amd/r300/vulkan/tests/r3v_native_reingest_arming_runner_check.py | sed -n 58,88p"	""	"not-run"	"open"	"The arming-runner check exercises refusals only and never proves that an exact matching re-ingest fact set arms."	"A known-good matching-provider case returns ARMED before the bad mutations are applied."
"work-r3v-native-attended-reingest-c-main-int-argc-char-argv-83f7735b3455"	"repair-required"	"660f73b28743b3f032697ae7bdbc980efd3f3020"	"src/amd/r300/vulkan/tests/r3v_native_attended_reingest.c:385-393"	"nl -ba -- src/amd/r300/vulkan/tests/r3v_native_attended_reingest.c | sed -n 385,393p"	""	"not-run"	"open"	"The outcome depends on poison_dwords but the retained summary omits that discriminating count."	"The retained outcome records the poison count and a partial-write fixture remains independently classifiable."
"work-run-r2vb-float2-tuple-replay-sh-original-line-53-896422cadf63"	"repair-required"	"660f73b28743b3f032697ae7bdbc980efd3f3020"	"src/amd/r300/common/tests/run_r2vb_float2_tuple_replay.sh:49-58"	"nl -ba -- src/amd/r300/common/tests/run_r2vb_float2_tuple_replay.sh | sed -n 49,58p"	""	"not-run"	"open"	"The tuple replay accepts generated artifacts based only on nonzero size while replaying separately hard-coded metadata."	"Mutated vertex bytes, BO metadata, manifest fields, and expected carrier values are each rejected."
"work-r3v-native-attended-float2-tuple-c-original-line-2-a73dd8e05433"	"superseded-on-main"	"3742009c13db4a63b0bcfdb37b1e8f2bc5d04e40"	"AGENTS.md AI disclosure, authorship, and copyright rules"	"rg -n --fixed-strings -- authorship AGENTS.md"	""	"not-run"	"open"	"The current source-header policy requires SPDX on new files and preserves copyright lines only for verified legal holders."	"A verified legal holder requires attribution across the named new files under the current policy."
"work-r3v-native-attended-float2-tuple-c-original-line-356-2f2d868ef5b3"	"repair-required"	"660f73b28743b3f032697ae7bdbc980efd3f3020"	"src/amd/r300/vulkan/tests/r3v_native_attended_float2_tuple.c:353-356"	"nl -ba -- src/amd/r300/vulkan/tests/r3v_native_attended_float2_tuple.c | sed -n 353,356p"	""	"not-run"	"open"	"Tuple-specific retained artifact names are not reserved before submission, so a stale file can cause a mixed partial record afterward."	"Every final artifact name is reserved before the hazardous boundary and an EEXIST fixture prevents submission."
"work-r3v-native-float2-tuple-arming-runner-check-py-original-line-a97abc06db8a"	"repair-required"	"660f73b28743b3f032697ae7bdbc980efd3f3020"	"src/amd/r300/vulkan/tests/r3v_native_float2_tuple_arming_runner_check.py:52-106"	"nl -ba -- src/amd/r300/vulkan/tests/r3v_native_float2_tuple_arming_runner_check.py | sed -n 52,106p"	""	"not-run"	"open"	"The arming-runner check covers only refusal cases and can pass when the runner always refuses."	"An exact digest, kernel release, and module srcversion case returns an armed verdict before mutation."
"work-r300-r2vb-fetch-pass-c-original-line-52-4e6657b531ac"	"repair-required"	"660f73b28743b3f032697ae7bdbc980efd3f3020"	"src/amd/r300/common/r300_r2vb_fetch_pass.c:48-52"	"nl -ba -- src/amd/r300/common/r300_r2vb_fetch_pass.c | sed -n 48,52p"	""	"not-run"	"open"	"The validation admits 65536 vertices even though the 16-bit encoded draw count wraps to zero."	"The exact 65536 boundary is rejected before encoding while 65535 remains accepted."
"work-r300-r2vb-target-state-c-original-line-14-b8fea61266c7"	"repair-required"	"660f73b28743b3f032697ae7bdbc980efd3f3020"	"src/amd/r300/common/r300_r2vb_target_state.c:10-14"	"nl -ba -- src/amd/r300/common/r300_r2vb_target_state.c | sed -n 10,14p"	""	"not-run"	"open"	"The target-state extent ceiling uses 4095 as the biased-coordinate maximum despite the 13-bit scissor fields."	"The supported 4096-wide layout emits an encodable scissor and the first unencodable coordinate fails."
"work-r300-pm4-compose-c-original-line-45-23691b3cb161"	"repair-required"	"660f73b28743b3f032697ae7bdbc980efd3f3020"	"src/amd/r300/common/r300_pm4_compose.c:41-50"	"nl -ba -- src/amd/r300/common/r300_pm4_compose.c | sed -n 41,50p"	""	"not-run"	"open"	"The composer accepts duplicate relocation descriptors for the same fragment payload index."	"Two descriptors naming one dword index are rejected before the copy pass."
"work-r300-pm4-compose-c-original-line-57-db468d44f692"	"repair-required"	"660f73b28743b3f032697ae7bdbc980efd3f3020"	"src/amd/r300/common/r300_pm4_compose.c:53-57"	"nl -ba -- src/amd/r300/common/r300_pm4_compose.c | sed -n 53,57p"	""	"not-run"	"open"	"Writer ownership is tracked by symbolic role rather than the resolved relocation chunk, allowing aliased writer roles."	"Two writing roles mapped to one chunk are rejected as multiple owners."
"work-r300-pm4-compose-c-original-line-82-a347fdb08ae0"	"repair-required"	"660f73b28743b3f032697ae7bdbc980efd3f3020"	"src/amd/r300/common/r300_pm4_compose.c:78-82"	"nl -ba -- src/amd/r300/common/r300_pm4_compose.c | sed -n 78,82p"	""	"not-run"	"open"	"A large nonnegative relocation chunk index can overflow when multiplied by four into the payload."	"UINT32_MAX divided by four is accepted and the next chunk index returns EOVERFLOW before copying."
"work-r300-pm4-compose-h-original-line-37-c0b032443e4c"	"repair-required"	"660f73b28743b3f032697ae7bdbc980efd3f3020"	"src/amd/r300/common/r300_pm4_compose.h:35-37"	"nl -ba -- src/amd/r300/common/r300_pm4_compose.h | sed -n 35,37p"	""	"not-run"	"open"	"The relocation-map comment attributes payload resolution to the kernel without naming the parser symbol or discovery route."	"The comment names the authoritative kernel parser and a reproducible symbol search."
"work-r3v-native-attended-float2-tuple-procedure-md-producer-cell-host-00f279c830ed"	"repair-required"	"660f73b28743b3f032697ae7bdbc980efd3f3020"	"docs/hardware/r3v-native-attended-float2-tuple-procedure.md:121-123"	"nl -ba -- docs/hardware/r3v-native-attended-float2-tuple-procedure.md | sed -n 121,123p"	""	"not-run"	"open"	"The evidence note still attributes the three-dword delta to one paired MIN write instead of the two actual emission sites."	"The note accounts separately for the first-draw MIN pair and the widened MAX/MIN run."
"work-r3v-native-serial-cell-harness-c-original-line-127-041f3de92859"	"repair-required"	"660f73b28743b3f032697ae7bdbc980efd3f3020"	"src/amd/r300/vulkan/tests/r3v_native_serial_cell_harness.c:127-132"	"nl -ba -- src/amd/r300/vulkan/tests/r3v_native_serial_cell_harness.c | sed -n 127,132p"	""	"not-run"	"open"	"The harness still creates its private directory from a hard-coded /tmp template."	"The harness creates its directory below an explicit configured temporary root."
"work-r300-r2vb-nir-c-original-line-186-2ed3671830cd"	"repair-required"	"660f73b28743b3f032697ae7bdbc980efd3f3020"	"src/amd/r300/compiler/r300_r2vb_nir.c:182-186"	"nl -ba -- src/amd/r300/compiler/r300_r2vb_nir.c | sed -n 182,186p"	""	"not-run"	"open"	"The restager comment still lacks the reproducible symbol-discovery record required for its load-bearing claims."	"The comment names a repository-relative command that locates the restager and its passes."
"work-r300-pm4-builder-c-r300-pm4-emit-vertex-index-range-a7bc10050f7d"	"repair-required"	"660f73b28743b3f032697ae7bdbc980efd3f3020"	"src/amd/r300/common/r300_pm4_builder.c:171-178"	"nl -ba -- src/amd/r300/common/r300_pm4_builder.c | sed -n 171,178p"	""	"not-run"	"open"	"The immediate draw writes its register prefix before reserving the complete operation, leaving partial output on ENOSPC."	"A one-dword-short destination preserves both the prior words and builder count unchanged."
"work-r300-r2vb-float2-tuple-pass-c-static-const-uint32-t-722f21945261"	"repair-required"	"660f73b28743b3f032697ae7bdbc980efd3f3020"	"src/amd/r300/common/r300_r2vb_float2_tuple_pass.c:61-69"	"nl -ba -- src/amd/r300/common/r300_r2vb_float2_tuple_pass.c | sed -n 61,69p"	""	"not-run"	"open"	"The FLOAT_4 PSC behavior claim still has no source location or reproducible discovery method."	"The comment names the owning register contract and a command that locates it."
"work-run-r2vb-float2-tuple-burst-replay-sh-bundle-bd82899929f0"	"repair-required"	"660f73b28743b3f032697ae7bdbc980efd3f3020"	"src/amd/r300/common/tests/run_r2vb_float2_tuple_burst_replay.sh:145-154"	"nl -ba -- src/amd/r300/common/tests/run_r2vb_float2_tuple_burst_replay.sh | sed -n 145,154p"	""	"not-run"	"open"	"The float2-named replay and manifest tooling now execute both FLOAT_2 and FLOAT_4 workloads."	"Durable tool names describe both fetch widths or each width has a separately named tool."
"work-r3v-native-public-gpu-producer-arming-runner-check-py-original-3b3b94ad9cd0"	"repair-required"	"660f73b28743b3f032697ae7bdbc980efd3f3020"	"src/amd/r300/vulkan/tests/r3v_native_public_gpu_producer_arming_runner_check.py:88-145"	"nl -ba -- src/amd/r300/vulkan/tests/r3v_native_public_gpu_producer_arming_runner_check.py | sed -n 88,145p"	""	"not-run"	"open"	"The arming-runner calibration still exercises refusal cases only."	"A fully declared fresh-directory case selects gpu-producer, reports ARMED, and exits successfully."
"work-r3v-native-attended-public-gpu-producer-procedure-md-this-document-6cca234cd89c"	"repair-required"	"660f73b28743b3f032697ae7bdbc980efd3f3020"	"docs/hardware/r3v-native-attended-public-gpu-producer-procedure.md:52-57"	"nl -ba -- docs/hardware/r3v-native-attended-public-gpu-producer-procedure.md | sed -n 52,57p"	""	"not-run"	"open"	"The record-only mode is documented as ioctl-free and verdict-free even though allocation, mapping, and failure paths violate those claims."	"The document restricts the boundary to avoiding DRM_RADEON_CS or the implementation meets the broader contract."
"work-r300-zb-depth-control-cell-h-original-line-103-2bdd7fa80890"	"repair-required"	"660f73b28743b3f032697ae7bdbc980efd3f3020"	"src/amd/r300/common/r300_zb_depth_control_cell.h:101-104"	"nl -ba -- src/amd/r300/common/r300_zb_depth_control_cell.h | sed -n 101,104p"	""	"not-run"	"open"	"The depth-byte-width claim still names kernel parser behavior without source locations or discovery commands."	"Every named parser and relocation mechanism has a repository path and reproducible symbol search."
"work-run-zb-depth-control-replay-sh-original-line-68-79ff64cf2289"	"repair-required"	"660f73b28743b3f032697ae7bdbc980efd3f3020"	"src/amd/r300/common/tests/run_zb_depth_control_replay.sh:64-69"	"nl -ba -- src/amd/r300/common/tests/run_zb_depth_control_replay.sh | sed -n 64,69p"	""	"not-run"	"open"	"The replay reconstructs BO footprints from literals instead of the common cell contract or generated manifest."	"Changing one shared footprint authority updates the live recorder, manifest, and replay bundle together."
"work-r3v-native-attended-zb-depth-control-c-original-line-12-7ad42ef8f055"	"repair-required"	"660f73b28743b3f032697ae7bdbc980efd3f3020"	"src/amd/r300/vulkan/tests/r3v_native_attended_zb_depth_control.c:8-12"	"nl -ba -- src/amd/r300/vulkan/tests/r3v_native_attended_zb_depth_control.c | sed -n 8,12p"	""	"not-run"	"open"	"The source comment still embeds the B14 campaign label and first-run chronology."	"The source and Meson comments state only the depth-control mechanism while chronology remains in history or findings."
"work-r3v-native-attended-zb-depth-control-c-original-line-126-fcc45122f8cb"	"repair-required"	"660f73b28743b3f032697ae7bdbc980efd3f3020"	"src/amd/r300/vulkan/tests/r3v_native_attended_zb_depth_control.c:116-130"	"nl -ba -- src/amd/r300/vulkan/tests/r3v_native_attended_zb_depth_control.c | sed -n 116,130p"	""	"not-run"	"open"	"The attended path reaches Vulkan initialization without requiring and retaining a clean pre-submit DRM validation log."	"A pre-existing DRM CS validation error prevents submission and is retained with the refusal."
"work-r3v-native-attended-zb-depth-control-c-original-line-382-a96e9cae3dc6"	"repair-required"	"660f73b28743b3f032697ae7bdbc980efd3f3020"	"src/amd/r300/vulkan/tests/r3v_native_attended_zb_depth_control.c:378-384"	"nl -ba -- src/amd/r300/vulkan/tests/r3v_native_attended_zb_depth_control.c | sed -n 378,384p"	""	"not-run"	"open"	"The pass predicate does not independently prove that the far triangle rasterized before depth rejection."	"A control observation proves far-primitive execution and fails when only the first primitive executes."
"work-r3v-native-zb-depth-control-harness-c-original-line-195-b9bf1276c6ed"	"repair-required"	"660f73b28743b3f032697ae7bdbc980efd3f3020"	"src/amd/r300/vulkan/tests/r3v_native_zb_depth_control_harness.c:195-200"	"nl -ba -- src/amd/r300/vulkan/tests/r3v_native_zb_depth_control_harness.c | sed -n 195,200p"	""	"not-run"	"open"	"The harness still uses a hard-coded /tmp directory template instead of the test environment."	"The harness creates its private directory below TMPDIR or an explicit build-root setting."
"work-r3v-native-zb-depth-control-harness-c-original-line-373-846e8cc0585c"	"repair-required"	"660f73b28743b3f032697ae7bdbc980efd3f3020"	"src/amd/r300/vulkan/tests/r3v_native_zb_depth_control_harness.c:369-377"	"nl -ba -- src/amd/r300/vulkan/tests/r3v_native_zb_depth_control_harness.c | sed -n 369,377p"	""	"not-run"	"open"	"The alleged alias calibration is refused by the depth-role size check before the distinct-handle predicate executes."	"Correctly sized wrappers sharing one handle fail specifically at the alias guard."
"work-vk-physical-device-features-gen-py-def-condition-self-physical-ce2951e59c7b"	"repair-required"	"660f73b28743b3f032697ae7bdbc980efd3f3020"	"src/vulkan/util/vk_physical_device_features_gen.py:257-277"	"nl -ba -- src/vulkan/util/vk_physical_device_features_gen.py | sed -n 257,277p"	""	"not-run"	"open"	"The generator retains an unused condition helper, overstates unavailable-struct query behavior, and does not ensure dzn checks pNext-only feature enables."	"The generated contract matches query behavior, dzn rejects unsupported pNext-only enables, and no orphaned helper remains."
"work-r3v-native-burst-cell-harness-c-struct-burst-leg-0708f4f187e0"	"repair-required"	"660f73b28743b3f032697ae7bdbc980efd3f3020"	"src/amd/r300/vulkan/tests/r3v_native_burst_cell_harness.c:172-176"	"nl -ba -- src/amd/r300/vulkan/tests/r3v_native_burst_cell_harness.c | sed -n 172,176p"	""	"not-run"	"open"	"Prepared-release verdicts observe only zeroed fields and not whether owned GEM resources were released."	"Every claimed release path returns the BO census to its pre-leg value."
"work-r300-typed-carry-reference-check-py-original-line-78-38c20705741e"	"repair-required"	"660f73b28743b3f032697ae7bdbc980efd3f3020"	"src/gallium/drivers/r300/tests/r300_typed_carry_reference_check.py:74-83"	"nl -ba -- src/gallium/drivers/r300/tests/r300_typed_carry_reference_check.py | sed -n 74,83p"	""	"not-run"	"open"	"The checker does not require each source fixture to have exactly one same-stem generated SPIR-V module."	"Adding or deleting either side alone is rejected before digest comparison."
"work-r300-typed-carry-reference-check-py-original-line-97-4e5214c49c2b"	"repair-required"	"660f73b28743b3f032697ae7bdbc980efd3f3020"	"src/gallium/drivers/r300/tests/r300_typed_carry_reference_check.py:93-102"	"nl -ba -- src/gallium/drivers/r300/tests/r300_typed_carry_reference_check.py | sed -n 93,102p"	""	"not-run"	"open"	"The checker hashes raw working-tree text bytes, so CRLF checkout conversion changes source fixture digests."	"A clean CRLF checkout validates the same source blobs or the fixtures are explicitly pinned to LF."
"work-r300-typed-carry-reference-sha256-original-line-7-b412b6377dd1"	"repair-required"	"660f73b28743b3f032697ae7bdbc980efd3f3020"	"src/gallium/drivers/r300/tests/typed_carry_corpus/r300_typed_carry_reference.sha256:3-8"	"nl -ba -- src/gallium/drivers/r300/tests/typed_carry_corpus/r300_typed_carry_reference.sha256 | sed -n 3,8p"	""	"not-run"	"open"	"The manifest comment still embeds a retained campaign bundle name and external-repository provenance."	"The comment states only the digest mechanism while the exact bundle identity lives in a finding or commit record."
"work-mesa-profile-sh-original-line-4-3b40fa3bf7e7"	"repair-required"	"660f73b28743b3f032697ae7bdbc980efd3f3020"	"build-infra/packaging/mesa-gororoba/mesa-gororoba-profile.sh:1-6"	"nl -ba -- build-infra/packaging/mesa-gororoba/mesa-gororoba-profile.sh | sed -n 1,6p"	""	"not-run"	"open"	"The automatically sourced profile selects the staged r3v ICD without an exact per-run consent value."	"A normal login shell leaves Vulkan driver selection unchanged unless the containment gate is explicitly opened."
"work-r300-cpu-vertex-c-r300-cpu-vertex-gather-baseline-ba812ac4b422"	"repair-required"	"660f73b28743b3f032697ae7bdbc980efd3f3020"	"src/amd/r300/cpu/r300_cpu_vertex.c:118-123"	"nl -ba -- src/amd/r300/cpu/r300_cpu_vertex.c | sed -n 118,123p"	""	"not-run"	"open"	"The gather loop adds the vertex offset in 32 bits before bounds checking and address calculation."	"A robust draw starting at UINT32_MAX yields zero records after the first vertex without wrapping to indices zero and one."
"work-r300-fetched-route-digests-h-original-line-11-46dc65000f0e"	"repair-required"	"660f73b28743b3f032697ae7bdbc980efd3f3020"	"src/amd/r300/common/tests/r300_fetched_route_digests.h:7-14"	"nl -ba -- src/amd/r300/common/tests/r300_fetched_route_digests.h | sed -n 7,14p"	""	"not-run"	"open"	"The source comment still embeds retained F32 bundle names and external evidence provenance."	"The header states durable stream and silicon identity while exact bundle provenance lives in the attended finding."
"work-r3v-native-attended-varying-triangle-c-original-line-42-fdc13499674f"	"repair-required"	"660f73b28743b3f032697ae7bdbc980efd3f3020"	"src/amd/r300/vulkan/tests/r3v_native_attended_varying_triangle.c:38-46"	"nl -ba -- src/amd/r300/vulkan/tests/r3v_native_attended_varying_triangle.c | sed -n 38,46p"	""	"not-run"	"open"	"OUTCOME_CARRIER_DIVERGED remains declared and named without any classification path that can select it."	"A carrier mismatch selects the outcome or the unreachable verdict is removed from the public result set."
"work-r300-varying-cell-digests-h-original-line-11-b5a9ecf3c0af"	"repair-required"	"660f73b28743b3f032697ae7bdbc980efd3f3020"	"src/amd/r300/common/tests/r300_varying_cell_digests.h:7-13"	"nl -ba -- src/amd/r300/common/tests/r300_varying_cell_digests.h | sed -n 7,13p"	""	"not-run"	"open"	"The source comment still embeds the retained varying-triangle bundle name."	"The header states the silicon-backed stream property without an external experiment identifier."
"work-r300-cpu-vertex-job-c-static-inline-uint32-t-vertex-3c4811258b28"	"repair-required"	"660f73b28743b3f032697ae7bdbc980efd3f3020"	"src/amd/r300/cpu/r300_cpu_vertex_job.c:208-213"	"nl -ba -- src/amd/r300/cpu/r300_cpu_vertex_job.c | sed -n 208,213p"	""	"not-run"	"open"	"The three-factor carrier-capacity product can overflow uint64_t before it is compared with the destination size."	"Each multiplication is checked and an overflowing draw returns ENOSPC without touching the carrier."
"work-r300-cpu-vertex-job-c-int-r300-cpu-vertex-job-7958d484ed2d"	"repair-required"	"660f73b28743b3f032697ae7bdbc980efd3f3020"	"src/amd/r300/cpu/r300_cpu_vertex_job.c:184-190"	"nl -ba -- src/amd/r300/cpu/r300_cpu_vertex_job.c | sed -n 184,190p"	""	"not-run"	"open"	"The logical instance-index overflow check rejects zero-stride instance streams even though they address one constant record."	"A zero-stride stream remains valid across logical instance-index wrap while nonzero strides retain the bound."
"work-r300-compute-identity-carrier-digests-h-original-line-12-35ea05cbc68d"	"repair-required"	"660f73b28743b3f032697ae7bdbc980efd3f3020"	"src/amd/r300/common/tests/r300_compute_identity_carrier_digests.h:8-15"	"nl -ba -- src/amd/r300/common/tests/r300_compute_identity_carrier_digests.h | sed -n 8,15p"	""	"not-run"	"open"	"The source comment still embeds the retained compute-identity bundle name."	"The header states the RS482-delivered identity property while bundle provenance remains in the finding."
"work-r300-common-liveness-census-py-original-line-432-6ba43bd5cb0e"	"repair-required"	"660f73b28743b3f032697ae7bdbc980efd3f3020"	"src/amd/r300/common/tests/r300_common_liveness_census.py:428-433"	"nl -ba -- src/amd/r300/common/tests/r300_common_liveness_census.py | sed -n 428,433p"	""	"not-run"	"open"	"The ELF archive scan strips every leading underscore and can accept a distinct near-match symbol."	"An underscored ELF near-match is rejected while ABI-specific normalization is limited to formats that require it."
"work-r3v-native-memory-c-r3v-getbuffermemoryrequirements2-vkdevice-device-3b76262aa4d2"	"repair-required"	"660f73b28743b3f032697ae7bdbc980efd3f3020"	"src/amd/r300/vulkan/r3v_native_memory.c:238-248"	"nl -ba -- src/amd/r300/vulkan/r3v_native_memory.c | sed -n 238,248p"	""	"not-run"	"open"	"The batch bind loop commits earlier buffer bindings before a later entry can make the operation fail."	"A bad later entry leaves every buffer in the batch unbound and permits a corrected retry."
"work-r3v-native-entrypoint-audit-py-original-line-117-96d316a099a4"	"repair-required"	"660f73b28743b3f032697ae7bdbc980efd3f3020"	"src/amd/r300/vulkan/tests/r3v_native_entrypoint_audit.py:138-148"	"nl -ba -- src/amd/r300/vulkan/tests/r3v_native_entrypoint_audit.py | sed -n 138,148p"	""	"not-run"	"open"	"CmdSetEvent, CmdResetEvent, and CmdWaitEvents remain absent from the live command classification."	"The three commands have calibrated live entries and a refusal mutant fails the audit."
"work-r300-chip-identity-c-r300-chip-identity-lookup-uint16-t-a4c6ad918548"	"repair-required"	"660f73b28743b3f032697ae7bdbc980efd3f3020"	"src/amd/r300/common/r300_chip_identity.c:113-118"	"nl -ba -- src/amd/r300/common/r300_chip_identity.c | sed -n 113,118p"	""	"not-run"	"open"	"Every CHIP_RS480 PCI ID still receives the RS482 specimen-only measurement record."	"Specimen-specific facts are restricted to 1002:5974 or widened only by independent evidence for each sibling ID."
"work-r300-chip-identity-c-r300-die-class-from-family-enum-682ed9ff8ce5"	"repair-required"	"660f73b28743b3f032697ae7bdbc980efd3f3020"	"src/amd/r300/common/r300_chip_identity.c:79-88"	"nl -ba -- src/amd/r300/common/r300_chip_identity.c | sed -n 79,88p"	""	"not-run"	"open"	"The us_program_depth field records 64 without naming that it is the ALU-slot limit rather than the total 96-instruction limit."	"The model exposes separate ALU and texture ceilings or names the 64-slot domain explicitly."
"work-r300-chip-identity-h-enum-r300-die-class-5504e961d82f"	"repair-required"	"660f73b28743b3f032697ae7bdbc980efd3f3020"	"src/amd/r300/common/r300_chip_identity.h:43-49"	"nl -ba -- src/amd/r300/common/r300_chip_identity.h | sed -n 43,49p"	""	"not-run"	"open"	"The facts record relies on sibling-repository finding names instead of local primary-source locations per field."	"Each consumed fact names a local primary source and discovery method, with retained findings supplemental."
"work-r300-common-boundary-audit-py-def-strip-outer-parentheses-expression-f1a75268c1d1"	"repair-required"	"660f73b28743b3f032697ae7bdbc980efd3f3020"	"src/amd/r300/common/tests/r300_common_boundary_audit.py:163-211"	"nl -ba -- src/amd/r300/common/tests/r300_common_boundary_audit.py | sed -n 163,211p"	""	"not-run"	"open"	"Two preprocessor parser helpers have no callers, and the whole-file scan comment incorrectly describes compiler behavior."	"The dead helpers are removed and the comment states that the audit conservatively scans every preprocessor arm."
"work-r3v-native-memory-concurrency-harness-c-original-line-220-b952813920e9"	"repair-required"	"660f73b28743b3f032697ae7bdbc980efd3f3020"	"src/amd/r300/vulkan/tests/r3v_native_memory_concurrency_harness.c:216-225"	"nl -ba -- src/amd/r300/vulkan/tests/r3v_native_memory_concurrency_harness.c | sed -n 216,225p"	""	"not-run"	"open"	"Workers begin measured operations immediately after creation, so the concurrency test can execute serially."	"A ready/start barrier holds every worker until the full measured set is present."
"work-r3v-native-memory-concurrency-harness-c-original-line-315-8887f7a2c1d4"	"repair-required"	"660f73b28743b3f032697ae7bdbc980efd3f3020"	"src/amd/r300/vulkan/tests/r3v_native_memory_concurrency_harness.c:311-315"	"nl -ba -- src/amd/r300/vulkan/tests/r3v_native_memory_concurrency_harness.c | sed -n 311,315p"	""	"not-run"	"open"	"The teardown arm checks only one aggregate cache-sync count and cannot detect per-object omissions balanced by duplicates."	"Publication counts keyed by BO handle prove exactly-once cleanup for every object."
"work-r3v-native-memory-concurrency-harness-c-original-line-332-386d51d1a0a3"	"repair-required"	"660f73b28743b3f032697ae7bdbc980efd3f3020"	"src/amd/r300/vulkan/tests/r3v_native_memory_concurrency_harness.c:329-336"	"nl -ba -- src/amd/r300/vulkan/tests/r3v_native_memory_concurrency_harness.c | sed -n 329,336p"	""	"not-run"	"open"	"The device-loss arm uses an empty submit that succeeds before reaching the native queue transport."	"A healthy calibrated submission increments transport and the same shape under device loss refuses before transport."
"work-r3v-native-memory-concurrency-harness-c-original-line-93-bb3681ff1108"	"repair-required"	"660f73b28743b3f032697ae7bdbc980efd3f3020"	"src/amd/r300/vulkan/tests/r3v_native_memory_concurrency_harness.c:90-97"	"nl -ba -- src/amd/r300/vulkan/tests/r3v_native_memory_concurrency_harness.c | sed -n 90,97p"	""	"not-run"	"open"	"The allocations are non-shareable and never exercise the shared-handle reference table claimed by the harness."	"Concurrent export, import, and free operations exercise the shared table or the verdict is narrowed."
"work-r3v-kernel-memory-contract-pin-py-original-line-56-c8a8dc4fa107"	"repair-required"	"660f73b28743b3f032697ae7bdbc980efd3f3020"	"src/amd/r300/vulkan/tests/r3v_kernel_memory_contract_pin.py:53-60"	"nl -ba -- src/amd/r300/vulkan/tests/r3v_kernel_memory_contract_pin.py | sed -n 53,60p"	""	"not-run"	"open"	"The pin checker overwrites duplicate row identifiers and excludes the TSV schema from its contract."	"Duplicate identifiers and any pinned header change are rejected before row digest comparison."
"work-r3v-kernel-memory-contract-pin-py-original-line-79-defbd1c3718e"	"repair-required"	"660f73b28743b3f032697ae7bdbc980efd3f3020"	"src/amd/r300/vulkan/tests/r3v_kernel_memory_contract_pin.py:76-83"	"nl -ba -- src/amd/r300/vulkan/tests/r3v_kernel_memory_contract_pin.py | sed -n 76,83p"	""	"not-run"	"open"	"The self-test uses assertions that disappear under optimized Python."	"Every good and bad calibration remains enforced with PYTHONOPTIMIZE=1."
"work-r3v-conformance-runner-fixture-info-qpa-original-line-8-69ebb996569c"	"repair-required"	"660f73b28743b3f032697ae7bdbc980efd3f3020"	"src/amd/r300/vulkan/tests/r3v_conformance_runner_fixture_info.qpa:5-8"	"nl -ba -- src/amd/r300/vulkan/tests/r3v_conformance_runner_fixture_info.qpa | sed -n 5,8p"	""	"not-run"	"open"	"The checked-in QPA fixture still embeds the local absolute path /run/info.qpa."	"The fixture retains the session-field shape with a neutral or repository-relative log path."
"work-rs482-composed-surface-campaign-md-mechanisms-sharing-one-radix-i-90605bf41617"	"repair-required"	"660f73b28743b3f032697ae7bdbc980efd3f3020"	"docs/hardware/rs482-composed-surface-campaign.md:41-44"	"nl -ba -- docs/hardware/rs482-composed-surface-campaign.md | sed -n 41,44p"	""	"not-run"	"open"	"The silicon claim cites a date and prose topic rather than an exact retained finding identifier."	"The claim names the exact current finding file or another immutable retained identifier."
"work-r3v-native-attended-compute-identity-c-main-int-argc-char-738f8cf99079"	"repair-required"	"660f73b28743b3f032697ae7bdbc980efd3f3020"	"src/amd/r300/vulkan/tests/r3v_native_attended_compute_identity.c:153-158"	"nl -ba -- src/amd/r300/vulkan/tests/r3v_native_attended_compute_identity.c | sed -n 153,158p"	""	"not-run"	"open"	"The attended runner duplicates the queue-claim gate string instead of consuming its canonical macro."	"A gate rename in the shared header updates every C caller without separate literal edits."
"work-r3v-vulkan10-requirement-inventory-py-def-parse-granted-features-physica-6d6e7cac2131"	"repair-required"	"660f73b28743b3f032697ae7bdbc980efd3f3020"	"src/amd/r300/vulkan/tests/r3v_vulkan10_requirement_inventory.py:134-141"	"nl -ba -- src/amd/r300/vulkan/tests/r3v_vulkan10_requirement_inventory.py | sed -n 134,141p"	""	"not-run"	"open"	"The inventory accepts any assignment to compute_queue_claimed and does not prove derivation through the ledger helper."	"A direct environment or constant assignment mutant fails while the helper initialization chain passes."
"work-r3v-deqp-provision-py-original-line-183-dd6d57c61a47"	"repair-required"	"660f73b28743b3f032697ae7bdbc980efd3f3020"	"src/amd/r300/vulkan/tests/r3v_deqp_provision.py:248-256"	"nl -ba -- src/amd/r300/vulkan/tests/r3v_deqp_provision.py | sed -n 248,256p"	""	"not-run"	"open"	"The selected CMake cache is not bound to the source and binary build it describes."	"Mismatched cache source or build directories are refused before bundle creation."
"work-r3v-deqp-provision-py-original-line-215-a5f1f069cc06"	"repair-required"	"660f73b28743b3f032697ae7bdbc980efd3f3020"	"src/amd/r300/vulkan/tests/r3v_deqp_provision.py:283-288"	"nl -ba -- src/amd/r300/vulkan/tests/r3v_deqp_provision.py | sed -n 283,288p"	""	"not-run"	"open"	"The destination may recurse beneath copied inputs and the copied mustpass corpus is not checked against the repository pin."	"Nested destinations and a corpus whose count or digest differs from the pin are refused before copying."
"work-r3v-deqp-provision-py-original-line-253-383ae0516d5c"	"repair-required"	"660f73b28743b3f032697ae7bdbc980efd3f3020"	"src/amd/r300/vulkan/tests/r3v_deqp_provision.py:275-284,338-342"	"nl -ba -- src/amd/r300/vulkan/tests/r3v_deqp_provision.py | sed -n '275,284p;338,342p'"	""	"not-run"	"open"	"The verifier already rejects unknown provenance versions, but ISA stripping still removes every GNU property including CET metadata."	"Removing an ISA-level requirement preserves all non-ISA GNU properties or the binary is rebuilt at the baseline."
"work-r3v-deqp-provision-py-original-line-260-64f2e1c7fb24"	"repair-required"	"660f73b28743b3f032697ae7bdbc980efd3f3020"	"src/amd/r300/vulkan/tests/r3v_deqp_provision.py:346-353"	"nl -ba -- src/amd/r300/vulkan/tests/r3v_deqp_provision.py | sed -n 346,353p"	""	"not-run"	"open"	"Bundle verification checks executable bytes but not that deqp-vk remains a regular executable file."	"Clearing the executable mode makes verification fail before any CTS launch."
"work-r3v-deqp-provision-py-original-line-119-4209beb1f50e"	"repair-required"	"660f73b28743b3f032697ae7bdbc980efd3f3020"	"src/amd/r300/vulkan/tests/r3v_deqp_provision.py:132-140"	"nl -ba -- src/amd/r300/vulkan/tests/r3v_deqp_provision.py | sed -n 132,140p"	""	"not-run"	"open"	"Binary admission checks executability and dynamic metadata without verifying ELF64 x86-64 class and machine."	"An ELF32 i386 fixture is refused while the intended ELF64 x86-64 fixture passes."
"work-r3v-deqp-provision-py-original-line-121-ad99ea2f09e8"	"repair-required"	"660f73b28743b3f032697ae7bdbc980efd3f3020"	"src/amd/r300/vulkan/tests/r3v_deqp_provision.py:134-141"	"nl -ba -- src/amd/r300/vulkan/tests/r3v_deqp_provision.py | sed -n 134,141p"	""	"not-run"	"open"	"The bundle records dependency basenames but not required symbol versions or target-provider compatibility."	"A fixture requiring an unavailable GLIBC or GLIBCXX version fails target verification."
"work-r3v-deqp-provision-py-original-line-366-363308104d08"	"repair-required"	"660f73b28743b3f032697ae7bdbc980efd3f3020"	"src/amd/r300/vulkan/tests/r3v_deqp_provision.py:386-390"	"nl -ba -- src/amd/r300/vulkan/tests/r3v_deqp_provision.py | sed -n 386,390p"	""	"not-run"	"open"	"Synthetic commits inherit global signing configuration and can fail before the provisioner is tested."	"The self-test passes with global commit.gpgsign enabled and no signing key."
"work-r3v-deqp-provision-py-original-line-251-911b8cf27c11"	"repair-required"	"660f73b28743b3f032697ae7bdbc980efd3f3020"	"src/amd/r300/vulkan/tests/r3v_deqp_provision.py:248-253"	"nl -ba -- src/amd/r300/vulkan/tests/r3v_deqp_provision.py | sed -n 248,253p"	""	"not-run"	"open"	"Bundle output can be created inside the source checkout after cleanliness is sampled."	"An output path equal to or below source-root is refused before directory creation."
"work-r3v-deqp-provision-py-original-line-407-3c29da419aea"	"repair-required"	"660f73b28743b3f032697ae7bdbc980efd3f3020"	"src/amd/r300/vulkan/tests/r3v_deqp_provision.py:403-412"	"nl -ba -- src/amd/r300/vulkan/tests/r3v_deqp_provision.py | sed -n 403,412p"	""	"not-run"	"open"	"The elevated-ISA calibration is skipped on hosts whose normal link carries only the baseline note."	"A deterministic elevated-note fixture runs the refusal and preservation arms on every host."
"work-r3v-native-plan-tool-c-original-line-27-2f0c3494a7e5"	"repair-required"	"660f73b28743b3f032697ae7bdbc980efd3f3020"	"src/amd/r300/vulkan/tests/r3v_native_plan_tool.c:24-32"	"nl -ba -- src/amd/r300/vulkan/tests/r3v_native_plan_tool.c | sed -n 24,32p"	""	"not-run"	"open"	"Plan loading ignores fseek and ftell failures before casting the length into allocation and parser sizes."	"A non-seekable input is refused without allocation overflow or out-of-bounds parsing."
"work-r3v-native-plan-tool-c-original-line-178-160af0631ffc"	"repair-required"	"660f73b28743b3f032697ae7bdbc980efd3f3020"	"src/amd/r300/vulkan/tests/r3v_native_plan_tool.c:185-194"	"nl -ba -- src/amd/r300/vulkan/tests/r3v_native_plan_tool.c | sed -n 185,194p"	""	"not-run"	"open"	"Compose accepts any schema-valid sealed plan without proving it has the capture transcript shape."	"A previously sealed plan is refused unless every capture placeholder and marker matches the transcript contract."
"work-r3v-native-plan-tool-c-original-line-135-3d36412216ac"	"repair-required"	"660f73b28743b3f032697ae7bdbc980efd3f3020"	"src/amd/r300/vulkan/tests/r3v_native_plan_tool.c:131-140"	"nl -ba -- src/amd/r300/vulkan/tests/r3v_native_plan_tool.c | sed -n 131,140p"	""	"not-run"	"open"	"The option-pair loop silently ignores one trailing compose argument."	"Any odd compose argument count is rejected before parsing options."
"work-r3v-native-plan-tool-c-original-line-67-80c2362b87dc"	"repair-required"	"660f73b28743b3f032697ae7bdbc980efd3f3020"	"src/amd/r300/vulkan/tests/r3v_native_plan_tool.c:63-72"	"nl -ba -- src/amd/r300/vulkan/tests/r3v_native_plan_tool.c | sed -n 63,72p"	""	"not-run"	"open"	"Plan serialization handles allocation failure with an assertion instead of the tool's normal error path."	"A forced allocation failure reports a compose error and returns normally."
"work-r3v-native-queue-claim-report-c-original-line-56-6b391a7659c3"	"repair-required"	"660f73b28743b3f032697ae7bdbc980efd3f3020"	"src/amd/r300/vulkan/tests/r3v_native_queue_claim_report.c:66-75"	"nl -ba -- src/amd/r300/vulkan/tests/r3v_native_queue_claim_report.c | sed -n 66,75p"	""	"not-run"	"open"	"The report queries the driver linked into its executable rather than the ICD selected by the runner manifest."	"The report and selected DSO share one recorded build identity or the report loads that DSO directly."
"work-r3v-native-queue-claim-report-c-original-line-82-b14fa0d01cf4"	"repair-required"	"660f73b28743b3f032697ae7bdbc980efd3f3020"	"src/amd/r300/vulkan/tests/r3v_native_queue_claim_report.c:92-100"	"nl -ba -- src/amd/r300/vulkan/tests/r3v_native_queue_claim_report.c | sed -n 92,100p"	""	"not-run"	"open"	"Physical-device enumeration accepts VK_INCOMPLETE with a one-element output capacity."	"A count query proves exactly one device before retrieving it and any other count is refused."
"work-r3v-native-object-c-r3v-createbufferview-vkdevice-device-fba9f34bec3f"	"repair-required"	"660f73b28743b3f032697ae7bdbc980efd3f3020"	"src/amd/r300/vulkan/r3v_native_object.c:108-133; src/amd/r300/vulkan/tests/r3v_native_entrypoint_audit.py:108,125"	"rg -n --fixed-strings -- vulkan src/amd/r300/vulkan/r3v_native_object.c"	""	"not-run"	"open"	"The whole-size path already rounds partial texel tails down, but the entrypoint audit still labels live buffer-view creation and destruction as refused or null-only."	"A partial-tail whole-size view passes and the audit classifies both lifecycle operations as live."
"work-r3v-cs-ioctl-trace-py-original-line-149-d773199db045"	"repair-required"	"660f73b28743b3f032697ae7bdbc980efd3f3020"	"src/amd/r300/vulkan/tests/r3v_cs_ioctl_trace.py:134-139"	"nl -ba -- src/amd/r300/vulkan/tests/r3v_cs_ioctl_trace.py | sed -n 134,139p"	""	"not-run"	"open"	"The trace census counts request numbers without attributing them to the Radeon render descriptor."	"The Radeon CS request issued on a non-Radeon descriptor does not increment the target census."
"work-r3v-cs-ioctl-trace-py-original-line-337-eb540049487e"	"repair-required"	"660f73b28743b3f032697ae7bdbc980efd3f3020"	"src/amd/r300/vulkan/tests/r3v_cs_ioctl_trace.py:437-446"	"nl -ba -- src/amd/r300/vulkan/tests/r3v_cs_ioctl_trace.py | sed -n 437,446p"	""	"not-run"	"open"	"Harness calibration permits an absent or unloadable shim before opening the submission hazard gate."	"Both harness arms refuse until the expected shim is loadable and verified as the active interposer."
"work-r3v-cs-ioctl-trace-py-original-line-234-4bae53841330"	"repair-required"	"660f73b28743b3f032697ae7bdbc980efd3f3020"	"src/amd/r300/vulkan/tests/r3v_cs_ioctl_trace.py:230-239"	"nl -ba -- src/amd/r300/vulkan/tests/r3v_cs_ioctl_trace.py | sed -n 230,239p"	""	"not-run"	"open"	"The summary records the witness process preload rather than the executed tracee's effective loader environment."	"A command that sets LD_PRELOAD inside env or a wrapper is reported accurately or refused as unverifiable."
"work-r3v-cs-ioctl-trace-py-original-line-251-a004c60852f0"	"repair-required"	"660f73b28743b3f032697ae7bdbc980efd3f3020"	"src/amd/r300/vulkan/tests/r3v_cs_ioctl_trace.py:247-255"	"nl -ba -- src/amd/r300/vulkan/tests/r3v_cs_ioctl_trace.py | sed -n 247,255p"	""	"not-run"	"open"	"JSON output may alias the raw trace path and truncate the evidence after its digest is recorded."	"Equal, symlink-equivalent, and hardlink-equivalent output destinations are rejected before tracing."
"work-r3v-native-plan-replay-c-original-line-107-8b2d831b5391"	"repair-required"	"660f73b28743b3f032697ae7bdbc980efd3f3020"	"src/amd/r300/vulkan/r3v_native_plan_replay.c:154-160"	"nl -ba -- src/amd/r300/vulkan/r3v_native_plan_replay.c | sed -n 154,160p"	""	"not-run"	"open"	"Replay imposes a 16 MiB file limit that is not part of the parser and composer schema limits."	"Every schema-valid plan is accepted or one shared explicit byte ceiling governs parsing, composition, and replay."
"work-r3v-native-plan-replay-c-original-line-219-49acd3381f01"	"repair-required"	"660f73b28743b3f032697ae7bdbc980efd3f3020"	"src/amd/r300/vulkan/r3v_native_plan_replay.c:264-270"	"nl -ba -- src/amd/r300/vulkan/r3v_native_plan_replay.c | sed -n 264,270p"	""	"not-run"	"open"	"The evidence directory is checked and then claimed through a nonexclusive state-file write."	"Two concurrent bind attempts yield exactly one exclusive owner before either can submit."
"work-r3v-native-plan-replay-c-original-line-261-24e27a0deed0"	"repair-required"	"660f73b28743b3f032697ae7bdbc980efd3f3020"	"src/amd/r300/vulkan/r3v_native_plan_replay.c:306-312"	"nl -ba -- src/amd/r300/vulkan/r3v_native_plan_replay.c | sed -n 306,312p"	""	"not-run"	"open"	"Replay fsyncs file contents but not the directories containing renamed IBs, state, and chain entries."	"A crash-recovery fixture retains every published directory entry in the order recorded by state."
"work-r3v-native-plan-replay-c-original-line-274-587e41f6d3b6"	"repair-required"	"660f73b28743b3f032697ae7bdbc980efd3f3020"	"src/amd/r300/vulkan/r3v_native_plan_replay.c:321-328"	"nl -ba -- src/amd/r300/vulkan/r3v_native_plan_replay.c | sed -n 321,328p"	""	"not-run"	"open"	"The chain digest omits the emitter and relocation roles, domains, sizes, and directions."	"Changing any admitted submission-entry field changes the durable chain extension."
"work-r3v-native-plan-replay-c-original-line-368-a68022de1ed1"	"repair-required"	"660f73b28743b3f032697ae7bdbc980efd3f3020"	"src/amd/r300/vulkan/r3v_native_plan_replay.c:438-446"	"nl -ba -- src/amd/r300/vulkan/r3v_native_plan_replay.c | sed -n 438,446p"	""	"not-run"	"open"	"Session close overwrites a specific terminal failure detail with the generic terminal result name."	"Every mismatch, retention, ioctl, and completion failure remains identifiable after close."
"work-r3v-native-plan-replay-c-original-line-312-f82b45a60da4"	"repair-required"	"660f73b28743b3f032697ae7bdbc980efd3f3020"	"src/amd/r300/vulkan/r3v_native_plan_replay.c:361-368"	"nl -ba -- src/amd/r300/vulkan/r3v_native_plan_replay.c | sed -n 361,368p"	""	"not-run"	"open"	"Plan entries omit recorded event and query operations that execute before queue admission."	"Capture and replay match the complete host-side operation sequence or refuse buffers carrying unplanned operations."
"work-r3v-native-plan-replay-c-original-line-337-b827ec677364"	"repair-required"	"660f73b28743b3f032697ae7bdbc980efd3f3020"	"src/amd/r300/vulkan/r3v_native_plan_replay.c:389-397"	"nl -ba -- src/amd/r300/vulkan/r3v_native_plan_replay.c | sed -n 389,397p"	""	"not-run"	"open"	"Successful admissions retain IB and chain data without persisting the updated consumed index."	"Each retained admission is followed by a synced progress state naming the same next index."
"work-r3v-native-plan-replay-c-original-line-439-c1cf6d11df95"	"repair-required"	"660f73b28743b3f032697ae7bdbc980efd3f3020"	"src/amd/r300/vulkan/r3v_native_plan_replay.c:436-442"	"nl -ba -- src/amd/r300/vulkan/r3v_native_plan_replay.c | sed -n 436,442p"	""	"not-run"	"open"	"Session close can report complete after the declared runtime ceiling expires."	"Elapsed monotonic time is rechecked immediately before a complete terminal state is produced."
"work-r3v-native-plan-replay-c-original-line-445-daef06a017b1"	"repair-required"	"660f73b28743b3f032697ae7bdbc980efd3f3020"	"src/amd/r300/vulkan/r3v_native_plan_replay.c:442-446"	"nl -ba -- src/amd/r300/vulkan/r3v_native_plan_replay.c | sed -n 442,446p"	""	"not-run"	"open"	"The final state write result is ignored, so durable publication failure can still return complete."	"ENOSPC, EIO, and fsync failures produce a visible terminal error and never a complete verdict."
"work-r3v-advertised-surface-deqp-binding-py-class-bindingfailure-exception-2d95445df36c"	"repair-required"	"660f73b28743b3f032697ae7bdbc980efd3f3020"	"src/amd/r300/vulkan/tests/r3v_advertised_surface_deqp_binding.py:73-80"	"nl -ba -- src/amd/r300/vulkan/tests/r3v_advertised_surface_deqp_binding.py | sed -n 73,80p"	""	"not-run"	"open"	"Derived format grants omit whether a feature bit belongs to the linear, optimal, or buffer field."	"Moving one bit between fields changes the derived identity and a field-migration fixture is rejected."
"work-r300-compute-verb-c-original-line-8-3ba8d99dcd64"	"repair-required"	"660f73b28743b3f032697ae7bdbc980efd3f3020"	"src/amd/r300/common/r300_compute_verb.c:3-8"	"nl -ba -- src/amd/r300/common/r300_compute_verb.c | sed -n 3,8p"	""	"not-run"	"open"	"The compute-ledger comment makes code-path claims without a reproducible symbol-discovery method."	"The comment names the exact source location and command that reaches the ledger consumers."
"work-r3v-native-plan-compose-shard-py-def-entry-count-tool-c557cafbe139"	"repair-required"	"660f73b28743b3f032697ae7bdbc980efd3f3020"	"src/amd/r300/vulkan/tests/r3v_native_plan_compose_shard.py:207-214"	"nl -ba -- src/amd/r300/vulkan/tests/r3v_native_plan_compose_shard.py | sed -n 207,214p"	""	"not-run"	"open"	"A newly refused case leaves any previously composed plan in the output directory."	"Composition requires a fresh destination or atomically removes and refuses stale per-case outputs."
"work-r3v-native-plan-compose-shard-py-def-sha256-file-path-9331d57f9284"	"repair-required"	"660f73b28743b3f032697ae7bdbc980efd3f3020"	"src/amd/r300/vulkan/tests/r3v_native_plan_compose_shard.py:110-121"	"nl -ba -- src/amd/r300/vulkan/tests/r3v_native_plan_compose_shard.py | sed -n 110,121p"	""	"not-run"	"open"	"The shard scan ignores interrupted staging files and accepts ordinals beyond the C producer's unsigned range."	"Staging residue without a completed member and ordinals above UINT_MAX are both refused."
"work-r3v-conformance-partition-tsv-order-slice-groups-hazard-required-evidenc-c3ade32f15e8"	"repair-required"	"660f73b28743b3f032697ae7bdbc980efd3f3020"	"src/amd/r300/vulkan/tests/r3v_conformance_partition.tsv:13-14"	"nl -ba -- src/amd/r300/vulkan/tests/r3v_conformance_partition.tsv | sed -n 13,14p"	""	"not-run"	"open"	"Submission-classified slices retain unclassified names, and query slices allow host-model evidence despite requiring silicon-backed conclusions."	"Slice names describe their mechanism and the evidence floor cannot promote a host-model run to a silicon-backed result."
"work-r3v-native-swapchain-absence-audit-py-original-line-32-300936af5b0e"	"repair-required"	"660f73b28743b3f032697ae7bdbc980efd3f3020"	"src/amd/r300/vulkan/tests/r3v_native_swapchain_absence_audit.py:24-35"	"nl -ba -- src/amd/r300/vulkan/tests/r3v_native_swapchain_absence_audit.py | sed -n 24,35p"	""	"not-run"	"open"	"The audit searches for an r3v-specific swapchain symbol and does not inspect the common WSI dispatch overlay that makes the route live."	"Adding wsi_device_entrypoints makes the absence audit fail even without an r3v_CreateSwapchainKHR symbol."
"work-r3v-wsi-registration-gate-audit-py-original-line-103-5149fc4d28ae"	"repair-required"	"660f73b28743b3f032697ae7bdbc980efd3f3020"	"src/amd/r300/vulkan/tests/r3v_wsi_registration_gate_audit.py:100-108"	"nl -ba -- src/amd/r300/vulkan/tests/r3v_wsi_registration_gate_audit.py | sed -n 100,108p"	""	"not-run"	"open"	"The registration audit checks guard tokens but not the required positive conjunction."	"OR and negated guard fixtures fail while the exact dependency conjunction passes."
"work-r3v-wsi-registration-gate-audit-py-original-line-110-7b5384ca653d"	"repair-required"	"660f73b28743b3f032697ae7bdbc980efd3f3020"	"src/amd/r300/vulkan/tests/r3v_wsi_registration_gate_audit.py:108-116"	"nl -ba -- src/amd/r300/vulkan/tests/r3v_wsi_registration_gate_audit.py | sed -n 108,116p"	""	"not-run"	"open"	"Only the first occurrence of each registration marker is inspected."	"Every duplicate marker must lie in the correct positive guard arm."
"work-r3v-wsi-registration-gate-audit-py-original-line-149-b786dd04e2af"	"repair-required"	"660f73b28743b3f032697ae7bdbc980efd3f3020"	"src/amd/r300/vulkan/tests/r3v_wsi_registration_gate_audit.py:145-154"	"nl -ba -- src/amd/r300/vulkan/tests/r3v_wsi_registration_gate_audit.py | sed -n 145,154p"	""	"not-run"	"open"	"The unconditional wrapper self-test is rejected only inside the recognized XCB/Xvfb guard, not other conditionals."	"Placing the wrapper test inside any if, elif, or else arm fails calibration."
"work-r3v-wsi-registration-gate-audit-py-original-line-91-25a86dd0e819"	"repair-required"	"660f73b28743b3f032697ae7bdbc980efd3f3020"	"src/amd/r300/vulkan/tests/r3v_wsi_registration_gate_audit.py:88-94"	"nl -ba -- src/amd/r300/vulkan/tests/r3v_wsi_registration_gate_audit.py | sed -n 88,94p"	""	"not-run"	"open"	"The block parser treats an entire if-through-endif range as the positive branch and ignores else or elif semantics."	"Registrations in negative or alternate arms are rejected by calibrated fixtures."
"work-r3v-wsi-init-comment-parity-audit-py-original-line-111-9993064f4b80"	"repair-required"	"660f73b28743b3f032697ae7bdbc980efd3f3020"	"src/amd/r300/vulkan/tests/r3v_wsi_init_comment_parity_audit.py:108-114"	"nl -ba -- src/amd/r300/vulkan/tests/r3v_wsi_init_comment_parity_audit.py | sed -n 108,114p"	""	"not-run"	"open"	"The parity audit silently skips a required site when its anchor is absent."	"Renaming or reformatting any required anchor produces an explicit failure."
"work-r3v-wsi-init-comment-parity-audit-py-original-line-117-4f503f728f3a"	"repair-required"	"660f73b28743b3f032697ae7bdbc980efd3f3020"	"src/amd/r300/vulkan/tests/r3v_wsi_init_comment_parity_audit.py:114-121"	"nl -ba -- src/amd/r300/vulkan/tests/r3v_wsi_init_comment_parity_audit.py | sed -n 114,121p"	""	"not-run"	"open"	"The audit checks only for the guard token and not the comment's asserted value or default semantics."	"An inverted R3V_WSI_SW description fails while the exact positive opt-in meaning passes."
"work-r3v-conformance-partition-py-def-slice-for-caselist-manifest-caselist-fe13771f9f25"	"repair-required"	"660f73b28743b3f032697ae7bdbc980efd3f3020"	"src/amd/r300/vulkan/tests/r3v_conformance_partition.py:384-396"	"nl -ba -- src/amd/r300/vulkan/tests/r3v_conformance_partition.py | sed -n 384,396p"	""	"not-run"	"open"	"Subset ownership removes matched cases before detecting the same case in a later shard."	"Every requested case is collected across all shards and exactly one owner is required."
"work-r3v-kernel-deployment-reconcile-py-original-line-123-8bc5de8920b6"	"repair-required"	"660f73b28743b3f032697ae7bdbc980efd3f3020"	"src/amd/r300/vulkan/tests/r3v_kernel_deployment_reconcile.py:120-127"	"nl -ba -- src/amd/r300/vulkan/tests/r3v_kernel_deployment_reconcile.py | sed -n 120,127p"	""	"not-run"	"open"	"Deployed pin failures without a row marker, including missing contract files, are silently excluded."	"Every deployed pin failure requires an explicit safe classification or refuses reconciliation."
"work-r3v-kernel-deployment-reconcile-py-original-line-144-1b74a1753ba8"	"repair-required"	"660f73b28743b3f032697ae7bdbc980efd3f3020"	"src/amd/r300/vulkan/tests/r3v_kernel_deployment_reconcile.py:141-148"	"nl -ba -- src/amd/r300/vulkan/tests/r3v_kernel_deployment_reconcile.py | sed -n 141,148p"	""	"not-run"	"open"	"Kernel paths outside the Radeon subtree and policy directory are automatically labeled unrelated."	"Every delta path is explicitly classified or admitted through a validated dependency-aware allowlist."
"work-r3v-kernel-deployment-reconcile-py-original-line-160-9313bacf33b1"	"repair-required"	"660f73b28743b3f032697ae7bdbc980efd3f3020"	"src/amd/r300/vulkan/tests/r3v_kernel_deployment_reconcile.py:157-162"	"nl -ba -- src/amd/r300/vulkan/tests/r3v_kernel_deployment_reconcile.py | sed -n 157,162p"	""	"not-run"	"open"	"A head pin failure is reported as deployment required even though deploying that head cannot satisfy the contract."	"Head contract failures produce a distinct refusal until the pin or head is reconciled."
"work-r3v-kernel-deployment-reconcile-py-original-line-172-90a721b08006"	"repair-required"	"660f73b28743b3f032697ae7bdbc980efd3f3020"	"src/amd/r300/vulkan/tests/r3v_kernel_deployment_reconcile.py:169-175"	"nl -ba -- src/amd/r300/vulkan/tests/r3v_kernel_deployment_reconcile.py | sed -n 169,175p"	""	"not-run"	"open"	"A custom pin input is sealed under the built-in pin filename without its digest or normalized rows."	"The result records the actual selected pin path and content identity."
"work-r3v-native-object-lifetime-test-c-check-empty-secondary-execution-9717b63e587c"	"repair-required"	"660f73b28743b3f032697ae7bdbc980efd3f3020"	"src/amd/r300/vulkan/tests/r3v_native_object_lifetime_test.c:839-846"	"nl -ba -- src/amd/r300/vulkan/tests/r3v_native_object_lifetime_test.c | sed -n 839,846p"	""	"not-run"	"open"	"The test frees an executed secondary before submitting the primary that references it."	"The secondary remains alive through queue idle and opposite valid cleanup orders release both owned allocations."
"work-r3v-native-transfer-c-execute-copy-struct-r3v-native-device-173a4d8cd8e0"	"repair-required"	"660f73b28743b3f032697ae7bdbc980efd3f3020"	"src/amd/r300/vulkan/r3v_native_transfer.c:172-176"	"nl -ba -- src/amd/r300/vulkan/r3v_native_transfer.c | sed -n 172,176p"	""	"not-run"	"open"	"The nearest-sampling coordinate rule cites only the generic specification rather than an exact public section."	"The comment names the Vulkan blit coordinate-transform and nearest-selection section."
"work-r3v-wsi-denominator-md-driver-s-own-entry-points-69ead151e01c"	"repair-required"	"660f73b28743b3f032697ae7bdbc980efd3f3020"	"docs/hardware/r3v-wsi-denominator.md:114-121"	"nl -ba -- docs/hardware/r3v-wsi-denominator.md | sed -n 114,121p"	""	"not-run"	"open"	"The document categorically attributes presentable-image refusal to usage vocabulary although supported mixed usage is admitted below the render ceiling."	"The boundary distinguishes the retained 512x512 extent refusal from supported extents and usage combinations."
"work-terakan-queue-c-terakan-queue-submit-struct-vk-queue-const-af7bd018215c"	"evidence-required"	"660f73b28743b3f032697ae7bdbc980efd3f3020"	"src/amd/terascale/vulkan/terakan_queue.c:905-912"	"nl -ba -- src/amd/terascale/vulkan/terakan_queue.c | sed -n 905,912p"	""	"not-run"	"open"	"The scratch-lifetime change has build and helper coverage but no repeated live carrier-submission result."	"A DRM or WDDM runtime suite executes repeated carrier submissions without lifetime failure."
"work-terakan-carrier-submit-scratch-test-c-original-line-83-283729988d3f"	"repair-required"	"660f73b28743b3f032697ae7bdbc980efd3f3020"	"src/amd/terascale/vulkan/tests/terakan_carrier_submit_scratch_test.c:80-87"	"nl -ba -- src/amd/terascale/vulkan/tests/terakan_carrier_submit_scratch_test.c | sed -n 80,87p"	""	"not-run"	"open"	"The scratch allocation call is inside assert and disappears in release builds."	"The helper executes under NDEBUG and an explicit check reports allocation failure without dereferencing null."
"work-terakan-nir-lower-bindings-c-terakan-nir-lower-bindings-nir-b82b42c4c466"	"repair-required"	"660f73b28743b3f032697ae7bdbc980efd3f3020"	"src/amd/terascale/vulkan/nir/terakan_nir_lower_bindings.c:120-127"	"nl -ba -- src/amd/terascale/vulkan/nir/terakan_nir_lower_bindings.c | sed -n 120,127p"	""	"not-run"	"open"	"Robustness metadata is disabled for every non-fragment, non-compute graphics stage even when that stage uses SSBO operations."	"Every SSBO-capable graphics stage receives a consistent metadata map and runtime upload."
"work-terakan-nir-lower-tg4-view-swizzle-c-terakan-nir-lower-e37bc04e2755"	"repair-required"	"660f73b28743b3f032697ae7bdbc980efd3f3020"	"src/amd/terascale/vulkan/nir/terakan_nir_lower_tg4_view_swizzle.c:141-148"	"nl -ba -- src/amd/terascale/vulkan/nir/terakan_nir_lower_tg4_view_swizzle.c | sed -n 141,148p"	""	"not-run"	"open"	"The lowered TG4 compact metadata index depends on pipeline layout but the shader cache identity omits that map."	"Two layouts producing different compact indexes cannot share cached lowered bytecode."
"work-terakan-robustness-metadata-c-terakan-robustness-metadata-apply-ba1e699f7470"	"repair-required"	"660f73b28743b3f032697ae7bdbc980efd3f3020"	"src/amd/terascale/vulkan/terakan_robustness_metadata.c:231-252"	"nl -ba -- src/amd/terascale/vulkan/terakan_robustness_metadata.c | sed -n 231,252p"	""	"not-run"	"open"	"Explicit compute binds can use the wrong stage line, and the shared fragment/compute physical slot retains a stale logical bound bit."	"Compute uses its stage-specific line and switching the shared physical slot invalidates the counterpart binding."
"work-action-frontier-tsv-original-line-1-799bf27c95d0"	"repair-required"	"660f73b28743b3f032697ae7bdbc980efd3f3020"	"build-infra/docs/review-thread-frontiers/merged-pr1-pr90/action-frontier.tsv:1"	"nl -ba -- build-infra/docs/review-thread-frontiers/merged-pr1-pr90/action-frontier.tsv | sed -n 1p"	""	"not-run"	"open"	"The archived frontier and ledger duplicate editable canonical files byte for byte."	"One canonical pair owns the facts and every secondary view is generated or linked from it."
"work-manifest-json-original-line-1-e5894eb6dd96"	"repair-required"	"660f73b28743b3f032697ae7bdbc980efd3f3020"	"build-infra/docs/review-thread-frontiers/merged-pr93-pr161/manifest.json:1-4"	"nl -ba -- build-infra/docs/review-thread-frontiers/merged-pr93-pr161/manifest.json | sed -n 1,4p"	""	"not-run"	"open"	"Durable retained directories still use pull-request ranges as their primary names."	"The directories use capture-mechanism names while PR ranges remain metadata inside the manifest."
"work-review-thread-batch-capture-py-original-line-192-ebc202e7be5f"	"repair-required"	"660f73b28743b3f032697ae7bdbc980efd3f3020"	"build-infra/scripts/review_thread_batch_capture.py:186-194"	"nl -ba -- build-infra/scripts/review_thread_batch_capture.py | sed -n 186,194p"	""	"not-run"	"open"	"String GraphQL variables are passed through gh -F and can be coerced to booleans, null, or integers."	"Integer-looking and reserved-word owner, repository, and cursor strings remain JSON strings."
"work-review-thread-batch-capture-py-original-line-682-f771ec650d3e"	"repair-required"	"660f73b28743b3f032697ae7bdbc980efd3f3020"	"build-infra/scripts/review_thread_batch_capture.py:674-686"	"nl -ba -- build-infra/scripts/review_thread_batch_capture.py | sed -n 674,686p"	""	"not-run"	"open"	"Capture completion rechecks only the default-branch OID and not selected thread resolution states."	"Resolving or otherwise changing a selected thread during pagination makes capture restart or fail."
"work-review-thread-batch-capture-py-original-line-834-e1f039b23418"	"repair-required"	"660f73b28743b3f032697ae7bdbc980efd3f3020"	"build-infra/scripts/review_thread_batch_capture.py:826-840"	"nl -ba -- build-infra/scripts/review_thread_batch_capture.py | sed -n 826,840p"	""	"not-run"	"open"	"Retained pull-request metadata is compared with raw evidence only by PR number."	"Title, URL, creation time, merge time, and other consumed scalar fields must match the raw response."
"work-review-thread-batch-capture-py-original-line-890-e89c9867260a"	"repair-required"	"660f73b28743b3f032697ae7bdbc980efd3f3020"	"build-infra/scripts/review_thread_batch_capture.py:882-894"	"nl -ba -- build-infra/scripts/review_thread_batch_capture.py | sed -n 882,894p"	""	"not-run"	"open"	"The checker accepts a retained page after a prior page declared pagination complete."	"Every page after the first requires hasNextPage on its predecessor and a calibrated extra-page fixture fails."
"work-meson-build-amd-terascale-formats-c-custom-target-2cb85e428d82"	"repair-required"	"660f73b28743b3f032697ae7bdbc980efd3f3020"	"src/amd/terascale/common/meson.build:44-50"	"nl -ba -- src/amd/terascale/common/meson.build | sed -n 44,50p"	""	"not-run"	"open"	"The registered test runs a pytest module as a plain Python script and executes none of its test functions."	"Meson invokes pytest or an explicit runner and all five assertions execute."
"work-gpuvis-trace-utils-h-static-int-exec-tracecmd-argv-const-7eb61e99c875"	"repair-required"	"660f73b28743b3f032697ae7bdbc980efd3f3020"	"src/util/perf/gpuvis_trace_utils.h:372-390"	"nl -ba -- src/util/perf/gpuvis_trace_utils.h | sed -n 372,390p"	""	"not-run"	"open"	"A detached worker log-open failure is not communicated to the parent, which still reports capture success."	"An unwritable log path makes the public background capture call fail before returning an output name."
"work-default-branch-graphql-original-line-2-91183b2abe1b"	"repair-required"	"660f73b28743b3f032697ae7bdbc980efd3f3020"	"build-infra/docs/review-thread-frontiers/merged-thread-frontier-after-QY6A8/default-branch.graphql:1-2"	"nl -ba -- build-infra/docs/review-thread-frontiers/merged-thread-frontier-after-QY6A8/default-branch.graphql | sed -n 1,2p"	""	"not-run"	"open"	"The four checked-in executable GraphQL query sources lack SPDX license grants."	"Every query source begins with the repository-approved SPDX grant and regenerated manifest hashes verify."
"work-rs482-producer-alu-compaction-design-md-fp24-carry-bo-round-faec709aa998"	"repair-required"	"660f73b28743b3f032697ae7bdbc980efd3f3020"	"docs/hardware/rs482-producer-alu-compaction-design.md:498-548"	"nl -ba -- docs/hardware/rs482-producer-alu-compaction-design.md | sed -n 498,548p"	""	"not-run"	"open"	"The companion contract contradicts corrected FP24 RTZ behavior, while MOV witness forwarding ignores the retained negative-source read law and its discriminator."	"Both documents share the corrected source-domain rule and negative or MOV witnesses require source-read-stability proof."
"work-driver-root-audit-py-original-line-125-391a5d24666f"	"repair-required"	"660f73b28743b3f032697ae7bdbc980efd3f3020"	"build-infra/scripts/driver_root_audit.py:118-130"	"nl -ba -- build-infra/scripts/driver_root_audit.py | sed -n 118,130p"	""	"not-run"	"open"	"The Meson AST traversal counts calls after subdir_done even though configuration stops evaluating that path."	"A subdir_done fixture before a required call makes the audit fail."
"work-driver-root-audit-py-original-line-33-ecb0a05e2a51"	"repair-required"	"660f73b28743b3f032697ae7bdbc980efd3f3020"	"build-infra/scripts/driver_root_audit.py:30-36"	"nl -ba -- build-infra/scripts/driver_root_audit.py | sed -n 30,36p"	""	"not-run"	"open"	"The audit imports Meson through the ambient Python rather than the environment owning the configured Meson executable."	"The audit resolves one declared Meson Python environment and rejects version or environment mismatch."
"work-driver-root-audit-py-original-line-332-02f627bc764a"	"repair-required"	"660f73b28743b3f032697ae7bdbc980efd3f3020"	"build-infra/scripts/driver_root_audit.py:329-334"	"nl -ba -- build-infra/scripts/driver_root_audit.py | sed -n 329,334p"	""	"not-run"	"open"	"RADV manifest validation accepts the suffix identifier without proving its canonical JSON value."	"A shadowed or non-JSON vulkan_manifest_suffix fails calibrated output validation."
"work-pkgbuild-source-pkgname-git-https-github-com-oichkatzelesfrettschen-mesa-9d9ada369fd1"	"repair-required"	"660f73b28743b3f032697ae7bdbc980efd3f3020"	"build-infra/packaging/mesa-gororoba/PKGBUILD:99-104"	"nl -ba -- build-infra/packaging/mesa-gororoba/PKGBUILD | sed -n 99,104p"	""	"not-run"	"open"	"The PKGBUILD declares e6cba798 for mesa-gororoba-env.sh while the committed file hashes to 33477b0a, and the debug profile has the same class of mismatch."	"makepkg source-integrity checks pass for both packaging profiles using regenerated checksum arrays."
"work-device-c-drm-shim-inherited-identity-locator-char-instance-33-c57e25e753d8"	"repair-required"	"660f73b28743b3f032697ae7bdbc980efd3f3020"	"src/drm-shim/device.c:920-927"	"nl -ba -- src/drm-shim/device.c | sed -n 920,927p"	""	"not-run"	"open"	"A changed-device child can inherit a parent action-open locator that classifies as an invalid state token and aborts initialization."	"A posix_spawn addopen child selecting another RADEON_GPU_ID initializes through an unrelated or newly selected locator."
"work-action-frontier-tsv-drm-shim-state-token-exec-locator-p2-cd4fb6779795"	"evidence-required"	"660f73b28743b3f032697ae7bdbc980efd3f3020"	"build-infra/docs/review-thread-classifications/merged-thread-frontier-after-WhUFS/action-frontier.tsv:18"	"nl -ba -- build-infra/docs/review-thread-classifications/merged-thread-frontier-after-WhUFS/action-frontier.tsv | sed -n 18p"	""	"not-run"	"open"	"The earlier view-index thread is recorded resolved even though its required allocation and upload count calibration was never executed."	"Repeated unchanged single-view draws show no new push-buffer allocation or KCACHE upload, and the result is retained."
"work-r300-tcl-bypass-triangle-c-r300-tcl-bypass-triangle-multi-6ad4bc2b3fe4"	"repair-required"	"660f73b28743b3f032697ae7bdbc980efd3f3020"	"src/amd/r300/common/r300_tcl_bypass_triangle.c:2277-2284"	"nl -ba -- src/amd/r300/common/r300_tcl_bypass_triangle.c | sed -n 2277,2284p"	""	"not-run"	"open"	"Varying passes forward only width and height while silently ignoring non-reference pitch, lanes, triangle count, and target offset."	"Every varying pass is validated against the documented reference-target shape before emission."
"work-terakan-softfp64-lifetime-contract-test-py-original-line-58-fec8187937aa"	"unassessed"	""	""	""	""	""	"open"	""	""
"work-r300-r2vb-c-bool-r300-r2vb-producer-interface-init-gated-849223324227"	"unassessed"	""	""	""	""	""	"open"	""	""
"work-r3v-native-loader-sweep-c-child-exit-status-int-body-aab625dc6025"	"unassessed"	""	""	""	""	""	"open"	""	""
"work-meson-build-if-get-option-r3v-native-backend-d69517bd1b58"	"unassessed"	""	""	""	""	""	"open"	""	""
"work-r3v-native-entrypoint-audit-py-def-populated-slot-1e39abd228f4"	"unassessed"	""	""	""	""	""	"open"	""	""
"work-r3v-native-cell-c-r3v-native-cmd-buffer-execute-deferred-558fd7da81a3"	"unassessed"	""	""	""	""	""	"open"	""	""
"work-r3v-native-cell-c-record-triangle-cell-tail-struct-r3v-c74bba439f15"	"unassessed"	""	""	""	""	""	"open"	""	""
"work-r3v-native-vertex-carrier-harness-c-main-void-f81d93989ed9"	"unassessed"	""	""	""	""	""	"open"	""	""
"work-r3v-native-arming-test-c-test-each-factor-refuses-void-71c4ce255bd6"	"unassessed"	""	""	""	""	""	"open"	""	""
"work-r3v-native-attended-cell-procedure-md-the-run-proceeds-only-c56b8e9956ab"	"unassessed"	""	""	""	""	""	"open"	""	""
"work-r300-r2vb-c-void-r300-emit-rs482-r2vb-compute-loop-8eb5af635ade"	"unassessed"	""	""	""	""	""	"open"	""	""
"work-r3v-source-header-audit-py-original-line-43-a0f216c648c1"	"unassessed"	""	""	""	""	""	"open"	""	""
"work-r300-r2vb-producer-manifest-c-main-int-argc-char-argv-5d7a41403dd9"	"unassessed"	""	""	""	""	""	"open"	""	""
"work-r300-r2vb-producer-pass-c-int-3d9d833517b2"	"unassessed"	""	""	""	""	""	"open"	""	""
"work-r3v-native-attended-producer-procedure-md-original-line-38-592b332c4c53"	"unassessed"	""	""	""	""	""	"open"	""	""
"work-r3v-native-attended-producer-procedure-md-original-line-53-ee6f9ff6087b"	"unassessed"	""	""	""	""	""	"open"	""	""
"work-r3v-native-attended-producer-procedure-md-original-line-56-9913e54a1b70"	"unassessed"	""	""	""	""	""	"open"	""	""
"work-r3v-native-attended-producer-procedure-md-original-line-67-9ceedfd0aab8"	"unassessed"	""	""	""	""	""	"open"	""	""
"work-r3v-native-attended-producer-c-original-line-2-322788f83112"	"unassessed"	""	""	""	""	""	"open"	""	""
"work-r3v-native-attended-producer-c-original-line-324-d7af9151b924"	"unassessed"	""	""	""	""	""	"open"	""	""
"work-r3v-native-attended-producer-c-original-line-365-138a10357fc1"	"unassessed"	""	""	""	""	""	"open"	""	""
"work-r3v-native-cell-c-r3v-native-record-direct-write-vkcommandbuffer-a4f0332c89b9"	"unassessed"	""	""	""	""	""	"open"	""	""
"work-radeon-noop-drm-shim-c-test-fd-identity-fallback-int-e13ba3089bd0"	"unassessed"	""	""	""	""	""	"open"	""	""
"work-meson-build-if-with-tests-and-cc-get-define-cc12c9010c0c"	"unassessed"	""	""	""	""	""	"open"	""	""
"work-drm-shim-c-copy-open-how-argument-const-struct-open-0ef18f8ff812"	"unassessed"	""	""	""	""	""	"open"	""	""
"work-drm-shim-c-direct-synthetic-path-map-at-int-dirfd-4849143fceb5"	"unassessed"	""	""	""	""	""	"open"	""	""
"work-drm-shim-c-external-synthetic-transition-at-alloc-int-dirfd-8965b43e7535"	"unassessed"	""	""	""	""	""	"open"	""	""
"work-r3v-native-producer-arming-runner-c-original-line-2-783a9535fddd"	"unassessed"	""	""	""	""	""	"open"	""	""
"work-r3v-native-producer-arming-runner-c-original-line-28-6f1c1632a879"	"unassessed"	""	""	""	""	""	"open"	""	""
"work-r3v-native-producer-arming-runner-c-original-line-82-a9d6eeeed803"	"unassessed"	""	""	""	""	""	"open"	""	""
"work-r3v-native-producer-arming-runner-check-py-original-line-38-bd421692ef25"	"unassessed"	""	""	""	""	""	"open"	""	""
"work-r3v-native-attended-producer-procedure-md-carrier-expected-extent-compar-3d67ef27ff9b"	"unassessed"	""	""	""	""	""	"open"	""	""
"work-r3v-native-cell-c-r3v-native-producer-cell-install-struct-845eaa0bae88"	"unassessed"	""	""	""	""	""	"open"	""	""
"work-meson-build-test-a354f458a42e"	"unassessed"	""	""	""	""	""	"open"	""	""
"work-r3v-native-attended-producer-procedure-md-tail-disturbed-0-slot-323ffa4a129d"	"unassessed"	""	""	""	""	""	"open"	""	""
"work-r300-r2vb-producer-pass-c-r300-r2vb-producer-fp24-sweep-4da87facc12f"	"unassessed"	""	""	""	""	""	"open"	""	""
"work-r300-r2vb-float2-tuple-pass-c-original-line-1-bee14b100205"	"unassessed"	""	""	""	""	""	"open"	""	""
"work-r300-r2vb-float2-tuple-pass-c-original-line-323-468f7ae24050"	"unassessed"	""	""	""	""	""	"open"	""	""
"work-r3v-native-attended-float2-tuple-procedure-md-original-line-25-85f30a8c16f8"	"unassessed"	""	""	""	""	""	"open"	""	""
"work-r300-r2vb-reingest-compose-parity-test-c-original-line-109-a8e7ea9893ff"	"unassessed"	""	""	""	""	""	"open"	""	""
"work-r3v-native-status-load-machine-c-original-line-219-e4798369535b"	"unassessed"	""	""	""	""	""	"open"	""	""
"work-r3v-native-status-load-machine-c-original-line-24-2cdddcdbd68b"	"unassessed"	""	""	""	""	""	"open"	""	""
"work-r3v-native-status-load-machine-c-original-line-253-9a501207c2af"	"unassessed"	""	""	""	""	""	"open"	""	""
"work-r3v-native-status-load-machine-c-original-line-92-4881287da589"	"unassessed"	""	""	""	""	""	"open"	""	""
"work-r3v-native-status-load-machine-test-c-original-line-368-e6de72baa5db"	"unassessed"	""	""	""	""	""	"open"	""	""
"work-r300-screen-c-static-void-r300-query-memory-info-struct-c8fd947a65f3"	"unassessed"	""	""	""	""	""	"open"	""	""
"work-r3v-native-attended-status-load-float2-tuple-c-original-line-c7a0c9cb6543"	"unassessed"	""	""	""	""	""	"open"	""	""
"work-r3v-native-attended-status-load-float2-tuple-c-original-line-df8de5c5816b"	"unassessed"	""	""	""	""	""	"open"	""	""
"work-r3v-native-attended-status-load-float2-tuple-c-original-line-f54e01d99599"	"unassessed"	""	""	""	""	""	"open"	""	""
"work-r3v-native-queue-c-r3v-native-queue-submit-struct-vk-606161d6cc8c"	"unassessed"	""	""	""	""	""	"open"	""	""
"work-r3v-native-attended-status-load-float2-tuple-c-main-int-fb54988b9c3c"	"unassessed"	""	""	""	""	""	"open"	""	""
"work-r3v-native-attended-status-load-float2-tuple-c-op-submit-ab0e3d2c2bb8"	"unassessed"	""	""	""	""	""	"open"	""	""
"work-r3v-native-attended-status-load-float2-tuple-c-sampler-pump-2feaeee9dae6"	"unassessed"	""	""	""	""	""	"open"	""	""
"work-r300-cpu-vertex-job-c-original-line-129-b538663f8fb5"	"unassessed"	""	""	""	""	""	"open"	""	""
"work-r300-cpu-vertex-job-c-original-line-179-04739a373024"	"unassessed"	""	""	""	""	""	"open"	""	""
"work-r300-cpu-vertex-job-c-original-line-21-3526a313bbf5"	"unassessed"	""	""	""	""	""	"open"	""	""
"work-r300-vertex-job-nir-h-original-line-19-07943736b651"	"unassessed"	""	""	""	""	""	"open"	""	""
"work-r300-vertex-job-nir-c-original-line-203-e67db47e2dc1"	"unassessed"	""	""	""	""	""	"open"	""	""
"work-r300-cpu-vertex-job-c-int-r300-cpu-vertex-job-0740e4669a9f"	"unassessed"	""	""	""	""	""	"open"	""	""
"work-r3v-native-burst-cell-harness-c-main-void-4d21aa527654"	"unassessed"	""	""	""	""	""	"open"	""	""
"work-r3v-physical-device-c-original-line-30-3678a66b20b4"	"unassessed"	""	""	""	""	""	"open"	""	""
"work-r3v-native-separation-audit-py-original-line-150-d4ef891140af"	"unassessed"	""	""	""	""	""	"open"	""	""
"work-r3v-native-separation-audit-py-original-line-180-0030b932fdbd"	"unassessed"	""	""	""	""	""	"open"	""	""
"work-r3v-native-separation-audit-py-original-line-72-99117368a48a"	"unassessed"	""	""	""	""	""	"open"	""	""
"work-r3v-implementation-boundaries-md-r2vb-migration-follows-the-fixed-triang-7784fa8affab"	"unassessed"	""	""	""	""	""	"open"	""	""
"work-r3v-native-attended-public-gpu-producer-c-original-line-660-8f50a3dc25da"	"unassessed"	""	""	""	""	""	"open"	""	""
"work-r3v-native-attended-public-gpu-producer-c-original-line-706-04c4fad575d9"	"unassessed"	""	""	""	""	""	"open"	""	""
"work-r3v-native-cell-c-r3v-native-deferred-draw-admit-gpu-6dd3e8545a1b"	"unassessed"	""	""	""	""	""	"open"	""	""
"work-r3v-native-attended-public-gpu-producer-c-main-int-argc-912f341d9dd8"	"unassessed"	""	""	""	""	""	"open"	""	""
"work-claude-md-original-line-7-fcdb94b0b1ef"	"unassessed"	""	""	""	""	""	"open"	""	""
"work-pkgbuild-build-b8fcb98748bd"	"unassessed"	""	""	""	""	""	"open"	""	""
"work-rs482-stack-manifest-schema-json-original-line-33-6a316625e39d"	"unassessed"	""	""	""	""	""	"open"	""	""
"work-r3v-native-object-c-r3v-native-validate-mapped-ranges-struct-fb8313134b68"	"unassessed"	""	""	""	""	""	"open"	""	""
"work-meson-build-if-with-tests-0d619494ec18"	"unassessed"	""	""	""	""	""	"open"	""	""
"work-r300-cpu-vertex-job-bench-c-original-line-488-ae49204e157d"	"unassessed"	""	""	""	""	""	"open"	""	""
"work-r3v-native-public-surface-harness-c-main-void-9ef80fd09665"	"unassessed"	""	""	""	""	""	"open"	""	""
"work-r300-cpu-vertex-job-c-static-uint32-t-float-result-20a5f2f9a401"	"unassessed"	""	""	""	""	""	"open"	""	""
"work-r3v-native-attended-route-dispatch-timing-c-original-line-713-530ee31cd823"	"unassessed"	""	""	""	""	""	"open"	""	""
"work-r3v-native-attended-route-dispatch-timing-c-original-line-774-9c134032c702"	"unassessed"	""	""	""	""	""	"open"	""	""
"work-pkgbuild-link-into-usr-05754d71c4ad"	"unassessed"	""	""	""	""	""	"open"	""	""
"work-r3v-native-attended-route-dispatch-timing-c-main-int-argc-a96b4aadbee5"	"unassessed"	""	""	""	""	""	"open"	""	""
"work-r3v-qualification-inventory-py-def-evaluate-registered-set-str-options-3f7d4c7e2fb6"	"unassessed"	""	""	""	""	""	"open"	""	""
"work-pkgbuild-check-9c1cc6d665fe"	"unassessed"	""	""	""	""	""	"open"	""	""
"work-rs482-native-delivery-route-admission-and-oracle-model-md-original-9c6fce4e46a2"	"unassessed"	""	""	""	""	""	"open"	""	""
"work-rs482-native-delivery-route-admission-and-oracle-model-md-original-f7fda9046382"	"unassessed"	""	""	""	""	""	"open"	""	""
"work-rs482-native-delivery-route-admission-and-oracle-model-md-make-6339d9ba4cbf"	"unassessed"	""	""	""	""	""	"open"	""	""
"work-r3v-implementation-boundaries-md-exit-status-0c0ea6485e2f"	"unassessed"	""	""	""	""	""	"open"	""	""
"work-r3v-native-cell-c-r3v-native-deferred-draw-verify-gpu-399e0b9192ec"	"unassessed"	""	""	""	""	""	"open"	""	""
"work-r3v-implementation-boundaries-md-symbol-aa6b666dbb62"	"unassessed"	""	""	""	""	""	"open"	""	""
"work-r3v-native-compute-c-original-line-429-3ab72980ee73"	"unassessed"	""	""	""	""	""	"open"	""	""
"work-r3v-native-compute-c-original-line-503-ed6b565eff37"	"unassessed"	""	""	""	""	""	"open"	""	""
"work-r3v-native-compute-c-original-line-172-ddf5f8614090"	"unassessed"	""	""	""	""	""	"open"	""	""
"work-r3v-native-compute-c-original-line-188-dbd566cd59dd"	"unassessed"	""	""	""	""	""	"open"	""	""
"work-r3v-qualification-inventory-py-original-line-138-3c76e5fafff2"	"unassessed"	""	""	""	""	""	"open"	""	""
"work-r3v-physical-device-c-r3v-physical-device-init-features-struct-bd2d88b13b70"	"unassessed"	""	""	""	""	""	"open"	""	""
"work-r3v-physical-device-c-r3v-hybrid-compute-enabled-void-9458755a9117"	"unassessed"	""	""	""	""	""	"open"	""	""
"work-r300-common-boundary-audit-py-original-line-28-c66244332c63"	"unassessed"	""	""	""	""	""	"open"	""	""
"work-r300-common-boundary-audit-py-original-line-67-71807bec458c"	"unassessed"	""	""	""	""	""	"open"	""	""
"work-readme-md-original-line-8-0f7910eed4ac"	"unassessed"	""	""	""	""	""	"open"	""	""
"work-r300-common-consumer-census-py-original-line-119-3d25326bbd82"	"unassessed"	""	""	""	""	""	"open"	""	""
"work-meson-build-if-with-tests-0d695476f279"	"unassessed"	""	""	""	""	""	"open"	""	""
"work-readme-md-in-particular-ca665b7b1344"	"unassessed"	""	""	""	""	""	"open"	""	""
"work-r3v-native-descriptor-test-c-original-line-268-60abce9b7060"	"unassessed"	""	""	""	""	""	"open"	""	""
"work-r3v-native-descriptor-test-c-original-line-356-959cc9e3f3d8"	"unassessed"	""	""	""	""	""	"open"	""	""
"work-r3v-native-descriptor-test-c-original-line-375-3161df917648"	"unassessed"	""	""	""	""	""	"open"	""	""
"work-r3v-native-descriptor-test-c-original-line-513-5d430b95f01e"	"unassessed"	""	""	""	""	""	"open"	""	""
"work-r3v-native-descriptor-test-c-original-line-8-6b039b02d892"	"unassessed"	""	""	""	""	""	"open"	""	""
"work-meson-build-if-with-tests-71b7dca6bbb7"	"unassessed"	""	""	""	""	""	"open"	""	""
"work-r300-vertex-front-end-parity-manifest-original-line-1-697a7b4c2e43"	"unassessed"	""	""	""	""	""	"open"	""	""
"work-r300-vertex-front-end-parity-test-c-static-void-test-72006ada2107"	"unassessed"	""	""	""	""	""	"open"	""	""
"work-readme-md-rs480-family-integrated-graphics-processors-33f187f923d6"	"unassessed"	""	""	""	""	""	"open"	""	""
"work-r3v-qualification-inventory-py-original-line-206-f8a335e9bde5"	"unassessed"	""	""	""	""	""	"open"	""	""
"work-r3v-physical-device-c-r3v-physical-device-init-properties-struct-087d6f8518c2"	"unassessed"	""	""	""	""	""	"open"	""	""
"work-makefile-artifact-check-source-root-check-vostro-prefix-check-7f7d1809db78"	"unassessed"	""	""	""	""	""	"open"	""	""
"work-r3v-rename-ratchet-py-original-line-122-4879ede8fa40"	"unassessed"	""	""	""	""	""	"open"	""	""
"work-r3v-rename-ratchet-py-original-line-71-bdd5f6f80b13"	"unassessed"	""	""	""	""	""	"open"	""	""
"work-r3v-rename-ratchet-py-original-line-118-a64276270e43"	"unassessed"	""	""	""	""	""	"open"	""	""
"work-r3v-rename-ratchet-py-original-line-38-c4f30cf20c32"	"unassessed"	""	""	""	""	""	"open"	""	""
"work-r3v-rename-ratchet-py-original-line-88-12c30eebeffb"	"unassessed"	""	""	""	""	""	"open"	""	""
"work-r3v-rename-ratchet-py-original-line-66-e836827155a4"	"unassessed"	""	""	""	""	""	"open"	""	""
"work-r3v-rename-allowlist-txt-original-line-14-40a92d3cde2c"	"unassessed"	""	""	""	""	""	"open"	""	""
"work-driver-root-audit-py-original-line-35-d582aea61d41"	"unassessed"	""	""	""	""	""	"open"	""	""
"work-pkgbuild-install-pkgname-install-d2078529a9e0"	"unassessed"	""	""	""	""	""	"open"	""	""
"work-readme-md-gallium-draw-software-tcl-because-mesa-classifies-the-d11e6446f556"	"unassessed"	""	""	""	""	""	"open"	""	""
"work-r3v-implementation-boundaries-md-and-drm-shim-evidence-rather-than-0f646a640c77"	"unassessed"	""	""	""	""	""	"open"	""	""
"work-r3v-implementation-boundaries-md-native-initializer-fc6b69c1932e"	"unassessed"	""	""	""	""	""	"open"	""	""
"work-r3v-implementation-boundaries-md-owned-bo-under-an-explicit-unsnooped-2732e4c47964"	"unassessed"	""	""	""	""	""	"open"	""	""
"work-r3v-implementation-boundaries-md-rg-n-fixed-strings-e-r3v-83347987e20b"	"unassessed"	""	""	""	""	""	"open"	""	""
"work-r3v-physical-device-c-r3v-get-image-format-properties-3dc19611b8c7"	"unassessed"	""	""	""	""	""	"open"	""	""
"work-r3v-native-submit-order-harness-c-original-line-229-be77caafb553"	"unassessed"	""	""	""	""	""	"open"	""	""
"work-r3v-native-submit-order-harness-c-original-line-236-d596cce2f069"	"unassessed"	""	""	""	""	""	"open"	""	""
"work-r3v-native-submit-order-harness-c-original-line-727-abaa3d9a6943"	"unassessed"	""	""	""	""	""	"open"	""	""
"work-r3v-native-route-timing-digest-test-c-main-void-34efd76d8d3c"	"unassessed"	""	""	""	""	""	"open"	""	""
"work-r3v-native-submit-order-harness-c-run-arm-enum-arm-e2b8586c7be2"	"unassessed"	""	""	""	""	""	"open"	""	""
"work-r3v-native-attended-fetched-gpu-producer-procedure-md-original-line-d14af10c5b7a"	"unassessed"	""	""	""	""	""	"open"	""	""
"work-r3v-native-cell-c-admit-fetched-producer-struct-r3v-native-0049d6bdab02"	"unassessed"	""	""	""	""	""	"open"	""	""
"work-rs482-native-delivery-route-admission-and-oracle-model-md-format-8e166018fb84"	"unassessed"	""	""	""	""	""	"open"	""	""
"work-r3v-native-route-timing-digest-test-c-main-int-argc-d160cbadb9e4"	"unassessed"	""	""	""	""	""	"open"	""	""
"work-r300-tcl-bypass-triangle-c-original-line-35-47d27cd7183b"	"unassessed"	""	""	""	""	""	"open"	""	""
"work-r3v-native-draw-c-r3v-cmddraw-vkcommandbuffer-commandbuffer-uint32-t-3b03554923a2"	"unassessed"	""	""	""	""	""	"open"	""	""
"work-r300-triangle-manifest-c-main-int-argc-char-argv-f7cd5813dd0c"	"unassessed"	""	""	""	""	""	"open"	""	""
"work-r3v-native-queue-c-enum-r3v-native-observed-route-bac9b09ccbb5"	"unassessed"	""	""	""	""	""	"open"	""	""
"work-r3v-qualification-inventory-py-original-line-115-b7998f1a8b6c"	"unassessed"	""	""	""	""	""	"open"	""	""
"work-r3v-native-compute-c-r3v-native-cmd-buffer-execute-deferred-c0ced8e843f8"	"unassessed"	""	""	""	""	""	"open"	""	""
"work-r3v-native-arming-runner-c-main-int-argc-char-argv-c11be7853cf4"	"unassessed"	""	""	""	""	""	"open"	""	""
"work-r3v-implementation-boundaries-md-reference-pass-offline-kernel-parser-re-c3000375a3dc"	"unassessed"	""	""	""	""	""	"open"	""	""
"work-r300-compute-verb-c-r300-compute-verb-rows-valid-const-fb88b09d2bae"	"unassessed"	""	""	""	""	""	"open"	""	""
"work-r300-compute-verb-h-enum-r300-compute-verb-2d9ca2088e13"	"unassessed"	""	""	""	""	""	"open"	""	""
"work-agents-md-emitting-after-issuing-the-prefetch-the-one-wait-8af6c430f1a2"	"unassessed"	""	""	""	""	""	"open"	""	""
"work-agents-md-source-comments-name-durable-mechanisms-exact-chip-isa-d2c3912f060e"	"unassessed"	""	""	""	""	""	"open"	""	""
"work-r3v-native-transfer-ops-test-c-original-line-169-8a9f3e2f621e"	"unassessed"	""	""	""	""	""	"open"	""	""
"work-r3v-native-transfer-ops-test-c-original-line-344-9f612a985544"	"unassessed"	""	""	""	""	""	"open"	""	""
"work-r3v-native-recording-c-r3v-cmdbeginquery-f57553b30383"	"unassessed"	""	""	""	""	""	"open"	""	""
"work-r3v-native-recording-c-r3v-cmdfillbuffer-00c7cf77fb22"	"unassessed"	""	""	""	""	""	"open"	""	""
"work-r3v-native-descriptor-test-c-check-update-poison-const-struct-de0168abcf31"	"unassessed"	""	""	""	""	""	"open"	""	""
"work-r3v-native-compute-c-r3v-cmdbinddescriptorsets-vkcommandbuffer-commandbu-c29168f34ac1"	"unassessed"	""	""	""	""	""	"open"	""	""
"work-r3v-native-compute-c-r3v-cmddispatch-vkcommandbuffer-commandbuffer-uint3-ab9e110639fe"	"unassessed"	""	""	""	""	""	"open"	""	""
"work-r3v-native-compute-c-r3v-updatedescriptorsets-vkdevice-device-uint32-t-08f2e8c91222"	"unassessed"	""	""	""	""	""	"open"	""	""
"work-r3v-native-h-struct-r3v-native-vertex-stream-desc-48564f5af6d1"	"unassessed"	""	""	""	""	""	"open"	""	""
"work-r3v-native-pipeline-c-fixed-state-matches-cell-const-vkgraphicspipelinec-e421fcd80050"	"unassessed"	""	""	""	""	""	"open"	""	""
"work-r3v-private-h-extern-c-63a21abce17b"	"unassessed"	""	""	""	""	""	"open"	""	""
"work-r3v-native-recording-c-r3v-native-copy-buffer-range-ok-218308edec53"	"unassessed"	""	""	""	""	""	"open"	""	""
"work-r3v-native-recording-c-r3v-cmdresetevent-b71a8165ef41"	"unassessed"	""	""	""	""	""	"open"	""	""
"work-r3v-native-object-c-r3v-resetevent-vkdevice-device-vkevent-event-010649ed9072"	"unassessed"	""	""	""	""	""	"open"	""	""
"work-r3v-native-object-lifetime-test-c-check-sampler-use-fail-988552c6abb0"	"unassessed"	""	""	""	""	""	"open"	""	""
"work-r3v-native-recording-c-r3v-cmdendquery-290ec3676967"	"unassessed"	""	""	""	""	""	"open"	""	""
"work-r3v-native-object-lifetime-test-c-check-query-zero-span-2e2a1a740763"	"unassessed"	""	""	""	""	""	"open"	""	""
"work-r3v-native-object-lifetime-test-c-check-host-events-const-3759cddb8cfb"	"unassessed"	""	""	""	""	""	"open"	""	""
"work-r3v-native-h-struct-r3v-native-query-pool-0d4140e72d67"	"unassessed"	""	""	""	""	""	"open"	""	""
"work-r3v-physical-device-c-r3v-physical-device-init-limits-struct-45aed731754b"	"unassessed"	""	""	""	""	""	"open"	""	""
"work-meson-build-if-with-tests-and-with-tools-contains-drm-1eebd483b0f6"	"unassessed"	""	""	""	""	""	"open"	""	""
"work-r3v-advertised-surface-deqp-binding-tsv-original-line-8-9b9190c10f30"	"unassessed"	""	""	""	""	""	"open"	""	""
"work-r3v-native-object-lifetime-test-c-check-buffer-binding-const-414936dceb58"	"unassessed"	""	""	""	""	""	"open"	""	""
"work-r3v-native-compute-c-r3v-createdescriptorsetlayout-vkdevice-device-f637baf936e2"	"unassessed"	""	""	""	""	""	"open"	""	""
"work-r3v-native-recording-c-r3v-cmdclearcolorimage-64444ff4dc3d"	"unassessed"	""	""	""	""	""	"open"	""	""
"work-r3v-conformance-runner-py-original-line-233-89aeb9bc6035"	"unassessed"	""	""	""	""	""	"open"	""	""
"work-r3v-conformance-runner-py-original-line-312-ed542a491718"	"unassessed"	""	""	""	""	""	"open"	""	""
"work-r3v-conformance-runner-py-original-line-389-986d8425236a"	"unassessed"	""	""	""	""	""	"open"	""	""
"work-r3v-conformance-runner-py-original-line-435-f7fbe186c089"	"unassessed"	""	""	""	""	""	"open"	""	""
"work-r3v-conformance-runner-py-original-line-480-db9770ec16d2"	"unassessed"	""	""	""	""	""	"open"	""	""
"work-r3v-conformance-runner-py-original-line-257-dfe379ae9ad8"	"unassessed"	""	""	""	""	""	"open"	""	""
"work-r3v-conformance-runner-py-original-line-292-7b84d11cd052"	"unassessed"	""	""	""	""	""	"open"	""	""
"work-r3v-conformance-runner-py-original-line-541-2012bc3e8353"	"unassessed"	""	""	""	""	""	"open"	""	""
"work-r3v-conformance-runner-py-original-line-71-fd38879168a2"	"unassessed"	""	""	""	""	""	"open"	""	""
"work-r3v-conformance-runner-py-class-runnerrefusal-exception-2f5da6707149"	"unassessed"	""	""	""	""	""	"open"	""	""
"work-r3v-conformance-nonpass-ledger-tsv-original-line-2-eb6786ee734c"	"unassessed"	""	""	""	""	""	"open"	""	""
"work-r3v-physical-device-c-r3v-getphysicaldevicequeuefamilyproperties2-vkphys-19ae2db7502b"	"unassessed"	""	""	""	""	""	"open"	""	""
"work-r300-compute-verb-c-static-const-struct-r300-compute-verb-e298b05a31e3"	"unassessed"	""	""	""	""	""	"open"	""	""
"work-r3v-conformance-partition-py-original-line-216-0809d4e66236"	"unassessed"	""	""	""	""	""	"open"	""	""
"work-r3v-conformance-partition-py-original-line-255-2d1db908f12d"	"unassessed"	""	""	""	""	""	"open"	""	""
"work-r3v-conformance-partition-py-original-line-275-68a4353107c2"	"unassessed"	""	""	""	""	""	"open"	""	""
"work-r3v-conformance-partition-py-original-line-291-37b2735fbe75"	"unassessed"	""	""	""	""	""	"open"	""	""
"work-r3v-conformance-partition-py-original-line-245-a2f69a5dda2b"	"unassessed"	""	""	""	""	""	"open"	""	""
"work-r3v-conformance-runner-py-def-execute-args-9396c0cd229d"	"unassessed"	""	""	""	""	""	"open"	""	""
"work-r3v-conformance-runner-py-def-seal-receipt-e4e20bebf64e"	"unassessed"	""	""	""	""	""	"open"	""	""
"work-readme-md-hazard-is-assigned-from-the-cts-sources-a-d9bc20366441"	"unassessed"	""	""	""	""	""	"open"	""	""
"work-r3v-native-plan-c-original-line-220-0649dd453d54"	"unassessed"	""	""	""	""	""	"open"	""	""
"work-r3v-native-plan-c-original-line-287-b2bdf50b42c4"	"unassessed"	""	""	""	""	""	"open"	""	""
"work-r3v-native-plan-c-original-line-431-4f0b80b4d69f"	"unassessed"	""	""	""	""	""	"open"	""	""
"work-r3v-native-plan-c-original-line-648-18f45218d96c"	"unassessed"	""	""	""	""	""	"open"	""	""
"work-r3v-native-plan-c-original-line-768-aa07e5b0c2af"	"unassessed"	""	""	""	""	""	"open"	""	""
"work-r3v-native-plan-c-original-line-645-2f165e1c6db7"	"unassessed"	""	""	""	""	""	"open"	""	""
"work-r3v-native-plan-c-original-line-798-94ac79451ec6"	"unassessed"	""	""	""	""	""	"open"	""	""
"work-r3v-native-plan-c-original-line-724-94f47181c2dd"	"unassessed"	""	""	""	""	""	"open"	""	""
"work-r3v-native-plan-c-original-line-869-afb1b60350bc"	"unassessed"	""	""	""	""	""	"open"	""	""
"work-r3v-native-plan-c-original-line-889-d8dc75faa956"	"unassessed"	""	""	""	""	""	"open"	""	""
"work-meson-build-r3v-native-files-files-ddc0c86c5189"	"unassessed"	""	""	""	""	""	"open"	""	""
"work-r3v-native-plan-c-original-line-308-47b1f8227465"	"unassessed"	""	""	""	""	""	"open"	""	""
"work-r3v-native-plan-c-original-line-590-5952f7e1a4a1"	"unassessed"	""	""	""	""	""	"open"	""	""
"work-r3v-native-plan-capture-c-original-line-204-9ee85ce5ffdf"	"unassessed"	""	""	""	""	""	"open"	""	""
"work-r3v-native-plan-capture-c-original-line-214-fff6accafec8"	"unassessed"	""	""	""	""	""	"open"	""	""
"work-r3v-native-plan-capture-c-original-line-122-9c894559b7c5"	"unassessed"	""	""	""	""	""	"open"	""	""
"work-r3v-native-plan-capture-c-original-line-277-326fa3d6036c"	"unassessed"	""	""	""	""	""	"open"	""	""
"work-r3v-native-plan-capture-c-original-line-57-967f09bcf8f6"	"unassessed"	""	""	""	""	""	"open"	""	""
"work-r3v-native-plan-capture-c-original-line-100-811188037f75"	"unassessed"	""	""	""	""	""	"open"	""	""
"work-r3v-native-plan-capture-c-original-line-53-360eccac05d3"	"unassessed"	""	""	""	""	""	"open"	""	""
"work-r3v-native-plan-capture-c-original-line-30-7cdeb8742e88"	"unassessed"	""	""	""	""	""	"open"	""	""
"work-r3v-native-plan-capture-c-original-line-55-0073ba97075a"	"unassessed"	""	""	""	""	""	"open"	""	""
"work-r3v-conformance-runner-py-def-selftest-fixture-qpa-b5b9f885426e"	"unassessed"	""	""	""	""	""	"open"	""	""
"work-r3v-conformance-runner-py-original-line-78-36dc564ad672"	"unassessed"	""	""	""	""	""	"open"	""	""
"work-r3v-conformance-runner-py-def-host-identity-d85b49352e99"	"unassessed"	""	""	""	""	""	"open"	""	""
"work-r3v-conformance-runner-py-def-read-caselist-path-52440271595e"	"unassessed"	""	""	""	""	""	"open"	""	""
"work-r3v-native-device-c-r3v-createdevice-vkphysicaldevice-physicaldevice-61cd5ee7eac7"	"unassessed"	""	""	""	""	""	"open"	""	""
"work-r3v-physical-device-c-r3v-get-format-properties-const-struct-9f2e5eccc034"	"unassessed"	""	""	""	""	""	"open"	""	""
"work-r3v-host-model-fail-decomposition-md-original-line-112-d51947035e19"	"unassessed"	""	""	""	""	""	"open"	""	""
"work-r3v-host-model-fail-decomposition-md-original-line-115-29f277b9a1e0"	"unassessed"	""	""	""	""	""	"open"	""	""
"work-r3v-host-model-fail-decomposition-md-original-line-120-56b3447c1c07"	"unassessed"	""	""	""	""	""	"open"	""	""
"work-r3v-host-model-fail-decomposition-md-original-line-143-3b95da54c56d"	"unassessed"	""	""	""	""	""	"open"	""	""
"work-r3v-host-model-fail-decomposition-md-original-line-36-38f5e2919d65"	"unassessed"	""	""	""	""	""	"open"	""	""
"work-r3v-host-model-fail-decomposition-md-original-line-136-b5478e38a1d5"	"unassessed"	""	""	""	""	""	"open"	""	""
"work-r3v-host-model-fail-decomposition-md-original-line-6-7e8c1ae5769c"	"unassessed"	""	""	""	""	""	"open"	""	""
"work-r3v-host-model-fail-decomposition-md-original-line-68-57e4a7d2d814"	"unassessed"	""	""	""	""	""	"open"	""	""
"work-r3v-host-model-fail-decomposition-md-original-line-110-df794fa7aea7"	"unassessed"	""	""	""	""	""	"open"	""	""
"work-r3v-host-model-fail-decomposition-md-original-line-113-1cf10e0e8580"	"unassessed"	""	""	""	""	""	"open"	""	""
"work-r3v-host-model-fail-decomposition-md-original-line-59-0ad00db77310"	"unassessed"	""	""	""	""	""	"open"	""	""
"work-readme-md-default-context-requires-a-graphics-compute-queue-and-9d9747f10970"	"unassessed"	""	""	""	""	""	"open"	""	""
"work-r3v-wsi-denominator-md-original-line-138-b19a8511c65c"	"unassessed"	""	""	""	""	""	"open"	""	""
"work-r3v-wsi-denominator-md-original-line-172-f4bde9741e21"	"unassessed"	""	""	""	""	""	"open"	""	""
"work-r3v-wsi-denominator-md-original-line-184-fedd90c38949"	"unassessed"	""	""	""	""	""	"open"	""	""
"work-r3v-wsi-denominator-md-original-line-19-50f883532fc8"	"unassessed"	""	""	""	""	""	"open"	""	""
"work-r3v-wsi-denominator-md-original-line-195-468c903955ec"	"unassessed"	""	""	""	""	""	"open"	""	""
"work-r3v-wsi-denominator-md-original-line-57-24d592afa114"	"unassessed"	""	""	""	""	""	"open"	""	""
"work-r3v-wsi-denominator-md-original-line-203-895cbb0cd6d1"	"unassessed"	""	""	""	""	""	"open"	""	""
"work-r3v-physical-device-c-r3v-wsi-proc-addr-vkphysicaldevice-physicaldevice-1a4fbf89acfd"	"unassessed"	""	""	""	""	""	"open"	""	""
"work-r3v-native-object-lifetime-test-c-check-buffer-view-refusal-d0443dcccacc"	"unassessed"	""	""	""	""	""	"open"	""	""
"work-r3v-native-transfer-ops-test-c-check-texel-formats-const-8da4f5f6f360"	"unassessed"	""	""	""	""	""	"open"	""	""
"work-r3v-host-model-fail-decomposition-md-population-plausibly-does-9c7c6af223b6"	"unassessed"	""	""	""	""	""	"open"	""	""
"work-r3v-host-model-fail-decomposition-md-pr-sized-rung-and-f176e3226d5a"	"unassessed"	""	""	""	""	""	"open"	""	""
"work-r3v-native-image-c-r3v-createimage-vkdevice-device-const-vkimagecreatein-9e4f03d70557"	"unassessed"	""	""	""	""	""	"open"	""	""
"work-r3v-conformance-runner-py-def-run-mode-expect-dmesg-after-a8998dfa7053"	"unassessed"	""	""	""	""	""	"open"	""	""
"work-readme-md-passes-timeout-the-receipt-keeps-the-exit-code-df650aaceb7c"	"unassessed"	""	""	""	""	""	"open"	""	""
"work-r3v-host-model-fail-decomposition-md-before-deqp-vk-memory-2207c737ccd3"	"unassessed"	""	""	""	""	""	"open"	""	""
"work-r3v-conformance-nonpass-ledger-tsv-compatibility-warning-compatibilitywa-11f73e62f22b"	"unassessed"	""	""	""	""	""	"open"	""	""
"work-rs482-gpu-compute-substrate-atlas-md-original-line-619-c998804756c8"	"unassessed"	""	""	""	""	""	"open"	""	""
"work-rs482-gpu-compute-substrate-atlas-md-original-line-517-e8c56b550af3"	"unassessed"	""	""	""	""	""	"open"	""	""
"work-rs482-gpu-compute-substrate-atlas-md-original-line-701-2a4f32eebe97"	"unassessed"	""	""	""	""	""	"open"	""	""
"work-rs482-gpu-compute-substrate-atlas-md-original-line-736-33d2d9e2f1c0"	"unassessed"	""	""	""	""	""	"open"	""	""
"work-rs482-gpu-compute-substrate-atlas-md-original-line-113-eed1c540ee22"	"unassessed"	""	""	""	""	""	"open"	""	""
"work-rs482-gpu-compute-substrate-atlas-md-original-line-269-c4e6a6daf118"	"unassessed"	""	""	""	""	""	"open"	""	""
"work-rs482-gpu-compute-substrate-atlas-md-original-line-308-dbee20dcaea1"	"unassessed"	""	""	""	""	""	"open"	""	""
"work-rs482-gpu-compute-substrate-atlas-md-original-line-445-b1e4555148b3"	"unassessed"	""	""	""	""	""	"open"	""	""
"work-rs482-gpu-compute-substrate-atlas-md-original-line-496-e2251cc15561"	"unassessed"	""	""	""	""	""	"open"	""	""
"work-rs482-gpu-compute-substrate-atlas-md-original-line-552-fcd27aa8590b"	"unassessed"	""	""	""	""	""	"open"	""	""
"work-rs482-gpu-compute-substrate-atlas-md-original-line-618-7ec56d7c989e"	"unassessed"	""	""	""	""	""	"open"	""	""
"work-rs482-gpu-compute-substrate-atlas-md-original-line-627-75d1854ef9fc"	"unassessed"	""	""	""	""	""	"open"	""	""
"work-rs482-gpu-compute-substrate-atlas-md-original-line-818-4272033268ec"	"unassessed"	""	""	""	""	""	"open"	""	""
"work-rs482-gpu-compute-substrate-atlas-md-original-line-92-14f428ed3e5a"	"unassessed"	""	""	""	""	""	"open"	""	""
"work-rs482-gpu-compute-substrate-atlas-md-original-line-711-8d2c603623ed"	"unassessed"	""	""	""	""	""	"open"	""	""
"work-rs482-gpu-compute-substrate-atlas-md-original-line-247-d7bee3fa451e"	"unassessed"	""	""	""	""	""	"open"	""	""
"work-r3v-native-plan-compose-shard-py-original-line-66-37f563bfa65c"	"unassessed"	""	""	""	""	""	"open"	""	""
"work-r3v-native-plan-capture-harness-c-main-int-argc-char-48d17a9f3e1f"	"unassessed"	""	""	""	""	""	"open"	""	""
"work-r3v-native-plan-capture-c-r3v-native-plan-capture-init-846f23753340"	"unassessed"	""	""	""	""	""	"open"	""	""
"work-r3v-current-program-status-md-original-line-108-a474b61b681a"	"unassessed"	""	""	""	""	""	"open"	""	""
"work-r3v-current-program-status-md-original-line-16-84f2eee6f540"	"unassessed"	""	""	""	""	""	"open"	""	""
"work-readme-md-records-shader-admission-r300-command-stream-construction-drm-8227acc0ac61"	"unassessed"	""	""	""	""	""	"open"	""	""
"work-readme-md-an-ib-and-r3v-native-plan-capture-record-ca987136b886"	"unassessed"	""	""	""	""	""	"open"	""	""
"work-r3v-host-model-fail-decomposition-md-above-and-a-concurrent-5791d88e78d1"	"unassessed"	""	""	""	""	""	"open"	""	""
"work-r3v-conformance-runner-py-def-evidence-class-env-host-icd-80efb943b220"	"unassessed"	""	""	""	""	""	"open"	""	""
"work-r3v-conformance-runner-py-def-hazard-probe-e018b4523c20"	"unassessed"	""	""	""	""	""	"open"	""	""
"work-r3v-conformance-runner-py-original-line-155-92c9b29cafd6"	"unassessed"	""	""	""	""	""	"open"	""	""
"work-r3v-current-program-status-md-the-first-eleven-by-hazard-d9273b4bf88d"	"unassessed"	""	""	""	""	""	"open"	""	""
"work-r3v-native-transfer-ops-test-c-check-optimal-tiling-const-e6548268d754"	"unassessed"	""	""	""	""	""	"open"	""	""
"work-r3v-conformance-runner-py-def-planning-tracer-declared-3ff18605778c"	"unassessed"	""	""	""	""	""	"open"	""	""
"work-r3v-current-program-status-md-the-preceding-receipts-are-r3v-68f2e1c7131b"	"unassessed"	""	""	""	""	""	"open"	""	""
"work-r3v-current-program-status-md-commit-whose-state-a-revision-44bc7b5223a5"	"unassessed"	""	""	""	""	""	"open"	""	""
"work-r3v-current-program-status-md-p1-host-model-rungs-that-66618ed7e3a7"	"unassessed"	""	""	""	""	""	"open"	""	""
"work-r3v-current-program-status-md-p0-blocks-the-next-target-4f7f3b702150"	"unassessed"	""	""	""	""	""	"open"	""	""
"work-r300-tcl-bypass-triangle-c-const-float-r300-tcl-bypass-2e978e9a8673"	"unassessed"	""	""	""	""	""	"open"	""	""
"work-r300-tcl-bypass-triangle-test-c-test-family-emit-deviates-329e7c6d469b"	"unassessed"	""	""	""	""	""	"open"	""	""
"work-r3v-native-attended-render-shape-procedure-md-original-line-99-8d494363904b"	"unassessed"	""	""	""	""	""	"open"	""	""
"work-r3v-native-attended-render-shape-c-original-line-70-84c21d05d93e"	"unassessed"	""	""	""	""	""	"open"	""	""
"work-r3v-native-cell-c-r3v-native-record-tcl-bypass-triangle-c4d5801dfde2"	"unassessed"	""	""	""	""	""	"open"	""	""
"work-r3v-native-attended-render-shape-procedure-md-deviation-there-names-4ce16313f5e1"	"unassessed"	""	""	""	""	""	"open"	""	""
"work-r300-tcl-bypass-triangle-h-struct-r300-triangle-render-shape-e3e5869b4880"	"unassessed"	""	""	""	""	""	"open"	""	""
"work-r300-tcl-bypass-triangle-c-r300-tcl-bypass-triangle-render-4a749849e3b6"	"unassessed"	""	""	""	""	""	"open"	""	""
"work-r300-tcl-bypass-triangle-c-uint32-t-a0d6f71fa214"	"unassessed"	""	""	""	""	""	"open"	""	""
"work-r3v-native-cell-c-emit-and-install-triangle-cell-struct-030f25fb3088"	"unassessed"	""	""	""	""	""	"open"	""	""
"work-r3v-native-h-vk-define-nondisp-handle-casts-r3v-native-87e5ad9b1dec"	"unassessed"	""	""	""	""	""	"open"	""	""
"work-r3v-native-recording-c-static-bool-b6982d51509f"	"unassessed"	""	""	""	""	""	"open"	""	""
"work-r3v-native-image-c-r3v-bindimagememory-vkdevice-device-vkimage-image-381756219a61"	"unassessed"	""	""	""	""	""	"open"	""	""
"work-r3v-native-draw-c-r3v-cmdbeginrenderpass-vkcommandbuffer-commandbuffer-612e6bf76415"	"unassessed"	""	""	""	""	""	"open"	""	""
"work-agents-md-original-line-5-78b52c499aa1"	"unassessed"	""	""	""	""	""	"open"	""	""
"work-agents-md-original-line-16-e0b824ae042e"	"unassessed"	""	""	""	""	""	"open"	""	""
"work-r3v-current-program-status-md-bit-the-ledger-claim-and-a771b43a4e04"	"unassessed"	""	""	""	""	""	"open"	""	""
"work-r3v-current-program-status-md-first-real-submission-waits-on-09d7084a5cba"	"unassessed"	""	""	""	""	""	"open"	""	""
"work-r3v-native-recording-c-r3v-cmdexecutecommands-a0885c858438"	"unassessed"	""	""	""	""	""	"open"	""	""
"work-r3v-current-program-status-md-conformance-expands-by-executed-mechanism-e641571280bf"	"unassessed"	""	""	""	""	""	"open"	""	""
"work-r300-tcl-bypass-triangle-c-r300-tcl-bypass-triangle-emit-cc69b2030358"	"unassessed"	""	""	""	""	""	"open"	""	""
"work-r3v-native-draw-c-record-draw-vkcommandbuffer-commandbuffer-const-struct-f597fcf01c71"	"unassessed"	""	""	""	""	""	"open"	""	""
"work-r3v-native-attended-sampled-c-original-line-13-ef672bb7fad3"	"unassessed"	""	""	""	""	""	"open"	""	""
"work-r3v-native-attended-sampled-c-original-line-711-d29bc3d73708"	"unassessed"	""	""	""	""	""	"open"	""	""
"work-r3v-native-attended-sampled-c-original-line-10-2839b27ef503"	"unassessed"	""	""	""	""	""	"open"	""	""
"work-r3v-native-attended-sampled-c-original-line-356-1257407f4067"	"unassessed"	""	""	""	""	""	"open"	""	""
"work-r3v-native-attended-sampled-c-original-line-67-9ab5ce311974"	"unassessed"	""	""	""	""	""	"open"	""	""
"work-r3v-current-program-status-md-above-is-rung-zero-the-7c5726e21378"	"unassessed"	""	""	""	""	""	"open"	""	""
"work-r3v-native-attended-sampled-c-main-int-argc-char-argv-6d3d4dc94d7f"	"unassessed"	""	""	""	""	""	"open"	""	""
"work-r3v-host-model-fail-decomposition-md-itself-admit-imagetype-1d-cd6d6e43e0e3"	"unassessed"	""	""	""	""	""	"open"	""	""
"work-r300-tcl-bypass-triangle-c-r300-tcl-bypass-triangle-render-ec50480f6203"	"unassessed"	""	""	""	""	""	"open"	""	""
"work-r3v-native-arming-c-r3v-native-arming-evaluate-const-struct-91b8d5b84bc0"	"unassessed"	""	""	""	""	""	"open"	""	""
"work-r3v-native-h-r3v-native-image-layer-pitch-bytes-uint32-1822efd8d81b"	"unassessed"	""	""	""	""	""	"open"	""	""
"work-r300-tcl-bypass-triangle-c-r300-tcl-bypass-triangle-varying-9f7d196918b1"	"unassessed"	""	""	""	""	""	"open"	""	""
"work-r300-tcl-bypass-triangle-c-composed-sample-emit-const-struct-97cb1c3402f9"	"unassessed"	""	""	""	""	""	"open"	""	""
"work-r300-tcl-bypass-triangle-h-int-r300-tcl-bypass-triangle-45b11f238036"	"unassessed"	""	""	""	""	""	"open"	""	""
"work-r300-tcl-bypass-triangle-c-r300-tcl-bypass-triangle-coverage-82f24546ba77"	"unassessed"	""	""	""	""	""	"open"	""	""
"work-r3v-native-attended-sampled-c-pfn-vkvoidfunction-vk-icdgetinstanceprocad-de26af02ffc4"	"unassessed"	""	""	""	""	""	"open"	""	""
"work-r3v-native-cell-c-r3v-native-record-r2vb-status-load-324b7eb7452c"	"unassessed"	""	""	""	""	""	"open"	""	""
"work-r3v-native-arming-runner-c-cell-emit-struct-r300-tcl-c3e3e1b947b2"	"unassessed"	""	""	""	""	""	"open"	""	""
"work-r3v-native-queue-c-cell-geometry-unfrozen-const-struct-r3v-46aa1a5d835b"	"unassessed"	""	""	""	""	""	"open"	""	""
"work-r3v-native-attended-composed-c-original-line-12-9ea983fc473f"	"unassessed"	""	""	""	""	""	"open"	""	""
"work-r3v-native-attended-composed-c-original-line-142-2123e448c49f"	"unassessed"	""	""	""	""	""	"open"	""	""
"work-r3v-native-attended-composed-c-original-line-303-f86bde5686f7"	"unassessed"	""	""	""	""	""	"open"	""	""
"work-r3v-native-attended-composed-c-original-line-354-bb0f4c3e1d38"	"unassessed"	""	""	""	""	""	"open"	""	""
"work-r300-tcl-bypass-triangle-test-c-test-varying-shape-vertices-68107db2efe0"	"unassessed"	""	""	""	""	""	"open"	""	""
"work-r3v-native-attended-composed-render-sample-procedure-md-original-line-c916e554b009"	"unassessed"	""	""	""	""	""	"open"	""	""
"work-r3v-native-attended-composed-render-sample-procedure-md-original-line-e6f65c326ae9"	"unassessed"	""	""	""	""	""	"open"	""	""
"work-r3v-native-attended-composed-c-main-int-argc-char-argv-59d94baeaac5"	"unassessed"	""	""	""	""	""	"open"	""	""
"work-r300-tcl-bypass-triangle-c-r300-tcl-bypass-triangle-coverage-55a18c466e94"	"unassessed"	""	""	""	""	""	"open"	""	""
"work-r3v-native-attended-composed-c-report-const-char-label-const-dbf0d79f3f80"	"unassessed"	""	""	""	""	""	"open"	""	""
"work-r300-tcl-bypass-triangle-c-r300-tcl-bypass-triangle-interior-b52bc335f53d"	"unassessed"	""	""	""	""	""	"open"	""	""
"work-r300-tcl-bypass-triangle-h-void-r300-tcl-bypass-triangle-ff19f7842a70"	"unassessed"	""	""	""	""	""	"open"	""	""
"work-agents-md-structure-agent-loaded-markdown-documents-with-clean-predictab-65dc76c1fb17"	"unassessed"	""	""	""	""	""	"open"	""	""
"work-agents-md-these-rules-are-enforceable-later-sections-explain-mechanism-6b95ca4be917"	"unassessed"	""	""	""	""	""	"open"	""	""
"work-agents-md-when-open-proofs-is-available-use-proof-names-2decc56edcf5"	"unassessed"	""	""	""	""	""	"open"	""	""
"work-r300-tcl-bypass-triangle-c-r300-tcl-bypass-triangle-bind-304fce058989"	"unassessed"	""	""	""	""	""	"open"	""	""
"work-r300-tcl-bypass-triangle-c-r300-tcl-bypass-triangle-validate-6f77a10b9fee"	"unassessed"	""	""	""	""	""	"open"	""	""
"work-merged-review-thread-resolution-campaign-md-original-line-49-86a59b5af1fb"	"unassessed"	""	""	""	""	""	"open"	""	""
"work-merged-review-thread-action-frontier-tsv-original-line-2-96eb38c12512"	"unassessed"	""	""	""	""	""	"open"	""	""
"work-merged-review-thread-action-frontier-tsv-original-line-9-6de3c723a742"	"unassessed"	""	""	""	""	""	"open"	""	""
"work-review-thread-frontier-py-original-line-295-2ffa64a25969"	"unassessed"	""	""	""	""	""	"open"	""	""
"work-merged-review-thread-resolution-ledger-tsv-original-line-2-0e8951d4f879"	"unassessed"	""	""	""	""	""	"open"	""	""
"work-merged-review-thread-action-frontier-tsv-original-line-38-87420329d642"	"unassessed"	""	""	""	""	""	"open"	""	""
"work-merged-review-thread-action-frontier-tsv-original-line-4-8af1d4295a4c"	"unassessed"	""	""	""	""	""	"open"	""	""
"work-merged-review-thread-action-frontier-tsv-original-line-48-2e3b8bb0658c"	"unassessed"	""	""	""	""	""	"open"	""	""
"work-review-thread-resolution-py-original-line-205-fcd7920434c0"	"unassessed"	""	""	""	""	""	"open"	""	""
"work-review-thread-resolution-py-original-line-184-8fa3088ae76b"	"unassessed"	""	""	""	""	""	"open"	""	""
"work-review-thread-resolution-py-original-line-220-94b704c8a28b"	"unassessed"	""	""	""	""	""	"open"	""	""
"work-review-thread-resolution-py-original-line-226-ad77ca4a18e2"	"unassessed"	""	""	""	""	""	"open"	""	""
"work-review-thread-resolution-py-original-line-238-a5909e803a24"	"unassessed"	""	""	""	""	""	"open"	""	""
"work-merged-review-thread-resolution-campaign-md-relevant-focused-gate-resolu-05d35a82ffb2"	"unassessed"	""	""	""	""	""	"open"	""	""
"work-draw-vs-nir-c-draw-vs-nir-io-slots-const-890df8cecb4e"	"unassessed"	""	""	""	""	""	"open"	""	""
"work-merged-review-thread-batch-registry-tsv-original-line-4-a1248e8bc913"	"unassessed"	""	""	""	""	""	"open"	""	""
"work-action-frontier-tsv-original-line-2-d61223f31f48"	"unassessed"	""	""	""	""	""	"open"	""	""
"work-action-frontier-tsv-original-line-35-6dd1ac63b0d0"	"unassessed"	""	""	""	""	""	"open"	""	""
"work-assessments-tsv-original-line-1-d9b87f81563c"	"unassessed"	""	""	""	""	""	"open"	""	""
"work-assessments-tsv-original-line-19-dd8958b28cbb"	"unassessed"	""	""	""	""	""	"open"	""	""
"work-assessments-tsv-original-line-22-04e954f2671c"	"unassessed"	""	""	""	""	""	"open"	""	""
"work-makefile-export-hostenv-input-46a68443b3d8"	"unassessed"	""	""	""	""	""	"open"	""	""
"work-merged-review-thread-resolution-campaign-md-mutation-journal-records-an-439b6241a6a2"	"unassessed"	""	""	""	""	""	"open"	""	""
"work-action-frontier-tsv-original-line-3-5ec2357b6366"	"unassessed"	""	""	""	""	""	"open"	""	""
"work-review-thread-frontier-py-def-validate-files-b1b80460c88e"	"unassessed"	""	""	""	""	""	"open"	""	""
"work-merged-review-thread-batch-registry-tsv-batch-id-state-denominator-af4e50a9dc52"	"unassessed"	""	""	""	""	""	"open"	""	""
"work-makefile-audit-source-root-check-source-root-control-unit-test-fbe7f8ea0dfa"	"unassessed"	""	""	""	""	""	"open"	""	""
"work-draw-vs-nir-c-draw-vs-nir-io-spans-nir-7c46090b44d1"	"unassessed"	""	""	""	""	""	"open"	""	""
"work-assessments-tsv-original-line-14-b5c418cce13c"	"unassessed"	""	""	""	""	""	"open"	""	""
"work-assessments-tsv-original-line-30-4c1acf87a0df"	"unassessed"	""	""	""	""	""	"open"	""	""
"work-assessments-tsv-original-line-31-750161afdd61"	"unassessed"	""	""	""	""	""	"open"	""	""
"work-test-review-thread-classification-py-def-test-third-classification-rejec-0c8bca7844ec"	"unassessed"	""	""	""	""	""	"open"	""	""
"work-assessments-tsv-original-line-3-a302c36b493c"	"unassessed"	""	""	""	""	""	"open"	""	""
"work-merged-review-thread-resolution-campaign-md-at-2026-08-27t01-c49196f96102"	"unassessed"	""	""	""	""	""	"open"	""	""
"work-assessments-tsv-original-line-23-e17ba9f16052"	"unassessed"	""	""	""	""	""	"open"	""	""
"work-assessments-tsv-original-line-27-d49f6cb27c59"	"unassessed"	""	""	""	""	""	"open"	""	""
"work-assessments-tsv-original-line-36-811a9dd30499"	"unassessed"	""	""	""	""	""	"open"	""	""
"work-headless-hardware-gl-runner-md-original-line-218-33ecc7adae55"	"unassessed"	""	""	""	""	""	"open"	""	""
"work-headless-hardware-gl-runner-md-original-line-224-ef0aca13d6ea"	"unassessed"	""	""	""	""	""	"open"	""	""
"work-headless-hardware-gl-runner-md-original-line-265-4150631086e2"	"unassessed"	""	""	""	""	""	"open"	""	""
"work-headless-hardware-gl-runner-md-original-line-305-81c4ce1f4083"	"unassessed"	""	""	""	""	""	"open"	""	""
"work-headless-hardware-gl-runner-md-original-line-323-f2c3a5e49eea"	"unassessed"	""	""	""	""	""	"open"	""	""
"work-headless-hardware-gl-runner-md-original-line-35-833190efb695"	"unassessed"	""	""	""	""	""	"open"	""	""
"work-headless-hardware-gl-runner-md-original-line-90-83fa0d378af4"	"unassessed"	""	""	""	""	""	"open"	""	""
"work-rs482-source-authority-md-evidence-and-leaves-the-source-to-3bf9c6f51183"	"unassessed"	""	""	""	""	""	"open"	""	""
"work-merged-review-thread-resolution-campaign-md-the-production-root-account-3dd75e93f2d8"	"unassessed"	""	""	""	""	""	"open"	""	""
"work-merged-review-thread-resolution-campaign-md-falsifier-and-merged-evidenc-f4cd15b60dda"	"unassessed"	""	""	""	""	""	"open"	""	""
"work-merged-review-thread-resolution-campaign-md-commits-are-ancestors-of-c56018865d37"	"unassessed"	""	""	""	""	""	"open"	""	""
"work-assessments-tsv-original-line-1-4272c32ad20e"	"unassessed"	""	""	""	""	""	"open"	""	""
"work-assessments-tsv-original-line-40-228a93ad9a94"	"unassessed"	""	""	""	""	""	"open"	""	""
"work-assessments-tsv-original-line-45-1d3986f00581"	"unassessed"	""	""	""	""	""	"open"	""	""
"work-r3v-native-attended-msaa-resolve-procedure-md-entry-names-the-d7bb7b6eeb68"	"unassessed"	""	""	""	""	""	"open"	""	""
"work-makefile-define-install-pair-449377484755"	"unassessed"	""	""	""	""	""	"open"	""	""
"work-terakan-draw-c-terakan-cmddraw-vkcommandbuffer-const-commandbuffer-uint3-900f68a6fb22"	"unassessed"	""	""	""	""	""	"open"	""	""
"work-terakan-nir-lower-abi-c-terakan-nir-binding-mutable-resource-93b555541a7e"	"unassessed"	""	""	""	""	""	"open"	""	""
"work-terakan-dmabuf-carrier-c-static-const-struct-terakan-carrier-policy-b84601ff7ee9"	"unassessed"	""	""	""	""	""	"open"	""	""
"work-vl-h264-slice-parser-c-original-line-201-66c947bbe1e8"	"unassessed"	""	""	""	""	""	"open"	""	""
"work-vl-h264-slice-parser-test-c-original-line-87-43283acd7a1b"	"unassessed"	""	""	""	""	""	"open"	""	""
"work-vl-h264-cavlc-tables-h-original-line-7-5cb04185aaf6"	"unassessed"	""	""	""	""	""	"open"	""	""
"work-vl-h264-mb-decode-c-original-line-212-e3e3d014fc2d"	"unassessed"	""	""	""	""	""	"open"	""	""
"work-vl-h264-slice-parser-c-original-line-187-97c53e0beb1e"	"unassessed"	""	""	""	""	""	"open"	""	""
"work-r300-reg-h-enum-14beab4c6967"	"unassessed"	""	""	""	""	""	"open"	""	""
"work-r300-delivery-route-h-enum-r300-delivery-route-580d304dbc59"	"unassessed"	""	""	""	""	""	"open"	""	""
"work-r300-delivery-route-h-original-line-23-0fccff7a8f49"	"unassessed"	""	""	""	""	""	"open"	""	""
"work-r300-delivery-route-h-original-line-16-4811b05294ac"	"unassessed"	""	""	""	""	""	"open"	""	""
"work-r300-delivery-route-h-original-line-19-d5afc944939e"	"unassessed"	""	""	""	""	""	"open"	""	""
"work-r300-delivery-route-h-original-line-36-ee6de2cf8d04"	"unassessed"	""	""	""	""	""	"open"	""	""
"work-r300-delivery-route-h-original-line-35-1cd594729aa6"	"unassessed"	""	""	""	""	""	"open"	""	""
"work-r3v-pipeline-c-original-line-1-4d2bfd508529"	"unassessed"	""	""	""	""	""	"open"	""	""
"work-r300-compute-spirv-c-original-line-456-65bb4cd79ca7"	"unassessed"	""	""	""	""	""	"open"	""	""
"work-r300-vertex-spirv-c-original-line-333-847ec89c12bd"	"unassessed"	""	""	""	""	""	"open"	""	""
"work-r300-vertex-spirv-c-original-line-716-80ba25f94641"	"unassessed"	""	""	""	""	""	"open"	""	""
"work-r300-vertex-spirv-c-original-line-359-1243ed43fc17"	"unassessed"	""	""	""	""	""	"open"	""	""
"work-r300-vertex-spirv-c-admit-module-const-uint32-t-words-6bb0947e38d3"	"unassessed"	""	""	""	""	""	"open"	""	""
"work-r3v-identity-map-c-r3v-const-fill-dispatch-replay-struct-09476c60a722"	"unassessed"	""	""	""	""	""	"open"	""	""
"work-r3v-queue-c-r3v-replay-dispatch-struct-r3v-device-device-bb0c1d8647e5"	"unassessed"	""	""	""	""	""	"open"	""	""
"work-r3v-gallium-ownership-disposition-py-original-line-224-cfd7e61ffee3"	"unassessed"	""	""	""	""	""	"open"	""	""
"work-r3v-gallium-ownership-disposition-py-original-line-369-da7704d31223"	"unassessed"	""	""	""	""	""	"open"	""	""
"work-r3v-dp4-fs-nir-c-original-line-54-4347a71260e5"	"unassessed"	""	""	""	""	""	"open"	""	""
"work-r300-delivery-route-c-r300-delivery-route-resolve-const-char-1a2bae6d8781"	"unassessed"	""	""	""	""	""	"open"	""	""
"work-gitlab-ci-inc-yml-original-line-16-5815e441adad"	"unassessed"	""	""	""	""	""	"open"	""	""
"work-r300-r2vb-c-original-line-1-894922fba941"	"unassessed"	""	""	""	""	""	"open"	""	""
"work-r3v-native-recording-c-r3v-cmdblitimage-0a4212bf4b12"	"unassessed"	""	""	""	""	""	"open"	""	""
"work-r3v-conformance-nonpass-ledger-tsv-waiver-waiver-deqp-vk-accepted-23f46c206294"	"unassessed"	""	""	""	""	""	"open"	""	""
