work_group_id	history_group_id	review_path	source_anchor	thread_count	review_source_count	available_review_source_count	unavailable_review_source_count	unchanged_review_source_count	changed_review_source_count	merged_anchor_count	current_path_state	path_change_candidate_count	path_change_candidates	single_change_candidate	validation_gate	history_state	next_action
work-terakan-draw-c-terakan-cmddraw-vkcommandbuffer-const-commandbuffer-uint3-900f68a6fb22	history-changed-without-merged-anchor-warning-clean-driver-build-and-focused-3d391b39e717	src/amd/terascale/vulkan/terakan_draw.c	terakan cmddraw vkcommandbuffer const commandbuffer uint32 t const vertexcount	1	1	1	0	0	1	0	present	0			warning-clean-driver-build-and-focused-test	changed-without-merged-anchor	compare-reviewed-and-current-blobs-without-ancestry-claim
work-terakan-nir-lower-abi-c-terakan-nir-binding-mutable-resource-93b555541a7e	history-changed-without-merged-anchor-warning-clean-driver-build-and-focused-3d391b39e717	src/amd/terascale/vulkan/nir/terakan_nir_lower_abi.c	terakan nir binding mutable resource index	1	1	1	0	0	1	0	present	0			warning-clean-driver-build-and-focused-test	changed-without-merged-anchor	compare-reviewed-and-current-blobs-without-ancestry-claim
work-terakan-dmabuf-carrier-c-static-const-struct-terakan-carrier-policy-b84601ff7ee9	history-changed-without-merged-anchor-warning-clean-driver-build-and-focused-3d391b39e717	src/amd/terascale/vulkan/terakan_dmabuf_carrier.c	static const struct terakan carrier policy palm carrier policy	1	1	1	0	0	1	0	present	0			warning-clean-driver-build-and-focused-test	changed-without-merged-anchor	compare-reviewed-and-current-blobs-without-ancestry-claim
work-vl-h264-slice-parser-c-original-line-201-66c947bbe1e8	history-changed-without-merged-anchor-warning-clean-build-and-focused-test-a7ce3b43c9ad	src/gallium/auxiliary/vl/vl_h264_slice_parser.c	original line 201	1	1	1	0	0	1	0	present	0			warning-clean-build-and-focused-test	changed-without-merged-anchor	compare-reviewed-and-current-blobs-without-ancestry-claim
work-vl-h264-slice-parser-test-c-original-line-87-43283acd7a1b	history-changed-without-merged-anchor-warning-clean-build-and-focused-test-a7ce3b43c9ad	src/gallium/auxiliary/vl/tests/vl_h264_slice_parser_test.c	original line 87	1	1	1	0	0	1	0	present	0			warning-clean-build-and-focused-test	changed-without-merged-anchor	compare-reviewed-and-current-blobs-without-ancestry-claim
work-vl-h264-cavlc-tables-h-original-line-7-5cb04185aaf6	history-changed-without-merged-anchor-warning-clean-build-and-focused-test-a7ce3b43c9ad	src/gallium/auxiliary/vl/vl_h264_cavlc_tables.h	original line 7	1	1	1	0	0	1	0	present	0			warning-clean-build-and-focused-test	changed-without-merged-anchor	compare-reviewed-and-current-blobs-without-ancestry-claim
work-vl-h264-mb-decode-c-original-line-212-e3e3d014fc2d	history-changed-without-merged-anchor-warning-clean-build-and-focused-test-a7ce3b43c9ad	src/gallium/auxiliary/vl/vl_h264_mb_decode.c	original line 212	2	1	1	0	0	1	0	present	0			warning-clean-build-and-focused-test	changed-without-merged-anchor	compare-reviewed-and-current-blobs-without-ancestry-claim
work-vl-h264-slice-parser-c-original-line-187-97c53e0beb1e	history-changed-without-merged-anchor-warning-clean-build-and-focused-test-a7ce3b43c9ad	src/gallium/auxiliary/vl/vl_h264_slice_parser.c	original line 187	1	1	1	0	0	1	0	present	0			warning-clean-build-and-focused-test	changed-without-merged-anchor	compare-reviewed-and-current-blobs-without-ancestry-claim
work-terakan-softfp64-lifetime-contract-test-py-original-line-58-fec8187937aa	history-changed-since-review-python-test-black-and-ruff-4f24d814a320	src/amd/terascale/vulkan/tests/terakan_softfp64_lifetime_contract_test.py	original line 58	1	1	1	0	0	1	1	present	3	7c94a98b7139262e83035d11ec2c382503cb110c;e4746eabff4e19141894844dc6f6c11fa1945cf2;3742009c13db4a63b0bcfdb37b1e8f2bc5d04e40		python-test-black-and-ruff	changed-since-review	inspect-path-change-sequence-against-review-claims
work-terakan-softfp64-lifetime-contract-test-py-def-verify-contract-source-e5c30b962861	history-changed-since-review-python-test-black-and-ruff-4cd4e52f3dea	src/amd/terascale/vulkan/tests/terakan_softfp64_lifetime_contract_test.py	def verify contract source str meson str softfp64 str none	1	1	1	0	0	1	1	present	1	3742009c13db4a63b0bcfdb37b1e8f2bc5d04e40	3742009c13db4a63b0bcfdb37b1e8f2bc5d04e40	python-test-black-and-ruff	changed-since-review	verify-single-path-change-against-review-claims
work-r300-r2vb-c-bool-r300-r2vb-producer-interface-init-gated-849223324227	history-changed-since-review-warning-clean-driver-build-and-focused-test-9fb24e6ea68b	src/gallium/drivers/r300/r300_r2vb.c	bool r300 r2vb producer interface init gated	1	1	1	0	0	1	1	present	60	3c24bc929b87028d5c4ed2a90f79d3924594b258;2c8d19405c4a14ee5ccc4807bab0165dd3553d23;06823893832e1ae003224157a327982805c88480;051d4623b8405567651f857d9ae5e6ea8a2e0dbd;5532f9156d69dfe03e626a6fafd6d8afd62921b0;a770811c55ffd772bd29af2683cf13ce3a28c1af;aa8cbf92af83402dfab469ef2f3c17feb5278886;26810a27eaf6091fa6de311378307b216e77d34a;cc720efe7a63d47a151a83ab356e7d5fde27e1bb;026c4500507ef2e76a811b7570b8c97fd4494c1d;d6fa0cce49b65639f4d6c167e618d4b6dc6599b7;839bd4aff2caaa815d252115a14bc93f442afda4;ccb499011d89d04f61dc012c6b2c526aa74ac231;58b08917a08c37453cf086817606dd83d25cab42;6433a9298befc2d703857013cff3cab162ff2391;f81f6cc8c6dcb5f570b234ad1762cf08c7ab5944;34d05bc659acf03bad0e8e0cbd3b182d028ee053;514f9713f432df755b3e7dd205f0d077351a7b43;a9c250640ce62c6c88065fb69adfe0b1be6d9b98;14aaa606408a0c007f00c24fa49f5b6a482b9ef6;9074bba904dca0198116561c42857c40223161a0;feffa63586b63306d8e20d79809136f48d49b7e3;bfc1791da763c59276bcac194d6a4bc68db5d2e1;c49f908b9fdb363056a9da9c7eac032a54e2bb13;d9657cf8380ebe5ff125967b76a4c2164faef2f8;f369ce5466dd3d40fce47ccf228fcdd048261765;68b94f735b215f02885ecc7b53ac98de03e6b95b;85585a7048f915b0eb79503c6e962ed31c438d34;2da6279178e215b67b24b692c0f506c114bd3d40;b4b6e662fa067dc0b0339185d246cb9072423259;34d4d329e02716972dfc92a3dfa0cefa04597fcf;daca21872649e2fd181ed71bfc73a6db5a2d2b60;9da9bb3bb957b0538af8410bf41106a151af336a;65154de0e147d4e9394627bc12c3425c12551e4e;35dd78a04bcd2581e3f7ae8c44ee2786821ca6d6;3b03c1b6346b489e703c0c825f64125b70e676a5;c7cfc31ce865fc5677c64f40944a83e46901494a;08e38b2dc9ad77a71758a3304ba431f7e2fd64e7;e4136947efd8a17e9e324278c9fe166a093dd093;a48a4ffe3defdc80b7378518dce99b85b98fb814;1b920c97607fd7e2bc9a4486f423313bd0eb8f34;8a5f01edd9fe48fb6ec95e0011705b391735275b;c123b4a4e3da2c23fa535c94ccbec6b5b04d291e;fabc109980f6a1c11f20256175104f8a8d881618;a1a64ce5da0b589720105e08c45a9c1151e4a266;df19f9f8ce039d894ee7bf5ed0158a873b5720e7;80d2ef69e648b4cd9f7319997a9e777eebbbdf46;3a629b5068d7332525037e26755cb9626c05dacb;e2a5b7bf8e69300643d4d6b613022c1001d0303b;ef9a7d3a730fefda515635117e1a34f4eca5e07b;25f47cfc2587ae7d59009f0c9a02ea0338e399ee;e6799cfcc2a82ce450d9ed6b39ff8f69cdd59f62;5b7fbd51140acd73c82e5c8d6ff9b9d50e01509b;7c33b75438441f5f45d6eb28bd10a77de5059333;81f1fd4b707dd87e7d49270e4ebd382ee9055f56;5d181e42181045dadef0276439805cfcfaac4371;e561b290b1b40aa7478f9751189b11b31e138e80;e3cc1217ce4b664a3d23e0441cb0e84e4a03b623;240973ba7c6fc0f77fbf6feb53be359e0f193a4e;3b355908198285831108be57003bdfbd69a796cb		warning-clean-driver-build-and-focused-test	changed-since-review	inspect-path-change-sequence-against-review-claims
work-r3v-native-loader-sweep-c-child-exit-status-int-body-aab625dc6025	history-changed-since-review-warning-clean-driver-build-and-focused-test-1dd31e86faa7	src/amd/r300/vulkan/tests/r3v_native_loader_sweep.c	child exit status int body status	1	1	1	0	0	1	1	present	9	4af44f4212f06b31e8fd5577645a97953b7b3924;981dd80e8b679a8d6ba06b532d8ce1aecbb7a653;2a11aa0c8253be67db77dd45cc6f02e8ad4b5c77;adfa7ce2b0e930e3f198f703477c8c0797338246;a3d731fddaf773e547e3a057a93394025833e651;0d0e7f74784c996c7bf1d4414fb3a02dafa8beff;13683abd6ad3fcbf0d052d1a63b24793b59211fa;ebc8348c2ec8951c28056c17b036a365856cd12a;5453c84376b798dd7cc68a5f65defc68037c4b15		warning-clean-driver-build-and-focused-test	changed-since-review	inspect-path-change-sequence-against-review-claims
work-run-under-xvfb-sh-cleanup-dir-e982551a07c5	history-unchanged-since-review-shellcheck-and-script-test-6f9d39f181b1	src/amd/r300/vulkan/tests/run_under_xvfb.sh	cleanup dir	1	1	1	0	1	0	1	present	0			shellcheck-and-script-test	unchanged-since-review	compare-current-code-with-review-claim
work-run-under-xvfb-sh-exec-8-237c75aee3c0	history-unchanged-since-review-shellcheck-and-script-test-6f9d39f181b1	src/amd/r300/vulkan/tests/run_under_xvfb.sh	exec 8	1	1	1	0	1	0	1	present	0			shellcheck-and-script-test	unchanged-since-review	compare-current-code-with-review-claim
work-meson-build-if-get-option-r3v-native-backend-d69517bd1b58	history-changed-since-review-configure-build-and-artifact-check-d8f4519d669d	src/amd/r300/vulkan/meson.build	if get option r3v native backend	9	8	8	0	0	8	8	present	131	c24c0dbb6b9da164768351361130d13be09b83ee;d858b1a51c711dc2914b97b640c5d97cff3b00ce;2e1642cf0de28f8fab338276def14a51883c317b;114140ddb179c1a58cc3d38a50e430b62e30bf3a;a94c48c9ecd87cde05b668f14c0f0ed52c6a0953;7ab5397585453b3463dfd411a314959af7d1fb28;dcb79af9fd7fb8d0693909d799162565026a042e;d96851c588881e6b47d549a8e70e5fce7bba4a9c;e2c5f5ff9406dac8c8a1fe99654177aa36ecab77;1d6db4be17eb0a8c82402d426d2093756f71f4bf;13a7613d9607af74e40127022979e901d9eef549;a9b51d6bb161e16a838dfcc0127d5379e185725b;aa56b1b45773bc66ea87bc272610c7beb79fc223;cb3d078ed417e2b566f3f2eb30dad89ca3f552f7;cd28064499a006a46f50f72e39c9c69dab87a7c8;d728839da82e54829f0a2d8005d735c341ed9d95;82530aefd8ecc8e129d414fd9ffad9e502f97636;3742009c13db4a63b0bcfdb37b1e8f2bc5d04e40;60e253d0b93b6f203f295fdfc9459de2fa00a3f1;3757172d5357cd91e512d0cbbbf0f066c4caf77b;564eb861bd79084ad014566fdfd0d369fccb6f1b;d98b0d511f769eae642039b0c58998194b354b07;ef9a7d3a730fefda515635117e1a34f4eca5e07b;25f47cfc2587ae7d59009f0c9a02ea0338e399ee;b626cee79e5a001f827b99f8d6e557fd0cb7453d;660cc3520267a83cf206715053b689e1b222f875;6e0eb8abf7184d3f0c848a7c63aad5605622916f;72218c01452bc7204a847b03d776df77a7f5babd;72f79f2c1a39fc65803eeaae870aced6d480a811;98d7e02bdbc8f23a6484f9390241f4d3fd8e5389;a5029925fb0357c231d21bf4e7b1ee75fdd379ec;29d75924a6eb6e49eaf2598f563207c9259f56ef;fe97343a914ab505bd65be95b129679f7155f38c;6f70ae589262f0e8835d19ba5e89d3d8e5ee344e;4af44f4212f06b31e8fd5577645a97953b7b3924;080060afd9163cfdc80a48bb53b2e70ad98b7488;b6ea89213c0ca1b4bd1e70d6678a3766554aaa2a;cb4a85347364abcb36e517adb26ea36fe43e84b4;31b26494ea6bf9ca45670b492faf35bdce54ffb9;cde81528e7a80308a3fa1932924503d9410ab8a4;9ebc57897138fd5c4b6ab087a21452da1caf7a56;5a892d595928bdae0378d0f6562de020d02373e6;676da21429d31d76dbadd7a56ed9421708d944c3;79f1a5a2c02c6e6f3b6784b3fe89dd24a230175e;c17c780ed1a26ee723e12a31b1f4bdd83dec8141;57cd7d18c3db8e4e49b94006c5974c1d68dfa5b7;8077376b79a29299a39b37c6178b7a064a9abf29;cf515799baad6cc3d9a607bafca9116513e950fc;2fbcf6fb2853932c290283d609f8afea05107ff3;c1c76da5053cb35655bd2c46a95fe027fb255e60;e50678009138c99f30b83aea23ae083213b8a58c;6594b309ef5ccb3945196308926ce1a2aa893e94;7fc0c23a20f73941a8bb42ff5bca657873683811;c096215370bdb9dd72176529c0975c271596d5a6;8b21d8a360d5de38a7423a4c118e9c1f0fb8c224;01cce6697e2122401327f7dbc7d873adb7b0a897;4eb06a49be58551844a93a51de5639cf64f3558a;d214e70ed81ffdc8b52ab47be9c8206073cf47ed;41d774592cb536a8f74e5247c9a9a855725b397e;d2b6fe808983612e78eb95cb0000db4e36b38a21;c9bd4e6bc836fe7d172176dd0c977779537d14d5;99e93170475b3f8ff2dee9784c5a0149f503108e;d02bda1a06e35e35f08127a42ace08a0052e6351;0bb1427b518fc30fd6383d39cfe7485beb1b273b;ac11072b3279364cb257784f8129c9aa4fa3df39;981dd80e8b679a8d6ba06b532d8ce1aecbb7a653;4f1be7053f69ed3abe31df485fe857f25b6734c8;966ab4bfce7b70d429f659d57c4e91c64a70f7b8;1ad514dc9e39a5ce3e6373bc35fc84c5c95dbb0c;a988c2cf707f0190580ac4099b70670084905be3;812cf7df40581a3ccb779baf92fe18a83a552220;b07680fb71b43cbb214cfc737d798fc4c5df1fd7;57989aff3eeececef2a9e6fbbcc46aecd26bc4b0;22eb45284fb9bfb21a21ae2b49e5e56029f047ba;22cd17ed39d198e587fd5b4d7c94619fcdbcb707;ca164de881b81c1338ca63091bc50aa43c6c99f8;2e18300a2b42035a97b5fd350656b99cb9dbd7e0;9dc8b06c19483b20dccaa9d455ca30d77be42b3c;0d0e7f74784c996c7bf1d4414fb3a02dafa8beff;8e1387b5c97e329dd7b12f9937d691611c40f63e;88ce4466f7a042a93cb70866208c901bf86433c3;7d847324637a0c3fdb998778fe6ab0b5242107ee;4653e691f1692ad7c7e37835316e6cf7d82fc7bc;baf48620c79c19566965936e10cb66c5c1419cf5;225cea235e853f762377956a6329f5e8ab1661b3;7f7feec24572361f74134376433c0ba63f6219c2;e68f40792d4bbdcc1961cae439a8b0264c25c9ce;4b11002d5b38f01f6477a2878352caea8cd28ac7;13683abd6ad3fcbf0d052d1a63b24793b59211fa;26b04af5186ffa9c81c9f86ea67d56a9b2ee9baf;1a09900f7b5b27eaeb25fd2cbdb1ccc50c5b173a;00e3c5dd25deb8545a531a6725b0d76c50156e1c;59b77649a80ee880f84ba6a5301467c8cc2c0438;710d7e3c12b5e6eecd6a9356de5295618b201d1d;9f65f5f61e53a9ca26b082e1b27222c374cd28da;300a75557165c988818944e1fef1157d847406bc;7d380acb9b92d0de445217a4c35eb53cccc03901;2cb307652cc8b14e61abd9fd3d71ff5e935c5eae;bd7fcf75397e409a3d1e15e595e940d6411dffc3;13cc6f08740b4a4086d2fd1119c5cbcee86e3dbe;5453c84376b798dd7cc68a5f65defc68037c4b15;13701e615400edf1e437c61df559419793a3088f;84cf229c0d6e290d4a5694efa957454bc04b22c9;c6f998b2c5c8a4e04c6bfd515c88cc88b42a4ffd;99ae7f779dd196aec81f5eef3c02f0ddf0f2fbbc;15e794e1b6218b8fe59b7e9577a07d2b0a38aa99;74e17e547d51997ffb074a92b1f74bef56c702a0;a62e4497766aff089ee68b72c96c0721935b3290;6d7b0b5c0c5292f9b8563651b0351f714353e630;be6eb55ff61e6ac44b7e475f70f9edc76d1f8d5b;451d77f250a30cb4c968c8474b0ffaa1a8f1b123;eae1df80d9c7db3162ed27614fc74de2325ad665;5f2615641abebc5f1631fb02285d20a93808cbfb;682648a30f9fe5db7f18772bd953af2e44099437;393cb870255352a00fc9859f2d6624e3f10b2b87;0aceb8aa9606b0e4381e1ce5afc099c8914a3ef1;f743d0f9bec6e673cdd09dfd4554172aaa9b01c7;c5cc11945f60ddc34a1011b1bde47762a33887ab;64fa102e611a869ea31d47a31fdf72ad84f28711;a4c39ca2b71127b4a9ffe6a3e524428977fc7c61;8e4c01d4aaf5dbfe222d2bd3763b7ca906eb129c;7dd3f6fbb379de20d3c2c7d983d24523acfdbd84;af766adab77452239b29918eb26f033c0f00b313;31650bf8e57d52a812104aeb6cc60449099a86d1;813f5899cd3d315aa4c84213e5be5101fc03f698;4337fab9b7e51ae23d0c1db75c0c107ec1a20f29;c3f310b429a8061a7eda94441b306c7b999d5ebc;10f9e2fa66fd28b97638124d55113218da2a57d5;51e2926b7cd2deabb3dfc6c09e9e3310abca4159;2232b3ab7b2baef2666bd3f5bf23193e0af2f86e;ae2e0183f6953f872bb04b6b929b374b6f8ac1ae		configure-build-and-artifact-check	changed-since-review	inspect-path-change-sequence-against-review-claims
work-r3v-native-entrypoint-audit-py-def-populated-slot-1e39abd228f4	history-changed-since-review-python-test-black-and-ruff-17ee72ebf7ec	src/amd/r300/vulkan/tests/r3v_native_entrypoint_audit.py	def populated slot	1	1	1	0	0	1	1	present	9	dcb79af9fd7fb8d0693909d799162565026a042e;ad9b4cccc6f354073c0ffaf256b5971f183bef81;ddc13ab0332e137590812f977866eb5e2ba4d1c7;ead47dd8ba55e2e441466a64eecb03a8245c5fde;4af44f4212f06b31e8fd5577645a97953b7b3924;d2b6fe808983612e78eb95cb0000db4e36b38a21;981dd80e8b679a8d6ba06b532d8ce1aecbb7a653;2a11aa0c8253be67db77dd45cc6f02e8ad4b5c77;adfa7ce2b0e930e3f198f703477c8c0797338246		python-test-black-and-ruff	changed-since-review	inspect-path-change-sequence-against-review-claims
work-r3v-native-cell-c-r3v-native-cmd-buffer-execute-deferred-558fd7da81a3	history-changed-since-review-warning-clean-driver-build-and-focused-test-d9149374bc76	src/amd/r300/vulkan/r3v_native_cell.c	r3v native cmd buffer execute deferred draw	9	7	7	0	0	7	7	present	58	bcc499b1470a86d5d81c998942ea3ab8f46bcf22;c193451587f6e84116ae1f4714b5a37446dc7053;008110afd9942719d2ca0935b0ae37d1daab2cf5;c60420cdbdde1ac2c5a8cf02dc3e73dd5acde532;88e16a3a533652f933bcedc991f9bc775f9cc2ab;9fd78c467d217a7b69b3f1d261ca30b627945023;13a7613d9607af74e40127022979e901d9eef549;4bd28d4e6ddda782e109e29e10d87116f4a45365;cd28064499a006a46f50f72e39c9c69dab87a7c8;3bd7c9fc002ee3e0f46ff0f37c8a7a8605ea2a83;f3908552caa66be265973da927882d9e92ce6c77;d728839da82e54829f0a2d8005d735c341ed9d95;3757172d5357cd91e512d0cbbbf0f066c4caf77b;d98b0d511f769eae642039b0c58998194b354b07;6e0eb8abf7184d3f0c848a7c63aad5605622916f;f0041520a6dde7486d1d1cd1afda1b8390c80431;ab0615df41c9fe69a2bb5b902ef4371d8c26b623;67ab87ab156a8df979e6af13a3c33e18c804355c;72f79f2c1a39fc65803eeaae870aced6d480a811;fe97343a914ab505bd65be95b129679f7155f38c;e82f3e8aa63f7ed9c2e80f53b78c38d981b0efa9;b5944bc15e925156ca910369ce1f4107b2f3ceb3;dd879200731e8a3b717fcf95dd5f78d5fd1e3a7f;428f6dcbb0e1cd71417e1169c385f9e62f2ac0b7;e50678009138c99f30b83aea23ae083213b8a58c;6594b309ef5ccb3945196308926ce1a2aa893e94;c096215370bdb9dd72176529c0975c271596d5a6;d214e70ed81ffdc8b52ab47be9c8206073cf47ed;41d774592cb536a8f74e5247c9a9a855725b397e;d2b6fe808983612e78eb95cb0000db4e36b38a21;c9bd4e6bc836fe7d172176dd0c977779537d14d5;a190f69df686f6558b0e3ef847ef62793ffcaf50;966ab4bfce7b70d429f659d57c4e91c64a70f7b8;1ad514dc9e39a5ce3e6373bc35fc84c5c95dbb0c;a988c2cf707f0190580ac4099b70670084905be3;300a75557165c988818944e1fef1157d847406bc;ebc8348c2ec8951c28056c17b036a365856cd12a;0f807535cfda5bf35b33bd8869a80d5480b566e4;7d380acb9b92d0de445217a4c35eb53cccc03901;dc60471e58b6198ffe3b065d3164d08a4afa0664;275a5279249d527c349f4dfdd4f93cf66e6123eb;bd7fcf75397e409a3d1e15e595e940d6411dffc3;93ff2e17aeca881926adb92dc6493bb34018be2a;5453c84376b798dd7cc68a5f65defc68037c4b15;13701e615400edf1e437c61df559419793a3088f;84cf229c0d6e290d4a5694efa957454bc04b22c9;eae1df80d9c7db3162ed27614fc74de2325ad665;5f2615641abebc5f1631fb02285d20a93808cbfb;73b4fc07196b5bc9e5505406dfc34f4269407165;c7dae69423791abaefee49603b2d45e62086ac19;c5cc11945f60ddc34a1011b1bde47762a33887ab;64fa102e611a869ea31d47a31fdf72ad84f28711;7dd3f6fbb379de20d3c2c7d983d24523acfdbd84;af766adab77452239b29918eb26f033c0f00b313;31650bf8e57d52a812104aeb6cc60449099a86d1;813f5899cd3d315aa4c84213e5be5101fc03f698;10f9e2fa66fd28b97638124d55113218da2a57d5;51e2926b7cd2deabb3dfc6c09e9e3310abca4159		warning-clean-driver-build-and-focused-test	changed-since-review	inspect-path-change-sequence-against-review-claims
work-r3v-native-cell-c-record-triangle-cell-tail-struct-r3v-c74bba439f15	history-changed-since-review-warning-clean-driver-build-and-focused-test-d9149374bc76	src/amd/r300/vulkan/r3v_native_cell.c	record triangle cell tail struct r3v native device device	1	1	1	0	0	1	1	present	58	bcc499b1470a86d5d81c998942ea3ab8f46bcf22;c193451587f6e84116ae1f4714b5a37446dc7053;008110afd9942719d2ca0935b0ae37d1daab2cf5;c60420cdbdde1ac2c5a8cf02dc3e73dd5acde532;88e16a3a533652f933bcedc991f9bc775f9cc2ab;9fd78c467d217a7b69b3f1d261ca30b627945023;13a7613d9607af74e40127022979e901d9eef549;4bd28d4e6ddda782e109e29e10d87116f4a45365;cd28064499a006a46f50f72e39c9c69dab87a7c8;3bd7c9fc002ee3e0f46ff0f37c8a7a8605ea2a83;f3908552caa66be265973da927882d9e92ce6c77;d728839da82e54829f0a2d8005d735c341ed9d95;3757172d5357cd91e512d0cbbbf0f066c4caf77b;d98b0d511f769eae642039b0c58998194b354b07;6e0eb8abf7184d3f0c848a7c63aad5605622916f;f0041520a6dde7486d1d1cd1afda1b8390c80431;ab0615df41c9fe69a2bb5b902ef4371d8c26b623;67ab87ab156a8df979e6af13a3c33e18c804355c;72f79f2c1a39fc65803eeaae870aced6d480a811;fe97343a914ab505bd65be95b129679f7155f38c;e82f3e8aa63f7ed9c2e80f53b78c38d981b0efa9;b5944bc15e925156ca910369ce1f4107b2f3ceb3;dd879200731e8a3b717fcf95dd5f78d5fd1e3a7f;428f6dcbb0e1cd71417e1169c385f9e62f2ac0b7;e50678009138c99f30b83aea23ae083213b8a58c;6594b309ef5ccb3945196308926ce1a2aa893e94;c096215370bdb9dd72176529c0975c271596d5a6;d214e70ed81ffdc8b52ab47be9c8206073cf47ed;41d774592cb536a8f74e5247c9a9a855725b397e;d2b6fe808983612e78eb95cb0000db4e36b38a21;c9bd4e6bc836fe7d172176dd0c977779537d14d5;a190f69df686f6558b0e3ef847ef62793ffcaf50;966ab4bfce7b70d429f659d57c4e91c64a70f7b8;1ad514dc9e39a5ce3e6373bc35fc84c5c95dbb0c;a988c2cf707f0190580ac4099b70670084905be3;300a75557165c988818944e1fef1157d847406bc;ebc8348c2ec8951c28056c17b036a365856cd12a;0f807535cfda5bf35b33bd8869a80d5480b566e4;7d380acb9b92d0de445217a4c35eb53cccc03901;dc60471e58b6198ffe3b065d3164d08a4afa0664;275a5279249d527c349f4dfdd4f93cf66e6123eb;bd7fcf75397e409a3d1e15e595e940d6411dffc3;93ff2e17aeca881926adb92dc6493bb34018be2a;5453c84376b798dd7cc68a5f65defc68037c4b15;13701e615400edf1e437c61df559419793a3088f;84cf229c0d6e290d4a5694efa957454bc04b22c9;eae1df80d9c7db3162ed27614fc74de2325ad665;5f2615641abebc5f1631fb02285d20a93808cbfb;73b4fc07196b5bc9e5505406dfc34f4269407165;c7dae69423791abaefee49603b2d45e62086ac19;c5cc11945f60ddc34a1011b1bde47762a33887ab;64fa102e611a869ea31d47a31fdf72ad84f28711;7dd3f6fbb379de20d3c2c7d983d24523acfdbd84;af766adab77452239b29918eb26f033c0f00b313;31650bf8e57d52a812104aeb6cc60449099a86d1;813f5899cd3d315aa4c84213e5be5101fc03f698;10f9e2fa66fd28b97638124d55113218da2a57d5;51e2926b7cd2deabb3dfc6c09e9e3310abca4159		warning-clean-driver-build-and-focused-test	changed-since-review	inspect-path-change-sequence-against-review-claims
work-r3v-native-vertex-carrier-harness-c-main-void-f81d93989ed9	history-changed-since-review-warning-clean-driver-build-and-focused-test-97c5ee0adf85	src/amd/r300/vulkan/tests/r3v_native_vertex_carrier_harness.c	main void	3	1	1	0	0	1	1	present	2	bcc499b1470a86d5d81c998942ea3ab8f46bcf22;c193451587f6e84116ae1f4714b5a37446dc7053		warning-clean-driver-build-and-focused-test	changed-since-review	inspect-path-change-sequence-against-review-claims
work-r300-state-inlines-h-r300-blend-factor-for-target-enum-edee58be3c28	history-unchanged-since-review-warning-clean-driver-build-and-focused-test-386e4ec442e6	src/gallium/drivers/r300/r300_state_inlines.h	r300 blend factor for target enum pipe blendfactor factor bool alpha	1	1	1	0	1	0	1	present	0			warning-clean-driver-build-and-focused-test	unchanged-since-review	compare-current-code-with-review-claim
work-r3v-native-arming-test-c-test-each-factor-refuses-void-71c4ce255bd6	history-changed-since-review-warning-clean-driver-build-and-focused-test-a77ddf399e77	src/amd/r300/vulkan/tests/r3v_native_arming_test.c	test each factor refuses void	1	1	1	0	0	1	1	present	3	13a7613d9607af74e40127022979e901d9eef549;3757172d5357cd91e512d0cbbbf0f066c4caf77b;d98b0d511f769eae642039b0c58998194b354b07		warning-clean-driver-build-and-focused-test	changed-since-review	inspect-path-change-sequence-against-review-claims
work-r3v-native-attended-cell-procedure-md-the-run-proceeds-only-c56b8e9956ab	history-changed-since-review-documentation-symbol-and-link-check-47b3ce89850a	docs/hardware/r3v-native-attended-cell-procedure.md	the run proceeds only when all of the following hold	2	2	2	0	0	2	2	present	13	8077376b79a29299a39b37c6178b7a064a9abf29;1b5ddf724ae58a6ebc5be8a3d13a013ad69757df;661a73bf5bb99146ce096cc086613c7a819895f3;f743508a0caed97cca30fdf590a38be9234df61f;15e794e1b6218b8fe59b7e9577a07d2b0a38aa99;74e17e547d51997ffb074a92b1f74bef56c702a0;a62e4497766aff089ee68b72c96c0721935b3290;6d7b0b5c0c5292f9b8563651b0351f714353e630;be6eb55ff61e6ac44b7e475f70f9edc76d1f8d5b;451d77f250a30cb4c968c8474b0ffaa1a8f1b123;4420389af742cd6354dceac2584fd4fd8ad74ec8;292c0318de096554d204725077710d177a3196f2;f743d0f9bec6e673cdd09dfd4554172aaa9b01c7		documentation-symbol-and-link-check	changed-since-review	inspect-path-change-sequence-against-review-claims
work-r300-reg-h-enum-14beab4c6967	history-current-path-missing-warning-clean-driver-build-and-focused-test-ca6057482616	src/gallium/drivers/r300/r300_reg.h	enum	1	1	1	0	0	0	1	missing	0			warning-clean-driver-build-and-focused-test	current-path-missing	locate-replacement-or-prove-supersession
work-r300-r2vb-c-void-r300-emit-rs482-r2vb-compute-loop-8eb5af635ade	history-changed-since-review-warning-clean-driver-build-and-focused-test-4313d16384c9	src/gallium/drivers/r300/r300_r2vb.c	void r300 emit rs482 r2vb compute loop struct r300 context r300	1	1	1	0	0	1	1	present	48	ccb499011d89d04f61dc012c6b2c526aa74ac231;58b08917a08c37453cf086817606dd83d25cab42;6433a9298befc2d703857013cff3cab162ff2391;f81f6cc8c6dcb5f570b234ad1762cf08c7ab5944;34d05bc659acf03bad0e8e0cbd3b182d028ee053;514f9713f432df755b3e7dd205f0d077351a7b43;a9c250640ce62c6c88065fb69adfe0b1be6d9b98;14aaa606408a0c007f00c24fa49f5b6a482b9ef6;9074bba904dca0198116561c42857c40223161a0;feffa63586b63306d8e20d79809136f48d49b7e3;bfc1791da763c59276bcac194d6a4bc68db5d2e1;c49f908b9fdb363056a9da9c7eac032a54e2bb13;d9657cf8380ebe5ff125967b76a4c2164faef2f8;f369ce5466dd3d40fce47ccf228fcdd048261765;68b94f735b215f02885ecc7b53ac98de03e6b95b;85585a7048f915b0eb79503c6e962ed31c438d34;2da6279178e215b67b24b692c0f506c114bd3d40;b4b6e662fa067dc0b0339185d246cb9072423259;34d4d329e02716972dfc92a3dfa0cefa04597fcf;daca21872649e2fd181ed71bfc73a6db5a2d2b60;9da9bb3bb957b0538af8410bf41106a151af336a;65154de0e147d4e9394627bc12c3425c12551e4e;35dd78a04bcd2581e3f7ae8c44ee2786821ca6d6;3b03c1b6346b489e703c0c825f64125b70e676a5;c7cfc31ce865fc5677c64f40944a83e46901494a;08e38b2dc9ad77a71758a3304ba431f7e2fd64e7;e4136947efd8a17e9e324278c9fe166a093dd093;a48a4ffe3defdc80b7378518dce99b85b98fb814;1b920c97607fd7e2bc9a4486f423313bd0eb8f34;8a5f01edd9fe48fb6ec95e0011705b391735275b;c123b4a4e3da2c23fa535c94ccbec6b5b04d291e;fabc109980f6a1c11f20256175104f8a8d881618;a1a64ce5da0b589720105e08c45a9c1151e4a266;df19f9f8ce039d894ee7bf5ed0158a873b5720e7;80d2ef69e648b4cd9f7319997a9e777eebbbdf46;3a629b5068d7332525037e26755cb9626c05dacb;e2a5b7bf8e69300643d4d6b613022c1001d0303b;ef9a7d3a730fefda515635117e1a34f4eca5e07b;25f47cfc2587ae7d59009f0c9a02ea0338e399ee;e6799cfcc2a82ce450d9ed6b39ff8f69cdd59f62;5b7fbd51140acd73c82e5c8d6ff9b9d50e01509b;7c33b75438441f5f45d6eb28bd10a77de5059333;81f1fd4b707dd87e7d49270e4ebd382ee9055f56;5d181e42181045dadef0276439805cfcfaac4371;e561b290b1b40aa7478f9751189b11b31e138e80;e3cc1217ce4b664a3d23e0441cb0e84e4a03b623;240973ba7c6fc0f77fbf6feb53be359e0f193a4e;3b355908198285831108be57003bdfbd69a796cb		warning-clean-driver-build-and-focused-test	changed-since-review	inspect-path-change-sequence-against-review-claims
work-r3v-source-header-audit-py-original-line-43-a0f216c648c1	history-changed-since-review-python-test-black-and-ruff-1a5f8633d2e1	src/amd/r300/vulkan/tests/r3v_source_header_audit.py	original line 43	1	1	1	0	0	1	1	present	4	3742009c13db4a63b0bcfdb37b1e8f2bc5d04e40;ef9a7d3a730fefda515635117e1a34f4eca5e07b;25f47cfc2587ae7d59009f0c9a02ea0338e399ee;ffee75be0646f5b9f4dab7abfd84e8746678028f		python-test-black-and-ruff	changed-since-review	inspect-path-change-sequence-against-review-claims
work-r300-delivery-route-h-enum-r300-delivery-route-580d304dbc59	history-current-path-missing-warning-clean-driver-build-and-focused-test-ca6057482616	src/amd/r300/common/r300_delivery_route.h	enum r300 delivery route	2	2	2	0	0	0	2	missing	0			warning-clean-driver-build-and-focused-test	current-path-missing	locate-replacement-or-prove-supersession
work-r300-r2vb-producer-manifest-c-main-int-argc-char-argv-5d7a41403dd9	history-changed-since-review-warning-clean-driver-build-and-focused-test-e162f6d1433a	src/amd/r300/common/r300_r2vb_producer_manifest.c	main int argc char argv	1	1	1	0	0	1	1	present	3	13a7613d9607af74e40127022979e901d9eef549;4bd28d4e6ddda782e109e29e10d87116f4a45365;3bd7c9fc002ee3e0f46ff0f37c8a7a8605ea2a83		warning-clean-driver-build-and-focused-test	changed-since-review	inspect-path-change-sequence-against-review-claims
work-r300-r2vb-producer-manifest-check-py-def-validate-outdir-path-bfd931d37bd4	history-changed-since-review-python-test-black-and-ruff-f21f1786007a	src/amd/r300/common/tests/r300_r2vb_producer_manifest_check.py	def validate outdir path have b3sum bool none	2	1	1	0	0	1	1	present	1	df19f9f8ce039d894ee7bf5ed0158a873b5720e7	df19f9f8ce039d894ee7bf5ed0158a873b5720e7	python-test-black-and-ruff	changed-since-review	verify-single-path-change-against-review-claims
work-r300-r2vb-producer-pass-c-int-3d9d833517b2	history-changed-since-review-warning-clean-driver-build-and-focused-test-0804750d029c	src/amd/r300/common/r300_r2vb_producer_pass.c	int	1	1	1	0	0	1	1	present	10	13a7613d9607af74e40127022979e901d9eef549;4bd28d4e6ddda782e109e29e10d87116f4a45365;73949599fe6c6eaf1c628f6397d7a131fc3d4805;3bd7c9fc002ee3e0f46ff0f37c8a7a8605ea2a83;e9307acc45eee02601f02b3131cb9ce20fe5be27;df19f9f8ce039d894ee7bf5ed0158a873b5720e7;67ab87ab156a8df979e6af13a3c33e18c804355c;dd879200731e8a3b717fcf95dd5f78d5fd1e3a7f;6594b309ef5ccb3945196308926ce1a2aa893e94;ac11072b3279364cb257784f8129c9aa4fa3df39		warning-clean-driver-build-and-focused-test	changed-since-review	inspect-path-change-sequence-against-review-claims
work-r3v-native-attended-producer-procedure-md-original-line-38-592b332c4c53	history-changed-since-review-documentation-symbol-and-link-check-347f712a80ac	docs/hardware/r3v-native-attended-producer-procedure.md	original line 38	1	1	1	0	0	1	1	present	7	cb3d078ed417e2b566f3f2eb30dad89ca3f552f7;4bd28d4e6ddda782e109e29e10d87116f4a45365;73949599fe6c6eaf1c628f6397d7a131fc3d4805;5e58d1a41314479752bd9e4d865bf69b4c5793ee;3bd7c9fc002ee3e0f46ff0f37c8a7a8605ea2a83;e9307acc45eee02601f02b3131cb9ce20fe5be27;df19f9f8ce039d894ee7bf5ed0158a873b5720e7		documentation-symbol-and-link-check	changed-since-review	inspect-path-change-sequence-against-review-claims
work-r3v-native-attended-producer-procedure-md-original-line-53-ee6f9ff6087b	history-changed-since-review-documentation-symbol-and-link-check-347f712a80ac	docs/hardware/r3v-native-attended-producer-procedure.md	original line 53	1	1	1	0	0	1	1	present	7	cb3d078ed417e2b566f3f2eb30dad89ca3f552f7;4bd28d4e6ddda782e109e29e10d87116f4a45365;73949599fe6c6eaf1c628f6397d7a131fc3d4805;5e58d1a41314479752bd9e4d865bf69b4c5793ee;3bd7c9fc002ee3e0f46ff0f37c8a7a8605ea2a83;e9307acc45eee02601f02b3131cb9ce20fe5be27;df19f9f8ce039d894ee7bf5ed0158a873b5720e7		documentation-symbol-and-link-check	changed-since-review	inspect-path-change-sequence-against-review-claims
work-r3v-native-attended-producer-procedure-md-original-line-56-9913e54a1b70	history-changed-since-review-documentation-symbol-and-link-check-347f712a80ac	docs/hardware/r3v-native-attended-producer-procedure.md	original line 56	1	1	1	0	0	1	1	present	7	cb3d078ed417e2b566f3f2eb30dad89ca3f552f7;4bd28d4e6ddda782e109e29e10d87116f4a45365;73949599fe6c6eaf1c628f6397d7a131fc3d4805;5e58d1a41314479752bd9e4d865bf69b4c5793ee;3bd7c9fc002ee3e0f46ff0f37c8a7a8605ea2a83;e9307acc45eee02601f02b3131cb9ce20fe5be27;df19f9f8ce039d894ee7bf5ed0158a873b5720e7		documentation-symbol-and-link-check	changed-since-review	inspect-path-change-sequence-against-review-claims
work-r3v-native-attended-producer-procedure-md-original-line-67-9ceedfd0aab8	history-changed-since-review-documentation-symbol-and-link-check-347f712a80ac	docs/hardware/r3v-native-attended-producer-procedure.md	original line 67	1	1	1	0	0	1	1	present	7	cb3d078ed417e2b566f3f2eb30dad89ca3f552f7;4bd28d4e6ddda782e109e29e10d87116f4a45365;73949599fe6c6eaf1c628f6397d7a131fc3d4805;5e58d1a41314479752bd9e4d865bf69b4c5793ee;3bd7c9fc002ee3e0f46ff0f37c8a7a8605ea2a83;e9307acc45eee02601f02b3131cb9ce20fe5be27;df19f9f8ce039d894ee7bf5ed0158a873b5720e7		documentation-symbol-and-link-check	changed-since-review	inspect-path-change-sequence-against-review-claims
work-r3v-native-attended-producer-c-original-line-2-322788f83112	history-changed-since-review-warning-clean-driver-build-and-focused-test-013a8ba7586a	src/amd/r300/vulkan/tests/r3v_native_attended_producer.c	original line 2	1	1	1	0	0	1	1	present	3	4bd28d4e6ddda782e109e29e10d87116f4a45365;73949599fe6c6eaf1c628f6397d7a131fc3d4805;3bd7c9fc002ee3e0f46ff0f37c8a7a8605ea2a83		warning-clean-driver-build-and-focused-test	changed-since-review	inspect-path-change-sequence-against-review-claims
work-r3v-native-attended-producer-c-original-line-324-d7af9151b924	history-changed-since-review-warning-clean-driver-build-and-focused-test-013a8ba7586a	src/amd/r300/vulkan/tests/r3v_native_attended_producer.c	original line 324	1	1	1	0	0	1	1	present	3	4bd28d4e6ddda782e109e29e10d87116f4a45365;73949599fe6c6eaf1c628f6397d7a131fc3d4805;3bd7c9fc002ee3e0f46ff0f37c8a7a8605ea2a83		warning-clean-driver-build-and-focused-test	changed-since-review	inspect-path-change-sequence-against-review-claims
work-r3v-native-attended-producer-c-original-line-365-138a10357fc1	history-changed-since-review-warning-clean-driver-build-and-focused-test-013a8ba7586a	src/amd/r300/vulkan/tests/r3v_native_attended_producer.c	original line 365	1	1	1	0	0	1	1	present	3	4bd28d4e6ddda782e109e29e10d87116f4a45365;73949599fe6c6eaf1c628f6397d7a131fc3d4805;3bd7c9fc002ee3e0f46ff0f37c8a7a8605ea2a83		warning-clean-driver-build-and-focused-test	changed-since-review	inspect-path-change-sequence-against-review-claims
work-r3v-native-cell-c-r3v-native-record-direct-write-vkcommandbuffer-a4f0332c89b9	history-changed-since-review-warning-clean-driver-build-and-focused-test-f82aee834d1a	src/amd/r300/vulkan/r3v_native_cell.c	r3v native record direct write vkcommandbuffer commandbuffer	1	1	1	0	0	1	1	present	51	4bd28d4e6ddda782e109e29e10d87116f4a45365;cd28064499a006a46f50f72e39c9c69dab87a7c8;3bd7c9fc002ee3e0f46ff0f37c8a7a8605ea2a83;f3908552caa66be265973da927882d9e92ce6c77;d728839da82e54829f0a2d8005d735c341ed9d95;3757172d5357cd91e512d0cbbbf0f066c4caf77b;d98b0d511f769eae642039b0c58998194b354b07;6e0eb8abf7184d3f0c848a7c63aad5605622916f;f0041520a6dde7486d1d1cd1afda1b8390c80431;ab0615df41c9fe69a2bb5b902ef4371d8c26b623;67ab87ab156a8df979e6af13a3c33e18c804355c;72f79f2c1a39fc65803eeaae870aced6d480a811;fe97343a914ab505bd65be95b129679f7155f38c;e82f3e8aa63f7ed9c2e80f53b78c38d981b0efa9;b5944bc15e925156ca910369ce1f4107b2f3ceb3;dd879200731e8a3b717fcf95dd5f78d5fd1e3a7f;428f6dcbb0e1cd71417e1169c385f9e62f2ac0b7;e50678009138c99f30b83aea23ae083213b8a58c;6594b309ef5ccb3945196308926ce1a2aa893e94;c096215370bdb9dd72176529c0975c271596d5a6;d214e70ed81ffdc8b52ab47be9c8206073cf47ed;41d774592cb536a8f74e5247c9a9a855725b397e;d2b6fe808983612e78eb95cb0000db4e36b38a21;c9bd4e6bc836fe7d172176dd0c977779537d14d5;a190f69df686f6558b0e3ef847ef62793ffcaf50;966ab4bfce7b70d429f659d57c4e91c64a70f7b8;1ad514dc9e39a5ce3e6373bc35fc84c5c95dbb0c;a988c2cf707f0190580ac4099b70670084905be3;300a75557165c988818944e1fef1157d847406bc;ebc8348c2ec8951c28056c17b036a365856cd12a;0f807535cfda5bf35b33bd8869a80d5480b566e4;7d380acb9b92d0de445217a4c35eb53cccc03901;dc60471e58b6198ffe3b065d3164d08a4afa0664;275a5279249d527c349f4dfdd4f93cf66e6123eb;bd7fcf75397e409a3d1e15e595e940d6411dffc3;93ff2e17aeca881926adb92dc6493bb34018be2a;5453c84376b798dd7cc68a5f65defc68037c4b15;13701e615400edf1e437c61df559419793a3088f;84cf229c0d6e290d4a5694efa957454bc04b22c9;eae1df80d9c7db3162ed27614fc74de2325ad665;5f2615641abebc5f1631fb02285d20a93808cbfb;73b4fc07196b5bc9e5505406dfc34f4269407165;c7dae69423791abaefee49603b2d45e62086ac19;c5cc11945f60ddc34a1011b1bde47762a33887ab;64fa102e611a869ea31d47a31fdf72ad84f28711;7dd3f6fbb379de20d3c2c7d983d24523acfdbd84;af766adab77452239b29918eb26f033c0f00b313;31650bf8e57d52a812104aeb6cc60449099a86d1;813f5899cd3d315aa4c84213e5be5101fc03f698;10f9e2fa66fd28b97638124d55113218da2a57d5;51e2926b7cd2deabb3dfc6c09e9e3310abca4159		warning-clean-driver-build-and-focused-test	changed-since-review	inspect-path-change-sequence-against-review-claims
work-r3v-memory-properties-contract-h-original-line-102-4da9a63a7d1e	history-unchanged-since-review-warning-clean-driver-build-and-focused-test-386e4ec442e6	src/amd/r300/vulkan/r3v_memory_properties_contract.h	original line 102	1	1	1	0	1	0	1	present	0			warning-clean-driver-build-and-focused-test	unchanged-since-review	compare-current-code-with-review-claim
work-r3v-memory-properties-contract-h-original-line-2-10360bcf6406	history-unchanged-since-review-warning-clean-driver-build-and-focused-test-386e4ec442e6	src/amd/r300/vulkan/r3v_memory_properties_contract.h	original line 2	1	1	1	0	1	0	1	present	0			warning-clean-driver-build-and-focused-test	unchanged-since-review	compare-current-code-with-review-claim
work-r3v-memory-properties-contract-h-original-line-28-838defddb661	history-unchanged-since-review-warning-clean-driver-build-and-focused-test-386e4ec442e6	src/amd/r300/vulkan/r3v_memory_properties_contract.h	original line 28	1	1	1	0	1	0	1	present	0			warning-clean-driver-build-and-focused-test	unchanged-since-review	compare-current-code-with-review-claim
work-r3v-memory-properties-contract-test-c-original-line-10-48af69cc2b19	history-changed-since-review-warning-clean-driver-build-and-focused-test-78a56d53695c	src/amd/r300/vulkan/tests/r3v_memory_properties_contract_test.c	original line 10	1	1	1	0	0	1	1	present	1	cbe9d2597cdfecf75e6cee9653a499a61957f894	cbe9d2597cdfecf75e6cee9653a499a61957f894	warning-clean-driver-build-and-focused-test	changed-since-review	verify-single-path-change-against-review-claims
work-r3v-memory-properties-contract-test-c-original-line-2-3e3b0e7aab3c	history-changed-since-review-warning-clean-driver-build-and-focused-test-78a56d53695c	src/amd/r300/vulkan/tests/r3v_memory_properties_contract_test.c	original line 2	1	1	1	0	0	1	1	present	1	cbe9d2597cdfecf75e6cee9653a499a61957f894	cbe9d2597cdfecf75e6cee9653a499a61957f894	warning-clean-driver-build-and-focused-test	changed-since-review	verify-single-path-change-against-review-claims
work-radeon-noop-drm-shim-c-test-fd-identity-fallback-int-e13ba3089bd0	history-changed-since-review-warning-clean-build-and-focused-test-7f57ee9e3c1d	src/amd/drm-shim/radeon_noop_drm_shim.c	test fd identity fallback int fd uint16 t expected device id	1	1	1	0	0	1	1	present	6	1ade6f743b0c204a27ba88e6e73852cbb89bce80;c6dbe54869e151f93f0bee8c7752ac0501dc43af;918de2300b09090fe306e171b1c3f9bcec72dd65;400df9e74aeacc6917410a887a3bf33bf5fda167;e52ba950b00cc9449acb20a433b687ee97b8bfb6;7cc2fad09eac2f38dd1cbec2a26f32c7a1366f1b		warning-clean-build-and-focused-test	changed-since-review	inspect-path-change-sequence-against-review-claims
work-meson-build-if-with-tests-and-cc-get-define-cc12c9010c0c	history-changed-since-review-configure-build-and-artifact-check-e3b5f9007219	src/amd/drm-shim/meson.build	if with tests and cc get define	1	1	1	0	0	1	1	present	8	1ade6f743b0c204a27ba88e6e73852cbb89bce80;76df5bc7358b88fd6751ad5f8413f2383338ae6d;918de2300b09090fe306e171b1c3f9bcec72dd65;400df9e74aeacc6917410a887a3bf33bf5fda167;e52ba950b00cc9449acb20a433b687ee97b8bfb6;7cc2fad09eac2f38dd1cbec2a26f32c7a1366f1b;0b426c293ff1703e8fd887d18c69df959451f2c7;e7c80fe34c480cd632acb6b0ea8e3477a92dad43		configure-build-and-artifact-check	changed-since-review	inspect-path-change-sequence-against-review-claims
work-r3v-native-producer-cell-harness-c-original-line-193-3a7b2ba42b7b	history-unchanged-since-review-warning-clean-driver-build-and-focused-test-386e4ec442e6	src/amd/r300/vulkan/tests/r3v_native_producer_cell_harness.c	original line 193	1	1	1	0	1	0	1	present	0			warning-clean-driver-build-and-focused-test	unchanged-since-review	compare-current-code-with-review-claim
work-r3v-native-producer-cell-harness-c-original-line-2-24aa25c7d589	history-unchanged-since-review-warning-clean-driver-build-and-focused-test-386e4ec442e6	src/amd/r300/vulkan/tests/r3v_native_producer_cell_harness.c	original line 2	1	1	1	0	1	0	1	present	0			warning-clean-driver-build-and-focused-test	unchanged-since-review	compare-current-code-with-review-claim
work-r3v-native-producer-cell-harness-c-original-line-561-aa6960905b4e	history-unchanged-since-review-warning-clean-driver-build-and-focused-test-386e4ec442e6	src/amd/r300/vulkan/tests/r3v_native_producer_cell_harness.c	original line 561	1	1	1	0	1	0	1	present	0			warning-clean-driver-build-and-focused-test	unchanged-since-review	compare-current-code-with-review-claim
work-r3v-native-producer-cell-harness-c-original-line-10-1831b5e000fc	history-unchanged-since-review-warning-clean-driver-build-and-focused-test-386e4ec442e6	src/amd/r300/vulkan/tests/r3v_native_producer_cell_harness.c	original line 10	1	1	1	0	1	0	1	present	0			warning-clean-driver-build-and-focused-test	unchanged-since-review	compare-current-code-with-review-claim
work-r3v-native-producer-cell-harness-c-original-line-175-5b56169b5d10	history-unchanged-since-review-warning-clean-driver-build-and-focused-test-386e4ec442e6	src/amd/r300/vulkan/tests/r3v_native_producer_cell_harness.c	original line 175	1	1	1	0	1	0	1	present	0			warning-clean-driver-build-and-focused-test	unchanged-since-review	compare-current-code-with-review-claim
work-r3v-native-producer-cell-harness-c-original-line-334-c38a65a30c96	history-unchanged-since-review-warning-clean-driver-build-and-focused-test-386e4ec442e6	src/amd/r300/vulkan/tests/r3v_native_producer_cell_harness.c	original line 334	1	1	1	0	1	0	1	present	0			warning-clean-driver-build-and-focused-test	unchanged-since-review	compare-current-code-with-review-claim
work-drm-shim-c-copy-open-how-argument-const-struct-open-0ef18f8ff812	history-changed-since-review-warning-clean-build-and-focused-test-0a52c1b51789	src/drm-shim/drm_shim.c	copy open how argument const struct open how how size t how size	1	1	1	0	0	1	1	present	2	0b52c740d47f9aa978dc3b533d0abff921e82d28;05023afc27fcc9fb0637ecacfa425d9fc4263a81		warning-clean-build-and-focused-test	changed-since-review	inspect-path-change-sequence-against-review-claims
work-drm-shim-c-direct-synthetic-path-map-at-int-dirfd-4849143fceb5	history-changed-since-review-warning-clean-build-and-focused-test-0a52c1b51789	src/drm-shim/drm_shim.c	direct synthetic path map at int dirfd const char path	1	1	1	0	0	1	1	present	2	0b52c740d47f9aa978dc3b533d0abff921e82d28;05023afc27fcc9fb0637ecacfa425d9fc4263a81		warning-clean-build-and-focused-test	changed-since-review	inspect-path-change-sequence-against-review-claims
work-drm-shim-c-external-synthetic-transition-at-alloc-int-dirfd-8965b43e7535	history-changed-since-review-warning-clean-build-and-focused-test-0a52c1b51789	src/drm-shim/drm_shim.c	external synthetic transition at alloc int dirfd const char path	1	1	1	0	0	1	1	present	2	0b52c740d47f9aa978dc3b533d0abff921e82d28;05023afc27fcc9fb0637ecacfa425d9fc4263a81		warning-clean-build-and-focused-test	changed-since-review	inspect-path-change-sequence-against-review-claims
work-radeon-noop-drm-shim-residue-check-py-original-line-37-cd8d22bf43df	history-unchanged-since-review-python-test-black-and-ruff-43c6875221d9	src/amd/drm-shim/tests/radeon_noop_drm_shim_residue_check.py	original line 37	1	1	1	0	1	0	1	present	0			python-test-black-and-ruff	unchanged-since-review	compare-current-code-with-review-claim
work-radeon-noop-drm-shim-residue-check-selftest-py-original-line-6ce9526488d6	history-unchanged-since-review-python-test-black-and-ruff-43c6875221d9	src/amd/drm-shim/tests/radeon_noop_drm_shim_residue_check_selftest.py	original line 57	1	1	1	0	1	0	1	present	0			python-test-black-and-ruff	unchanged-since-review	compare-current-code-with-review-claim
work-radeon-noop-drm-shim-residue-check-selftest-py-original-line-c503f34a2d86	history-unchanged-since-review-python-test-black-and-ruff-43c6875221d9	src/amd/drm-shim/tests/radeon_noop_drm_shim_residue_check_selftest.py	original line 65	1	1	1	0	1	0	1	present	0			python-test-black-and-ruff	unchanged-since-review	compare-current-code-with-review-claim
work-r3v-native-producer-arming-runner-c-original-line-2-783a9535fddd	history-changed-since-review-warning-clean-driver-build-and-focused-test-4a4fb80431fa	src/amd/r300/vulkan/tests/r3v_native_producer_arming_runner.c	original line 2	1	1	1	0	0	1	1	present	2	4bd28d4e6ddda782e109e29e10d87116f4a45365;3bd7c9fc002ee3e0f46ff0f37c8a7a8605ea2a83		warning-clean-driver-build-and-focused-test	changed-since-review	inspect-path-change-sequence-against-review-claims
work-r3v-native-producer-arming-runner-c-original-line-28-6f1c1632a879	history-changed-since-review-warning-clean-driver-build-and-focused-test-4a4fb80431fa	src/amd/r300/vulkan/tests/r3v_native_producer_arming_runner.c	original line 28	1	1	1	0	0	1	1	present	2	4bd28d4e6ddda782e109e29e10d87116f4a45365;3bd7c9fc002ee3e0f46ff0f37c8a7a8605ea2a83		warning-clean-driver-build-and-focused-test	changed-since-review	inspect-path-change-sequence-against-review-claims
work-r3v-native-producer-arming-runner-c-original-line-82-a9d6eeeed803	history-changed-since-review-warning-clean-driver-build-and-focused-test-4a4fb80431fa	src/amd/r300/vulkan/tests/r3v_native_producer_arming_runner.c	original line 82	1	1	1	0	0	1	1	present	2	4bd28d4e6ddda782e109e29e10d87116f4a45365;3bd7c9fc002ee3e0f46ff0f37c8a7a8605ea2a83		warning-clean-driver-build-and-focused-test	changed-since-review	inspect-path-change-sequence-against-review-claims
work-r3v-native-producer-arming-runner-check-py-original-line-38-bd421692ef25	history-changed-since-review-python-test-black-and-ruff-f1479b8ce858	src/amd/r300/vulkan/tests/r3v_native_producer_arming_runner_check.py	original line 38	1	1	1	0	0	1	1	present	2	4bd28d4e6ddda782e109e29e10d87116f4a45365;3bd7c9fc002ee3e0f46ff0f37c8a7a8605ea2a83		python-test-black-and-ruff	changed-since-review	inspect-path-change-sequence-against-review-claims
work-r3v-native-attended-producer-procedure-md-carrier-expected-extent-compar-3d67ef27ff9b	history-changed-since-review-documentation-symbol-and-link-check-5328eae180a9	docs/hardware/r3v-native-attended-producer-procedure.md	carrier expected extent compare tail poison retention and refusal of	3	1	1	0	0	1	1	present	5	73949599fe6c6eaf1c628f6397d7a131fc3d4805;5e58d1a41314479752bd9e4d865bf69b4c5793ee;3bd7c9fc002ee3e0f46ff0f37c8a7a8605ea2a83;e9307acc45eee02601f02b3131cb9ce20fe5be27;df19f9f8ce039d894ee7bf5ed0158a873b5720e7		documentation-symbol-and-link-check	changed-since-review	inspect-path-change-sequence-against-review-claims
work-r3v-native-cell-c-r3v-native-producer-cell-install-struct-845eaa0bae88	history-changed-since-review-warning-clean-driver-build-and-focused-test-55f45ecaaffb	src/amd/r300/vulkan/r3v_native_cell.c	r3v native producer cell install struct r3v native cmd buffer cmd buffer	1	1	1	0	0	1	1	present	50	cd28064499a006a46f50f72e39c9c69dab87a7c8;3bd7c9fc002ee3e0f46ff0f37c8a7a8605ea2a83;f3908552caa66be265973da927882d9e92ce6c77;d728839da82e54829f0a2d8005d735c341ed9d95;3757172d5357cd91e512d0cbbbf0f066c4caf77b;d98b0d511f769eae642039b0c58998194b354b07;6e0eb8abf7184d3f0c848a7c63aad5605622916f;f0041520a6dde7486d1d1cd1afda1b8390c80431;ab0615df41c9fe69a2bb5b902ef4371d8c26b623;67ab87ab156a8df979e6af13a3c33e18c804355c;72f79f2c1a39fc65803eeaae870aced6d480a811;fe97343a914ab505bd65be95b129679f7155f38c;e82f3e8aa63f7ed9c2e80f53b78c38d981b0efa9;b5944bc15e925156ca910369ce1f4107b2f3ceb3;dd879200731e8a3b717fcf95dd5f78d5fd1e3a7f;428f6dcbb0e1cd71417e1169c385f9e62f2ac0b7;e50678009138c99f30b83aea23ae083213b8a58c;6594b309ef5ccb3945196308926ce1a2aa893e94;c096215370bdb9dd72176529c0975c271596d5a6;d214e70ed81ffdc8b52ab47be9c8206073cf47ed;41d774592cb536a8f74e5247c9a9a855725b397e;d2b6fe808983612e78eb95cb0000db4e36b38a21;c9bd4e6bc836fe7d172176dd0c977779537d14d5;a190f69df686f6558b0e3ef847ef62793ffcaf50;966ab4bfce7b70d429f659d57c4e91c64a70f7b8;1ad514dc9e39a5ce3e6373bc35fc84c5c95dbb0c;a988c2cf707f0190580ac4099b70670084905be3;300a75557165c988818944e1fef1157d847406bc;ebc8348c2ec8951c28056c17b036a365856cd12a;0f807535cfda5bf35b33bd8869a80d5480b566e4;7d380acb9b92d0de445217a4c35eb53cccc03901;dc60471e58b6198ffe3b065d3164d08a4afa0664;275a5279249d527c349f4dfdd4f93cf66e6123eb;bd7fcf75397e409a3d1e15e595e940d6411dffc3;93ff2e17aeca881926adb92dc6493bb34018be2a;5453c84376b798dd7cc68a5f65defc68037c4b15;13701e615400edf1e437c61df559419793a3088f;84cf229c0d6e290d4a5694efa957454bc04b22c9;eae1df80d9c7db3162ed27614fc74de2325ad665;5f2615641abebc5f1631fb02285d20a93808cbfb;73b4fc07196b5bc9e5505406dfc34f4269407165;c7dae69423791abaefee49603b2d45e62086ac19;c5cc11945f60ddc34a1011b1bde47762a33887ab;64fa102e611a869ea31d47a31fdf72ad84f28711;7dd3f6fbb379de20d3c2c7d983d24523acfdbd84;af766adab77452239b29918eb26f033c0f00b313;31650bf8e57d52a812104aeb6cc60449099a86d1;813f5899cd3d315aa4c84213e5be5101fc03f698;10f9e2fa66fd28b97638124d55113218da2a57d5;51e2926b7cd2deabb3dfc6c09e9e3310abca4159		warning-clean-driver-build-and-focused-test	changed-since-review	inspect-path-change-sequence-against-review-claims
work-r3v-native-producer-arming-runner-check-py-def-main-f7ee8f3da7d5	history-changed-since-review-python-test-black-and-ruff-3157e7a1b2a4	src/amd/r300/vulkan/tests/r3v_native_producer_arming_runner_check.py	def main	2	1	1	0	0	1	1	present	1	3bd7c9fc002ee3e0f46ff0f37c8a7a8605ea2a83	3bd7c9fc002ee3e0f46ff0f37c8a7a8605ea2a83	python-test-black-and-ruff	changed-since-review	verify-single-path-change-against-review-claims
work-meson-build-test-a354f458a42e	history-changed-since-review-configure-build-and-artifact-check-1c5eefa245be	src/amd/r300/common/meson.build	test	2	2	2	0	0	2	2	present	31	cd28064499a006a46f50f72e39c9c69dab87a7c8;3bd7c9fc002ee3e0f46ff0f37c8a7a8605ea2a83;f3908552caa66be265973da927882d9e92ce6c77;80d2ef69e648b4cd9f7319997a9e777eebbbdf46;3a629b5068d7332525037e26755cb9626c05dacb;e2b1e0203445c81f745e389948639929489693d4;b601657bd195eb90d36fcd62244c2f110ae93273;d98b0d511f769eae642039b0c58998194b354b07;7c33b75438441f5f45d6eb28bd10a77de5059333;72f79f2c1a39fc65803eeaae870aced6d480a811;a5029925fb0357c231d21bf4e7b1ee75fdd379ec;fe97343a914ab505bd65be95b129679f7155f38c;715e32e02bf3ac49fba725f297d67c1fcc1204f8;dd879200731e8a3b717fcf95dd5f78d5fd1e3a7f;cb4a85347364abcb36e517adb26ea36fe43e84b4;0cadf1840f5ad4294bda8890310918d74592cb00;4c66f695592786d3fe1b7f7b1aaad1a6b8b78f8f;6594b309ef5ccb3945196308926ce1a2aa893e94;8b62d329392fe3f1100198f88bb6f9ea43ecb61f;d214e70ed81ffdc8b52ab47be9c8206073cf47ed;c9bd4e6bc836fe7d172176dd0c977779537d14d5;9e834dbc3131e3998158efb3a8a7815e1622fce1;99e93170475b3f8ff2dee9784c5a0149f503108e;ac11072b3279364cb257784f8129c9aa4fa3df39;a13d0fb460ac82417fa4a75997014e175752277e;1e7e3d827ac558d04790ca4d6ec5500d6556c974;ffee75be0646f5b9f4dab7abfd84e8746678028f;c5cc11945f60ddc34a1011b1bde47762a33887ab;64fa102e611a869ea31d47a31fdf72ad84f28711;31650bf8e57d52a812104aeb6cc60449099a86d1;813f5899cd3d315aa4c84213e5be5101fc03f698		configure-build-and-artifact-check	changed-since-review	inspect-path-change-sequence-against-review-claims
work-r300-r2vb-reingest-manifest-c-original-line-2-97a3387e4ac7	history-changed-since-review-warning-clean-driver-build-and-focused-test-3fb1c7a63e6e	src/amd/r300/common/r300_r2vb_reingest_manifest.c	original line 2	1	1	1	0	0	1	1	present	1	428f6dcbb0e1cd71417e1169c385f9e62f2ac0b7	428f6dcbb0e1cd71417e1169c385f9e62f2ac0b7	warning-clean-driver-build-and-focused-test	changed-since-review	verify-single-path-change-against-review-claims
work-r3v-native-reingest-arming-runner-check-py-original-line-82-bb6c9241aa72	history-unchanged-since-review-python-test-black-and-ruff-43c6875221d9	src/amd/r300/vulkan/tests/r3v_native_reingest_arming_runner_check.py	original line 82	1	1	1	0	1	0	1	present	0			python-test-black-and-ruff	unchanged-since-review	compare-current-code-with-review-claim
work-run-r2vb-reingest-replay-sh-original-line-49-c06a8f960330	history-unchanged-since-review-shellcheck-and-script-test-6f9d39f181b1	src/amd/r300/common/tests/run_r2vb_reingest_replay.sh	original line 49	1	1	1	0	1	0	1	present	0			shellcheck-and-script-test	unchanged-since-review	compare-current-code-with-review-claim
work-r3v-native-attended-producer-procedure-md-tail-disturbed-0-slot-323ffa4a129d	history-changed-since-review-documentation-symbol-and-link-check-785e4a3ed6ac	docs/hardware/r3v-native-attended-producer-procedure.md	tail disturbed 0 slot 0 byte exact to the delivery identity empty	2	1	1	0	0	1	1	present	4	5e58d1a41314479752bd9e4d865bf69b4c5793ee;3bd7c9fc002ee3e0f46ff0f37c8a7a8605ea2a83;e9307acc45eee02601f02b3131cb9ce20fe5be27;df19f9f8ce039d894ee7bf5ed0158a873b5720e7		documentation-symbol-and-link-check	changed-since-review	inspect-path-change-sequence-against-review-claims
work-r3v-native-attended-reingest-c-main-int-argc-char-argv-83f7735b3455	history-unchanged-since-review-warning-clean-driver-build-and-focused-test-386e4ec442e6	src/amd/r300/vulkan/tests/r3v_native_attended_reingest.c	main int argc char argv	1	1	1	0	1	0	1	present	0			warning-clean-driver-build-and-focused-test	unchanged-since-review	compare-current-code-with-review-claim
work-r300-r2vb-producer-pass-c-r300-r2vb-producer-fp24-sweep-4da87facc12f	history-changed-since-review-warning-clean-driver-build-and-focused-test-046b43a52830	src/amd/r300/common/r300_r2vb_producer_pass.c	r300 r2vb producer fp24 sweep expected uint32 t expected	1	1	1	0	0	1	1	present	6	e9307acc45eee02601f02b3131cb9ce20fe5be27;df19f9f8ce039d894ee7bf5ed0158a873b5720e7;67ab87ab156a8df979e6af13a3c33e18c804355c;dd879200731e8a3b717fcf95dd5f78d5fd1e3a7f;6594b309ef5ccb3945196308926ce1a2aa893e94;ac11072b3279364cb257784f8129c9aa4fa3df39		warning-clean-driver-build-and-focused-test	changed-since-review	inspect-path-change-sequence-against-review-claims
work-r300-us-source-read-h-enum-r300-source-read-model-6087a25848e2	history-changed-since-review-warning-clean-driver-build-and-focused-test-8f6b72d02cc7	src/amd/r300/common/r300_us_source_read.h	enum r300 source read model	1	1	1	0	0	1	1	present	1	1a8033cbeec7650ebd5a0cce7c298aa06d6d67d8	1a8033cbeec7650ebd5a0cce7c298aa06d6d67d8	warning-clean-driver-build-and-focused-test	changed-since-review	verify-single-path-change-against-review-claims
work-r3v-native-attended-producer-procedure-md-exact-wrong-pattern-falsifies-c2af32add322	history-changed-since-review-documentation-symbol-and-link-check-d5b7a906f181	docs/hardware/r3v-native-attended-producer-procedure.md	exact wrong pattern falsifies the exponent window hypothesis itself	1	1	1	0	0	1	1	present	1	df19f9f8ce039d894ee7bf5ed0158a873b5720e7	df19f9f8ce039d894ee7bf5ed0158a873b5720e7	documentation-symbol-and-link-check	changed-since-review	verify-single-path-change-against-review-claims
work-r300-r2vb-float2-tuple-pass-c-original-line-1-bee14b100205	history-changed-since-review-warning-clean-driver-build-and-focused-test-369849f147d6	src/amd/r300/common/r300_r2vb_float2_tuple_pass.c	original line 1	1	1	1	0	0	1	1	present	3	df19f9f8ce039d894ee7bf5ed0158a873b5720e7;d98b0d511f769eae642039b0c58998194b354b07;f0041520a6dde7486d1d1cd1afda1b8390c80431		warning-clean-driver-build-and-focused-test	changed-since-review	inspect-path-change-sequence-against-review-claims
work-r300-r2vb-float2-tuple-pass-c-original-line-323-468f7ae24050	history-changed-since-review-warning-clean-driver-build-and-focused-test-369849f147d6	src/amd/r300/common/r300_r2vb_float2_tuple_pass.c	original line 323	1	1	1	0	0	1	1	present	3	df19f9f8ce039d894ee7bf5ed0158a873b5720e7;d98b0d511f769eae642039b0c58998194b354b07;f0041520a6dde7486d1d1cd1afda1b8390c80431		warning-clean-driver-build-and-focused-test	changed-since-review	inspect-path-change-sequence-against-review-claims
work-run-r2vb-float2-tuple-replay-sh-original-line-53-896422cadf63	history-unchanged-since-review-shellcheck-and-script-test-6f9d39f181b1	src/amd/r300/common/tests/run_r2vb_float2_tuple_replay.sh	original line 53	1	1	1	0	1	0	1	present	0			shellcheck-and-script-test	unchanged-since-review	compare-current-code-with-review-claim
work-r3v-native-attended-float2-tuple-c-original-line-2-a73dd8e05433	history-unchanged-since-review-warning-clean-driver-build-and-focused-test-386e4ec442e6	src/amd/r300/vulkan/tests/r3v_native_attended_float2_tuple.c	original line 2	1	1	1	0	1	0	1	present	0			warning-clean-driver-build-and-focused-test	unchanged-since-review	compare-current-code-with-review-claim
work-r3v-native-attended-float2-tuple-c-original-line-356-2f2d868ef5b3	history-unchanged-since-review-warning-clean-driver-build-and-focused-test-386e4ec442e6	src/amd/r300/vulkan/tests/r3v_native_attended_float2_tuple.c	original line 356	1	1	1	0	1	0	1	present	0			warning-clean-driver-build-and-focused-test	unchanged-since-review	compare-current-code-with-review-claim
work-r3v-native-attended-float2-tuple-procedure-md-original-line-25-85f30a8c16f8	history-changed-since-review-documentation-symbol-and-link-check-2e0711e94ef2	docs/hardware/r3v-native-attended-float2-tuple-procedure.md	original line 25	1	1	1	0	0	1	1	present	4	4fa201b313a260bff2346dfa18dbb7bb007421c2;1ed8ffbc44cce22d980cf942b9704ea7e29cfaf8;df19f9f8ce039d894ee7bf5ed0158a873b5720e7;99abd045014a09f65658f7863a2c59805658eba1		documentation-symbol-and-link-check	changed-since-review	inspect-path-change-sequence-against-review-claims
work-r3v-native-float2-tuple-arming-runner-check-py-original-line-a97abc06db8a	history-unchanged-since-review-python-test-black-and-ruff-43c6875221d9	src/amd/r300/vulkan/tests/r3v_native_float2_tuple_arming_runner_check.py	original line 106	1	1	1	0	1	0	1	present	0			python-test-black-and-ruff	unchanged-since-review	compare-current-code-with-review-claim
work-r3v-native-float2-tuple-cell-harness-c-original-line-240-b0f277bf9f68	history-changed-since-review-warning-clean-driver-build-and-focused-test-870bc27b14b1	src/amd/r300/vulkan/tests/r3v_native_float2_tuple_cell_harness.c	original line 240	1	1	1	0	0	1	1	present	1	3742009c13db4a63b0bcfdb37b1e8f2bc5d04e40	3742009c13db4a63b0bcfdb37b1e8f2bc5d04e40	warning-clean-driver-build-and-focused-test	changed-since-review	verify-single-path-change-against-review-claims
work-r300-pm4-builder-c-r300-pm4-reloc-nop-struct-r300-9487ac93309d	history-changed-since-review-warning-clean-driver-build-and-focused-test-38b03367e8f0	src/amd/r300/common/r300_pm4_builder.c	r300 pm4 reloc nop struct r300 pm4 builder b uint32 t payload	1	1	1	0	0	1	1	present	1	5b7fbd51140acd73c82e5c8d6ff9b9d50e01509b	5b7fbd51140acd73c82e5c8d6ff9b9d50e01509b	warning-clean-driver-build-and-focused-test	changed-since-review	verify-single-path-change-against-review-claims
work-r300-r2vb-fetch-pass-c-original-line-52-4e6657b531ac	history-unchanged-since-review-warning-clean-driver-build-and-focused-test-386e4ec442e6	src/amd/r300/common/r300_r2vb_fetch_pass.c	original line 52	1	1	1	0	1	0	1	present	0			warning-clean-driver-build-and-focused-test	unchanged-since-review	compare-current-code-with-review-claim
work-r300-r2vb-target-state-c-original-line-14-b8fea61266c7	history-unchanged-since-review-warning-clean-driver-build-and-focused-test-386e4ec442e6	src/amd/r300/common/r300_r2vb_target_state.c	original line 14	1	1	1	0	1	0	1	present	0			warning-clean-driver-build-and-focused-test	unchanged-since-review	compare-current-code-with-review-claim
work-r300-pm4-compose-c-original-line-45-23691b3cb161	history-unchanged-since-review-warning-clean-driver-build-and-focused-test-386e4ec442e6	src/amd/r300/common/r300_pm4_compose.c	original line 45	1	1	1	0	1	0	1	present	0			warning-clean-driver-build-and-focused-test	unchanged-since-review	compare-current-code-with-review-claim
work-r300-pm4-compose-c-original-line-57-db468d44f692	history-unchanged-since-review-warning-clean-driver-build-and-focused-test-386e4ec442e6	src/amd/r300/common/r300_pm4_compose.c	original line 57	1	1	1	0	1	0	1	present	0			warning-clean-driver-build-and-focused-test	unchanged-since-review	compare-current-code-with-review-claim
work-r300-pm4-compose-c-original-line-82-a347fdb08ae0	history-unchanged-since-review-warning-clean-driver-build-and-focused-test-386e4ec442e6	src/amd/r300/common/r300_pm4_compose.c	original line 82	1	1	1	0	1	0	1	present	0			warning-clean-driver-build-and-focused-test	unchanged-since-review	compare-current-code-with-review-claim
work-r300-pm4-compose-h-original-line-37-c0b032443e4c	history-unchanged-since-review-warning-clean-driver-build-and-focused-test-386e4ec442e6	src/amd/r300/common/r300_pm4_compose.h	original line 37	1	1	1	0	1	0	1	present	0			warning-clean-driver-build-and-focused-test	unchanged-since-review	compare-current-code-with-review-claim
work-r300-r2vb-reingest-compose-parity-test-c-original-line-109-a8e7ea9893ff	history-changed-since-review-warning-clean-driver-build-and-focused-test-c7b741e7e5ad	src/amd/r300/common/tests/r300_r2vb_reingest_compose_parity_test.c	original line 109	1	1	1	0	0	1	1	present	2	70cb48ff40d83e237df66251480fcc87e9477954;428f6dcbb0e1cd71417e1169c385f9e62f2ac0b7		warning-clean-driver-build-and-focused-test	changed-since-review	inspect-path-change-sequence-against-review-claims
work-r3v-native-attended-float2-tuple-procedure-md-producer-cell-host-00f279c830ed	history-unchanged-since-review-documentation-symbol-and-link-check-4e2cfb6e81eb	docs/hardware/r3v-native-attended-float2-tuple-procedure.md	producer cell host test s ndebug assert erasure segfault fixed in	1	1	1	0	1	0	1	present	0			documentation-symbol-and-link-check	unchanged-since-review	compare-current-code-with-review-claim
work-r300-r2vb-reingest-compose-parity-test-c-main-void-0663bcaf5282	history-changed-since-review-warning-clean-driver-build-and-focused-test-3fb1c7a63e6e	src/amd/r300/common/tests/r300_r2vb_reingest_compose_parity_test.c	main void	1	1	1	0	0	1	1	present	1	428f6dcbb0e1cd71417e1169c385f9e62f2ac0b7	428f6dcbb0e1cd71417e1169c385f9e62f2ac0b7	warning-clean-driver-build-and-focused-test	changed-since-review	verify-single-path-change-against-review-claims
work-r3v-native-status-load-machine-c-original-line-219-e4798369535b	history-changed-since-review-warning-clean-driver-build-and-focused-test-31ff09acc0ae	src/amd/r300/vulkan/tests/r3v_native_status_load_machine.c	original line 219	1	1	1	0	0	1	1	present	2	3757172d5357cd91e512d0cbbbf0f066c4caf77b;660cc3520267a83cf206715053b689e1b222f875		warning-clean-driver-build-and-focused-test	changed-since-review	inspect-path-change-sequence-against-review-claims
work-r3v-native-status-load-machine-c-original-line-24-2cdddcdbd68b	history-changed-since-review-warning-clean-driver-build-and-focused-test-31ff09acc0ae	src/amd/r300/vulkan/tests/r3v_native_status_load_machine.c	original line 24	1	1	1	0	0	1	1	present	2	3757172d5357cd91e512d0cbbbf0f066c4caf77b;660cc3520267a83cf206715053b689e1b222f875		warning-clean-driver-build-and-focused-test	changed-since-review	inspect-path-change-sequence-against-review-claims
work-r3v-native-status-load-machine-c-original-line-253-9a501207c2af	history-changed-since-review-warning-clean-driver-build-and-focused-test-31ff09acc0ae	src/amd/r300/vulkan/tests/r3v_native_status_load_machine.c	original line 253	1	1	1	0	0	1	1	present	2	3757172d5357cd91e512d0cbbbf0f066c4caf77b;660cc3520267a83cf206715053b689e1b222f875		warning-clean-driver-build-and-focused-test	changed-since-review	inspect-path-change-sequence-against-review-claims
work-r3v-native-status-load-machine-c-original-line-92-4881287da589	history-changed-since-review-warning-clean-driver-build-and-focused-test-31ff09acc0ae	src/amd/r300/vulkan/tests/r3v_native_status_load_machine.c	original line 92	1	1	1	0	0	1	1	present	2	3757172d5357cd91e512d0cbbbf0f066c4caf77b;660cc3520267a83cf206715053b689e1b222f875		warning-clean-driver-build-and-focused-test	changed-since-review	inspect-path-change-sequence-against-review-claims
work-r3v-native-status-load-machine-test-c-original-line-368-e6de72baa5db	history-changed-since-review-warning-clean-driver-build-and-focused-test-31ff09acc0ae	src/amd/r300/vulkan/tests/r3v_native_status_load_machine_test.c	original line 368	1	1	1	0	0	1	1	present	2	3757172d5357cd91e512d0cbbbf0f066c4caf77b;660cc3520267a83cf206715053b689e1b222f875		warning-clean-driver-build-and-focused-test	changed-since-review	inspect-path-change-sequence-against-review-claims
work-r300-screen-c-static-void-r300-query-memory-info-struct-c8fd947a65f3	history-changed-since-review-warning-clean-driver-build-and-focused-test-a94b67e74572	src/gallium/drivers/r300/r300_screen.c	static void r300 query memory info struct pipe screen pscreen	1	1	1	0	0	1	1	present	5	ef9a7d3a730fefda515635117e1a34f4eca5e07b;25f47cfc2587ae7d59009f0c9a02ea0338e399ee;57cd7d18c3db8e4e49b94006c5974c1d68dfa5b7;240973ba7c6fc0f77fbf6feb53be359e0f193a4e;3b355908198285831108be57003bdfbd69a796cb		warning-clean-driver-build-and-focused-test	changed-since-review	inspect-path-change-sequence-against-review-claims
work-r3v-native-attended-status-load-float2-tuple-c-original-line-c7a0c9cb6543	history-changed-since-review-warning-clean-driver-build-and-focused-test-d4d6de040103	src/amd/r300/vulkan/tests/r3v_native_attended_status_load_float2_tuple.c	original line 675	1	1	1	0	0	1	1	present	7	d98b0d511f769eae642039b0c58998194b354b07;fb041b5541937a790c971f17cb31807991609d8c;77266cd7905d19db3ad1bc5d8749f7176e4e4749;660cc3520267a83cf206715053b689e1b222f875;b4f6dfe21e9483984a099e2e0ce4dad73381826f;2283b0ab4d43516a53fcd4b93f161b8a4b054fc8;f0041520a6dde7486d1d1cd1afda1b8390c80431		warning-clean-driver-build-and-focused-test	changed-since-review	inspect-path-change-sequence-against-review-claims
work-r3v-native-attended-status-load-float2-tuple-c-original-line-df8de5c5816b	history-changed-since-review-warning-clean-driver-build-and-focused-test-d4d6de040103	src/amd/r300/vulkan/tests/r3v_native_attended_status_load_float2_tuple.c	original line 198	1	1	1	0	0	1	1	present	7	d98b0d511f769eae642039b0c58998194b354b07;fb041b5541937a790c971f17cb31807991609d8c;77266cd7905d19db3ad1bc5d8749f7176e4e4749;660cc3520267a83cf206715053b689e1b222f875;b4f6dfe21e9483984a099e2e0ce4dad73381826f;2283b0ab4d43516a53fcd4b93f161b8a4b054fc8;f0041520a6dde7486d1d1cd1afda1b8390c80431		warning-clean-driver-build-and-focused-test	changed-since-review	inspect-path-change-sequence-against-review-claims
work-r3v-native-attended-status-load-float2-tuple-c-original-line-f54e01d99599	history-changed-since-review-warning-clean-driver-build-and-focused-test-d4d6de040103	src/amd/r300/vulkan/tests/r3v_native_attended_status_load_float2_tuple.c	original line 670	1	1	1	0	0	1	1	present	7	d98b0d511f769eae642039b0c58998194b354b07;fb041b5541937a790c971f17cb31807991609d8c;77266cd7905d19db3ad1bc5d8749f7176e4e4749;660cc3520267a83cf206715053b689e1b222f875;b4f6dfe21e9483984a099e2e0ce4dad73381826f;2283b0ab4d43516a53fcd4b93f161b8a4b054fc8;f0041520a6dde7486d1d1cd1afda1b8390c80431		warning-clean-driver-build-and-focused-test	changed-since-review	inspect-path-change-sequence-against-review-claims
work-r3v-native-serial-cell-harness-c-original-line-127-041f3de92859	history-unchanged-since-review-warning-clean-driver-build-and-focused-test-386e4ec442e6	src/amd/r300/vulkan/tests/r3v_native_serial_cell_harness.c	original line 127	1	1	1	0	1	0	1	present	0			warning-clean-driver-build-and-focused-test	unchanged-since-review	compare-current-code-with-review-claim
work-r3v-native-queue-c-r3v-native-queue-submit-struct-vk-606161d6cc8c	history-changed-since-review-warning-clean-driver-build-and-focused-test-c0a74bdecb2e	src/amd/r300/vulkan/r3v_native_queue.c	r3v native queue submit struct vk queue queue base	17	10	10	0	0	10	10	present	33	d98b0d511f769eae642039b0c58998194b354b07;660cc3520267a83cf206715053b689e1b222f875;b4f6dfe21e9483984a099e2e0ce4dad73381826f;f0041520a6dde7486d1d1cd1afda1b8390c80431;4538830584f03901861c076922b7c8c408df27d4;67ab87ab156a8df979e6af13a3c33e18c804355c;fe97343a914ab505bd65be95b129679f7155f38c;e027bfab7db0f50aea0ce2a58a4cdc6c391aa569;4af44f4212f06b31e8fd5577645a97953b7b3924;94ffda29b9fa054897b6c41a4a177c95c0ca2d0a;6594b309ef5ccb3945196308926ce1a2aa893e94;4eb06a49be58551844a93a51de5639cf64f3558a;99e93170475b3f8ff2dee9784c5a0149f503108e;2a11aa0c8253be67db77dd45cc6f02e8ad4b5c77;adfa7ce2b0e930e3f198f703477c8c0797338246;baf48620c79c19566965936e10cb66c5c1419cf5;26b04af5186ffa9c81c9f86ea67d56a9b2ee9baf;300a75557165c988818944e1fef1157d847406bc;ebc8348c2ec8951c28056c17b036a365856cd12a;ecc21f36cf7893d5fc9ea51a13b33377fe5b11b1;275a5279249d527c349f4dfdd4f93cf66e6123eb;bd7fcf75397e409a3d1e15e595e940d6411dffc3;84cf229c0d6e290d4a5694efa957454bc04b22c9;eae1df80d9c7db3162ed27614fc74de2325ad665;5f2615641abebc5f1631fb02285d20a93808cbfb;73b4fc07196b5bc9e5505406dfc34f4269407165;c7dae69423791abaefee49603b2d45e62086ac19;c5cc11945f60ddc34a1011b1bde47762a33887ab;64fa102e611a869ea31d47a31fdf72ad84f28711;14d41350a7d29ed484b247e119139600650ea080;dc380fd9cddf1f112abf0921f5478bd9142ad359;7dd3f6fbb379de20d3c2c7d983d24523acfdbd84;af766adab77452239b29918eb26f033c0f00b313		warning-clean-driver-build-and-focused-test	changed-since-review	inspect-path-change-sequence-against-review-claims
work-r3v-native-attended-status-load-float2-tuple-c-main-int-fb54988b9c3c	history-changed-since-review-warning-clean-driver-build-and-focused-test-4aeac093426f	src/amd/r300/vulkan/tests/r3v_native_attended_status_load_float2_tuple.c	main int argc char argv	7	3	3	0	0	3	3	present	5	77266cd7905d19db3ad1bc5d8749f7176e4e4749;660cc3520267a83cf206715053b689e1b222f875;b4f6dfe21e9483984a099e2e0ce4dad73381826f;2283b0ab4d43516a53fcd4b93f161b8a4b054fc8;f0041520a6dde7486d1d1cd1afda1b8390c80431		warning-clean-driver-build-and-focused-test	changed-since-review	inspect-path-change-sequence-against-review-claims
work-gitlab-ci-inc-yml-original-line-16-5815e441adad	history-review-source-unavailable-schema-generator-and-mutation-check-fb79240d07a0	src/gallium/drivers/r300/ci/gitlab-ci-inc.yml	original line 16	1	1	0	1	0	0	0	present	0			schema-generator-and-mutation-check	review-source-unavailable	fetch-review-source-or-inspect-retained-diff
work-r300-r2vb-c-original-line-1-894922fba941	history-review-source-unavailable-warning-clean-driver-build-and-focused-test-4a6c98a9bb7e	src/gallium/drivers/r300/r300_r2vb.c	original line 1	1	1	0	1	0	0	0	present	0			warning-clean-driver-build-and-focused-test	review-source-unavailable	fetch-review-source-or-inspect-retained-diff
work-r3v-pipeline-c-original-line-1-4d2bfd508529	history-current-path-missing-warning-clean-driver-build-and-focused-test-ca6057482616	src/amd/r300/vulkan/r3v_pipeline.c	original line 1	1	1	0	1	0	0	0	missing	0			warning-clean-driver-build-and-focused-test	current-path-missing	locate-replacement-or-prove-supersession
work-r300-r2vb-nir-c-original-line-186-2ed3671830cd	history-unchanged-since-review-warning-clean-driver-build-and-focused-test-386e4ec442e6	src/amd/r300/compiler/r300_r2vb_nir.c	original line 186	1	1	1	0	1	0	1	present	0			warning-clean-driver-build-and-focused-test	unchanged-since-review	compare-current-code-with-review-claim
work-r300-pm4-builder-c-r300-pm4-emit-vertex-index-range-a7bc10050f7d	history-unchanged-since-review-warning-clean-driver-build-and-focused-test-386e4ec442e6	src/amd/r300/common/r300_pm4_builder.c	r300 pm4 emit vertex index range struct r300 pm4 builder b	1	1	1	0	1	0	1	present	0			warning-clean-driver-build-and-focused-test	unchanged-since-review	compare-current-code-with-review-claim
work-r3v-native-attended-status-load-float2-tuple-c-op-submit-ab0e3d2c2bb8	history-changed-since-review-warning-clean-driver-build-and-focused-test-c604260dbcb3	src/amd/r300/vulkan/tests/r3v_native_attended_status_load_float2_tuple.c	op submit void ctx uint32 t iteration	1	1	1	0	0	1	1	present	3	b4f6dfe21e9483984a099e2e0ce4dad73381826f;2283b0ab4d43516a53fcd4b93f161b8a4b054fc8;f0041520a6dde7486d1d1cd1afda1b8390c80431		warning-clean-driver-build-and-focused-test	changed-since-review	inspect-path-change-sequence-against-review-claims
work-r3v-native-attended-status-load-float2-tuple-c-sampler-pump-2feaeee9dae6	history-changed-since-review-warning-clean-driver-build-and-focused-test-c604260dbcb3	src/amd/r300/vulkan/tests/r3v_native_attended_status_load_float2_tuple.c	sampler pump struct serial run run int timeout ms	1	1	1	0	0	1	1	present	3	b4f6dfe21e9483984a099e2e0ce4dad73381826f;2283b0ab4d43516a53fcd4b93f161b8a4b054fc8;f0041520a6dde7486d1d1cd1afda1b8390c80431		warning-clean-driver-build-and-focused-test	changed-since-review	inspect-path-change-sequence-against-review-claims
work-r300-cpu-vertex-job-c-original-line-129-b538663f8fb5	history-changed-since-review-warning-clean-driver-build-and-focused-test-d952fbcd8abf	src/amd/r300/cpu/r300_cpu_vertex_job.c	original line 129	1	1	1	0	0	1	1	present	11	9a9fe0890d1b0aa45d846f9a29ea4fce8b3b41f5;a5029925fb0357c231d21bf4e7b1ee75fdd379ec;b87ab13ac5719ffb2a9d90554bd03e395b53763d;29d75924a6eb6e49eaf2598f563207c9259f56ef;e82f3e8aa63f7ed9c2e80f53b78c38d981b0efa9;dd879200731e8a3b717fcf95dd5f78d5fd1e3a7f;e50678009138c99f30b83aea23ae083213b8a58c;d214e70ed81ffdc8b52ab47be9c8206073cf47ed;41d774592cb536a8f74e5247c9a9a855725b397e;d2b6fe808983612e78eb95cb0000db4e36b38a21;c9bd4e6bc836fe7d172176dd0c977779537d14d5		warning-clean-driver-build-and-focused-test	changed-since-review	inspect-path-change-sequence-against-review-claims
work-r300-cpu-vertex-job-c-original-line-179-04739a373024	history-changed-since-review-warning-clean-driver-build-and-focused-test-d952fbcd8abf	src/amd/r300/cpu/r300_cpu_vertex_job.c	original line 179	1	1	1	0	0	1	1	present	11	9a9fe0890d1b0aa45d846f9a29ea4fce8b3b41f5;a5029925fb0357c231d21bf4e7b1ee75fdd379ec;b87ab13ac5719ffb2a9d90554bd03e395b53763d;29d75924a6eb6e49eaf2598f563207c9259f56ef;e82f3e8aa63f7ed9c2e80f53b78c38d981b0efa9;dd879200731e8a3b717fcf95dd5f78d5fd1e3a7f;e50678009138c99f30b83aea23ae083213b8a58c;d214e70ed81ffdc8b52ab47be9c8206073cf47ed;41d774592cb536a8f74e5247c9a9a855725b397e;d2b6fe808983612e78eb95cb0000db4e36b38a21;c9bd4e6bc836fe7d172176dd0c977779537d14d5		warning-clean-driver-build-and-focused-test	changed-since-review	inspect-path-change-sequence-against-review-claims
work-r300-cpu-vertex-job-c-original-line-21-3526a313bbf5	history-changed-since-review-warning-clean-driver-build-and-focused-test-d952fbcd8abf	src/amd/r300/cpu/r300_cpu_vertex_job.c	original line 21	1	1	1	0	0	1	1	present	11	9a9fe0890d1b0aa45d846f9a29ea4fce8b3b41f5;a5029925fb0357c231d21bf4e7b1ee75fdd379ec;b87ab13ac5719ffb2a9d90554bd03e395b53763d;29d75924a6eb6e49eaf2598f563207c9259f56ef;e82f3e8aa63f7ed9c2e80f53b78c38d981b0efa9;dd879200731e8a3b717fcf95dd5f78d5fd1e3a7f;e50678009138c99f30b83aea23ae083213b8a58c;d214e70ed81ffdc8b52ab47be9c8206073cf47ed;41d774592cb536a8f74e5247c9a9a855725b397e;d2b6fe808983612e78eb95cb0000db4e36b38a21;c9bd4e6bc836fe7d172176dd0c977779537d14d5		warning-clean-driver-build-and-focused-test	changed-since-review	inspect-path-change-sequence-against-review-claims
work-r300-vertex-job-nir-c-original-line-203-e67db47e2dc1	history-changed-since-review-warning-clean-driver-build-and-focused-test-265a9d6b1cd1	src/amd/r300/compiler/r300_vertex_job_nir.c	original line 203	1	1	1	0	0	1	1	present	3	29d75924a6eb6e49eaf2598f563207c9259f56ef;c3bf3ce73b810b73e7cec2da91588622ac1ea17b;41d774592cb536a8f74e5247c9a9a855725b397e		warning-clean-driver-build-and-focused-test	changed-since-review	inspect-path-change-sequence-against-review-claims
work-r300-vertex-job-nir-h-original-line-19-07943736b651	history-changed-since-review-warning-clean-driver-build-and-focused-test-f2c51f2e7832	src/amd/r300/compiler/r300_vertex_job_nir.h	original line 19	1	1	1	0	0	1	1	present	3	29d75924a6eb6e49eaf2598f563207c9259f56ef;080060afd9163cfdc80a48bb53b2e70ad98b7488;41d774592cb536a8f74e5247c9a9a855725b397e		warning-clean-driver-build-and-focused-test	changed-since-review	inspect-path-change-sequence-against-review-claims
work-r300-cpu-vertex-job-c-int-r300-cpu-vertex-job-0740e4669a9f	history-changed-since-review-warning-clean-driver-build-and-focused-test-e8dbbc4a64ad	src/amd/r300/cpu/r300_cpu_vertex_job.c	int r300 cpu vertex job execute const struct r300 vertex job job	1	1	1	0	0	1	1	present	10	a5029925fb0357c231d21bf4e7b1ee75fdd379ec;b87ab13ac5719ffb2a9d90554bd03e395b53763d;29d75924a6eb6e49eaf2598f563207c9259f56ef;e82f3e8aa63f7ed9c2e80f53b78c38d981b0efa9;dd879200731e8a3b717fcf95dd5f78d5fd1e3a7f;e50678009138c99f30b83aea23ae083213b8a58c;d214e70ed81ffdc8b52ab47be9c8206073cf47ed;41d774592cb536a8f74e5247c9a9a855725b397e;d2b6fe808983612e78eb95cb0000db4e36b38a21;c9bd4e6bc836fe7d172176dd0c977779537d14d5		warning-clean-driver-build-and-focused-test	changed-since-review	inspect-path-change-sequence-against-review-claims
work-r300-r2vb-float2-tuple-pass-c-static-const-uint32-t-722f21945261	history-unchanged-since-review-warning-clean-driver-build-and-focused-test-386e4ec442e6	src/amd/r300/common/r300_r2vb_float2_tuple_pass.c	static const uint32 t tuple psc ext 8	1	1	1	0	1	0	1	present	0			warning-clean-driver-build-and-focused-test	unchanged-since-review	compare-current-code-with-review-claim
work-r3v-native-burst-cell-harness-c-main-void-4d21aa527654	history-changed-since-review-warning-clean-driver-build-and-focused-test-7e95d7844b23	src/amd/r300/vulkan/tests/r3v_native_burst_cell_harness.c	main void	3	3	3	0	1	2	2	present	2	e82f3e8aa63f7ed9c2e80f53b78c38d981b0efa9;9ebc57897138fd5c4b6ab087a21452da1caf7a56		warning-clean-driver-build-and-focused-test	changed-since-review	inspect-path-change-sequence-against-review-claims
work-run-r2vb-float2-tuple-burst-replay-sh-bundle-bd82899929f0	history-unchanged-since-review-shellcheck-and-script-test-6f9d39f181b1	src/amd/r300/common/tests/run_r2vb_float2_tuple_burst_replay.sh	bundle	1	1	1	0	1	0	1	present	0			shellcheck-and-script-test	unchanged-since-review	compare-current-code-with-review-claim
work-r3v-native-separation-audit-py-original-line-150-d4ef891140af	history-changed-since-review-python-test-black-and-ruff-025f25838055	src/amd/r300/vulkan/tests/r3v_native_separation_audit.py	original line 150	1	1	1	0	0	1	1	present	3	8077376b79a29299a39b37c6178b7a064a9abf29;6c32b4e315c631480f42c9540fd36ec64b0f18e5;23809ecb8d46f6153311d7cfa4419b0c57e88a75		python-test-black-and-ruff	changed-since-review	inspect-path-change-sequence-against-review-claims
work-r3v-native-separation-audit-py-original-line-180-0030b932fdbd	history-changed-since-review-python-test-black-and-ruff-025f25838055	src/amd/r300/vulkan/tests/r3v_native_separation_audit.py	original line 180	1	1	1	0	0	1	1	present	3	8077376b79a29299a39b37c6178b7a064a9abf29;6c32b4e315c631480f42c9540fd36ec64b0f18e5;23809ecb8d46f6153311d7cfa4419b0c57e88a75		python-test-black-and-ruff	changed-since-review	inspect-path-change-sequence-against-review-claims
work-r3v-native-separation-audit-py-original-line-72-99117368a48a	history-changed-since-review-python-test-black-and-ruff-025f25838055	src/amd/r300/vulkan/tests/r3v_native_separation_audit.py	original line 72	1	1	1	0	0	1	1	present	3	8077376b79a29299a39b37c6178b7a064a9abf29;6c32b4e315c631480f42c9540fd36ec64b0f18e5;23809ecb8d46f6153311d7cfa4419b0c57e88a75		python-test-black-and-ruff	changed-since-review	inspect-path-change-sequence-against-review-claims
work-r3v-physical-device-c-original-line-30-3678a66b20b4	history-changed-since-review-warning-clean-driver-build-and-focused-test-184a65e60920	src/amd/r300/vulkan/r3v_physical_device.c	original line 30	1	1	1	0	0	1	1	present	24	29d75924a6eb6e49eaf2598f563207c9259f56ef;4af44f4212f06b31e8fd5577645a97953b7b3924;080060afd9163cfdc80a48bb53b2e70ad98b7488;0b9e0af087f3a19d1f08d6b5b8e520f736ea3293;57cd7d18c3db8e4e49b94006c5974c1d68dfa5b7;8077376b79a29299a39b37c6178b7a064a9abf29;24e9863bb0a297de10298b8de7a33e6cfcbbd986;e50678009138c99f30b83aea23ae083213b8a58c;41d774592cb536a8f74e5247c9a9a855725b397e;a988c2cf707f0190580ac4099b70670084905be3;b6df2f8ef84dda8b2c505b389e50e3faadada672;a015140709531fdfbb364921ce32e9c3fa56c14c;23809ecb8d46f6153311d7cfa4419b0c57e88a75;a3d731fddaf773e547e3a057a93394025833e651;8e1387b5c97e329dd7b12f9937d691611c40f63e;e68f40792d4bbdcc1961cae439a8b0264c25c9ce;d2b2d888ed784999a7c90886228532021b52d268;13683abd6ad3fcbf0d052d1a63b24793b59211fa;1d0ecc2e4930d7ebb2c0c0cfb2bf577f02c885b8;ebc8348c2ec8951c28056c17b036a365856cd12a;bd7fcf75397e409a3d1e15e595e940d6411dffc3;93ff2e17aeca881926adb92dc6493bb34018be2a;5453c84376b798dd7cc68a5f65defc68037c4b15;3bfafd1e35a20b7024389b1ae47af94d979e27fd		warning-clean-driver-build-and-focused-test	changed-since-review	inspect-path-change-sequence-against-review-claims
work-r3v-implementation-boundaries-md-r2vb-migration-follows-the-fixed-triang-7784fa8affab	history-changed-since-review-documentation-symbol-and-link-check-fa90901663ec	docs/hardware/r3v-implementation-boundaries.md	r2vb migration follows the fixed triangle and cpu route	5	1	1	0	0	1	1	present	27	72f79f2c1a39fc65803eeaae870aced6d480a811;a5029925fb0357c231d21bf4e7b1ee75fdd379ec;b87ab13ac5719ffb2a9d90554bd03e395b53763d;6bea7436da734ace2cd7e654c6487a4ee08151cb;e82f3e8aa63f7ed9c2e80f53b78c38d981b0efa9;b5944bc15e925156ca910369ce1f4107b2f3ceb3;873da3b8e03dbeea1e9f1fc3ff69a7b41a4b68c5;4af44f4212f06b31e8fd5577645a97953b7b3924;080060afd9163cfdc80a48bb53b2e70ad98b7488;91836a959f1cfda67e5c78a812bc0d90d0a03e90;d214e70ed81ffdc8b52ab47be9c8206073cf47ed;6bec0aa6fbf13ffedd6b43e5cbf2fd5220b34e9c;41d774592cb536a8f74e5247c9a9a855725b397e;d2b6fe808983612e78eb95cb0000db4e36b38a21;c9bd4e6bc836fe7d172176dd0c977779537d14d5;9e834dbc3131e3998158efb3a8a7815e1622fce1;99e93170475b3f8ff2dee9784c5a0149f503108e;d02bda1a06e35e35f08127a42ace08a0052e6351;0bb1427b518fc30fd6383d39cfe7485beb1b273b;74023eb71b34141ce214b337349fdcec650e7c94;8e1387b5c97e329dd7b12f9937d691611c40f63e;60ae71b6e75360b9cc12dd4b524381da9da7feb4;1a5c07ce10d5efc8592101374468c787899d084b;7dd3f6fbb379de20d3c2c7d983d24523acfdbd84;af766adab77452239b29918eb26f033c0f00b313;31650bf8e57d52a812104aeb6cc60449099a86d1;813f5899cd3d315aa4c84213e5be5101fc03f698		documentation-symbol-and-link-check	changed-since-review	inspect-path-change-sequence-against-review-claims
work-r3v-native-attended-public-gpu-producer-c-original-line-660-8f50a3dc25da	history-changed-since-review-warning-clean-driver-build-and-focused-test-8b5dbe1466f3	src/amd/r300/vulkan/tests/r3v_native_attended_public_gpu_producer.c	original line 660	1	1	1	0	0	1	1	present	3	98d7e02bdbc8f23a6484f9390241f4d3fd8e5389;7fc0c23a20f73941a8bb42ff5bca657873683811;01cce6697e2122401327f7dbc7d873adb7b0a897		warning-clean-driver-build-and-focused-test	changed-since-review	inspect-path-change-sequence-against-review-claims
work-r3v-native-attended-public-gpu-producer-c-original-line-706-04c4fad575d9	history-changed-since-review-warning-clean-driver-build-and-focused-test-8b5dbe1466f3	src/amd/r300/vulkan/tests/r3v_native_attended_public_gpu_producer.c	original line 706	1	1	1	0	0	1	1	present	3	98d7e02bdbc8f23a6484f9390241f4d3fd8e5389;7fc0c23a20f73941a8bb42ff5bca657873683811;01cce6697e2122401327f7dbc7d873adb7b0a897		warning-clean-driver-build-and-focused-test	changed-since-review	inspect-path-change-sequence-against-review-claims
work-r3v-native-cell-c-r3v-native-deferred-draw-admit-gpu-6dd3e8545a1b	history-changed-since-review-warning-clean-driver-build-and-focused-test-30e6be532880	src/amd/r300/vulkan/r3v_native_cell.c	r3v native deferred draw admit gpu producer	2	2	2	0	0	2	2	present	39	fe97343a914ab505bd65be95b129679f7155f38c;e82f3e8aa63f7ed9c2e80f53b78c38d981b0efa9;b5944bc15e925156ca910369ce1f4107b2f3ceb3;dd879200731e8a3b717fcf95dd5f78d5fd1e3a7f;428f6dcbb0e1cd71417e1169c385f9e62f2ac0b7;e50678009138c99f30b83aea23ae083213b8a58c;6594b309ef5ccb3945196308926ce1a2aa893e94;c096215370bdb9dd72176529c0975c271596d5a6;d214e70ed81ffdc8b52ab47be9c8206073cf47ed;41d774592cb536a8f74e5247c9a9a855725b397e;d2b6fe808983612e78eb95cb0000db4e36b38a21;c9bd4e6bc836fe7d172176dd0c977779537d14d5;a190f69df686f6558b0e3ef847ef62793ffcaf50;966ab4bfce7b70d429f659d57c4e91c64a70f7b8;1ad514dc9e39a5ce3e6373bc35fc84c5c95dbb0c;a988c2cf707f0190580ac4099b70670084905be3;300a75557165c988818944e1fef1157d847406bc;ebc8348c2ec8951c28056c17b036a365856cd12a;0f807535cfda5bf35b33bd8869a80d5480b566e4;7d380acb9b92d0de445217a4c35eb53cccc03901;dc60471e58b6198ffe3b065d3164d08a4afa0664;275a5279249d527c349f4dfdd4f93cf66e6123eb;bd7fcf75397e409a3d1e15e595e940d6411dffc3;93ff2e17aeca881926adb92dc6493bb34018be2a;5453c84376b798dd7cc68a5f65defc68037c4b15;13701e615400edf1e437c61df559419793a3088f;84cf229c0d6e290d4a5694efa957454bc04b22c9;eae1df80d9c7db3162ed27614fc74de2325ad665;5f2615641abebc5f1631fb02285d20a93808cbfb;73b4fc07196b5bc9e5505406dfc34f4269407165;c7dae69423791abaefee49603b2d45e62086ac19;c5cc11945f60ddc34a1011b1bde47762a33887ab;64fa102e611a869ea31d47a31fdf72ad84f28711;7dd3f6fbb379de20d3c2c7d983d24523acfdbd84;af766adab77452239b29918eb26f033c0f00b313;31650bf8e57d52a812104aeb6cc60449099a86d1;813f5899cd3d315aa4c84213e5be5101fc03f698;10f9e2fa66fd28b97638124d55113218da2a57d5;51e2926b7cd2deabb3dfc6c09e9e3310abca4159		warning-clean-driver-build-and-focused-test	changed-since-review	inspect-path-change-sequence-against-review-claims
work-r3v-native-public-gpu-producer-arming-runner-check-py-original-3b3b94ad9cd0	history-unchanged-since-review-python-test-black-and-ruff-43c6875221d9	src/amd/r300/vulkan/tests/r3v_native_public_gpu_producer_arming_runner_check.py	original line 141	1	1	1	0	1	0	1	present	0			python-test-black-and-ruff	unchanged-since-review	compare-current-code-with-review-claim
work-r3v-native-attended-public-gpu-producer-c-main-int-argc-912f341d9dd8	history-changed-since-review-warning-clean-driver-build-and-focused-test-19920355a03d	src/amd/r300/vulkan/tests/r3v_native_attended_public_gpu_producer.c	main int argc char argv	1	1	1	0	0	1	1	present	2	7fc0c23a20f73941a8bb42ff5bca657873683811;01cce6697e2122401327f7dbc7d873adb7b0a897		warning-clean-driver-build-and-focused-test	changed-since-review	inspect-path-change-sequence-against-review-claims
work-r3v-native-attended-public-gpu-producer-procedure-md-this-document-6cca234cd89c	history-unchanged-since-review-documentation-symbol-and-link-check-4e2cfb6e81eb	docs/hardware/r3v-native-attended-public-gpu-producer-procedure.md	this document adds only what the public route changes	1	1	1	0	1	0	1	present	0			documentation-symbol-and-link-check	unchanged-since-review	compare-current-code-with-review-claim
work-claude-md-original-line-7-fcdb94b0b1ef	history-changed-since-review-documentation-symbol-and-link-check-e9ed2ec9fa71	build-infra/CLAUDE.md	original line 7	1	1	1	0	0	1	1	present	3	4420389af742cd6354dceac2584fd4fd8ad74ec8;292c0318de096554d204725077710d177a3196f2;f743d0f9bec6e673cdd09dfd4554172aaa9b01c7		documentation-symbol-and-link-check	changed-since-review	inspect-path-change-sequence-against-review-claims
work-r3v-native-object-c-r3v-native-validate-mapped-ranges-struct-fb8313134b68	history-changed-since-review-warning-clean-driver-build-and-focused-test-a44d960ce768	src/amd/r300/vulkan/r3v_native_object.c	r3v native validate mapped ranges struct r3v native device device	1	1	1	0	0	1	1	present	6	5d0992daca915871d0a01d2e1bcedf53a8c9c76e;4af44f4212f06b31e8fd5577645a97953b7b3924;981dd80e8b679a8d6ba06b532d8ce1aecbb7a653;2a11aa0c8253be67db77dd45cc6f02e8ad4b5c77;adfa7ce2b0e930e3f198f703477c8c0797338246;13683abd6ad3fcbf0d052d1a63b24793b59211fa		warning-clean-driver-build-and-focused-test	changed-since-review	inspect-path-change-sequence-against-review-claims
work-meson-build-if-with-tests-0d619494ec18	history-changed-since-review-configure-build-and-artifact-check-fb1b65b6654a	src/amd/r300/cpu/meson.build	if with tests	1	1	1	0	0	1	1	present	5	29d75924a6eb6e49eaf2598f563207c9259f56ef;4af44f4212f06b31e8fd5577645a97953b7b3924;dd879200731e8a3b717fcf95dd5f78d5fd1e3a7f;b6ea89213c0ca1b4bd1e70d6678a3766554aaa2a;4dbdf525e95ef176f2323ef5ea6ec14dbd264356		configure-build-and-artifact-check	changed-since-review	inspect-path-change-sequence-against-review-claims
work-r300-cpu-vertex-job-bench-c-original-line-488-ae49204e157d	history-changed-since-review-warning-clean-driver-build-and-focused-test-1af33e038988	src/amd/r300/cpu/tests/r300_cpu_vertex_job_bench.c	original line 488	1	1	1	0	0	1	1	present	7	b87ab13ac5719ffb2a9d90554bd03e395b53763d;080060afd9163cfdc80a48bb53b2e70ad98b7488;dd879200731e8a3b717fcf95dd5f78d5fd1e3a7f;41d774592cb536a8f74e5247c9a9a855725b397e;4420389af742cd6354dceac2584fd4fd8ad74ec8;292c0318de096554d204725077710d177a3196f2;f743d0f9bec6e673cdd09dfd4554172aaa9b01c7		warning-clean-driver-build-and-focused-test	changed-since-review	inspect-path-change-sequence-against-review-claims
work-r3v-native-public-surface-harness-c-main-void-9ef80fd09665	history-changed-since-review-warning-clean-driver-build-and-focused-test-a2a9aed8169a	src/amd/r300/vulkan/tests/r3v_native_public_surface_harness.c	main void	3	2	2	0	0	2	2	present	40	e82f3e8aa63f7ed9c2e80f53b78c38d981b0efa9;94ffda29b9fa054897b6c41a4a177c95c0ca2d0a;41d774592cb536a8f74e5247c9a9a855725b397e;a190f69df686f6558b0e3ef847ef62793ffcaf50;98959caa8f8f735899b1d1390d650d1ae450887e;8576d34d1deb01144c123a2e7066abbf52bdcfc9;812cf7df40581a3ccb779baf92fe18a83a552220;2e18300a2b42035a97b5fd350656b99cb9dbd7e0;8e1387b5c97e329dd7b12f9937d691611c40f63e;ebc8348c2ec8951c28056c17b036a365856cd12a;0f807535cfda5bf35b33bd8869a80d5480b566e4;7d380acb9b92d0de445217a4c35eb53cccc03901;dc60471e58b6198ffe3b065d3164d08a4afa0664;dced3e68e922a69e6eaefced4cebab206b1d7af2;ecc21f36cf7893d5fc9ea51a13b33377fe5b11b1;f7b2fe40e4b338b69843d457db428000f56fb7b7;275a5279249d527c349f4dfdd4f93cf66e6123eb;5453c84376b798dd7cc68a5f65defc68037c4b15;3bfafd1e35a20b7024389b1ae47af94d979e27fd;682648a30f9fe5db7f18772bd953af2e44099437;393cb870255352a00fc9859f2d6624e3f10b2b87;73b4fc07196b5bc9e5505406dfc34f4269407165;c7dae69423791abaefee49603b2d45e62086ac19;937dbcb62ff8173c66e94e0e89322442915f9c14;fcf09c5b472f9c2b301ea08e9859551ae9d075fb;c5cc11945f60ddc34a1011b1bde47762a33887ab;64fa102e611a869ea31d47a31fdf72ad84f28711;a4c39ca2b71127b4a9ffe6a3e524428977fc7c61;8e4c01d4aaf5dbfe222d2bd3763b7ca906eb129c;14d41350a7d29ed484b247e119139600650ea080;dc380fd9cddf1f112abf0921f5478bd9142ad359;7dd3f6fbb379de20d3c2c7d983d24523acfdbd84;af766adab77452239b29918eb26f033c0f00b313;4337fab9b7e51ae23d0c1db75c0c107ec1a20f29;c3f310b429a8061a7eda94441b306c7b999d5ebc;10f9e2fa66fd28b97638124d55113218da2a57d5;51e2926b7cd2deabb3dfc6c09e9e3310abca4159;2232b3ab7b2baef2666bd3f5bf23193e0af2f86e;23003871b2dd06b940512aade2f283c45e1e804a;ae2e0183f6953f872bb04b6b929b374b6f8ac1ae		warning-clean-driver-build-and-focused-test	changed-since-review	inspect-path-change-sequence-against-review-claims
work-r300-cpu-vertex-job-c-static-uint32-t-float-result-20a5f2f9a401	history-changed-since-review-warning-clean-driver-build-and-focused-test-fae2cc3a6f99	src/amd/r300/cpu/r300_cpu_vertex_job.c	static uint32 t float result to bits float value	1	1	1	0	0	1	1	present	7	e82f3e8aa63f7ed9c2e80f53b78c38d981b0efa9;dd879200731e8a3b717fcf95dd5f78d5fd1e3a7f;e50678009138c99f30b83aea23ae083213b8a58c;d214e70ed81ffdc8b52ab47be9c8206073cf47ed;41d774592cb536a8f74e5247c9a9a855725b397e;d2b6fe808983612e78eb95cb0000db4e36b38a21;c9bd4e6bc836fe7d172176dd0c977779537d14d5		warning-clean-driver-build-and-focused-test	changed-since-review	inspect-path-change-sequence-against-review-claims
work-r300-zb-depth-control-cell-h-original-line-103-2bdd7fa80890	history-unchanged-since-review-warning-clean-driver-build-and-focused-test-386e4ec442e6	src/amd/r300/common/r300_zb_depth_control_cell.h	original line 103	1	1	1	0	1	0	1	present	0			warning-clean-driver-build-and-focused-test	unchanged-since-review	compare-current-code-with-review-claim
work-r3v-native-attended-zb-depth-control-c-original-line-12-7ad42ef8f055	history-unchanged-since-review-warning-clean-driver-build-and-focused-test-386e4ec442e6	src/amd/r300/vulkan/tests/r3v_native_attended_zb_depth_control.c	original line 12	1	1	1	0	1	0	1	present	0			warning-clean-driver-build-and-focused-test	unchanged-since-review	compare-current-code-with-review-claim
work-r3v-native-attended-zb-depth-control-c-original-line-126-fcc45122f8cb	history-unchanged-since-review-warning-clean-driver-build-and-focused-test-386e4ec442e6	src/amd/r300/vulkan/tests/r3v_native_attended_zb_depth_control.c	original line 126	1	1	1	0	1	0	1	present	0			warning-clean-driver-build-and-focused-test	unchanged-since-review	compare-current-code-with-review-claim
work-r3v-native-attended-zb-depth-control-c-original-line-382-a96e9cae3dc6	history-unchanged-since-review-warning-clean-driver-build-and-focused-test-386e4ec442e6	src/amd/r300/vulkan/tests/r3v_native_attended_zb_depth_control.c	original line 382	1	1	1	0	1	0	1	present	0			warning-clean-driver-build-and-focused-test	unchanged-since-review	compare-current-code-with-review-claim
work-r3v-native-zb-depth-control-harness-c-original-line-195-b9bf1276c6ed	history-unchanged-since-review-warning-clean-driver-build-and-focused-test-386e4ec442e6	src/amd/r300/vulkan/tests/r3v_native_zb_depth_control_harness.c	original line 195	1	1	1	0	1	0	1	present	0			warning-clean-driver-build-and-focused-test	unchanged-since-review	compare-current-code-with-review-claim
work-r3v-native-zb-depth-control-harness-c-original-line-373-846e8cc0585c	history-unchanged-since-review-warning-clean-driver-build-and-focused-test-386e4ec442e6	src/amd/r300/vulkan/tests/r3v_native_zb_depth_control_harness.c	original line 373	1	1	1	0	1	0	1	present	0			warning-clean-driver-build-and-focused-test	unchanged-since-review	compare-current-code-with-review-claim
work-run-zb-depth-control-replay-sh-original-line-68-79ff64cf2289	history-unchanged-since-review-shellcheck-and-script-test-6f9d39f181b1	src/amd/r300/common/tests/run_zb_depth_control_replay.sh	original line 68	1	1	1	0	1	0	1	present	0			shellcheck-and-script-test	unchanged-since-review	compare-current-code-with-review-claim
work-r3v-native-attended-route-dispatch-timing-c-original-line-713-530ee31cd823	history-changed-since-review-warning-clean-driver-build-and-focused-test-f6581fbc9d61	src/amd/r300/vulkan/tests/r3v_native_attended_route_dispatch_timing.c	original line 713	1	1	1	0	0	1	1	present	5	e027bfab7db0f50aea0ce2a58a4cdc6c391aa569;c1b300de0ca29571a93b6d99a1cf0e4d7fb9bae2;4eb06a49be58551844a93a51de5639cf64f3558a;7dd3f6fbb379de20d3c2c7d983d24523acfdbd84;af766adab77452239b29918eb26f033c0f00b313		warning-clean-driver-build-and-focused-test	changed-since-review	inspect-path-change-sequence-against-review-claims
work-r3v-native-attended-route-dispatch-timing-c-original-line-774-9c134032c702	history-changed-since-review-warning-clean-driver-build-and-focused-test-f6581fbc9d61	src/amd/r300/vulkan/tests/r3v_native_attended_route_dispatch_timing.c	original line 774	1	1	1	0	0	1	1	present	5	e027bfab7db0f50aea0ce2a58a4cdc6c391aa569;c1b300de0ca29571a93b6d99a1cf0e4d7fb9bae2;4eb06a49be58551844a93a51de5639cf64f3558a;7dd3f6fbb379de20d3c2c7d983d24523acfdbd84;af766adab77452239b29918eb26f033c0f00b313		warning-clean-driver-build-and-focused-test	changed-since-review	inspect-path-change-sequence-against-review-claims
work-pkgbuild-link-into-usr-05754d71c4ad	history-changed-since-review-repository-native-focused-check-19901e2f4658	build-infra/packaging/mesa-gororoba-debug-optimized/PKGBUILD	link into usr	3	2	2	0	0	2	2	present	12	24ed1649a19ca58c31f0b37e531e075b60c26115;a057c592519230f4f23e08661a70dbce45ca8428;0ee977e1035c63e9cb339e51a2abf48bf1371dba;8077376b79a29299a39b37c6178b7a064a9abf29;229aaf2d4d56d53ab8ef75875b689fc6136975d9;b994e46a625267a56a6e78ad074d11c2ac5c0296;74e1dd755b905828dd9098207d8d63d77f87e8c8;4420389af742cd6354dceac2584fd4fd8ad74ec8;292c0318de096554d204725077710d177a3196f2;f743d0f9bec6e673cdd09dfd4554172aaa9b01c7;217378421cb218e216d5f4d135101c25a7892a3b;4b965810d471ad11a2c94369a9f75dd127651c3f		repository-native-focused-check	changed-since-review	inspect-path-change-sequence-against-review-claims
work-r3v-native-attended-route-dispatch-timing-c-main-int-argc-a96b4aadbee5	history-changed-since-review-warning-clean-driver-build-and-focused-test-7477189eb3e1	src/amd/r300/vulkan/tests/r3v_native_attended_route_dispatch_timing.c	main int argc char argv	2	2	2	0	0	2	2	present	4	c1b300de0ca29571a93b6d99a1cf0e4d7fb9bae2;4eb06a49be58551844a93a51de5639cf64f3558a;7dd3f6fbb379de20d3c2c7d983d24523acfdbd84;af766adab77452239b29918eb26f033c0f00b313		warning-clean-driver-build-and-focused-test	changed-since-review	inspect-path-change-sequence-against-review-claims
work-pkgbuild-check-9c1cc6d665fe	history-changed-since-review-repository-native-focused-check-fee0c216ba0e	build-infra/packaging/mesa-gororoba-debug-optimized/PKGBUILD	check	1	1	1	0	0	1	1	present	11	a057c592519230f4f23e08661a70dbce45ca8428;0ee977e1035c63e9cb339e51a2abf48bf1371dba;8077376b79a29299a39b37c6178b7a064a9abf29;229aaf2d4d56d53ab8ef75875b689fc6136975d9;b994e46a625267a56a6e78ad074d11c2ac5c0296;74e1dd755b905828dd9098207d8d63d77f87e8c8;4420389af742cd6354dceac2584fd4fd8ad74ec8;292c0318de096554d204725077710d177a3196f2;f743d0f9bec6e673cdd09dfd4554172aaa9b01c7;217378421cb218e216d5f4d135101c25a7892a3b;4b965810d471ad11a2c94369a9f75dd127651c3f		repository-native-focused-check	changed-since-review	inspect-path-change-sequence-against-review-claims
work-r3v-qualification-inventory-py-def-evaluate-registered-set-str-options-3f7d4c7e2fb6	history-changed-since-review-python-test-black-and-ruff-b5a9c7d67a34	src/amd/r300/vulkan/tests/r3v_qualification_inventory.py	def evaluate registered set str options dict str object	1	1	1	0	0	1	1	present	49	24ed1649a19ca58c31f0b37e531e075b60c26115;4af44f4212f06b31e8fd5577645a97953b7b3924;080060afd9163cfdc80a48bb53b2e70ad98b7488;b6ea89213c0ca1b4bd1e70d6678a3766554aaa2a;4dbdf525e95ef176f2323ef5ea6ec14dbd264356;cb4a85347364abcb36e517adb26ea36fe43e84b4;0cadf1840f5ad4294bda8890310918d74592cb00;31b26494ea6bf9ca45670b492faf35bdce54ffb9;cde81528e7a80308a3fa1932924503d9410ab8a4;9ebc57897138fd5c4b6ab087a21452da1caf7a56;5a892d595928bdae0378d0f6562de020d02373e6;676da21429d31d76dbadd7a56ed9421708d944c3;79f1a5a2c02c6e6f3b6784b3fe89dd24a230175e;9376af93bbcc443f0d76f6ef0e15c925a8c768ec;5a2ef1ef3ab5a26292f24533787efd9dd00026e0;57cd7d18c3db8e4e49b94006c5974c1d68dfa5b7;8077376b79a29299a39b37c6178b7a064a9abf29;cf515799baad6cc3d9a607bafca9116513e950fc;2fbcf6fb2853932c290283d609f8afea05107ff3;c1c76da5053cb35655bd2c46a95fe027fb255e60;e50678009138c99f30b83aea23ae083213b8a58c;6594b309ef5ccb3945196308926ce1a2aa893e94;7fc0c23a20f73941a8bb42ff5bca657873683811;c096215370bdb9dd72176529c0975c271596d5a6;01cce6697e2122401327f7dbc7d873adb7b0a897;4eb06a49be58551844a93a51de5639cf64f3558a;d214e70ed81ffdc8b52ab47be9c8206073cf47ed;41d774592cb536a8f74e5247c9a9a855725b397e;d2b6fe808983612e78eb95cb0000db4e36b38a21;c9bd4e6bc836fe7d172176dd0c977779537d14d5;9e834dbc3131e3998158efb3a8a7815e1622fce1;99e93170475b3f8ff2dee9784c5a0149f503108e;d02bda1a06e35e35f08127a42ace08a0052e6351;0bb1427b518fc30fd6383d39cfe7485beb1b273b;a13d0fb460ac82417fa4a75997014e175752277e;1e7e3d827ac558d04790ca4d6ec5500d6556c974;966ab4bfce7b70d429f659d57c4e91c64a70f7b8;1ad514dc9e39a5ce3e6373bc35fc84c5c95dbb0c;a988c2cf707f0190580ac4099b70670084905be3;812cf7df40581a3ccb779baf92fe18a83a552220;4420389af742cd6354dceac2584fd4fd8ad74ec8;292c0318de096554d204725077710d177a3196f2;f743d0f9bec6e673cdd09dfd4554172aaa9b01c7;31650bf8e57d52a812104aeb6cc60449099a86d1;813f5899cd3d315aa4c84213e5be5101fc03f698;4337fab9b7e51ae23d0c1db75c0c107ec1a20f29;c3f310b429a8061a7eda94441b306c7b999d5ebc;10f9e2fa66fd28b97638124d55113218da2a57d5;51e2926b7cd2deabb3dfc6c09e9e3310abca4159		python-test-black-and-ruff	changed-since-review	inspect-path-change-sequence-against-review-claims
work-r3v-native-burst-cell-harness-c-run-burst-leg-vkinstance-aa8bd4a0156f	history-changed-since-review-warning-clean-driver-build-and-focused-test-9178630a0fde	src/amd/r300/vulkan/tests/r3v_native_burst_cell_harness.c	run burst leg vkinstance instance	1	1	1	0	0	1	1	present	1	9ebc57897138fd5c4b6ab087a21452da1caf7a56	9ebc57897138fd5c4b6ab087a21452da1caf7a56	warning-clean-driver-build-and-focused-test	changed-since-review	verify-single-path-change-against-review-claims
work-rs482-native-delivery-route-admission-and-oracle-model-md-original-9c6fce4e46a2	history-changed-since-review-documentation-symbol-and-link-check-28900d98858e	docs/hardware/rs482-native-delivery-route-admission-and-oracle-model.md	original line 84	1	1	1	0	0	1	1	present	8	b5944bc15e925156ca910369ce1f4107b2f3ceb3;6594b309ef5ccb3945196308926ce1a2aa893e94;8b62d329392fe3f1100198f88bb6f9ea43ecb61f;1b5ddf724ae58a6ebc5be8a3d13a013ad69757df;01cce6697e2122401327f7dbc7d873adb7b0a897;5f7f33471182c79abf7be14959f87ba8297665fd;31650bf8e57d52a812104aeb6cc60449099a86d1;813f5899cd3d315aa4c84213e5be5101fc03f698		documentation-symbol-and-link-check	changed-since-review	inspect-path-change-sequence-against-review-claims
work-rs482-native-delivery-route-admission-and-oracle-model-md-original-f7fda9046382	history-changed-since-review-documentation-symbol-and-link-check-28900d98858e	docs/hardware/rs482-native-delivery-route-admission-and-oracle-model.md	original line 349	1	1	1	0	0	1	1	present	8	b5944bc15e925156ca910369ce1f4107b2f3ceb3;6594b309ef5ccb3945196308926ce1a2aa893e94;8b62d329392fe3f1100198f88bb6f9ea43ecb61f;1b5ddf724ae58a6ebc5be8a3d13a013ad69757df;01cce6697e2122401327f7dbc7d873adb7b0a897;5f7f33471182c79abf7be14959f87ba8297665fd;31650bf8e57d52a812104aeb6cc60449099a86d1;813f5899cd3d315aa4c84213e5be5101fc03f698		documentation-symbol-and-link-check	changed-since-review	inspect-path-change-sequence-against-review-claims
work-r3v-implementation-boundaries-md-exit-status-0c0ea6485e2f	history-changed-since-review-documentation-symbol-and-link-check-7ed78c6c9798	docs/hardware/r3v-implementation-boundaries.md	exit status	1	1	1	0	0	1	1	present	21	873da3b8e03dbeea1e9f1fc3ff69a7b41a4b68c5;4af44f4212f06b31e8fd5577645a97953b7b3924;080060afd9163cfdc80a48bb53b2e70ad98b7488;91836a959f1cfda67e5c78a812bc0d90d0a03e90;d214e70ed81ffdc8b52ab47be9c8206073cf47ed;6bec0aa6fbf13ffedd6b43e5cbf2fd5220b34e9c;41d774592cb536a8f74e5247c9a9a855725b397e;d2b6fe808983612e78eb95cb0000db4e36b38a21;c9bd4e6bc836fe7d172176dd0c977779537d14d5;9e834dbc3131e3998158efb3a8a7815e1622fce1;99e93170475b3f8ff2dee9784c5a0149f503108e;d02bda1a06e35e35f08127a42ace08a0052e6351;0bb1427b518fc30fd6383d39cfe7485beb1b273b;74023eb71b34141ce214b337349fdcec650e7c94;8e1387b5c97e329dd7b12f9937d691611c40f63e;60ae71b6e75360b9cc12dd4b524381da9da7feb4;1a5c07ce10d5efc8592101374468c787899d084b;7dd3f6fbb379de20d3c2c7d983d24523acfdbd84;af766adab77452239b29918eb26f033c0f00b313;31650bf8e57d52a812104aeb6cc60449099a86d1;813f5899cd3d315aa4c84213e5be5101fc03f698		documentation-symbol-and-link-check	changed-since-review	inspect-path-change-sequence-against-review-claims
work-r3v-native-cell-c-r3v-native-deferred-draw-verify-gpu-399e0b9192ec	history-changed-since-review-warning-clean-driver-build-and-focused-test-172ac6440771	src/amd/r300/vulkan/r3v_native_cell.c	r3v native deferred draw verify gpu producer	1	1	1	0	0	1	1	present	36	dd879200731e8a3b717fcf95dd5f78d5fd1e3a7f;428f6dcbb0e1cd71417e1169c385f9e62f2ac0b7;e50678009138c99f30b83aea23ae083213b8a58c;6594b309ef5ccb3945196308926ce1a2aa893e94;c096215370bdb9dd72176529c0975c271596d5a6;d214e70ed81ffdc8b52ab47be9c8206073cf47ed;41d774592cb536a8f74e5247c9a9a855725b397e;d2b6fe808983612e78eb95cb0000db4e36b38a21;c9bd4e6bc836fe7d172176dd0c977779537d14d5;a190f69df686f6558b0e3ef847ef62793ffcaf50;966ab4bfce7b70d429f659d57c4e91c64a70f7b8;1ad514dc9e39a5ce3e6373bc35fc84c5c95dbb0c;a988c2cf707f0190580ac4099b70670084905be3;300a75557165c988818944e1fef1157d847406bc;ebc8348c2ec8951c28056c17b036a365856cd12a;0f807535cfda5bf35b33bd8869a80d5480b566e4;7d380acb9b92d0de445217a4c35eb53cccc03901;dc60471e58b6198ffe3b065d3164d08a4afa0664;275a5279249d527c349f4dfdd4f93cf66e6123eb;bd7fcf75397e409a3d1e15e595e940d6411dffc3;93ff2e17aeca881926adb92dc6493bb34018be2a;5453c84376b798dd7cc68a5f65defc68037c4b15;13701e615400edf1e437c61df559419793a3088f;84cf229c0d6e290d4a5694efa957454bc04b22c9;eae1df80d9c7db3162ed27614fc74de2325ad665;5f2615641abebc5f1631fb02285d20a93808cbfb;73b4fc07196b5bc9e5505406dfc34f4269407165;c7dae69423791abaefee49603b2d45e62086ac19;c5cc11945f60ddc34a1011b1bde47762a33887ab;64fa102e611a869ea31d47a31fdf72ad84f28711;7dd3f6fbb379de20d3c2c7d983d24523acfdbd84;af766adab77452239b29918eb26f033c0f00b313;31650bf8e57d52a812104aeb6cc60449099a86d1;813f5899cd3d315aa4c84213e5be5101fc03f698;10f9e2fa66fd28b97638124d55113218da2a57d5;51e2926b7cd2deabb3dfc6c09e9e3310abca4159		warning-clean-driver-build-and-focused-test	changed-since-review	inspect-path-change-sequence-against-review-claims
work-rs482-native-delivery-route-admission-and-oracle-model-md-make-6339d9ba4cbf	history-changed-since-review-documentation-symbol-and-link-check-e2f11dcb55c9	docs/hardware/rs482-native-delivery-route-admission-and-oracle-model.md	make configure build test	2	1	1	0	0	1	1	present	7	6594b309ef5ccb3945196308926ce1a2aa893e94;8b62d329392fe3f1100198f88bb6f9ea43ecb61f;1b5ddf724ae58a6ebc5be8a3d13a013ad69757df;01cce6697e2122401327f7dbc7d873adb7b0a897;5f7f33471182c79abf7be14959f87ba8297665fd;31650bf8e57d52a812104aeb6cc60449099a86d1;813f5899cd3d315aa4c84213e5be5101fc03f698		documentation-symbol-and-link-check	changed-since-review	inspect-path-change-sequence-against-review-claims
work-r300-delivery-route-h-original-line-23-0fccff7a8f49	history-current-path-missing-warning-clean-driver-build-and-focused-test-ca6057482616	src/amd/r300/common/r300_delivery_route.h	original line 23	2	1	1	0	0	0	1	missing	0			warning-clean-driver-build-and-focused-test	current-path-missing	locate-replacement-or-prove-supersession
work-r300-delivery-route-h-original-line-16-4811b05294ac	history-current-path-missing-warning-clean-driver-build-and-focused-test-ca6057482616	src/amd/r300/common/r300_delivery_route.h	original line 16	1	1	1	0	0	0	1	missing	0			warning-clean-driver-build-and-focused-test	current-path-missing	locate-replacement-or-prove-supersession
work-r300-delivery-route-h-original-line-19-d5afc944939e	history-current-path-missing-warning-clean-driver-build-and-focused-test-ca6057482616	src/amd/r300/common/r300_delivery_route.h	original line 19	2	1	1	0	0	0	1	missing	0			warning-clean-driver-build-and-focused-test	current-path-missing	locate-replacement-or-prove-supersession
work-r3v-implementation-boundaries-md-symbol-aa6b666dbb62	history-changed-since-review-documentation-symbol-and-link-check-acf6aeeecc4f	docs/hardware/r3v-implementation-boundaries.md	symbol	5	2	2	0	0	2	2	present	20	4af44f4212f06b31e8fd5577645a97953b7b3924;080060afd9163cfdc80a48bb53b2e70ad98b7488;91836a959f1cfda67e5c78a812bc0d90d0a03e90;d214e70ed81ffdc8b52ab47be9c8206073cf47ed;6bec0aa6fbf13ffedd6b43e5cbf2fd5220b34e9c;41d774592cb536a8f74e5247c9a9a855725b397e;d2b6fe808983612e78eb95cb0000db4e36b38a21;c9bd4e6bc836fe7d172176dd0c977779537d14d5;9e834dbc3131e3998158efb3a8a7815e1622fce1;99e93170475b3f8ff2dee9784c5a0149f503108e;d02bda1a06e35e35f08127a42ace08a0052e6351;0bb1427b518fc30fd6383d39cfe7485beb1b273b;74023eb71b34141ce214b337349fdcec650e7c94;8e1387b5c97e329dd7b12f9937d691611c40f63e;60ae71b6e75360b9cc12dd4b524381da9da7feb4;1a5c07ce10d5efc8592101374468c787899d084b;7dd3f6fbb379de20d3c2c7d983d24523acfdbd84;af766adab77452239b29918eb26f033c0f00b313;31650bf8e57d52a812104aeb6cc60449099a86d1;813f5899cd3d315aa4c84213e5be5101fc03f698		documentation-symbol-and-link-check	changed-since-review	inspect-path-change-sequence-against-review-claims
work-r300-cpu-compute-job-c-original-line-39-8e7a32b31e5b	history-changed-since-review-warning-clean-driver-build-and-focused-test-53733e6e156d	src/amd/r300/cpu/r300_cpu_compute_job.c	original line 39	1	1	1	0	0	1	1	present	1	60ae71b6e75360b9cc12dd4b524381da9da7feb4	60ae71b6e75360b9cc12dd4b524381da9da7feb4	warning-clean-driver-build-and-focused-test	changed-since-review	verify-single-path-change-against-review-claims
work-r300-cpu-compute-job-c-original-line-52-c7f087d76583	history-changed-since-review-warning-clean-driver-build-and-focused-test-53733e6e156d	src/amd/r300/cpu/r300_cpu_compute_job.c	original line 52	1	1	1	0	0	1	1	present	1	60ae71b6e75360b9cc12dd4b524381da9da7feb4	60ae71b6e75360b9cc12dd4b524381da9da7feb4	warning-clean-driver-build-and-focused-test	changed-since-review	verify-single-path-change-against-review-claims
work-r3v-native-compute-c-original-line-429-3ab72980ee73	history-changed-since-review-warning-clean-driver-build-and-focused-test-3e15c3e3358b	src/amd/r300/vulkan/r3v_native_compute.c	original line 429	1	1	1	0	0	1	1	present	14	4c66f695592786d3fe1b7f7b1aaad1a6b8b78f8f;9e834dbc3131e3998158efb3a8a7815e1622fce1;99e93170475b3f8ff2dee9784c5a0149f503108e;d02bda1a06e35e35f08127a42ace08a0052e6351;72303663292b3a2a1d86ce8601dfc501acbf9d73;ac11072b3279364cb257784f8129c9aa4fa3df39;9a264e890516b55dedf0be15e63febe56a5c9224;0d0e7f74784c996c7bf1d4414fb3a02dafa8beff;8e1387b5c97e329dd7b12f9937d691611c40f63e;bd7fcf75397e409a3d1e15e595e940d6411dffc3;73b4fc07196b5bc9e5505406dfc34f4269407165;c7dae69423791abaefee49603b2d45e62086ac19;31650bf8e57d52a812104aeb6cc60449099a86d1;813f5899cd3d315aa4c84213e5be5101fc03f698		warning-clean-driver-build-and-focused-test	changed-since-review	inspect-path-change-sequence-against-review-claims
work-r3v-native-compute-c-original-line-503-ed6b565eff37	history-changed-since-review-warning-clean-driver-build-and-focused-test-3e15c3e3358b	src/amd/r300/vulkan/r3v_native_compute.c	original line 503	1	1	1	0	0	1	1	present	14	4c66f695592786d3fe1b7f7b1aaad1a6b8b78f8f;9e834dbc3131e3998158efb3a8a7815e1622fce1;99e93170475b3f8ff2dee9784c5a0149f503108e;d02bda1a06e35e35f08127a42ace08a0052e6351;72303663292b3a2a1d86ce8601dfc501acbf9d73;ac11072b3279364cb257784f8129c9aa4fa3df39;9a264e890516b55dedf0be15e63febe56a5c9224;0d0e7f74784c996c7bf1d4414fb3a02dafa8beff;8e1387b5c97e329dd7b12f9937d691611c40f63e;bd7fcf75397e409a3d1e15e595e940d6411dffc3;73b4fc07196b5bc9e5505406dfc34f4269407165;c7dae69423791abaefee49603b2d45e62086ac19;31650bf8e57d52a812104aeb6cc60449099a86d1;813f5899cd3d315aa4c84213e5be5101fc03f698		warning-clean-driver-build-and-focused-test	changed-since-review	inspect-path-change-sequence-against-review-claims
work-r300-compute-spirv-c-original-line-456-65bb4cd79ca7	history-current-path-missing-warning-clean-driver-build-and-focused-test-ca6057482616	src/amd/r300/common/r300_compute_spirv.c	original line 456	1	1	1	0	0	0	1	missing	0			warning-clean-driver-build-and-focused-test	current-path-missing	locate-replacement-or-prove-supersession
work-r300-cpu-compute-job-c-original-line-81-940bc1d9c460	history-changed-since-review-warning-clean-driver-build-and-focused-test-53733e6e156d	src/amd/r300/cpu/r300_cpu_compute_job.c	original line 81	1	1	1	0	0	1	1	present	1	60ae71b6e75360b9cc12dd4b524381da9da7feb4	60ae71b6e75360b9cc12dd4b524381da9da7feb4	warning-clean-driver-build-and-focused-test	changed-since-review	verify-single-path-change-against-review-claims
work-r3v-native-compute-c-original-line-172-ddf5f8614090	history-changed-since-review-warning-clean-driver-build-and-focused-test-3e15c3e3358b	src/amd/r300/vulkan/r3v_native_compute.c	original line 172	1	1	1	0	0	1	1	present	14	4c66f695592786d3fe1b7f7b1aaad1a6b8b78f8f;9e834dbc3131e3998158efb3a8a7815e1622fce1;99e93170475b3f8ff2dee9784c5a0149f503108e;d02bda1a06e35e35f08127a42ace08a0052e6351;72303663292b3a2a1d86ce8601dfc501acbf9d73;ac11072b3279364cb257784f8129c9aa4fa3df39;9a264e890516b55dedf0be15e63febe56a5c9224;0d0e7f74784c996c7bf1d4414fb3a02dafa8beff;8e1387b5c97e329dd7b12f9937d691611c40f63e;bd7fcf75397e409a3d1e15e595e940d6411dffc3;73b4fc07196b5bc9e5505406dfc34f4269407165;c7dae69423791abaefee49603b2d45e62086ac19;31650bf8e57d52a812104aeb6cc60449099a86d1;813f5899cd3d315aa4c84213e5be5101fc03f698		warning-clean-driver-build-and-focused-test	changed-since-review	inspect-path-change-sequence-against-review-claims
work-r3v-native-compute-c-original-line-188-dbd566cd59dd	history-changed-since-review-warning-clean-driver-build-and-focused-test-3e15c3e3358b	src/amd/r300/vulkan/r3v_native_compute.c	original line 188	1	1	1	0	0	1	1	present	14	4c66f695592786d3fe1b7f7b1aaad1a6b8b78f8f;9e834dbc3131e3998158efb3a8a7815e1622fce1;99e93170475b3f8ff2dee9784c5a0149f503108e;d02bda1a06e35e35f08127a42ace08a0052e6351;72303663292b3a2a1d86ce8601dfc501acbf9d73;ac11072b3279364cb257784f8129c9aa4fa3df39;9a264e890516b55dedf0be15e63febe56a5c9224;0d0e7f74784c996c7bf1d4414fb3a02dafa8beff;8e1387b5c97e329dd7b12f9937d691611c40f63e;bd7fcf75397e409a3d1e15e595e940d6411dffc3;73b4fc07196b5bc9e5505406dfc34f4269407165;c7dae69423791abaefee49603b2d45e62086ac19;31650bf8e57d52a812104aeb6cc60449099a86d1;813f5899cd3d315aa4c84213e5be5101fc03f698		warning-clean-driver-build-and-focused-test	changed-since-review	inspect-path-change-sequence-against-review-claims
work-r300-vertex-spirv-c-original-line-333-847ec89c12bd	history-current-path-missing-warning-clean-driver-build-and-focused-test-ca6057482616	src/amd/r300/common/r300_vertex_spirv.c	original line 333	1	1	1	0	0	0	1	missing	0			warning-clean-driver-build-and-focused-test	current-path-missing	locate-replacement-or-prove-supersession
work-r300-vertex-spirv-c-original-line-716-80ba25f94641	history-current-path-missing-warning-clean-driver-build-and-focused-test-ca6057482616	src/amd/r300/common/r300_vertex_spirv.c	original line 716	1	1	1	0	0	0	1	missing	0			warning-clean-driver-build-and-focused-test	current-path-missing	locate-replacement-or-prove-supersession
work-r3v-qualification-inventory-py-original-line-138-3c76e5fafff2	history-changed-since-review-python-test-black-and-ruff-2b94a06ac533	src/amd/r300/vulkan/tests/r3v_qualification_inventory.py	original line 138	1	1	1	0	0	1	1	present	46	b6ea89213c0ca1b4bd1e70d6678a3766554aaa2a;4dbdf525e95ef176f2323ef5ea6ec14dbd264356;cb4a85347364abcb36e517adb26ea36fe43e84b4;0cadf1840f5ad4294bda8890310918d74592cb00;31b26494ea6bf9ca45670b492faf35bdce54ffb9;cde81528e7a80308a3fa1932924503d9410ab8a4;9ebc57897138fd5c4b6ab087a21452da1caf7a56;5a892d595928bdae0378d0f6562de020d02373e6;676da21429d31d76dbadd7a56ed9421708d944c3;79f1a5a2c02c6e6f3b6784b3fe89dd24a230175e;9376af93bbcc443f0d76f6ef0e15c925a8c768ec;5a2ef1ef3ab5a26292f24533787efd9dd00026e0;57cd7d18c3db8e4e49b94006c5974c1d68dfa5b7;8077376b79a29299a39b37c6178b7a064a9abf29;cf515799baad6cc3d9a607bafca9116513e950fc;2fbcf6fb2853932c290283d609f8afea05107ff3;c1c76da5053cb35655bd2c46a95fe027fb255e60;e50678009138c99f30b83aea23ae083213b8a58c;6594b309ef5ccb3945196308926ce1a2aa893e94;7fc0c23a20f73941a8bb42ff5bca657873683811;c096215370bdb9dd72176529c0975c271596d5a6;01cce6697e2122401327f7dbc7d873adb7b0a897;4eb06a49be58551844a93a51de5639cf64f3558a;d214e70ed81ffdc8b52ab47be9c8206073cf47ed;41d774592cb536a8f74e5247c9a9a855725b397e;d2b6fe808983612e78eb95cb0000db4e36b38a21;c9bd4e6bc836fe7d172176dd0c977779537d14d5;9e834dbc3131e3998158efb3a8a7815e1622fce1;99e93170475b3f8ff2dee9784c5a0149f503108e;d02bda1a06e35e35f08127a42ace08a0052e6351;0bb1427b518fc30fd6383d39cfe7485beb1b273b;a13d0fb460ac82417fa4a75997014e175752277e;1e7e3d827ac558d04790ca4d6ec5500d6556c974;966ab4bfce7b70d429f659d57c4e91c64a70f7b8;1ad514dc9e39a5ce3e6373bc35fc84c5c95dbb0c;a988c2cf707f0190580ac4099b70670084905be3;812cf7df40581a3ccb779baf92fe18a83a552220;4420389af742cd6354dceac2584fd4fd8ad74ec8;292c0318de096554d204725077710d177a3196f2;f743d0f9bec6e673cdd09dfd4554172aaa9b01c7;31650bf8e57d52a812104aeb6cc60449099a86d1;813f5899cd3d315aa4c84213e5be5101fc03f698;4337fab9b7e51ae23d0c1db75c0c107ec1a20f29;c3f310b429a8061a7eda94441b306c7b999d5ebc;10f9e2fa66fd28b97638124d55113218da2a57d5;51e2926b7cd2deabb3dfc6c09e9e3310abca4159		python-test-black-and-ruff	changed-since-review	inspect-path-change-sequence-against-review-claims
work-r300-vertex-spirv-c-original-line-359-1243ed43fc17	history-current-path-missing-warning-clean-driver-build-and-focused-test-ca6057482616	src/amd/r300/common/r300_vertex_spirv.c	original line 359	1	1	1	0	0	0	1	missing	0			warning-clean-driver-build-and-focused-test	current-path-missing	locate-replacement-or-prove-supersession
work-r3v-physical-device-c-r3v-physical-device-init-features-struct-bd2d88b13b70	history-changed-since-review-warning-clean-driver-build-and-focused-test-45365857d7d9	src/amd/r300/vulkan/r3v_physical_device.c	r3v physical device init features struct vk features features	1	1	1	0	0	1	1	present	21	0b9e0af087f3a19d1f08d6b5b8e520f736ea3293;57cd7d18c3db8e4e49b94006c5974c1d68dfa5b7;8077376b79a29299a39b37c6178b7a064a9abf29;24e9863bb0a297de10298b8de7a33e6cfcbbd986;e50678009138c99f30b83aea23ae083213b8a58c;41d774592cb536a8f74e5247c9a9a855725b397e;a988c2cf707f0190580ac4099b70670084905be3;b6df2f8ef84dda8b2c505b389e50e3faadada672;a015140709531fdfbb364921ce32e9c3fa56c14c;23809ecb8d46f6153311d7cfa4419b0c57e88a75;a3d731fddaf773e547e3a057a93394025833e651;8e1387b5c97e329dd7b12f9937d691611c40f63e;e68f40792d4bbdcc1961cae439a8b0264c25c9ce;d2b2d888ed784999a7c90886228532021b52d268;13683abd6ad3fcbf0d052d1a63b24793b59211fa;1d0ecc2e4930d7ebb2c0c0cfb2bf577f02c885b8;ebc8348c2ec8951c28056c17b036a365856cd12a;bd7fcf75397e409a3d1e15e595e940d6411dffc3;93ff2e17aeca881926adb92dc6493bb34018be2a;5453c84376b798dd7cc68a5f65defc68037c4b15;3bfafd1e35a20b7024389b1ae47af94d979e27fd		warning-clean-driver-build-and-focused-test	changed-since-review	inspect-path-change-sequence-against-review-claims
work-r3v-physical-device-c-r3v-hybrid-compute-enabled-void-9458755a9117	history-changed-since-review-warning-clean-driver-build-and-focused-test-548960ae9cd3	src/amd/r300/vulkan/r3v_physical_device.c	r3v hybrid compute enabled void	1	1	1	0	0	1	1	present	20	57cd7d18c3db8e4e49b94006c5974c1d68dfa5b7;8077376b79a29299a39b37c6178b7a064a9abf29;24e9863bb0a297de10298b8de7a33e6cfcbbd986;e50678009138c99f30b83aea23ae083213b8a58c;41d774592cb536a8f74e5247c9a9a855725b397e;a988c2cf707f0190580ac4099b70670084905be3;b6df2f8ef84dda8b2c505b389e50e3faadada672;a015140709531fdfbb364921ce32e9c3fa56c14c;23809ecb8d46f6153311d7cfa4419b0c57e88a75;a3d731fddaf773e547e3a057a93394025833e651;8e1387b5c97e329dd7b12f9937d691611c40f63e;e68f40792d4bbdcc1961cae439a8b0264c25c9ce;d2b2d888ed784999a7c90886228532021b52d268;13683abd6ad3fcbf0d052d1a63b24793b59211fa;1d0ecc2e4930d7ebb2c0c0cfb2bf577f02c885b8;ebc8348c2ec8951c28056c17b036a365856cd12a;bd7fcf75397e409a3d1e15e595e940d6411dffc3;93ff2e17aeca881926adb92dc6493bb34018be2a;5453c84376b798dd7cc68a5f65defc68037c4b15;3bfafd1e35a20b7024389b1ae47af94d979e27fd		warning-clean-driver-build-and-focused-test	changed-since-review	inspect-path-change-sequence-against-review-claims
work-vk-physical-device-features-gen-py-def-condition-self-physical-ce2951e59c7b	history-unchanged-since-review-python-test-black-and-ruff-43c6875221d9	src/vulkan/util/vk_physical_device_features_gen.py	def condition self physical dev	3	1	1	0	1	0	1	present	0			python-test-black-and-ruff	unchanged-since-review	compare-current-code-with-review-claim
work-r3v-identity-map-c-r3v-const-fill-dispatch-replay-struct-09476c60a722	history-current-path-missing-warning-clean-driver-build-and-focused-test-ca6057482616	src/amd/r300/vulkan/r3v_identity_map.c	r3v const fill dispatch replay struct r3v device device	3	1	1	0	0	0	1	missing	0			warning-clean-driver-build-and-focused-test	current-path-missing	locate-replacement-or-prove-supersession
work-r3v-queue-c-r3v-replay-dispatch-struct-r3v-device-device-bb0c1d8647e5	history-current-path-missing-warning-clean-driver-build-and-focused-test-ca6057482616	src/amd/r300/vulkan/r3v_queue.c	r3v replay dispatch struct r3v device device	1	1	1	0	0	0	1	missing	0			warning-clean-driver-build-and-focused-test	current-path-missing	locate-replacement-or-prove-supersession
work-r300-common-boundary-audit-py-original-line-28-c66244332c63	history-changed-since-review-python-test-black-and-ruff-122d2afa91bc	src/amd/r300/common/tests/r300_common_boundary_audit.py	original line 28	1	1	1	0	0	1	1	present	3	57cd7d18c3db8e4e49b94006c5974c1d68dfa5b7;6c32b4e315c631480f42c9540fd36ec64b0f18e5;23809ecb8d46f6153311d7cfa4419b0c57e88a75		python-test-black-and-ruff	changed-since-review	inspect-path-change-sequence-against-review-claims
work-r300-common-boundary-audit-py-original-line-67-71807bec458c	history-changed-since-review-python-test-black-and-ruff-122d2afa91bc	src/amd/r300/common/tests/r300_common_boundary_audit.py	original line 67	1	1	1	0	0	1	1	present	3	57cd7d18c3db8e4e49b94006c5974c1d68dfa5b7;6c32b4e315c631480f42c9540fd36ec64b0f18e5;23809ecb8d46f6153311d7cfa4419b0c57e88a75		python-test-black-and-ruff	changed-since-review	inspect-path-change-sequence-against-review-claims
work-r300-common-boundary-known-bad-object-c-original-line-8-bea2dbe3e603	history-changed-since-review-warning-clean-driver-build-and-focused-test-d49c0d8a684c	src/amd/r300/common/tests/fixtures/r300_common_boundary_known_bad_object.c	original line 8	1	1	1	0	0	1	1	present	1	367a218ff2b765194bd18d30ab84c41078341404	367a218ff2b765194bd18d30ab84c41078341404	warning-clean-driver-build-and-focused-test	changed-since-review	verify-single-path-change-against-review-claims
work-r300-common-consumer-census-py-original-line-119-3d25326bbd82	history-changed-since-review-python-test-black-and-ruff-94f2bc913084	src/amd/r300/common/tests/r300_common_consumer_census.py	original line 119	1	1	1	0	0	1	1	present	4	cb4a85347364abcb36e517adb26ea36fe43e84b4;57cd7d18c3db8e4e49b94006c5974c1d68dfa5b7;31650bf8e57d52a812104aeb6cc60449099a86d1;813f5899cd3d315aa4c84213e5be5101fc03f698		python-test-black-and-ruff	changed-since-review	inspect-path-change-sequence-against-review-claims
work-readme-md-original-line-8-0f7910eed4ac	history-changed-since-review-documentation-symbol-and-link-check-cfc3bd559e00	src/amd/r300/common/README.md	original line 8	1	1	1	0	0	1	1	present	15	cb4a85347364abcb36e517adb26ea36fe43e84b4;0cadf1840f5ad4294bda8890310918d74592cb00;57cd7d18c3db8e4e49b94006c5974c1d68dfa5b7;6594b309ef5ccb3945196308926ce1a2aa893e94;8b62d329392fe3f1100198f88bb6f9ea43ecb61f;9e834dbc3131e3998158efb3a8a7815e1622fce1;99e93170475b3f8ff2dee9784c5a0149f503108e;ac11072b3279364cb257784f8129c9aa4fa3df39;a13d0fb460ac82417fa4a75997014e175752277e;1e7e3d827ac558d04790ca4d6ec5500d6556c974;ffee75be0646f5b9f4dab7abfd84e8746678028f;b07680fb71b43cbb214cfc737d798fc4c5df1fd7;275a5279249d527c349f4dfdd4f93cf66e6123eb;31650bf8e57d52a812104aeb6cc60449099a86d1;813f5899cd3d315aa4c84213e5be5101fc03f698		documentation-symbol-and-link-check	changed-since-review	inspect-path-change-sequence-against-review-claims
work-meson-build-if-with-tests-0d695476f279	history-changed-since-review-configure-build-and-artifact-check-014af1883c5c	src/amd/r300/vulkan/meson.build	if with tests	7	5	5	0	0	5	5	present	92	cde81528e7a80308a3fa1932924503d9410ab8a4;9ebc57897138fd5c4b6ab087a21452da1caf7a56;5a892d595928bdae0378d0f6562de020d02373e6;676da21429d31d76dbadd7a56ed9421708d944c3;79f1a5a2c02c6e6f3b6784b3fe89dd24a230175e;c17c780ed1a26ee723e12a31b1f4bdd83dec8141;57cd7d18c3db8e4e49b94006c5974c1d68dfa5b7;8077376b79a29299a39b37c6178b7a064a9abf29;cf515799baad6cc3d9a607bafca9116513e950fc;2fbcf6fb2853932c290283d609f8afea05107ff3;c1c76da5053cb35655bd2c46a95fe027fb255e60;e50678009138c99f30b83aea23ae083213b8a58c;6594b309ef5ccb3945196308926ce1a2aa893e94;7fc0c23a20f73941a8bb42ff5bca657873683811;c096215370bdb9dd72176529c0975c271596d5a6;8b21d8a360d5de38a7423a4c118e9c1f0fb8c224;01cce6697e2122401327f7dbc7d873adb7b0a897;4eb06a49be58551844a93a51de5639cf64f3558a;d214e70ed81ffdc8b52ab47be9c8206073cf47ed;41d774592cb536a8f74e5247c9a9a855725b397e;d2b6fe808983612e78eb95cb0000db4e36b38a21;c9bd4e6bc836fe7d172176dd0c977779537d14d5;99e93170475b3f8ff2dee9784c5a0149f503108e;d02bda1a06e35e35f08127a42ace08a0052e6351;0bb1427b518fc30fd6383d39cfe7485beb1b273b;ac11072b3279364cb257784f8129c9aa4fa3df39;981dd80e8b679a8d6ba06b532d8ce1aecbb7a653;4f1be7053f69ed3abe31df485fe857f25b6734c8;966ab4bfce7b70d429f659d57c4e91c64a70f7b8;1ad514dc9e39a5ce3e6373bc35fc84c5c95dbb0c;a988c2cf707f0190580ac4099b70670084905be3;812cf7df40581a3ccb779baf92fe18a83a552220;b07680fb71b43cbb214cfc737d798fc4c5df1fd7;57989aff3eeececef2a9e6fbbcc46aecd26bc4b0;22eb45284fb9bfb21a21ae2b49e5e56029f047ba;22cd17ed39d198e587fd5b4d7c94619fcdbcb707;ca164de881b81c1338ca63091bc50aa43c6c99f8;2e18300a2b42035a97b5fd350656b99cb9dbd7e0;9dc8b06c19483b20dccaa9d455ca30d77be42b3c;0d0e7f74784c996c7bf1d4414fb3a02dafa8beff;8e1387b5c97e329dd7b12f9937d691611c40f63e;88ce4466f7a042a93cb70866208c901bf86433c3;7d847324637a0c3fdb998778fe6ab0b5242107ee;4653e691f1692ad7c7e37835316e6cf7d82fc7bc;baf48620c79c19566965936e10cb66c5c1419cf5;225cea235e853f762377956a6329f5e8ab1661b3;7f7feec24572361f74134376433c0ba63f6219c2;e68f40792d4bbdcc1961cae439a8b0264c25c9ce;4b11002d5b38f01f6477a2878352caea8cd28ac7;13683abd6ad3fcbf0d052d1a63b24793b59211fa;26b04af5186ffa9c81c9f86ea67d56a9b2ee9baf;1a09900f7b5b27eaeb25fd2cbdb1ccc50c5b173a;00e3c5dd25deb8545a531a6725b0d76c50156e1c;59b77649a80ee880f84ba6a5301467c8cc2c0438;710d7e3c12b5e6eecd6a9356de5295618b201d1d;9f65f5f61e53a9ca26b082e1b27222c374cd28da;300a75557165c988818944e1fef1157d847406bc;7d380acb9b92d0de445217a4c35eb53cccc03901;2cb307652cc8b14e61abd9fd3d71ff5e935c5eae;bd7fcf75397e409a3d1e15e595e940d6411dffc3;13cc6f08740b4a4086d2fd1119c5cbcee86e3dbe;5453c84376b798dd7cc68a5f65defc68037c4b15;13701e615400edf1e437c61df559419793a3088f;84cf229c0d6e290d4a5694efa957454bc04b22c9;c6f998b2c5c8a4e04c6bfd515c88cc88b42a4ffd;99ae7f779dd196aec81f5eef3c02f0ddf0f2fbbc;15e794e1b6218b8fe59b7e9577a07d2b0a38aa99;74e17e547d51997ffb074a92b1f74bef56c702a0;a62e4497766aff089ee68b72c96c0721935b3290;6d7b0b5c0c5292f9b8563651b0351f714353e630;be6eb55ff61e6ac44b7e475f70f9edc76d1f8d5b;451d77f250a30cb4c968c8474b0ffaa1a8f1b123;eae1df80d9c7db3162ed27614fc74de2325ad665;5f2615641abebc5f1631fb02285d20a93808cbfb;682648a30f9fe5db7f18772bd953af2e44099437;393cb870255352a00fc9859f2d6624e3f10b2b87;0aceb8aa9606b0e4381e1ce5afc099c8914a3ef1;f743d0f9bec6e673cdd09dfd4554172aaa9b01c7;c5cc11945f60ddc34a1011b1bde47762a33887ab;64fa102e611a869ea31d47a31fdf72ad84f28711;a4c39ca2b71127b4a9ffe6a3e524428977fc7c61;8e4c01d4aaf5dbfe222d2bd3763b7ca906eb129c;7dd3f6fbb379de20d3c2c7d983d24523acfdbd84;af766adab77452239b29918eb26f033c0f00b313;31650bf8e57d52a812104aeb6cc60449099a86d1;813f5899cd3d315aa4c84213e5be5101fc03f698;4337fab9b7e51ae23d0c1db75c0c107ec1a20f29;c3f310b429a8061a7eda94441b306c7b999d5ebc;10f9e2fa66fd28b97638124d55113218da2a57d5;51e2926b7cd2deabb3dfc6c09e9e3310abca4159;2232b3ab7b2baef2666bd3f5bf23193e0af2f86e;ae2e0183f6953f872bb04b6b929b374b6f8ac1ae		configure-build-and-artifact-check	changed-since-review	inspect-path-change-sequence-against-review-claims
work-r3v-gallium-ownership-disposition-py-original-line-224-cfd7e61ffee3	history-current-path-missing-python-test-black-and-ruff-ee04c84d33d6	src/amd/r300/vulkan/tests/r3v_gallium_ownership_disposition.py	original line 224	1	1	1	0	0	0	1	missing	0			python-test-black-and-ruff	current-path-missing	locate-replacement-or-prove-supersession
work-r3v-gallium-ownership-disposition-py-original-line-369-da7704d31223	history-current-path-missing-python-test-black-and-ruff-ee04c84d33d6	src/amd/r300/vulkan/tests/r3v_gallium_ownership_disposition.py	original line 369	1	1	1	0	0	0	1	missing	0			python-test-black-and-ruff	current-path-missing	locate-replacement-or-prove-supersession
work-r3v-native-burst-cell-harness-c-struct-burst-leg-0708f4f187e0	history-unchanged-since-review-warning-clean-driver-build-and-focused-test-386e4ec442e6	src/amd/r300/vulkan/tests/r3v_native_burst_cell_harness.c	struct burst leg	1	1	1	0	1	0	1	present	0			warning-clean-driver-build-and-focused-test	unchanged-since-review	compare-current-code-with-review-claim
work-readme-md-in-particular-ca665b7b1344	history-changed-since-review-documentation-symbol-and-link-check-fd443595802a	src/amd/r300/vulkan/README.md	in particular	1	1	1	0	0	1	1	present	36	5a892d595928bdae0378d0f6562de020d02373e6;676da21429d31d76dbadd7a56ed9421708d944c3;79f1a5a2c02c6e6f3b6784b3fe89dd24a230175e;57cd7d18c3db8e4e49b94006c5974c1d68dfa5b7;8077376b79a29299a39b37c6178b7a064a9abf29;91836a959f1cfda67e5c78a812bc0d90d0a03e90;6594b309ef5ccb3945196308926ce1a2aa893e94;d214e70ed81ffdc8b52ab47be9c8206073cf47ed;41d774592cb536a8f74e5247c9a9a855725b397e;d2b6fe808983612e78eb95cb0000db4e36b38a21;c9bd4e6bc836fe7d172176dd0c977779537d14d5;9e834dbc3131e3998158efb3a8a7815e1622fce1;99e93170475b3f8ff2dee9784c5a0149f503108e;9dc8b06c19483b20dccaa9d455ca30d77be42b3c;8e1387b5c97e329dd7b12f9937d691611c40f63e;88ce4466f7a042a93cb70866208c901bf86433c3;4653e691f1692ad7c7e37835316e6cf7d82fc7bc;225cea235e853f762377956a6329f5e8ab1661b3;7f7feec24572361f74134376433c0ba63f6219c2;4b11002d5b38f01f6477a2878352caea8cd28ac7;26b04af5186ffa9c81c9f86ea67d56a9b2ee9baf;28d2e439d133914edccaa861df6ddaff6bcc1c71;c9d5859cab6f6ca834d731a062b23dfd770da496;00e3c5dd25deb8545a531a6725b0d76c50156e1c;59b77649a80ee880f84ba6a5301467c8cc2c0438;1a5c07ce10d5efc8592101374468c787899d084b;c5861da177d780bb8cf254b0d2777771b1e9c73b;81526f6ae547d3c0d6e7cb30aa26c2215af42e19;e16bfb045fd1ae8096ede8e4af76356ac7f3157e;4420389af742cd6354dceac2584fd4fd8ad74ec8;292c0318de096554d204725077710d177a3196f2;f743d0f9bec6e673cdd09dfd4554172aaa9b01c7;31650bf8e57d52a812104aeb6cc60449099a86d1;813f5899cd3d315aa4c84213e5be5101fc03f698;4337fab9b7e51ae23d0c1db75c0c107ec1a20f29;c3f310b429a8061a7eda94441b306c7b999d5ebc		documentation-symbol-and-link-check	changed-since-review	inspect-path-change-sequence-against-review-claims
work-r300-vertex-job-nir-c-r300-vertex-job-spirv-to-4357e0030c4e	history-changed-since-review-warning-clean-driver-build-and-focused-test-da56bf7329fb	src/amd/r300/compiler/r300_vertex_job_nir.c	r300 vertex job spirv to nir const uint32 t words size t word count	1	1	1	0	0	1	1	present	1	41d774592cb536a8f74e5247c9a9a855725b397e	41d774592cb536a8f74e5247c9a9a855725b397e	warning-clean-driver-build-and-focused-test	changed-since-review	verify-single-path-change-against-review-claims
work-r3v-native-descriptor-test-c-original-line-268-60abce9b7060	history-changed-since-review-warning-clean-driver-build-and-focused-test-2a12dfd3174d	src/amd/r300/vulkan/tests/r3v_native_descriptor_test.c	original line 268	1	1	1	0	0	1	1	present	3	9a264e890516b55dedf0be15e63febe56a5c9224;0d0e7f74784c996c7bf1d4414fb3a02dafa8beff;8e1387b5c97e329dd7b12f9937d691611c40f63e		warning-clean-driver-build-and-focused-test	changed-since-review	inspect-path-change-sequence-against-review-claims
work-r3v-native-descriptor-test-c-original-line-356-959cc9e3f3d8	history-changed-since-review-warning-clean-driver-build-and-focused-test-2a12dfd3174d	src/amd/r300/vulkan/tests/r3v_native_descriptor_test.c	original line 356	1	1	1	0	0	1	1	present	3	9a264e890516b55dedf0be15e63febe56a5c9224;0d0e7f74784c996c7bf1d4414fb3a02dafa8beff;8e1387b5c97e329dd7b12f9937d691611c40f63e		warning-clean-driver-build-and-focused-test	changed-since-review	inspect-path-change-sequence-against-review-claims
work-r3v-native-descriptor-test-c-original-line-375-3161df917648	history-changed-since-review-warning-clean-driver-build-and-focused-test-2a12dfd3174d	src/amd/r300/vulkan/tests/r3v_native_descriptor_test.c	original line 375	1	1	1	0	0	1	1	present	3	9a264e890516b55dedf0be15e63febe56a5c9224;0d0e7f74784c996c7bf1d4414fb3a02dafa8beff;8e1387b5c97e329dd7b12f9937d691611c40f63e		warning-clean-driver-build-and-focused-test	changed-since-review	inspect-path-change-sequence-against-review-claims
work-r3v-native-descriptor-test-c-original-line-513-5d430b95f01e	history-changed-since-review-warning-clean-driver-build-and-focused-test-2a12dfd3174d	src/amd/r300/vulkan/tests/r3v_native_descriptor_test.c	original line 513	1	1	1	0	0	1	1	present	3	9a264e890516b55dedf0be15e63febe56a5c9224;0d0e7f74784c996c7bf1d4414fb3a02dafa8beff;8e1387b5c97e329dd7b12f9937d691611c40f63e		warning-clean-driver-build-and-focused-test	changed-since-review	inspect-path-change-sequence-against-review-claims
work-r3v-native-descriptor-test-c-original-line-8-6b039b02d892	history-changed-since-review-warning-clean-driver-build-and-focused-test-2a12dfd3174d	src/amd/r300/vulkan/tests/r3v_native_descriptor_test.c	original line 8	1	1	1	0	0	1	1	present	3	9a264e890516b55dedf0be15e63febe56a5c9224;0d0e7f74784c996c7bf1d4414fb3a02dafa8beff;8e1387b5c97e329dd7b12f9937d691611c40f63e		warning-clean-driver-build-and-focused-test	changed-since-review	inspect-path-change-sequence-against-review-claims
work-meson-build-if-with-tests-71b7dca6bbb7	history-changed-since-review-configure-build-and-artifact-check-7b499e80e472	src/gallium/drivers/r300/meson.build	if with tests	1	1	1	0	0	1	1	present	9	79f1a5a2c02c6e6f3b6784b3fe89dd24a230175e;9376af93bbcc443f0d76f6ef0e15c925a8c768ec;5a2ef1ef3ab5a26292f24533787efd9dd00026e0;57cd7d18c3db8e4e49b94006c5974c1d68dfa5b7;72303663292b3a2a1d86ce8601dfc501acbf9d73;ffee75be0646f5b9f4dab7abfd84e8746678028f;275a5279249d527c349f4dfdd4f93cf66e6123eb;31650bf8e57d52a812104aeb6cc60449099a86d1;813f5899cd3d315aa4c84213e5be5101fc03f698		configure-build-and-artifact-check	changed-since-review	inspect-path-change-sequence-against-review-claims
work-r300-r2vb-typed-route-oracle-test-c-original-line-15-69cedd691702	history-changed-since-review-warning-clean-driver-build-and-focused-test-cae69118c108	src/gallium/drivers/r300/tests/r300_r2vb_typed_route_oracle_test.c	original line 15	1	1	1	0	0	1	1	present	1	79f1a5a2c02c6e6f3b6784b3fe89dd24a230175e	79f1a5a2c02c6e6f3b6784b3fe89dd24a230175e	warning-clean-driver-build-and-focused-test	changed-since-review	verify-single-path-change-against-review-claims
work-r300-r2vb-typed-route-oracle-test-c-original-line-25-98904491ae8e	history-changed-since-review-warning-clean-driver-build-and-focused-test-cae69118c108	src/gallium/drivers/r300/tests/r300_r2vb_typed_route_oracle_test.c	original line 25	1	1	1	0	0	1	1	present	1	79f1a5a2c02c6e6f3b6784b3fe89dd24a230175e	79f1a5a2c02c6e6f3b6784b3fe89dd24a230175e	warning-clean-driver-build-and-focused-test	changed-since-review	verify-single-path-change-against-review-claims
work-r300-typed-carry-reference-check-py-original-line-78-38c20705741e	history-unchanged-since-review-python-test-black-and-ruff-43c6875221d9	src/gallium/drivers/r300/tests/r300_typed_carry_reference_check.py	original line 78	1	1	1	0	1	0	1	present	0			python-test-black-and-ruff	unchanged-since-review	compare-current-code-with-review-claim
work-r300-typed-carry-reference-check-py-original-line-97-4e5214c49c2b	history-unchanged-since-review-python-test-black-and-ruff-43c6875221d9	src/gallium/drivers/r300/tests/r300_typed_carry_reference_check.py	original line 97	1	1	1	0	1	0	1	present	0			python-test-black-and-ruff	unchanged-since-review	compare-current-code-with-review-claim
work-r300-typed-carry-reference-sha256-original-line-7-b412b6377dd1	history-unchanged-since-review-repository-native-focused-check-1a8e66ee9c0c	src/gallium/drivers/r300/tests/typed_carry_corpus/r300_typed_carry_reference.sha256	original line 7	1	1	1	0	1	0	1	present	0			repository-native-focused-check	unchanged-since-review	compare-current-code-with-review-claim
work-r300-vertex-front-end-parity-manifest-original-line-1-697a7b4c2e43	history-changed-since-review-repository-native-focused-check-32003a1b377e	src/amd/r300/compiler/tests/r300_vertex_front_end_parity.manifest	original line 1	1	1	1	0	0	1	1	present	3	41d774592cb536a8f74e5247c9a9a855725b397e;31650bf8e57d52a812104aeb6cc60449099a86d1;813f5899cd3d315aa4c84213e5be5101fc03f698		repository-native-focused-check	changed-since-review	inspect-path-change-sequence-against-review-claims
work-r300-vertex-front-end-parity-test-c-static-void-test-72006ada2107	history-changed-since-review-warning-clean-driver-build-and-focused-test-3c1344ec5691	src/amd/r300/compiler/tests/r300_vertex_front_end_parity_test.c	static void test front end parity void	1	1	1	0	0	1	1	present	4	4c66f695592786d3fe1b7f7b1aaad1a6b8b78f8f;41d774592cb536a8f74e5247c9a9a855725b397e;31650bf8e57d52a812104aeb6cc60449099a86d1;813f5899cd3d315aa4c84213e5be5101fc03f698		warning-clean-driver-build-and-focused-test	changed-since-review	inspect-path-change-sequence-against-review-claims
work-meson-options-option-cf4f4737a530	history-changed-since-review-repository-native-focused-check-94cf638b60f6	meson.options	option	1	1	1	0	0	1	1	present	1	8077376b79a29299a39b37c6178b7a064a9abf29	8077376b79a29299a39b37c6178b7a064a9abf29	repository-native-focused-check	changed-since-review	verify-single-path-change-against-review-claims
work-3-r300-full-debug-optimized-x86-64v1-clang22-distcc-cache-e11f7468afe9	history-changed-since-review-configure-build-and-artifact-check-6e366a5d2e29	build-infra/configs/3_r300_full_debug_optimized_x86_64v1-clang22-distcc-cache.meson	platforms x11 wayland	1	1	1	0	0	1	1	present	1	8077376b79a29299a39b37c6178b7a064a9abf29	8077376b79a29299a39b37c6178b7a064a9abf29	configure-build-and-artifact-check	changed-since-review	verify-single-path-change-against-review-claims
work-r3v-dp4-fs-nir-c-original-line-54-4347a71260e5	history-current-path-missing-warning-clean-driver-build-and-focused-test-ca6057482616	src/amd/r300/vulkan/r3v_dp4_fs_nir.c	original line 54	1	1	0	1	0	0	1	missing	0			warning-clean-driver-build-and-focused-test	current-path-missing	locate-replacement-or-prove-supersession
work-r3v-qualification-inventory-py-original-line-206-f8a335e9bde5	history-changed-since-review-python-test-black-and-ruff-4046bb3694bf	src/amd/r300/vulkan/tests/r3v_qualification_inventory.py	original line 206	1	1	1	0	0	1	1	present	33	8077376b79a29299a39b37c6178b7a064a9abf29;cf515799baad6cc3d9a607bafca9116513e950fc;2fbcf6fb2853932c290283d609f8afea05107ff3;c1c76da5053cb35655bd2c46a95fe027fb255e60;e50678009138c99f30b83aea23ae083213b8a58c;6594b309ef5ccb3945196308926ce1a2aa893e94;7fc0c23a20f73941a8bb42ff5bca657873683811;c096215370bdb9dd72176529c0975c271596d5a6;01cce6697e2122401327f7dbc7d873adb7b0a897;4eb06a49be58551844a93a51de5639cf64f3558a;d214e70ed81ffdc8b52ab47be9c8206073cf47ed;41d774592cb536a8f74e5247c9a9a855725b397e;d2b6fe808983612e78eb95cb0000db4e36b38a21;c9bd4e6bc836fe7d172176dd0c977779537d14d5;9e834dbc3131e3998158efb3a8a7815e1622fce1;99e93170475b3f8ff2dee9784c5a0149f503108e;d02bda1a06e35e35f08127a42ace08a0052e6351;0bb1427b518fc30fd6383d39cfe7485beb1b273b;a13d0fb460ac82417fa4a75997014e175752277e;1e7e3d827ac558d04790ca4d6ec5500d6556c974;966ab4bfce7b70d429f659d57c4e91c64a70f7b8;1ad514dc9e39a5ce3e6373bc35fc84c5c95dbb0c;a988c2cf707f0190580ac4099b70670084905be3;812cf7df40581a3ccb779baf92fe18a83a552220;4420389af742cd6354dceac2584fd4fd8ad74ec8;292c0318de096554d204725077710d177a3196f2;f743d0f9bec6e673cdd09dfd4554172aaa9b01c7;31650bf8e57d52a812104aeb6cc60449099a86d1;813f5899cd3d315aa4c84213e5be5101fc03f698;4337fab9b7e51ae23d0c1db75c0c107ec1a20f29;c3f310b429a8061a7eda94441b306c7b999d5ebc;10f9e2fa66fd28b97638124d55113218da2a57d5;51e2926b7cd2deabb3dfc6c09e9e3310abca4159		python-test-black-and-ruff	changed-since-review	inspect-path-change-sequence-against-review-claims
work-readme-md-rs480-family-integrated-graphics-processors-33f187f923d6	history-changed-since-review-documentation-symbol-and-link-check-9cfaad8d8629	src/amd/r300/vulkan/README.md	rs480 family integrated graphics processors	1	1	1	0	0	1	1	present	32	8077376b79a29299a39b37c6178b7a064a9abf29;91836a959f1cfda67e5c78a812bc0d90d0a03e90;6594b309ef5ccb3945196308926ce1a2aa893e94;d214e70ed81ffdc8b52ab47be9c8206073cf47ed;41d774592cb536a8f74e5247c9a9a855725b397e;d2b6fe808983612e78eb95cb0000db4e36b38a21;c9bd4e6bc836fe7d172176dd0c977779537d14d5;9e834dbc3131e3998158efb3a8a7815e1622fce1;99e93170475b3f8ff2dee9784c5a0149f503108e;9dc8b06c19483b20dccaa9d455ca30d77be42b3c;8e1387b5c97e329dd7b12f9937d691611c40f63e;88ce4466f7a042a93cb70866208c901bf86433c3;4653e691f1692ad7c7e37835316e6cf7d82fc7bc;225cea235e853f762377956a6329f5e8ab1661b3;7f7feec24572361f74134376433c0ba63f6219c2;4b11002d5b38f01f6477a2878352caea8cd28ac7;26b04af5186ffa9c81c9f86ea67d56a9b2ee9baf;28d2e439d133914edccaa861df6ddaff6bcc1c71;c9d5859cab6f6ca834d731a062b23dfd770da496;00e3c5dd25deb8545a531a6725b0d76c50156e1c;59b77649a80ee880f84ba6a5301467c8cc2c0438;1a5c07ce10d5efc8592101374468c787899d084b;c5861da177d780bb8cf254b0d2777771b1e9c73b;81526f6ae547d3c0d6e7cb30aa26c2215af42e19;e16bfb045fd1ae8096ede8e4af76356ac7f3157e;4420389af742cd6354dceac2584fd4fd8ad74ec8;292c0318de096554d204725077710d177a3196f2;f743d0f9bec6e673cdd09dfd4554172aaa9b01c7;31650bf8e57d52a812104aeb6cc60449099a86d1;813f5899cd3d315aa4c84213e5be5101fc03f698;4337fab9b7e51ae23d0c1db75c0c107ec1a20f29;c3f310b429a8061a7eda94441b306c7b999d5ebc		documentation-symbol-and-link-check	changed-since-review	inspect-path-change-sequence-against-review-claims
work-makefile-artifact-check-source-root-check-vostro-prefix-check-7f7d1809db78	history-changed-since-review-configure-build-and-artifact-check-769120f838e6	build-infra/Makefile	artifact check source root check vostro prefix check	2	2	2	0	0	2	2	present	30	a015140709531fdfbb364921ce32e9c3fa56c14c;23809ecb8d46f6153311d7cfa4419b0c57e88a75;96d38e1d40d871c7c658abcb88df7e7813c81e35;af2e4264b1c63c9eabeeed02c323f8b8e919bb74;b5acf9f4e07272c713c0c51152a949d9cdd89b83;27e590ad4c139037e13780e746b466b634b3e8ec;73759399b38e424bc37ce26f60fa228b6ccc35eb;5553f18dd493d70594299d8b24ab9d151f1bd863;3a80a993583d4f21bb857357f0e5fe55312779fe;808e258f17e4ae05fd17c90cbe39c9bf47dfdcc4;b8802d7a89bc4cea83656fb1a148c9b1d69a9fee;05d14e686f3620d5822daef37caaf7ab3ea67254;ed20af083377495eeff79cee060323b7c229b8e4;ff11e020abbe69be7223ccfcb7636b76e77a9fcb;e45a1e504826d09b5326922d82aa9469bd6b966a;1c988d64c05c822b3e508fc21263e9f7489ee2db;767de3c3f4dda9cef71d83fa3076d90561cd5f61;48f01c597f39b22edc69f30e3ac51b36f5ae6b7e;e0fb9fdbdf770e324eddc7287998cb6e7a2d5bd6;4cf709a16011ff323127c8ac179603a5bf5c1552;a2bfd6032c81faa75994dfd4f57b279200a0776f;00a98af45542fa3a04d24da888fef34e722f1a6d;936c7c544ddc1b182f140b1c775e8274f091a986;6b1396652e1c5785277f252d88ceb019a72a1646;20286a21d04942790561bc931ea332eb59b6214b;4420389af742cd6354dceac2584fd4fd8ad74ec8;292c0318de096554d204725077710d177a3196f2;f743d0f9bec6e673cdd09dfd4554172aaa9b01c7;263c9e82cb8efb475d1866a0e5566ba060a4ed12;abc5b075722040427bd5c78623a0019da55905be		configure-build-and-artifact-check	changed-since-review	inspect-path-change-sequence-against-review-claims
work-r3v-physical-device-c-r3v-physical-device-init-properties-struct-087d6f8518c2	history-changed-since-review-warning-clean-driver-build-and-focused-test-41f364cefea2	src/amd/r300/vulkan/r3v_physical_device.c	r3v physical device init properties struct vk properties const props	1	1	1	0	0	1	1	present	18	24e9863bb0a297de10298b8de7a33e6cfcbbd986;e50678009138c99f30b83aea23ae083213b8a58c;41d774592cb536a8f74e5247c9a9a855725b397e;a988c2cf707f0190580ac4099b70670084905be3;b6df2f8ef84dda8b2c505b389e50e3faadada672;a015140709531fdfbb364921ce32e9c3fa56c14c;23809ecb8d46f6153311d7cfa4419b0c57e88a75;a3d731fddaf773e547e3a057a93394025833e651;8e1387b5c97e329dd7b12f9937d691611c40f63e;e68f40792d4bbdcc1961cae439a8b0264c25c9ce;d2b2d888ed784999a7c90886228532021b52d268;13683abd6ad3fcbf0d052d1a63b24793b59211fa;1d0ecc2e4930d7ebb2c0c0cfb2bf577f02c885b8;ebc8348c2ec8951c28056c17b036a365856cd12a;bd7fcf75397e409a3d1e15e595e940d6411dffc3;93ff2e17aeca881926adb92dc6493bb34018be2a;5453c84376b798dd7cc68a5f65defc68037c4b15;3bfafd1e35a20b7024389b1ae47af94d979e27fd		warning-clean-driver-build-and-focused-test	changed-since-review	inspect-path-change-sequence-against-review-claims
work-r3v-rename-ratchet-py-original-line-122-4879ede8fa40	history-changed-since-review-python-test-black-and-ruff-2e26bae9610f	src/amd/r300/vulkan/tests/r3v_rename_ratchet.py	original line 122	1	1	1	0	0	1	1	present	5	1a09900f7b5b27eaeb25fd2cbdb1ccc50c5b173a;a24c5eb9c24106737bcfd940abf27d228afd25b9;774bc806f808ee2b73791c12fe09b850d4bf55ea;3121a86c5cffac9d20016e0d51123c5c667f7b10;8abe8b6c821699fa18459070f9a9f4489c7d2724		python-test-black-and-ruff	changed-since-review	inspect-path-change-sequence-against-review-claims
work-r3v-rename-ratchet-py-original-line-71-bdd5f6f80b13	history-changed-since-review-python-test-black-and-ruff-2e26bae9610f	src/amd/r300/vulkan/tests/r3v_rename_ratchet.py	original line 71	1	1	1	0	0	1	1	present	5	1a09900f7b5b27eaeb25fd2cbdb1ccc50c5b173a;a24c5eb9c24106737bcfd940abf27d228afd25b9;774bc806f808ee2b73791c12fe09b850d4bf55ea;3121a86c5cffac9d20016e0d51123c5c667f7b10;8abe8b6c821699fa18459070f9a9f4489c7d2724		python-test-black-and-ruff	changed-since-review	inspect-path-change-sequence-against-review-claims
work-r3v-rename-allowlist-txt-original-line-14-40a92d3cde2c	history-changed-since-review-documentation-symbol-and-link-check-9dbf021bac16	docs/r3v-rename-allowlist.txt	original line 14	1	1	1	0	0	1	1	present	6	91836a959f1cfda67e5c78a812bc0d90d0a03e90;a015140709531fdfbb364921ce32e9c3fa56c14c;6c32b4e315c631480f42c9540fd36ec64b0f18e5;23809ecb8d46f6153311d7cfa4419b0c57e88a75;3121a86c5cffac9d20016e0d51123c5c667f7b10;8abe8b6c821699fa18459070f9a9f4489c7d2724		documentation-symbol-and-link-check	changed-since-review	inspect-path-change-sequence-against-review-claims
work-r3v-rename-ratchet-py-original-line-118-a64276270e43	history-changed-since-review-python-test-black-and-ruff-2e26bae9610f	src/amd/r300/vulkan/tests/r3v_rename_ratchet.py	original line 118	1	1	1	0	0	1	1	present	5	1a09900f7b5b27eaeb25fd2cbdb1ccc50c5b173a;a24c5eb9c24106737bcfd940abf27d228afd25b9;774bc806f808ee2b73791c12fe09b850d4bf55ea;3121a86c5cffac9d20016e0d51123c5c667f7b10;8abe8b6c821699fa18459070f9a9f4489c7d2724		python-test-black-and-ruff	changed-since-review	inspect-path-change-sequence-against-review-claims
work-r3v-rename-ratchet-py-original-line-38-c4f30cf20c32	history-changed-since-review-python-test-black-and-ruff-2e26bae9610f	src/amd/r300/vulkan/tests/r3v_rename_ratchet.py	original line 38	1	1	1	0	0	1	1	present	5	1a09900f7b5b27eaeb25fd2cbdb1ccc50c5b173a;a24c5eb9c24106737bcfd940abf27d228afd25b9;774bc806f808ee2b73791c12fe09b850d4bf55ea;3121a86c5cffac9d20016e0d51123c5c667f7b10;8abe8b6c821699fa18459070f9a9f4489c7d2724		python-test-black-and-ruff	changed-since-review	inspect-path-change-sequence-against-review-claims
work-r3v-rename-ratchet-py-original-line-88-12c30eebeffb	history-changed-since-review-python-test-black-and-ruff-2e26bae9610f	src/amd/r300/vulkan/tests/r3v_rename_ratchet.py	original line 88	1	1	1	0	0	1	1	present	5	1a09900f7b5b27eaeb25fd2cbdb1ccc50c5b173a;a24c5eb9c24106737bcfd940abf27d228afd25b9;774bc806f808ee2b73791c12fe09b850d4bf55ea;3121a86c5cffac9d20016e0d51123c5c667f7b10;8abe8b6c821699fa18459070f9a9f4489c7d2724		python-test-black-and-ruff	changed-since-review	inspect-path-change-sequence-against-review-claims
work-driver-root-audit-py-original-line-35-d582aea61d41	history-changed-since-review-python-test-black-and-ruff-ae347061c075	build-infra/scripts/driver_root_audit.py	original line 35	1	1	1	0	0	1	1	present	3	679e17425422212a375a34b5712893fd76b1bfbf;f67f002611b9ce2f703bf32b47c2dce9c3c226b1;4ef62b7e547e76ef64806f2b0d8fc07edb98fe9d		python-test-black-and-ruff	changed-since-review	inspect-path-change-sequence-against-review-claims
work-mesa-profile-sh-original-line-4-3b40fa3bf7e7	history-unchanged-since-review-shellcheck-and-script-test-6f9d39f181b1	build-infra/packaging/mesa-gororoba/mesa-gororoba-profile.sh	original line 4	1	1	1	0	1	0	1	present	0			shellcheck-and-script-test	unchanged-since-review	compare-current-code-with-review-claim
work-pkgbuild-build-b8fcb98748bd	history-changed-since-review-repository-native-focused-check-a2201394b7b8	build-infra/packaging/mesa-gororoba/PKGBUILD	build	2	1	1	0	0	1	1	present	3	4420389af742cd6354dceac2584fd4fd8ad74ec8;292c0318de096554d204725077710d177a3196f2;f743d0f9bec6e673cdd09dfd4554172aaa9b01c7		repository-native-focused-check	changed-since-review	inspect-path-change-sequence-against-review-claims
work-pkgbuild-install-pkgname-install-d2078529a9e0	history-changed-since-review-repository-native-focused-check-34b361d4d7e7	build-infra/packaging/mesa-gororoba-debug-optimized/PKGBUILD	install pkgname install	1	1	1	0	0	1	1	present	7	b994e46a625267a56a6e78ad074d11c2ac5c0296;74e1dd755b905828dd9098207d8d63d77f87e8c8;4420389af742cd6354dceac2584fd4fd8ad74ec8;292c0318de096554d204725077710d177a3196f2;f743d0f9bec6e673cdd09dfd4554172aaa9b01c7;217378421cb218e216d5f4d135101c25a7892a3b;4b965810d471ad11a2c94369a9f75dd127651c3f		repository-native-focused-check	changed-since-review	inspect-path-change-sequence-against-review-claims
work-r3v-implementation-boundaries-md-and-drm-shim-evidence-rather-than-0f646a640c77	history-changed-since-review-documentation-symbol-and-link-check-43e72f6747b1	docs/hardware/r3v-implementation-boundaries.md	and drm shim evidence rather than gpu transfer or silicon evidence broader	1	1	1	0	0	1	1	present	17	d214e70ed81ffdc8b52ab47be9c8206073cf47ed;6bec0aa6fbf13ffedd6b43e5cbf2fd5220b34e9c;41d774592cb536a8f74e5247c9a9a855725b397e;d2b6fe808983612e78eb95cb0000db4e36b38a21;c9bd4e6bc836fe7d172176dd0c977779537d14d5;9e834dbc3131e3998158efb3a8a7815e1622fce1;99e93170475b3f8ff2dee9784c5a0149f503108e;d02bda1a06e35e35f08127a42ace08a0052e6351;0bb1427b518fc30fd6383d39cfe7485beb1b273b;74023eb71b34141ce214b337349fdcec650e7c94;8e1387b5c97e329dd7b12f9937d691611c40f63e;60ae71b6e75360b9cc12dd4b524381da9da7feb4;1a5c07ce10d5efc8592101374468c787899d084b;7dd3f6fbb379de20d3c2c7d983d24523acfdbd84;af766adab77452239b29918eb26f033c0f00b313;31650bf8e57d52a812104aeb6cc60449099a86d1;813f5899cd3d315aa4c84213e5be5101fc03f698		documentation-symbol-and-link-check	changed-since-review	inspect-path-change-sequence-against-review-claims
work-r3v-implementation-boundaries-md-native-initializer-fc6b69c1932e	history-changed-since-review-documentation-symbol-and-link-check-43e72f6747b1	docs/hardware/r3v-implementation-boundaries.md	native initializer	1	1	1	0	0	1	1	present	17	d214e70ed81ffdc8b52ab47be9c8206073cf47ed;6bec0aa6fbf13ffedd6b43e5cbf2fd5220b34e9c;41d774592cb536a8f74e5247c9a9a855725b397e;d2b6fe808983612e78eb95cb0000db4e36b38a21;c9bd4e6bc836fe7d172176dd0c977779537d14d5;9e834dbc3131e3998158efb3a8a7815e1622fce1;99e93170475b3f8ff2dee9784c5a0149f503108e;d02bda1a06e35e35f08127a42ace08a0052e6351;0bb1427b518fc30fd6383d39cfe7485beb1b273b;74023eb71b34141ce214b337349fdcec650e7c94;8e1387b5c97e329dd7b12f9937d691611c40f63e;60ae71b6e75360b9cc12dd4b524381da9da7feb4;1a5c07ce10d5efc8592101374468c787899d084b;7dd3f6fbb379de20d3c2c7d983d24523acfdbd84;af766adab77452239b29918eb26f033c0f00b313;31650bf8e57d52a812104aeb6cc60449099a86d1;813f5899cd3d315aa4c84213e5be5101fc03f698		documentation-symbol-and-link-check	changed-since-review	inspect-path-change-sequence-against-review-claims
work-r3v-implementation-boundaries-md-owned-bo-under-an-explicit-unsnooped-2732e4c47964	history-changed-since-review-documentation-symbol-and-link-check-43e72f6747b1	docs/hardware/r3v-implementation-boundaries.md	owned bo under an explicit unsnooped uma visibility contract	1	1	1	0	0	1	1	present	17	d214e70ed81ffdc8b52ab47be9c8206073cf47ed;6bec0aa6fbf13ffedd6b43e5cbf2fd5220b34e9c;41d774592cb536a8f74e5247c9a9a855725b397e;d2b6fe808983612e78eb95cb0000db4e36b38a21;c9bd4e6bc836fe7d172176dd0c977779537d14d5;9e834dbc3131e3998158efb3a8a7815e1622fce1;99e93170475b3f8ff2dee9784c5a0149f503108e;d02bda1a06e35e35f08127a42ace08a0052e6351;0bb1427b518fc30fd6383d39cfe7485beb1b273b;74023eb71b34141ce214b337349fdcec650e7c94;8e1387b5c97e329dd7b12f9937d691611c40f63e;60ae71b6e75360b9cc12dd4b524381da9da7feb4;1a5c07ce10d5efc8592101374468c787899d084b;7dd3f6fbb379de20d3c2c7d983d24523acfdbd84;af766adab77452239b29918eb26f033c0f00b313;31650bf8e57d52a812104aeb6cc60449099a86d1;813f5899cd3d315aa4c84213e5be5101fc03f698		documentation-symbol-and-link-check	changed-since-review	inspect-path-change-sequence-against-review-claims
work-r3v-implementation-boundaries-md-rg-n-fixed-strings-e-r3v-83347987e20b	history-changed-since-review-documentation-symbol-and-link-check-43e72f6747b1	docs/hardware/r3v-implementation-boundaries.md	rg n fixed strings e r3v native loader application	1	1	1	0	0	1	1	present	17	d214e70ed81ffdc8b52ab47be9c8206073cf47ed;6bec0aa6fbf13ffedd6b43e5cbf2fd5220b34e9c;41d774592cb536a8f74e5247c9a9a855725b397e;d2b6fe808983612e78eb95cb0000db4e36b38a21;c9bd4e6bc836fe7d172176dd0c977779537d14d5;9e834dbc3131e3998158efb3a8a7815e1622fce1;99e93170475b3f8ff2dee9784c5a0149f503108e;d02bda1a06e35e35f08127a42ace08a0052e6351;0bb1427b518fc30fd6383d39cfe7485beb1b273b;74023eb71b34141ce214b337349fdcec650e7c94;8e1387b5c97e329dd7b12f9937d691611c40f63e;60ae71b6e75360b9cc12dd4b524381da9da7feb4;1a5c07ce10d5efc8592101374468c787899d084b;7dd3f6fbb379de20d3c2c7d983d24523acfdbd84;af766adab77452239b29918eb26f033c0f00b313;31650bf8e57d52a812104aeb6cc60449099a86d1;813f5899cd3d315aa4c84213e5be5101fc03f698		documentation-symbol-and-link-check	changed-since-review	inspect-path-change-sequence-against-review-claims
work-readme-md-gallium-draw-software-tcl-because-mesa-classifies-the-d11e6446f556	history-changed-since-review-documentation-symbol-and-link-check-4e255bff5abc	src/amd/r300/vulkan/README.md	gallium draw software tcl because mesa classifies the family with	1	1	1	0	0	1	1	present	30	6594b309ef5ccb3945196308926ce1a2aa893e94;d214e70ed81ffdc8b52ab47be9c8206073cf47ed;41d774592cb536a8f74e5247c9a9a855725b397e;d2b6fe808983612e78eb95cb0000db4e36b38a21;c9bd4e6bc836fe7d172176dd0c977779537d14d5;9e834dbc3131e3998158efb3a8a7815e1622fce1;99e93170475b3f8ff2dee9784c5a0149f503108e;9dc8b06c19483b20dccaa9d455ca30d77be42b3c;8e1387b5c97e329dd7b12f9937d691611c40f63e;88ce4466f7a042a93cb70866208c901bf86433c3;4653e691f1692ad7c7e37835316e6cf7d82fc7bc;225cea235e853f762377956a6329f5e8ab1661b3;7f7feec24572361f74134376433c0ba63f6219c2;4b11002d5b38f01f6477a2878352caea8cd28ac7;26b04af5186ffa9c81c9f86ea67d56a9b2ee9baf;28d2e439d133914edccaa861df6ddaff6bcc1c71;c9d5859cab6f6ca834d731a062b23dfd770da496;00e3c5dd25deb8545a531a6725b0d76c50156e1c;59b77649a80ee880f84ba6a5301467c8cc2c0438;1a5c07ce10d5efc8592101374468c787899d084b;c5861da177d780bb8cf254b0d2777771b1e9c73b;81526f6ae547d3c0d6e7cb30aa26c2215af42e19;e16bfb045fd1ae8096ede8e4af76356ac7f3157e;4420389af742cd6354dceac2584fd4fd8ad74ec8;292c0318de096554d204725077710d177a3196f2;f743d0f9bec6e673cdd09dfd4554172aaa9b01c7;31650bf8e57d52a812104aeb6cc60449099a86d1;813f5899cd3d315aa4c84213e5be5101fc03f698;4337fab9b7e51ae23d0c1db75c0c107ec1a20f29;c3f310b429a8061a7eda94441b306c7b999d5ebc		documentation-symbol-and-link-check	changed-since-review	inspect-path-change-sequence-against-review-claims
work-r3v-physical-device-c-r3v-get-image-format-properties-3dc19611b8c7	history-changed-since-review-warning-clean-driver-build-and-focused-test-e3d6d90206eb	src/amd/r300/vulkan/r3v_physical_device.c	r3v get image format properties	5	2	2	0	0	2	2	present	17	e50678009138c99f30b83aea23ae083213b8a58c;41d774592cb536a8f74e5247c9a9a855725b397e;a988c2cf707f0190580ac4099b70670084905be3;b6df2f8ef84dda8b2c505b389e50e3faadada672;a015140709531fdfbb364921ce32e9c3fa56c14c;23809ecb8d46f6153311d7cfa4419b0c57e88a75;a3d731fddaf773e547e3a057a93394025833e651;8e1387b5c97e329dd7b12f9937d691611c40f63e;e68f40792d4bbdcc1961cae439a8b0264c25c9ce;d2b2d888ed784999a7c90886228532021b52d268;13683abd6ad3fcbf0d052d1a63b24793b59211fa;1d0ecc2e4930d7ebb2c0c0cfb2bf577f02c885b8;ebc8348c2ec8951c28056c17b036a365856cd12a;bd7fcf75397e409a3d1e15e595e940d6411dffc3;93ff2e17aeca881926adb92dc6493bb34018be2a;5453c84376b798dd7cc68a5f65defc68037c4b15;3bfafd1e35a20b7024389b1ae47af94d979e27fd		warning-clean-driver-build-and-focused-test	changed-since-review	inspect-path-change-sequence-against-review-claims
work-r3v-native-submit-order-harness-c-original-line-229-be77caafb553	history-changed-since-review-warning-clean-driver-build-and-focused-test-4f59fd85673b	src/amd/r300/vulkan/tests/r3v_native_submit_order_harness.c	original line 229	1	1	1	0	0	1	1	present	24	c1c76da5053cb35655bd2c46a95fe027fb255e60;e50678009138c99f30b83aea23ae083213b8a58c;6594b309ef5ccb3945196308926ce1a2aa893e94;c096215370bdb9dd72176529c0975c271596d5a6;01cce6697e2122401327f7dbc7d873adb7b0a897;d214e70ed81ffdc8b52ab47be9c8206073cf47ed;41d774592cb536a8f74e5247c9a9a855725b397e;d2b6fe808983612e78eb95cb0000db4e36b38a21;c9bd4e6bc836fe7d172176dd0c977779537d14d5;966ab4bfce7b70d429f659d57c4e91c64a70f7b8;1ad514dc9e39a5ce3e6373bc35fc84c5c95dbb0c;a988c2cf707f0190580ac4099b70670084905be3;812cf7df40581a3ccb779baf92fe18a83a552220;0f807535cfda5bf35b33bd8869a80d5480b566e4;275a5279249d527c349f4dfdd4f93cf66e6123eb;bd7fcf75397e409a3d1e15e595e940d6411dffc3;93ff2e17aeca881926adb92dc6493bb34018be2a;5453c84376b798dd7cc68a5f65defc68037c4b15;682648a30f9fe5db7f18772bd953af2e44099437;393cb870255352a00fc9859f2d6624e3f10b2b87;73b4fc07196b5bc9e5505406dfc34f4269407165;c7dae69423791abaefee49603b2d45e62086ac19;7dd3f6fbb379de20d3c2c7d983d24523acfdbd84;af766adab77452239b29918eb26f033c0f00b313		warning-clean-driver-build-and-focused-test	changed-since-review	inspect-path-change-sequence-against-review-claims
work-r3v-native-submit-order-harness-c-original-line-236-d596cce2f069	history-changed-since-review-warning-clean-driver-build-and-focused-test-4f59fd85673b	src/amd/r300/vulkan/tests/r3v_native_submit_order_harness.c	original line 236	1	1	1	0	0	1	1	present	24	c1c76da5053cb35655bd2c46a95fe027fb255e60;e50678009138c99f30b83aea23ae083213b8a58c;6594b309ef5ccb3945196308926ce1a2aa893e94;c096215370bdb9dd72176529c0975c271596d5a6;01cce6697e2122401327f7dbc7d873adb7b0a897;d214e70ed81ffdc8b52ab47be9c8206073cf47ed;41d774592cb536a8f74e5247c9a9a855725b397e;d2b6fe808983612e78eb95cb0000db4e36b38a21;c9bd4e6bc836fe7d172176dd0c977779537d14d5;966ab4bfce7b70d429f659d57c4e91c64a70f7b8;1ad514dc9e39a5ce3e6373bc35fc84c5c95dbb0c;a988c2cf707f0190580ac4099b70670084905be3;812cf7df40581a3ccb779baf92fe18a83a552220;0f807535cfda5bf35b33bd8869a80d5480b566e4;275a5279249d527c349f4dfdd4f93cf66e6123eb;bd7fcf75397e409a3d1e15e595e940d6411dffc3;93ff2e17aeca881926adb92dc6493bb34018be2a;5453c84376b798dd7cc68a5f65defc68037c4b15;682648a30f9fe5db7f18772bd953af2e44099437;393cb870255352a00fc9859f2d6624e3f10b2b87;73b4fc07196b5bc9e5505406dfc34f4269407165;c7dae69423791abaefee49603b2d45e62086ac19;7dd3f6fbb379de20d3c2c7d983d24523acfdbd84;af766adab77452239b29918eb26f033c0f00b313		warning-clean-driver-build-and-focused-test	changed-since-review	inspect-path-change-sequence-against-review-claims
work-r3v-native-submit-order-harness-c-original-line-727-abaa3d9a6943	history-changed-since-review-warning-clean-driver-build-and-focused-test-4f59fd85673b	src/amd/r300/vulkan/tests/r3v_native_submit_order_harness.c	original line 727	1	1	1	0	0	1	1	present	24	c1c76da5053cb35655bd2c46a95fe027fb255e60;e50678009138c99f30b83aea23ae083213b8a58c;6594b309ef5ccb3945196308926ce1a2aa893e94;c096215370bdb9dd72176529c0975c271596d5a6;01cce6697e2122401327f7dbc7d873adb7b0a897;d214e70ed81ffdc8b52ab47be9c8206073cf47ed;41d774592cb536a8f74e5247c9a9a855725b397e;d2b6fe808983612e78eb95cb0000db4e36b38a21;c9bd4e6bc836fe7d172176dd0c977779537d14d5;966ab4bfce7b70d429f659d57c4e91c64a70f7b8;1ad514dc9e39a5ce3e6373bc35fc84c5c95dbb0c;a988c2cf707f0190580ac4099b70670084905be3;812cf7df40581a3ccb779baf92fe18a83a552220;0f807535cfda5bf35b33bd8869a80d5480b566e4;275a5279249d527c349f4dfdd4f93cf66e6123eb;bd7fcf75397e409a3d1e15e595e940d6411dffc3;93ff2e17aeca881926adb92dc6493bb34018be2a;5453c84376b798dd7cc68a5f65defc68037c4b15;682648a30f9fe5db7f18772bd953af2e44099437;393cb870255352a00fc9859f2d6624e3f10b2b87;73b4fc07196b5bc9e5505406dfc34f4269407165;c7dae69423791abaefee49603b2d45e62086ac19;7dd3f6fbb379de20d3c2c7d983d24523acfdbd84;af766adab77452239b29918eb26f033c0f00b313		warning-clean-driver-build-and-focused-test	changed-since-review	inspect-path-change-sequence-against-review-claims
work-r300-retained-route-digests-h-original-line-21-1cc15cd19e5e	history-changed-since-review-warning-clean-driver-build-and-focused-test-f25081673a48	src/amd/r300/common/tests/r300_retained_route_digests.h	original line 21	1	1	1	0	0	1	1	present	1	0f807535cfda5bf35b33bd8869a80d5480b566e4	0f807535cfda5bf35b33bd8869a80d5480b566e4	warning-clean-driver-build-and-focused-test	changed-since-review	verify-single-path-change-against-review-claims
work-r3v-native-route-timing-digest-test-c-main-void-34efd76d8d3c	history-changed-since-review-warning-clean-driver-build-and-focused-test-9609119bb577	src/amd/r300/vulkan/tests/r3v_native_route_timing_digest_test.c	main void	1	1	1	0	0	1	1	present	3	4eb06a49be58551844a93a51de5639cf64f3558a;7dd3f6fbb379de20d3c2c7d983d24523acfdbd84;af766adab77452239b29918eb26f033c0f00b313		warning-clean-driver-build-and-focused-test	changed-since-review	inspect-path-change-sequence-against-review-claims
work-r300-vertex-spirv-c-admit-module-const-uint32-t-words-6bb0947e38d3	history-current-path-missing-warning-clean-driver-build-and-focused-test-ca6057482616	src/amd/r300/common/r300_vertex_spirv.c	admit module const uint32 t words size t word count	1	1	1	0	0	0	1	missing	0			warning-clean-driver-build-and-focused-test	current-path-missing	locate-replacement-or-prove-supersession
work-r300-cpu-vertex-c-r300-cpu-vertex-gather-baseline-ba812ac4b422	history-unchanged-since-review-warning-clean-driver-build-and-focused-test-386e4ec442e6	src/amd/r300/cpu/r300_cpu_vertex.c	r300 cpu vertex gather baseline	1	1	1	0	1	0	1	present	0			warning-clean-driver-build-and-focused-test	unchanged-since-review	compare-current-code-with-review-claim
work-r3v-native-submit-order-harness-c-run-arm-enum-arm-e2b8586c7be2	history-changed-since-review-warning-clean-driver-build-and-focused-test-86641b260da8	src/amd/r300/vulkan/tests/r3v_native_submit_order_harness.c	run arm enum arm arm const char name	2	2	2	0	0	2	2	present	22	6594b309ef5ccb3945196308926ce1a2aa893e94;c096215370bdb9dd72176529c0975c271596d5a6;01cce6697e2122401327f7dbc7d873adb7b0a897;d214e70ed81ffdc8b52ab47be9c8206073cf47ed;41d774592cb536a8f74e5247c9a9a855725b397e;d2b6fe808983612e78eb95cb0000db4e36b38a21;c9bd4e6bc836fe7d172176dd0c977779537d14d5;966ab4bfce7b70d429f659d57c4e91c64a70f7b8;1ad514dc9e39a5ce3e6373bc35fc84c5c95dbb0c;a988c2cf707f0190580ac4099b70670084905be3;812cf7df40581a3ccb779baf92fe18a83a552220;0f807535cfda5bf35b33bd8869a80d5480b566e4;275a5279249d527c349f4dfdd4f93cf66e6123eb;bd7fcf75397e409a3d1e15e595e940d6411dffc3;93ff2e17aeca881926adb92dc6493bb34018be2a;5453c84376b798dd7cc68a5f65defc68037c4b15;682648a30f9fe5db7f18772bd953af2e44099437;393cb870255352a00fc9859f2d6624e3f10b2b87;73b4fc07196b5bc9e5505406dfc34f4269407165;c7dae69423791abaefee49603b2d45e62086ac19;7dd3f6fbb379de20d3c2c7d983d24523acfdbd84;af766adab77452239b29918eb26f033c0f00b313		warning-clean-driver-build-and-focused-test	changed-since-review	inspect-path-change-sequence-against-review-claims
work-r300-vertex-stream-h-struct-r300-vertex-stream-7a2a30d0e690	history-changed-since-review-warning-clean-driver-build-and-focused-test-f4e20dbeb41e	src/amd/r300/common/r300_vertex_stream.h	struct r300 vertex stream	1	1	1	0	0	1	1	present	1	c9bd4e6bc836fe7d172176dd0c977779537d14d5	c9bd4e6bc836fe7d172176dd0c977779537d14d5	warning-clean-driver-build-and-focused-test	changed-since-review	verify-single-path-change-against-review-claims
work-r300-delivery-route-c-r300-delivery-route-resolve-const-char-1a2bae6d8781	history-current-path-missing-warning-clean-driver-build-and-focused-test-ca6057482616	src/amd/r300/common/r300_delivery_route.c	r300 delivery route resolve const char gate value	1	1	1	0	0	0	1	missing	0			warning-clean-driver-build-and-focused-test	current-path-missing	locate-replacement-or-prove-supersession
work-r3v-native-attended-fetched-gpu-producer-procedure-md-original-line-d14af10c5b7a	history-changed-since-review-documentation-symbol-and-link-check-84c5e8454be7	docs/hardware/r3v-native-attended-fetched-gpu-producer-procedure.md	original line 76	1	1	1	0	0	1	1	present	2	01cce6697e2122401327f7dbc7d873adb7b0a897;5f7f33471182c79abf7be14959f87ba8297665fd		documentation-symbol-and-link-check	changed-since-review	inspect-path-change-sequence-against-review-claims
work-r3v-native-fetched-gpu-producer-arming-runner-check-py-original-5cbe87912df9	history-changed-since-review-python-test-black-and-ruff-7e2fd3d1a996	src/amd/r300/vulkan/tests/r3v_native_fetched_gpu_producer_arming_runner_check.py	original line 124	1	1	1	0	0	1	1	present	1	01cce6697e2122401327f7dbc7d873adb7b0a897	01cce6697e2122401327f7dbc7d873adb7b0a897	python-test-black-and-ruff	changed-since-review	verify-single-path-change-against-review-claims
work-r3v-native-cell-c-admit-fetched-producer-struct-r3v-native-0049d6bdab02	history-changed-since-review-warning-clean-driver-build-and-focused-test-6197dd45e48d	src/amd/r300/vulkan/r3v_native_cell.c	admit fetched producer struct r3v native device device	1	1	1	0	0	1	1	present	31	d214e70ed81ffdc8b52ab47be9c8206073cf47ed;41d774592cb536a8f74e5247c9a9a855725b397e;d2b6fe808983612e78eb95cb0000db4e36b38a21;c9bd4e6bc836fe7d172176dd0c977779537d14d5;a190f69df686f6558b0e3ef847ef62793ffcaf50;966ab4bfce7b70d429f659d57c4e91c64a70f7b8;1ad514dc9e39a5ce3e6373bc35fc84c5c95dbb0c;a988c2cf707f0190580ac4099b70670084905be3;300a75557165c988818944e1fef1157d847406bc;ebc8348c2ec8951c28056c17b036a365856cd12a;0f807535cfda5bf35b33bd8869a80d5480b566e4;7d380acb9b92d0de445217a4c35eb53cccc03901;dc60471e58b6198ffe3b065d3164d08a4afa0664;275a5279249d527c349f4dfdd4f93cf66e6123eb;bd7fcf75397e409a3d1e15e595e940d6411dffc3;93ff2e17aeca881926adb92dc6493bb34018be2a;5453c84376b798dd7cc68a5f65defc68037c4b15;13701e615400edf1e437c61df559419793a3088f;84cf229c0d6e290d4a5694efa957454bc04b22c9;eae1df80d9c7db3162ed27614fc74de2325ad665;5f2615641abebc5f1631fb02285d20a93808cbfb;73b4fc07196b5bc9e5505406dfc34f4269407165;c7dae69423791abaefee49603b2d45e62086ac19;c5cc11945f60ddc34a1011b1bde47762a33887ab;64fa102e611a869ea31d47a31fdf72ad84f28711;7dd3f6fbb379de20d3c2c7d983d24523acfdbd84;af766adab77452239b29918eb26f033c0f00b313;31650bf8e57d52a812104aeb6cc60449099a86d1;813f5899cd3d315aa4c84213e5be5101fc03f698;10f9e2fa66fd28b97638124d55113218da2a57d5;51e2926b7cd2deabb3dfc6c09e9e3310abca4159		warning-clean-driver-build-and-focused-test	changed-since-review	inspect-path-change-sequence-against-review-claims
work-rs482-native-delivery-route-admission-and-oracle-model-md-format-8e166018fb84	history-changed-since-review-documentation-symbol-and-link-check-ab4f6aa670bf	docs/hardware/rs482-native-delivery-route-admission-and-oracle-model.md	format and returns one decision the cpu route by default the r2vb host model	3	1	1	0	0	1	1	present	4	01cce6697e2122401327f7dbc7d873adb7b0a897;5f7f33471182c79abf7be14959f87ba8297665fd;31650bf8e57d52a812104aeb6cc60449099a86d1;813f5899cd3d315aa4c84213e5be5101fc03f698		documentation-symbol-and-link-check	changed-since-review	inspect-path-change-sequence-against-review-claims
work-r300-fetched-route-digests-h-original-line-11-46dc65000f0e	history-unchanged-since-review-warning-clean-driver-build-and-focused-test-386e4ec442e6	src/amd/r300/common/tests/r300_fetched_route_digests.h	original line 11	1	1	1	0	1	0	1	present	0			warning-clean-driver-build-and-focused-test	unchanged-since-review	compare-current-code-with-review-claim
work-r3v-native-route-timing-digest-test-c-main-int-argc-d160cbadb9e4	history-changed-since-review-warning-clean-driver-build-and-focused-test-be297c285ca9	src/amd/r300/vulkan/tests/r3v_native_route_timing_digest_test.c	main int argc char argv	1	1	1	0	0	1	1	present	2	7dd3f6fbb379de20d3c2c7d983d24523acfdbd84;af766adab77452239b29918eb26f033c0f00b313		warning-clean-driver-build-and-focused-test	changed-since-review	inspect-path-change-sequence-against-review-claims
work-r300-delivery-route-h-original-line-36-ee6de2cf8d04	history-current-path-missing-warning-clean-driver-build-and-focused-test-ca6057482616	src/amd/r300/common/r300_delivery_route.h	original line 36	1	1	1	0	0	0	1	missing	0			warning-clean-driver-build-and-focused-test	current-path-missing	locate-replacement-or-prove-supersession
work-r300-delivery-route-h-original-line-35-1cd594729aa6	history-current-path-missing-warning-clean-driver-build-and-focused-test-ca6057482616	src/amd/r300/common/r300_delivery_route.h	original line 35	1	1	1	0	0	0	1	missing	0			warning-clean-driver-build-and-focused-test	current-path-missing	locate-replacement-or-prove-supersession
work-r300-tcl-bypass-triangle-c-original-line-35-47d27cd7183b	history-changed-since-review-warning-clean-driver-build-and-focused-test-6c1c07adebc3	src/amd/r300/common/r300_tcl_bypass_triangle.c	original line 35	1	1	1	0	0	1	1	present	32	c9bd4e6bc836fe7d172176dd0c977779537d14d5;1a8033cbeec7650ebd5a0cce7c298aa06d6d67d8;92a1e7e25e0001dd6fee922eb0e74dbb75ca6996;7d380acb9b92d0de445217a4c35eb53cccc03901;dc60471e58b6198ffe3b065d3164d08a4afa0664;275a5279249d527c349f4dfdd4f93cf66e6123eb;bd7fcf75397e409a3d1e15e595e940d6411dffc3;d81fbed896c223ef4073f8c95c2a51801b178252;93ff2e17aeca881926adb92dc6493bb34018be2a;dd37f92a3695930472990d530e70d88add9ec48d;511ef9d736cf3e3800c25b31dd5abe0e0540a6a3;a0b08e61fb38f57fe17f038bfaddd9f5dd47ef34;f6a34ad39990d74a4752ccfdf0d67c55b398fef5;84cf229c0d6e290d4a5694efa957454bc04b22c9;4fafa6b132c1c458d76646f2f6b10e603f5d663f;3a32ad98562dd20c4860014c53ef5e95e7c0680b;1b0a2e11dfb54b35af550012234ff5648ebf0111;7ac62205eb882df42462d849cc549086b59227ea;92fc8a2c371472b667a10471e6f8a18de66fd847;dede1a1b318fb4cbc3b4314f1354cd20ee2e6ecd;5a113dd59561dce74f0d5a85883e99ffe6fd097c;5f2615641abebc5f1631fb02285d20a93808cbfb;02e7f3afc1737a1a04a35d22ed9ca7c40570b75c;2e670ab6365099e3d31a1a6fd8ff9aaaa74d98fc;0aceb8aa9606b0e4381e1ce5afc099c8914a3ef1;f743d0f9bec6e673cdd09dfd4554172aaa9b01c7;c5cc11945f60ddc34a1011b1bde47762a33887ab;64fa102e611a869ea31d47a31fdf72ad84f28711;7dd3f6fbb379de20d3c2c7d983d24523acfdbd84;af766adab77452239b29918eb26f033c0f00b313;2232b3ab7b2baef2666bd3f5bf23193e0af2f86e;ae2e0183f6953f872bb04b6b929b374b6f8ac1ae		warning-clean-driver-build-and-focused-test	changed-since-review	inspect-path-change-sequence-against-review-claims
work-r3v-native-attended-varying-triangle-c-original-line-42-fdc13499674f	history-unchanged-since-review-warning-clean-driver-build-and-focused-test-386e4ec442e6	src/amd/r300/vulkan/tests/r3v_native_attended_varying_triangle.c	original line 42	1	1	1	0	1	0	1	present	0			warning-clean-driver-build-and-focused-test	unchanged-since-review	compare-current-code-with-review-claim
work-r300-varying-cell-digests-h-original-line-11-b5a9ecf3c0af	history-unchanged-since-review-warning-clean-driver-build-and-focused-test-386e4ec442e6	src/amd/r300/common/tests/r300_varying_cell_digests.h	original line 11	1	1	1	0	1	0	1	present	0			warning-clean-driver-build-and-focused-test	unchanged-since-review	compare-current-code-with-review-claim
work-r3v-native-draw-c-r3v-cmddraw-vkcommandbuffer-commandbuffer-uint32-t-3b03554923a2	history-changed-since-review-warning-clean-driver-build-and-focused-test-bd01e3e07dbc	src/amd/r300/vulkan/r3v_native_draw.c	r3v cmddraw vkcommandbuffer commandbuffer uint32 t vertexcount	1	1	1	0	0	1	1	present	22	c9bd4e6bc836fe7d172176dd0c977779537d14d5;a190f69df686f6558b0e3ef847ef62793ffcaf50;966ab4bfce7b70d429f659d57c4e91c64a70f7b8;98959caa8f8f735899b1d1390d650d1ae450887e;1ad514dc9e39a5ce3e6373bc35fc84c5c95dbb0c;a988c2cf707f0190580ac4099b70670084905be3;2a11aa0c8253be67db77dd45cc6f02e8ad4b5c77;ebc8348c2ec8951c28056c17b036a365856cd12a;7d380acb9b92d0de445217a4c35eb53cccc03901;dc60471e58b6198ffe3b065d3164d08a4afa0664;ecc21f36cf7893d5fc9ea51a13b33377fe5b11b1;bd7fcf75397e409a3d1e15e595e940d6411dffc3;93ff2e17aeca881926adb92dc6493bb34018be2a;5453c84376b798dd7cc68a5f65defc68037c4b15;682648a30f9fe5db7f18772bd953af2e44099437;393cb870255352a00fc9859f2d6624e3f10b2b87;73b4fc07196b5bc9e5505406dfc34f4269407165;c7dae69423791abaefee49603b2d45e62086ac19;7dd3f6fbb379de20d3c2c7d983d24523acfdbd84;af766adab77452239b29918eb26f033c0f00b313;10f9e2fa66fd28b97638124d55113218da2a57d5;51e2926b7cd2deabb3dfc6c09e9e3310abca4159		warning-clean-driver-build-and-focused-test	changed-since-review	inspect-path-change-sequence-against-review-claims
work-r300-cpu-vertex-job-c-static-inline-uint32-t-vertex-3c4811258b28	history-unchanged-since-review-warning-clean-driver-build-and-focused-test-386e4ec442e6	src/amd/r300/cpu/r300_cpu_vertex_job.c	static inline uint32 t vertex number const uint32 t vertex ids	1	1	1	0	1	0	1	present	0			warning-clean-driver-build-and-focused-test	unchanged-since-review	compare-current-code-with-review-claim
work-r300-triangle-manifest-c-main-int-argc-char-argv-f7cd5813dd0c	history-changed-since-review-warning-clean-driver-build-and-focused-test-76c34c2fdc45	src/amd/r300/common/r300_triangle_manifest.c	main int argc char argv	2	1	1	0	0	1	1	present	2	c5cc11945f60ddc34a1011b1bde47762a33887ab;64fa102e611a869ea31d47a31fdf72ad84f28711		warning-clean-driver-build-and-focused-test	changed-since-review	inspect-path-change-sequence-against-review-claims
work-r300-cpu-vertex-job-c-int-r300-cpu-vertex-job-7958d484ed2d	history-unchanged-since-review-warning-clean-driver-build-and-focused-test-386e4ec442e6	src/amd/r300/cpu/r300_cpu_vertex_job.c	int r300 cpu vertex job validate const struct r300 vertex job job	1	1	1	0	1	0	1	present	0			warning-clean-driver-build-and-focused-test	unchanged-since-review	compare-current-code-with-review-claim
work-r300-compute-identity-carrier-c-original-line-57-dbbde9690099	history-changed-since-review-warning-clean-driver-build-and-focused-test-47400695e566	src/amd/r300/common/r300_compute_identity_carrier.c	original line 57	1	1	1	0	0	1	1	present	1	ac11072b3279364cb257784f8129c9aa4fa3df39	ac11072b3279364cb257784f8129c9aa4fa3df39	warning-clean-driver-build-and-focused-test	changed-since-review	verify-single-path-change-against-review-claims
work-r3v-native-compute-c-r3v-native-cmd-buffer-execute-deferred-c0ced8e843f8	history-changed-since-review-warning-clean-driver-build-and-focused-test-ae9da4b3c91b	src/amd/r300/vulkan/r3v_native_compute.c	r3v native cmd buffer execute deferred dispatch	2	1	1	0	0	1	1	present	11	d02bda1a06e35e35f08127a42ace08a0052e6351;72303663292b3a2a1d86ce8601dfc501acbf9d73;ac11072b3279364cb257784f8129c9aa4fa3df39;9a264e890516b55dedf0be15e63febe56a5c9224;0d0e7f74784c996c7bf1d4414fb3a02dafa8beff;8e1387b5c97e329dd7b12f9937d691611c40f63e;bd7fcf75397e409a3d1e15e595e940d6411dffc3;73b4fc07196b5bc9e5505406dfc34f4269407165;c7dae69423791abaefee49603b2d45e62086ac19;31650bf8e57d52a812104aeb6cc60449099a86d1;813f5899cd3d315aa4c84213e5be5101fc03f698		warning-clean-driver-build-and-focused-test	changed-since-review	inspect-path-change-sequence-against-review-claims
work-r3v-native-queue-c-enum-r3v-native-observed-route-bac9b09ccbb5	history-changed-since-review-warning-clean-driver-build-and-focused-test-c0c5e14a2942	src/amd/r300/vulkan/r3v_native_queue.c	enum r3v native observed route	1	1	1	0	0	1	1	present	20	2a11aa0c8253be67db77dd45cc6f02e8ad4b5c77;adfa7ce2b0e930e3f198f703477c8c0797338246;baf48620c79c19566965936e10cb66c5c1419cf5;26b04af5186ffa9c81c9f86ea67d56a9b2ee9baf;300a75557165c988818944e1fef1157d847406bc;ebc8348c2ec8951c28056c17b036a365856cd12a;ecc21f36cf7893d5fc9ea51a13b33377fe5b11b1;275a5279249d527c349f4dfdd4f93cf66e6123eb;bd7fcf75397e409a3d1e15e595e940d6411dffc3;84cf229c0d6e290d4a5694efa957454bc04b22c9;eae1df80d9c7db3162ed27614fc74de2325ad665;5f2615641abebc5f1631fb02285d20a93808cbfb;73b4fc07196b5bc9e5505406dfc34f4269407165;c7dae69423791abaefee49603b2d45e62086ac19;c5cc11945f60ddc34a1011b1bde47762a33887ab;64fa102e611a869ea31d47a31fdf72ad84f28711;14d41350a7d29ed484b247e119139600650ea080;dc380fd9cddf1f112abf0921f5478bd9142ad359;7dd3f6fbb379de20d3c2c7d983d24523acfdbd84;af766adab77452239b29918eb26f033c0f00b313		warning-clean-driver-build-and-focused-test	changed-since-review	inspect-path-change-sequence-against-review-claims
work-r3v-qualification-inventory-py-original-line-115-b7998f1a8b6c	history-changed-since-review-python-test-black-and-ruff-dc7d309e9c68	src/amd/r300/vulkan/tests/r3v_qualification_inventory.py	original line 115	1	1	1	0	0	1	1	present	17	d02bda1a06e35e35f08127a42ace08a0052e6351;0bb1427b518fc30fd6383d39cfe7485beb1b273b;a13d0fb460ac82417fa4a75997014e175752277e;1e7e3d827ac558d04790ca4d6ec5500d6556c974;966ab4bfce7b70d429f659d57c4e91c64a70f7b8;1ad514dc9e39a5ce3e6373bc35fc84c5c95dbb0c;a988c2cf707f0190580ac4099b70670084905be3;812cf7df40581a3ccb779baf92fe18a83a552220;4420389af742cd6354dceac2584fd4fd8ad74ec8;292c0318de096554d204725077710d177a3196f2;f743d0f9bec6e673cdd09dfd4554172aaa9b01c7;31650bf8e57d52a812104aeb6cc60449099a86d1;813f5899cd3d315aa4c84213e5be5101fc03f698;4337fab9b7e51ae23d0c1db75c0c107ec1a20f29;c3f310b429a8061a7eda94441b306c7b999d5ebc;10f9e2fa66fd28b97638124d55113218da2a57d5;51e2926b7cd2deabb3dfc6c09e9e3310abca4159		python-test-black-and-ruff	changed-since-review	inspect-path-change-sequence-against-review-claims
work-r3v-native-arming-runner-c-main-int-argc-char-argv-c11be7853cf4	history-changed-since-review-warning-clean-driver-build-and-focused-test-c913d168d686	src/amd/r300/vulkan/tests/r3v_native_arming_runner.c	main int argc char argv	2	2	2	0	0	2	2	present	20	300a75557165c988818944e1fef1157d847406bc;92a1e7e25e0001dd6fee922eb0e74dbb75ca6996;7d380acb9b92d0de445217a4c35eb53cccc03901;13cc6f08740b4a4086d2fd1119c5cbcee86e3dbe;93ff2e17aeca881926adb92dc6493bb34018be2a;5453c84376b798dd7cc68a5f65defc68037c4b15;dd37f92a3695930472990d530e70d88add9ec48d;84cf229c0d6e290d4a5694efa957454bc04b22c9;eae1df80d9c7db3162ed27614fc74de2325ad665;5f2615641abebc5f1631fb02285d20a93808cbfb;0aceb8aa9606b0e4381e1ce5afc099c8914a3ef1;f743d0f9bec6e673cdd09dfd4554172aaa9b01c7;c5cc11945f60ddc34a1011b1bde47762a33887ab;64fa102e611a869ea31d47a31fdf72ad84f28711;a4c39ca2b71127b4a9ffe6a3e524428977fc7c61;8e4c01d4aaf5dbfe222d2bd3763b7ca906eb129c;7dd3f6fbb379de20d3c2c7d983d24523acfdbd84;af766adab77452239b29918eb26f033c0f00b313;2232b3ab7b2baef2666bd3f5bf23193e0af2f86e;ae2e0183f6953f872bb04b6b929b374b6f8ac1ae		warning-clean-driver-build-and-focused-test	changed-since-review	inspect-path-change-sequence-against-review-claims
work-r3v-native-attended-compute-identity-c-original-line-509-453dca74e074	history-changed-since-review-warning-clean-driver-build-and-focused-test-4aac57ee6547	src/amd/r300/vulkan/tests/r3v_native_attended_compute_identity.c	original line 509	1	1	1	0	0	1	1	present	1	8e1387b5c97e329dd7b12f9937d691611c40f63e	8e1387b5c97e329dd7b12f9937d691611c40f63e	warning-clean-driver-build-and-focused-test	changed-since-review	verify-single-path-change-against-review-claims
work-r3v-native-attended-compute-identity-procedure-md-original-line-28-4ff061f7aae3	history-changed-since-review-documentation-symbol-and-link-check-69aba89cc48e	docs/hardware/r3v-native-attended-compute-identity-procedure.md	original line 28	1	1	1	0	0	1	1	present	1	8e1387b5c97e329dd7b12f9937d691611c40f63e	8e1387b5c97e329dd7b12f9937d691611c40f63e	documentation-symbol-and-link-check	changed-since-review	verify-single-path-change-against-review-claims
work-r3v-native-attended-compute-identity-procedure-md-original-line-70-d474a4319fec	history-changed-since-review-documentation-symbol-and-link-check-69aba89cc48e	docs/hardware/r3v-native-attended-compute-identity-procedure.md	original line 70	1	1	1	0	0	1	1	present	1	8e1387b5c97e329dd7b12f9937d691611c40f63e	8e1387b5c97e329dd7b12f9937d691611c40f63e	documentation-symbol-and-link-check	changed-since-review	verify-single-path-change-against-review-claims
work-r300-compute-identity-carrier-digests-h-original-line-12-35ea05cbc68d	history-unchanged-since-review-warning-clean-driver-build-and-focused-test-386e4ec442e6	src/amd/r300/common/tests/r300_compute_identity_carrier_digests.h	original line 12	1	1	1	0	1	0	1	present	0			warning-clean-driver-build-and-focused-test	unchanged-since-review	compare-current-code-with-review-claim
work-r3v-implementation-boundaries-md-reference-pass-offline-kernel-parser-re-c3000375a3dc	history-changed-since-review-documentation-symbol-and-link-check-95aba4804a93	docs/hardware/r3v-implementation-boundaries.md	reference pass offline kernel parser replay with known bad arms	2	1	1	0	0	1	1	present	7	8e1387b5c97e329dd7b12f9937d691611c40f63e;60ae71b6e75360b9cc12dd4b524381da9da7feb4;1a5c07ce10d5efc8592101374468c787899d084b;7dd3f6fbb379de20d3c2c7d983d24523acfdbd84;af766adab77452239b29918eb26f033c0f00b313;31650bf8e57d52a812104aeb6cc60449099a86d1;813f5899cd3d315aa4c84213e5be5101fc03f698		documentation-symbol-and-link-check	changed-since-review	inspect-path-change-sequence-against-review-claims
work-r300-compute-verb-c-r300-compute-verb-rows-valid-const-fb88b09d2bae	history-changed-since-review-warning-clean-driver-build-and-focused-test-51d1b6af3001	src/amd/r300/common/r300_compute_verb.c	r300 compute verb rows valid const struct r300 compute verb row table	1	1	1	0	0	1	1	present	3	8e1387b5c97e329dd7b12f9937d691611c40f63e;60ae71b6e75360b9cc12dd4b524381da9da7feb4;c9d5859cab6f6ca834d731a062b23dfd770da496		warning-clean-driver-build-and-focused-test	changed-since-review	inspect-path-change-sequence-against-review-claims
work-r300-compute-verb-h-enum-r300-compute-verb-2d9ca2088e13	history-changed-since-review-warning-clean-driver-build-and-focused-test-18997beb81c3	src/amd/r300/common/r300_compute_verb.h	enum r300 compute verb	1	1	1	0	0	1	1	present	2	8e1387b5c97e329dd7b12f9937d691611c40f63e;60ae71b6e75360b9cc12dd4b524381da9da7feb4		warning-clean-driver-build-and-focused-test	changed-since-review	inspect-path-change-sequence-against-review-claims
work-r300-numeric-domain-c-const-struct-r300-virtual-op-info-1d6e693ef6e2	history-changed-since-review-warning-clean-driver-build-and-focused-test-53733e6e156d	src/amd/r300/common/r300_numeric_domain.c	const struct r300 virtual op info r300 virtual op catalog	1	1	1	0	0	1	1	present	1	60ae71b6e75360b9cc12dd4b524381da9da7feb4	60ae71b6e75360b9cc12dd4b524381da9da7feb4	warning-clean-driver-build-and-focused-test	changed-since-review	verify-single-path-change-against-review-claims
work-r300-common-liveness-census-py-original-line-432-6ba43bd5cb0e	history-unchanged-since-review-python-test-black-and-ruff-43c6875221d9	src/amd/r300/common/tests/r300_common_liveness_census.py	original line 432	1	1	1	0	1	0	1	present	0			python-test-black-and-ruff	unchanged-since-review	compare-current-code-with-review-claim
work-agents-md-emitting-after-issuing-the-prefetch-the-one-wait-8af6c430f1a2	history-changed-since-review-documentation-symbol-and-link-check-027a3f7be653	AGENTS.md	emitting after issuing the prefetch the one wait lands at end of ib before	1	1	1	0	0	1	1	present	12	2d088af50f199d4685ea3b4c6b6ced163d5b0f8e;e0b3d4ae96501d1c7fd89713ff078bb2f1653bb8;65ab7cab5157a9fcfa5db5fc83f1005f317b5549;5f3d4601460d80140c3e6de31fee224d4c69cab7;aa981dd2fb3a6b1901dc611f950542979c2730a5;51f57acd4012136e17651596b9591d25d90d6175;4b0c1f55abd1c9d84022973e14fd40d639426ec9;6c94fa74ff9c5cf359fee995d278623e8e51d06f;bc38bb8840c92d4b64d9f25d5d83c5f2345007c7;4420389af742cd6354dceac2584fd4fd8ad74ec8;292c0318de096554d204725077710d177a3196f2;f743d0f9bec6e673cdd09dfd4554172aaa9b01c7		documentation-symbol-and-link-check	changed-since-review	inspect-path-change-sequence-against-review-claims
work-agents-md-source-comments-name-durable-mechanisms-exact-chip-isa-d2c3912f060e	history-changed-since-review-documentation-symbol-and-link-check-027a3f7be653	AGENTS.md	source comments name durable mechanisms exact chip isa register rule api spec	1	1	1	0	0	1	1	present	12	2d088af50f199d4685ea3b4c6b6ced163d5b0f8e;e0b3d4ae96501d1c7fd89713ff078bb2f1653bb8;65ab7cab5157a9fcfa5db5fc83f1005f317b5549;5f3d4601460d80140c3e6de31fee224d4c69cab7;aa981dd2fb3a6b1901dc611f950542979c2730a5;51f57acd4012136e17651596b9591d25d90d6175;4b0c1f55abd1c9d84022973e14fd40d639426ec9;6c94fa74ff9c5cf359fee995d278623e8e51d06f;bc38bb8840c92d4b64d9f25d5d83c5f2345007c7;4420389af742cd6354dceac2584fd4fd8ad74ec8;292c0318de096554d204725077710d177a3196f2;f743d0f9bec6e673cdd09dfd4554172aaa9b01c7		documentation-symbol-and-link-check	changed-since-review	inspect-path-change-sequence-against-review-claims
work-r3v-native-memory-c-r3v-getbuffermemoryrequirements2-vkdevice-device-3b76262aa4d2	history-unchanged-since-review-warning-clean-driver-build-and-focused-test-386e4ec442e6	src/amd/r300/vulkan/r3v_native_memory.c	r3v getbuffermemoryrequirements2 vkdevice device	1	1	1	0	1	0	1	present	0			warning-clean-driver-build-and-focused-test	unchanged-since-review	compare-current-code-with-review-claim
work-r3v-native-transfer-ops-test-c-original-line-169-8a9f3e2f621e	history-changed-since-review-warning-clean-driver-build-and-focused-test-4a3883e63b9a	src/amd/r300/vulkan/tests/r3v_native_transfer_ops_test.c	original line 169	1	1	1	0	0	1	1	present	7	1099b1c71adc2055b4018cb4b6bc70cc9a7223f0;1d0ecc2e4930d7ebb2c0c0cfb2bf577f02c885b8;710d7e3c12b5e6eecd6a9356de5295618b201d1d;ebc8348c2ec8951c28056c17b036a365856cd12a;2cb307652cc8b14e61abd9fd3d71ff5e935c5eae;04d636a37d48da0593766c683cb26b9bbd1ba82b;813f5899cd3d315aa4c84213e5be5101fc03f698		warning-clean-driver-build-and-focused-test	changed-since-review	inspect-path-change-sequence-against-review-claims
work-r3v-native-recording-c-r3v-cmdbeginquery-f57553b30383	history-changed-since-review-warning-clean-driver-build-and-focused-test-0e5c02dd724f	src/amd/r300/vulkan/r3v_native_recording.c	r3v cmdbeginquery	2	1	1	0	0	1	1	present	16	a190f69df686f6558b0e3ef847ef62793ffcaf50;9a264e890516b55dedf0be15e63febe56a5c9224;98959caa8f8f735899b1d1390d650d1ae450887e;2a11aa0c8253be67db77dd45cc6f02e8ad4b5c77;1219d78e0411c9c13549f9b4cda1e4577e0ad8fb;adfa7ce2b0e930e3f198f703477c8c0797338246;a3d731fddaf773e547e3a057a93394025833e651;1099b1c71adc2055b4018cb4b6bc70cc9a7223f0;ebc8348c2ec8951c28056c17b036a365856cd12a;dc60471e58b6198ffe3b065d3164d08a4afa0664;ecc21f36cf7893d5fc9ea51a13b33377fe5b11b1;ed39a483c8022512d3d540d03211bc58dcbf2fcf;2cb307652cc8b14e61abd9fd3d71ff5e935c5eae;bd7fcf75397e409a3d1e15e595e940d6411dffc3;73b4fc07196b5bc9e5505406dfc34f4269407165;c7dae69423791abaefee49603b2d45e62086ac19		warning-clean-driver-build-and-focused-test	changed-since-review	inspect-path-change-sequence-against-review-claims
work-r3v-native-recording-c-r3v-cmdfillbuffer-00c7cf77fb22	history-changed-since-review-warning-clean-driver-build-and-focused-test-0e5c02dd724f	src/amd/r300/vulkan/r3v_native_recording.c	r3v cmdfillbuffer	2	1	1	0	0	1	1	present	16	a190f69df686f6558b0e3ef847ef62793ffcaf50;9a264e890516b55dedf0be15e63febe56a5c9224;98959caa8f8f735899b1d1390d650d1ae450887e;2a11aa0c8253be67db77dd45cc6f02e8ad4b5c77;1219d78e0411c9c13549f9b4cda1e4577e0ad8fb;adfa7ce2b0e930e3f198f703477c8c0797338246;a3d731fddaf773e547e3a057a93394025833e651;1099b1c71adc2055b4018cb4b6bc70cc9a7223f0;ebc8348c2ec8951c28056c17b036a365856cd12a;dc60471e58b6198ffe3b065d3164d08a4afa0664;ecc21f36cf7893d5fc9ea51a13b33377fe5b11b1;ed39a483c8022512d3d540d03211bc58dcbf2fcf;2cb307652cc8b14e61abd9fd3d71ff5e935c5eae;bd7fcf75397e409a3d1e15e595e940d6411dffc3;73b4fc07196b5bc9e5505406dfc34f4269407165;c7dae69423791abaefee49603b2d45e62086ac19		warning-clean-driver-build-and-focused-test	changed-since-review	inspect-path-change-sequence-against-review-claims
work-r3v-native-recording-c-r3v-cmdblitimage-0a4212bf4b12	history-partial-history-warning-clean-driver-build-and-focused-test-a0760acb3677	src/amd/r300/vulkan/r3v_native_recording.c	r3v cmdblitimage	3	3	3	0	0	3	2	present	16	a190f69df686f6558b0e3ef847ef62793ffcaf50;9a264e890516b55dedf0be15e63febe56a5c9224;98959caa8f8f735899b1d1390d650d1ae450887e;2a11aa0c8253be67db77dd45cc6f02e8ad4b5c77;1219d78e0411c9c13549f9b4cda1e4577e0ad8fb;adfa7ce2b0e930e3f198f703477c8c0797338246;a3d731fddaf773e547e3a057a93394025833e651;1099b1c71adc2055b4018cb4b6bc70cc9a7223f0;ebc8348c2ec8951c28056c17b036a365856cd12a;dc60471e58b6198ffe3b065d3164d08a4afa0664;ecc21f36cf7893d5fc9ea51a13b33377fe5b11b1;ed39a483c8022512d3d540d03211bc58dcbf2fcf;2cb307652cc8b14e61abd9fd3d71ff5e935c5eae;bd7fcf75397e409a3d1e15e595e940d6411dffc3;73b4fc07196b5bc9e5505406dfc34f4269407165;c7dae69423791abaefee49603b2d45e62086ac19		warning-clean-driver-build-and-focused-test	partial-history	complete-review-source-history-before-disposition
work-r3v-native-transfer-ops-test-c-original-line-344-9f612a985544	history-changed-since-review-warning-clean-driver-build-and-focused-test-4a3883e63b9a	src/amd/r300/vulkan/tests/r3v_native_transfer_ops_test.c	original line 344	1	1	1	0	0	1	1	present	7	1099b1c71adc2055b4018cb4b6bc70cc9a7223f0;1d0ecc2e4930d7ebb2c0c0cfb2bf577f02c885b8;710d7e3c12b5e6eecd6a9356de5295618b201d1d;ebc8348c2ec8951c28056c17b036a365856cd12a;2cb307652cc8b14e61abd9fd3d71ff5e935c5eae;04d636a37d48da0593766c683cb26b9bbd1ba82b;813f5899cd3d315aa4c84213e5be5101fc03f698		warning-clean-driver-build-and-focused-test	changed-since-review	inspect-path-change-sequence-against-review-claims
work-r3v-native-compute-c-r3v-cmdbinddescriptorsets-vkcommandbuffer-commandbu-c29168f34ac1	history-changed-since-review-warning-clean-driver-build-and-focused-test-5b0103f759c1	src/amd/r300/vulkan/r3v_native_compute.c	r3v cmdbinddescriptorsets vkcommandbuffer commandbuffer	2	1	1	0	0	1	1	present	7	0d0e7f74784c996c7bf1d4414fb3a02dafa8beff;8e1387b5c97e329dd7b12f9937d691611c40f63e;bd7fcf75397e409a3d1e15e595e940d6411dffc3;73b4fc07196b5bc9e5505406dfc34f4269407165;c7dae69423791abaefee49603b2d45e62086ac19;31650bf8e57d52a812104aeb6cc60449099a86d1;813f5899cd3d315aa4c84213e5be5101fc03f698		warning-clean-driver-build-and-focused-test	changed-since-review	inspect-path-change-sequence-against-review-claims
work-r3v-native-descriptor-test-c-check-update-poison-const-struct-de0168abcf31	history-changed-since-review-warning-clean-driver-build-and-focused-test-374a2763bb76	src/amd/r300/vulkan/tests/r3v_native_descriptor_test.c	check update poison const struct fixture f	3	1	1	0	0	1	1	present	2	0d0e7f74784c996c7bf1d4414fb3a02dafa8beff;8e1387b5c97e329dd7b12f9937d691611c40f63e		warning-clean-driver-build-and-focused-test	changed-since-review	inspect-path-change-sequence-against-review-claims
work-r3v-native-h-struct-r3v-native-vertex-stream-desc-48564f5af6d1	history-changed-since-review-warning-clean-driver-build-and-focused-test-bf6d81f43962	src/amd/r300/vulkan/r3v_native.h	struct r3v native vertex stream desc	1	1	1	0	0	1	1	present	40	98959caa8f8f735899b1d1390d650d1ae450887e;1ad514dc9e39a5ce3e6373bc35fc84c5c95dbb0c;a988c2cf707f0190580ac4099b70670084905be3;812cf7df40581a3ccb779baf92fe18a83a552220;2a11aa0c8253be67db77dd45cc6f02e8ad4b5c77;adfa7ce2b0e930e3f198f703477c8c0797338246;a3d731fddaf773e547e3a057a93394025833e651;1099b1c71adc2055b4018cb4b6bc70cc9a7223f0;0d0e7f74784c996c7bf1d4414fb3a02dafa8beff;baf48620c79c19566965936e10cb66c5c1419cf5;13683abd6ad3fcbf0d052d1a63b24793b59211fa;26b04af5186ffa9c81c9f86ea67d56a9b2ee9baf;1d0ecc2e4930d7ebb2c0c0cfb2bf577f02c885b8;fb709b391ec528b8f9c767dab90eb785d8093594;300a75557165c988818944e1fef1157d847406bc;ebc8348c2ec8951c28056c17b036a365856cd12a;7d380acb9b92d0de445217a4c35eb53cccc03901;dc60471e58b6198ffe3b065d3164d08a4afa0664;ecc21f36cf7893d5fc9ea51a13b33377fe5b11b1;2cb307652cc8b14e61abd9fd3d71ff5e935c5eae;bd7fcf75397e409a3d1e15e595e940d6411dffc3;93ff2e17aeca881926adb92dc6493bb34018be2a;5453c84376b798dd7cc68a5f65defc68037c4b15;3bfafd1e35a20b7024389b1ae47af94d979e27fd;13701e615400edf1e437c61df559419793a3088f;84cf229c0d6e290d4a5694efa957454bc04b22c9;eae1df80d9c7db3162ed27614fc74de2325ad665;5f2615641abebc5f1631fb02285d20a93808cbfb;682648a30f9fe5db7f18772bd953af2e44099437;393cb870255352a00fc9859f2d6624e3f10b2b87;73b4fc07196b5bc9e5505406dfc34f4269407165;c7dae69423791abaefee49603b2d45e62086ac19;c5cc11945f60ddc34a1011b1bde47762a33887ab;64fa102e611a869ea31d47a31fdf72ad84f28711;7dd3f6fbb379de20d3c2c7d983d24523acfdbd84;af766adab77452239b29918eb26f033c0f00b313;4337fab9b7e51ae23d0c1db75c0c107ec1a20f29;c3f310b429a8061a7eda94441b306c7b999d5ebc;10f9e2fa66fd28b97638124d55113218da2a57d5;51e2926b7cd2deabb3dfc6c09e9e3310abca4159		warning-clean-driver-build-and-focused-test	changed-since-review	inspect-path-change-sequence-against-review-claims
work-r3v-native-pipeline-c-fixed-state-matches-cell-const-vkgraphicspipelinec-e421fcd80050	history-changed-since-review-warning-clean-driver-build-and-focused-test-d07d72da1457	src/amd/r300/vulkan/r3v_native_pipeline.c	fixed state matches cell const vkgraphicspipelinecreateinfo info	1	1	1	0	0	1	1	present	10	812cf7df40581a3ccb779baf92fe18a83a552220;ebc8348c2ec8951c28056c17b036a365856cd12a;7c1ae10614621a6c0653b6c631606a1f57523d2c;bd7fcf75397e409a3d1e15e595e940d6411dffc3;31650bf8e57d52a812104aeb6cc60449099a86d1;813f5899cd3d315aa4c84213e5be5101fc03f698;4337fab9b7e51ae23d0c1db75c0c107ec1a20f29;c3f310b429a8061a7eda94441b306c7b999d5ebc;10f9e2fa66fd28b97638124d55113218da2a57d5;51e2926b7cd2deabb3dfc6c09e9e3310abca4159		warning-clean-driver-build-and-focused-test	changed-since-review	inspect-path-change-sequence-against-review-claims
work-r3v-private-h-extern-c-63a21abce17b	history-changed-since-review-warning-clean-driver-build-and-focused-test-ef0d46bad736	src/amd/r300/vulkan/r3v_private.h	extern c	1	1	1	0	0	1	1	present	6	b6df2f8ef84dda8b2c505b389e50e3faadada672;b07680fb71b43cbb214cfc737d798fc4c5df1fd7;a015140709531fdfbb364921ce32e9c3fa56c14c;23809ecb8d46f6153311d7cfa4419b0c57e88a75;8e1387b5c97e329dd7b12f9937d691611c40f63e;ebc8348c2ec8951c28056c17b036a365856cd12a		warning-clean-driver-build-and-focused-test	changed-since-review	inspect-path-change-sequence-against-review-claims
work-r3v-native-object-c-r3v-resetevent-vkdevice-device-vkevent-event-010649ed9072	history-changed-since-review-warning-clean-driver-build-and-focused-test-9c636fcb7920	src/amd/r300/vulkan/r3v_native_object.c	r3v resetevent vkdevice device vkevent event	2	1	1	0	0	1	1	present	2	adfa7ce2b0e930e3f198f703477c8c0797338246;13683abd6ad3fcbf0d052d1a63b24793b59211fa		warning-clean-driver-build-and-focused-test	changed-since-review	inspect-path-change-sequence-against-review-claims
work-r3v-native-recording-c-r3v-native-copy-buffer-range-ok-218308edec53	history-changed-since-review-warning-clean-driver-build-and-focused-test-175ae247ef66	src/amd/r300/vulkan/r3v_native_recording.c	r3v native copy buffer range ok const struct r3v native buffer buffer	2	2	2	0	0	2	2	present	12	1219d78e0411c9c13549f9b4cda1e4577e0ad8fb;adfa7ce2b0e930e3f198f703477c8c0797338246;a3d731fddaf773e547e3a057a93394025833e651;1099b1c71adc2055b4018cb4b6bc70cc9a7223f0;ebc8348c2ec8951c28056c17b036a365856cd12a;dc60471e58b6198ffe3b065d3164d08a4afa0664;ecc21f36cf7893d5fc9ea51a13b33377fe5b11b1;ed39a483c8022512d3d540d03211bc58dcbf2fcf;2cb307652cc8b14e61abd9fd3d71ff5e935c5eae;bd7fcf75397e409a3d1e15e595e940d6411dffc3;73b4fc07196b5bc9e5505406dfc34f4269407165;c7dae69423791abaefee49603b2d45e62086ac19		warning-clean-driver-build-and-focused-test	changed-since-review	inspect-path-change-sequence-against-review-claims
work-r3v-native-object-lifetime-test-c-check-sampler-use-fail-988552c6abb0	history-changed-since-review-warning-clean-driver-build-and-focused-test-a0e01011059d	src/amd/r300/vulkan/tests/r3v_native_object_lifetime_test.c	check sampler use fail closed const struct fixture f	1	1	1	0	0	1	1	present	8	1219d78e0411c9c13549f9b4cda1e4577e0ad8fb;adfa7ce2b0e930e3f198f703477c8c0797338246;f1303a67375b2ed706f3befc1395ade340b8a774;2e18300a2b42035a97b5fd350656b99cb9dbd7e0;8e1387b5c97e329dd7b12f9937d691611c40f63e;13683abd6ad3fcbf0d052d1a63b24793b59211fa;ed39a483c8022512d3d540d03211bc58dcbf2fcf;2cb307652cc8b14e61abd9fd3d71ff5e935c5eae		warning-clean-driver-build-and-focused-test	changed-since-review	inspect-path-change-sequence-against-review-claims
work-r3v-native-recording-c-r3v-cmdresetevent-b71a8165ef41	history-changed-since-review-warning-clean-driver-build-and-focused-test-175ae247ef66	src/amd/r300/vulkan/r3v_native_recording.c	r3v cmdresetevent	1	1	1	0	0	1	1	present	12	1219d78e0411c9c13549f9b4cda1e4577e0ad8fb;adfa7ce2b0e930e3f198f703477c8c0797338246;a3d731fddaf773e547e3a057a93394025833e651;1099b1c71adc2055b4018cb4b6bc70cc9a7223f0;ebc8348c2ec8951c28056c17b036a365856cd12a;dc60471e58b6198ffe3b065d3164d08a4afa0664;ecc21f36cf7893d5fc9ea51a13b33377fe5b11b1;ed39a483c8022512d3d540d03211bc58dcbf2fcf;2cb307652cc8b14e61abd9fd3d71ff5e935c5eae;bd7fcf75397e409a3d1e15e595e940d6411dffc3;73b4fc07196b5bc9e5505406dfc34f4269407165;c7dae69423791abaefee49603b2d45e62086ac19		warning-clean-driver-build-and-focused-test	changed-since-review	inspect-path-change-sequence-against-review-claims
work-r3v-native-object-lifetime-test-c-check-query-zero-span-2e2a1a740763	history-changed-since-review-warning-clean-driver-build-and-focused-test-03234d84f11f	src/amd/r300/vulkan/tests/r3v_native_object_lifetime_test.c	check query zero span const struct fixture f	1	1	1	0	0	1	1	present	7	adfa7ce2b0e930e3f198f703477c8c0797338246;f1303a67375b2ed706f3befc1395ade340b8a774;2e18300a2b42035a97b5fd350656b99cb9dbd7e0;8e1387b5c97e329dd7b12f9937d691611c40f63e;13683abd6ad3fcbf0d052d1a63b24793b59211fa;ed39a483c8022512d3d540d03211bc58dcbf2fcf;2cb307652cc8b14e61abd9fd3d71ff5e935c5eae		warning-clean-driver-build-and-focused-test	changed-since-review	inspect-path-change-sequence-against-review-claims
work-r3v-native-recording-c-r3v-cmdendquery-290ec3676967	history-changed-since-review-warning-clean-driver-build-and-focused-test-ec1c975d7c6c	src/amd/r300/vulkan/r3v_native_recording.c	r3v cmdendquery	2	1	1	0	0	1	1	present	11	adfa7ce2b0e930e3f198f703477c8c0797338246;a3d731fddaf773e547e3a057a93394025833e651;1099b1c71adc2055b4018cb4b6bc70cc9a7223f0;ebc8348c2ec8951c28056c17b036a365856cd12a;dc60471e58b6198ffe3b065d3164d08a4afa0664;ecc21f36cf7893d5fc9ea51a13b33377fe5b11b1;ed39a483c8022512d3d540d03211bc58dcbf2fcf;2cb307652cc8b14e61abd9fd3d71ff5e935c5eae;bd7fcf75397e409a3d1e15e595e940d6411dffc3;73b4fc07196b5bc9e5505406dfc34f4269407165;c7dae69423791abaefee49603b2d45e62086ac19		warning-clean-driver-build-and-focused-test	changed-since-review	inspect-path-change-sequence-against-review-claims
work-r3v-native-object-lifetime-test-c-check-host-events-const-3759cddb8cfb	history-changed-since-review-warning-clean-driver-build-and-focused-test-3940c6176852	src/amd/r300/vulkan/tests/r3v_native_object_lifetime_test.c	check host events const struct fixture f	3	1	1	0	0	1	1	present	5	2e18300a2b42035a97b5fd350656b99cb9dbd7e0;8e1387b5c97e329dd7b12f9937d691611c40f63e;13683abd6ad3fcbf0d052d1a63b24793b59211fa;ed39a483c8022512d3d540d03211bc58dcbf2fcf;2cb307652cc8b14e61abd9fd3d71ff5e935c5eae		warning-clean-driver-build-and-focused-test	changed-since-review	inspect-path-change-sequence-against-review-claims
work-r3v-native-entrypoint-audit-py-original-line-117-96d316a099a4	history-unchanged-since-review-python-test-black-and-ruff-43c6875221d9	src/amd/r300/vulkan/tests/r3v_native_entrypoint_audit.py	original line 117	1	1	1	0	1	0	1	present	0			python-test-black-and-ruff	unchanged-since-review	compare-current-code-with-review-claim
work-r3v-native-h-struct-r3v-native-query-pool-0d4140e72d67	history-changed-since-review-warning-clean-driver-build-and-focused-test-0b2e873e4bc3	src/amd/r300/vulkan/r3v_native.h	struct r3v native query pool	1	1	1	0	0	1	1	present	34	a3d731fddaf773e547e3a057a93394025833e651;1099b1c71adc2055b4018cb4b6bc70cc9a7223f0;0d0e7f74784c996c7bf1d4414fb3a02dafa8beff;baf48620c79c19566965936e10cb66c5c1419cf5;13683abd6ad3fcbf0d052d1a63b24793b59211fa;26b04af5186ffa9c81c9f86ea67d56a9b2ee9baf;1d0ecc2e4930d7ebb2c0c0cfb2bf577f02c885b8;fb709b391ec528b8f9c767dab90eb785d8093594;300a75557165c988818944e1fef1157d847406bc;ebc8348c2ec8951c28056c17b036a365856cd12a;7d380acb9b92d0de445217a4c35eb53cccc03901;dc60471e58b6198ffe3b065d3164d08a4afa0664;ecc21f36cf7893d5fc9ea51a13b33377fe5b11b1;2cb307652cc8b14e61abd9fd3d71ff5e935c5eae;bd7fcf75397e409a3d1e15e595e940d6411dffc3;93ff2e17aeca881926adb92dc6493bb34018be2a;5453c84376b798dd7cc68a5f65defc68037c4b15;3bfafd1e35a20b7024389b1ae47af94d979e27fd;13701e615400edf1e437c61df559419793a3088f;84cf229c0d6e290d4a5694efa957454bc04b22c9;eae1df80d9c7db3162ed27614fc74de2325ad665;5f2615641abebc5f1631fb02285d20a93808cbfb;682648a30f9fe5db7f18772bd953af2e44099437;393cb870255352a00fc9859f2d6624e3f10b2b87;73b4fc07196b5bc9e5505406dfc34f4269407165;c7dae69423791abaefee49603b2d45e62086ac19;c5cc11945f60ddc34a1011b1bde47762a33887ab;64fa102e611a869ea31d47a31fdf72ad84f28711;7dd3f6fbb379de20d3c2c7d983d24523acfdbd84;af766adab77452239b29918eb26f033c0f00b313;4337fab9b7e51ae23d0c1db75c0c107ec1a20f29;c3f310b429a8061a7eda94441b306c7b999d5ebc;10f9e2fa66fd28b97638124d55113218da2a57d5;51e2926b7cd2deabb3dfc6c09e9e3310abca4159		warning-clean-driver-build-and-focused-test	changed-since-review	inspect-path-change-sequence-against-review-claims
work-r3v-native-object-c-r3v-destroyquerypool-vkdevice-device-vkquerypool-poo-5750f88c4dc1	history-changed-since-review-warning-clean-driver-build-and-focused-test-c404f3f27827	src/amd/r300/vulkan/r3v_native_object.c	r3v destroyquerypool vkdevice device vkquerypool pool	1	1	1	0	0	1	1	present	1	13683abd6ad3fcbf0d052d1a63b24793b59211fa	13683abd6ad3fcbf0d052d1a63b24793b59211fa	warning-clean-driver-build-and-focused-test	changed-since-review	verify-single-path-change-against-review-claims
work-r3v-native-advertised-surface-audit-py-original-line-88-8875412fb5af	history-changed-since-review-python-test-black-and-ruff-1888c6b6ba4d	src/amd/r300/vulkan/tests/r3v_native_advertised_surface_audit.py	original line 88	1	1	1	0	0	1	1	present	1	ebc8348c2ec8951c28056c17b036a365856cd12a	ebc8348c2ec8951c28056c17b036a365856cd12a	python-test-black-and-ruff	changed-since-review	verify-single-path-change-against-review-claims
work-r3v-native-advertised-surface-audit-py-original-line-91-1843d1bc339f	history-changed-since-review-python-test-black-and-ruff-1888c6b6ba4d	src/amd/r300/vulkan/tests/r3v_native_advertised_surface_audit.py	original line 91	1	1	1	0	0	1	1	present	1	ebc8348c2ec8951c28056c17b036a365856cd12a	ebc8348c2ec8951c28056c17b036a365856cd12a	python-test-black-and-ruff	changed-since-review	verify-single-path-change-against-review-claims
work-r3v-physical-device-c-r3v-physical-device-init-limits-struct-45aed731754b	history-changed-since-review-warning-clean-driver-build-and-focused-test-105a67655bb4	src/amd/r300/vulkan/r3v_physical_device.c	r3v physical device init limits struct vk properties const props	1	1	1	0	0	1	1	present	13	a015140709531fdfbb364921ce32e9c3fa56c14c;23809ecb8d46f6153311d7cfa4419b0c57e88a75;a3d731fddaf773e547e3a057a93394025833e651;8e1387b5c97e329dd7b12f9937d691611c40f63e;e68f40792d4bbdcc1961cae439a8b0264c25c9ce;d2b2d888ed784999a7c90886228532021b52d268;13683abd6ad3fcbf0d052d1a63b24793b59211fa;1d0ecc2e4930d7ebb2c0c0cfb2bf577f02c885b8;ebc8348c2ec8951c28056c17b036a365856cd12a;bd7fcf75397e409a3d1e15e595e940d6411dffc3;93ff2e17aeca881926adb92dc6493bb34018be2a;5453c84376b798dd7cc68a5f65defc68037c4b15;3bfafd1e35a20b7024389b1ae47af94d979e27fd		warning-clean-driver-build-and-focused-test	changed-since-review	inspect-path-change-sequence-against-review-claims
work-r300-chip-identity-c-r300-chip-identity-lookup-uint16-t-a4c6ad918548	history-unchanged-since-review-warning-clean-driver-build-and-focused-test-386e4ec442e6	src/amd/r300/common/r300_chip_identity.c	r300 chip identity lookup uint16 t pci vendor uint16 t pci device	1	1	1	0	1	0	1	present	0			warning-clean-driver-build-and-focused-test	unchanged-since-review	compare-current-code-with-review-claim
work-r300-chip-identity-c-r300-die-class-from-family-enum-682ed9ff8ce5	history-unchanged-since-review-warning-clean-driver-build-and-focused-test-386e4ec442e6	src/amd/r300/common/r300_chip_identity.c	r300 die class from family enum radeon family family	1	1	1	0	1	0	1	present	0			warning-clean-driver-build-and-focused-test	unchanged-since-review	compare-current-code-with-review-claim
work-r300-chip-identity-h-enum-r300-die-class-5504e961d82f	history-unchanged-since-review-warning-clean-driver-build-and-focused-test-386e4ec442e6	src/amd/r300/common/r300_chip_identity.h	enum r300 die class	1	1	1	0	1	0	1	present	0			warning-clean-driver-build-and-focused-test	unchanged-since-review	compare-current-code-with-review-claim
work-r300-common-boundary-audit-py-def-strip-outer-parentheses-expression-f1a75268c1d1	history-unchanged-since-review-python-test-black-and-ruff-43c6875221d9	src/amd/r300/common/tests/r300_common_boundary_audit.py	def strip outer parentheses expression str str	2	1	1	0	1	0	1	present	0			python-test-black-and-ruff	unchanged-since-review	compare-current-code-with-review-claim
work-r3v-vulkan-memory-model-over-radeon-drm-md-original-line-2290898a0779	history-changed-since-review-documentation-symbol-and-link-check-901b3ca5c763	docs/hardware/r3v-vulkan-memory-model-over-radeon-drm.md	original line 25	1	1	1	0	0	1	1	present	1	e68f40792d4bbdcc1961cae439a8b0264c25c9ce	e68f40792d4bbdcc1961cae439a8b0264c25c9ce	documentation-symbol-and-link-check	changed-since-review	verify-single-path-change-against-review-claims
work-r3v-vulkan-memory-model-over-radeon-drm-md-original-line-5a67a3d2cc77	history-changed-since-review-documentation-symbol-and-link-check-901b3ca5c763	docs/hardware/r3v-vulkan-memory-model-over-radeon-drm.md	original line 12	1	1	1	0	0	1	1	present	1	e68f40792d4bbdcc1961cae439a8b0264c25c9ce	e68f40792d4bbdcc1961cae439a8b0264c25c9ce	documentation-symbol-and-link-check	changed-since-review	verify-single-path-change-against-review-claims
work-r3v-vulkan-memory-model-over-radeon-drm-md-original-line-82ad985edbbf	history-changed-since-review-documentation-symbol-and-link-check-901b3ca5c763	docs/hardware/r3v-vulkan-memory-model-over-radeon-drm.md	original line 122	1	1	1	0	0	1	1	present	1	e68f40792d4bbdcc1961cae439a8b0264c25c9ce	e68f40792d4bbdcc1961cae439a8b0264c25c9ce	documentation-symbol-and-link-check	changed-since-review	verify-single-path-change-against-review-claims
work-r3v-vulkan-memory-model-over-radeon-drm-md-original-line-8a25174be548	history-changed-since-review-documentation-symbol-and-link-check-901b3ca5c763	docs/hardware/r3v-vulkan-memory-model-over-radeon-drm.md	original line 135	1	1	1	0	0	1	1	present	1	e68f40792d4bbdcc1961cae439a8b0264c25c9ce	e68f40792d4bbdcc1961cae439a8b0264c25c9ce	documentation-symbol-and-link-check	changed-since-review	verify-single-path-change-against-review-claims
work-r3v-vulkan-memory-model-over-radeon-drm-md-original-line-abcb566c316c	history-changed-since-review-documentation-symbol-and-link-check-901b3ca5c763	docs/hardware/r3v-vulkan-memory-model-over-radeon-drm.md	original line 118	1	1	1	0	0	1	1	present	1	e68f40792d4bbdcc1961cae439a8b0264c25c9ce	e68f40792d4bbdcc1961cae439a8b0264c25c9ce	documentation-symbol-and-link-check	changed-since-review	verify-single-path-change-against-review-claims
work-r3v-native-memory-model-harness-c-original-line-213-e6db7aab47eb	history-changed-since-review-warning-clean-driver-build-and-focused-test-d56b8c5d09f1	src/amd/r300/vulkan/tests/r3v_native_memory_model_harness.c	original line 213	1	1	1	0	0	1	1	present	1	e68f40792d4bbdcc1961cae439a8b0264c25c9ce	e68f40792d4bbdcc1961cae439a8b0264c25c9ce	warning-clean-driver-build-and-focused-test	changed-since-review	verify-single-path-change-against-review-claims
work-r3v-native-memory-model-harness-c-original-line-242-369a732053be	history-changed-since-review-warning-clean-driver-build-and-focused-test-d56b8c5d09f1	src/amd/r300/vulkan/tests/r3v_native_memory_model_harness.c	original line 242	1	1	1	0	0	1	1	present	1	e68f40792d4bbdcc1961cae439a8b0264c25c9ce	e68f40792d4bbdcc1961cae439a8b0264c25c9ce	warning-clean-driver-build-and-focused-test	changed-since-review	verify-single-path-change-against-review-claims
work-r3v-native-memory-model-harness-c-original-line-302-89a27d094337	history-changed-since-review-warning-clean-driver-build-and-focused-test-d56b8c5d09f1	src/amd/r300/vulkan/tests/r3v_native_memory_model_harness.c	original line 302	1	1	1	0	0	1	1	present	1	e68f40792d4bbdcc1961cae439a8b0264c25c9ce	e68f40792d4bbdcc1961cae439a8b0264c25c9ce	warning-clean-driver-build-and-focused-test	changed-since-review	verify-single-path-change-against-review-claims
work-r3v-native-memory-model-harness-c-original-line-361-affd671ba30d	history-changed-since-review-warning-clean-driver-build-and-focused-test-d56b8c5d09f1	src/amd/r300/vulkan/tests/r3v_native_memory_model_harness.c	original line 361	1	1	1	0	0	1	1	present	1	e68f40792d4bbdcc1961cae439a8b0264c25c9ce	e68f40792d4bbdcc1961cae439a8b0264c25c9ce	warning-clean-driver-build-and-focused-test	changed-since-review	verify-single-path-change-against-review-claims
work-r3v-native-memory-model-harness-c-original-line-387-b9a95739acdd	history-changed-since-review-warning-clean-driver-build-and-focused-test-d56b8c5d09f1	src/amd/r300/vulkan/tests/r3v_native_memory_model_harness.c	original line 387	1	1	1	0	0	1	1	present	1	e68f40792d4bbdcc1961cae439a8b0264c25c9ce	e68f40792d4bbdcc1961cae439a8b0264c25c9ce	warning-clean-driver-build-and-focused-test	changed-since-review	verify-single-path-change-against-review-claims
work-r3v-native-memory-concurrency-harness-c-original-line-220-b952813920e9	history-unchanged-since-review-warning-clean-driver-build-and-focused-test-386e4ec442e6	src/amd/r300/vulkan/tests/r3v_native_memory_concurrency_harness.c	original line 220	1	1	1	0	1	0	1	present	0			warning-clean-driver-build-and-focused-test	unchanged-since-review	compare-current-code-with-review-claim
work-r3v-native-memory-concurrency-harness-c-original-line-315-8887f7a2c1d4	history-unchanged-since-review-warning-clean-driver-build-and-focused-test-386e4ec442e6	src/amd/r300/vulkan/tests/r3v_native_memory_concurrency_harness.c	original line 315	1	1	1	0	1	0	1	present	0			warning-clean-driver-build-and-focused-test	unchanged-since-review	compare-current-code-with-review-claim
work-r3v-native-memory-concurrency-harness-c-original-line-332-386d51d1a0a3	history-unchanged-since-review-warning-clean-driver-build-and-focused-test-386e4ec442e6	src/amd/r300/vulkan/tests/r3v_native_memory_concurrency_harness.c	original line 332	1	1	1	0	1	0	1	present	0			warning-clean-driver-build-and-focused-test	unchanged-since-review	compare-current-code-with-review-claim
work-r3v-native-memory-concurrency-harness-c-original-line-93-bb3681ff1108	history-unchanged-since-review-warning-clean-driver-build-and-focused-test-386e4ec442e6	src/amd/r300/vulkan/tests/r3v_native_memory_concurrency_harness.c	original line 93	1	1	1	0	1	0	1	present	0			warning-clean-driver-build-and-focused-test	unchanged-since-review	compare-current-code-with-review-claim
work-meson-build-if-with-tests-and-with-tools-contains-drm-1eebd483b0f6	history-changed-since-review-configure-build-and-artifact-check-08921c5f8c30	src/amd/r300/vulkan/meson.build	if with tests and with tools contains drm shim and cc get define	3	3	3	0	0	3	3	present	56	ca164de881b81c1338ca63091bc50aa43c6c99f8;2e18300a2b42035a97b5fd350656b99cb9dbd7e0;9dc8b06c19483b20dccaa9d455ca30d77be42b3c;0d0e7f74784c996c7bf1d4414fb3a02dafa8beff;8e1387b5c97e329dd7b12f9937d691611c40f63e;88ce4466f7a042a93cb70866208c901bf86433c3;7d847324637a0c3fdb998778fe6ab0b5242107ee;4653e691f1692ad7c7e37835316e6cf7d82fc7bc;baf48620c79c19566965936e10cb66c5c1419cf5;225cea235e853f762377956a6329f5e8ab1661b3;7f7feec24572361f74134376433c0ba63f6219c2;e68f40792d4bbdcc1961cae439a8b0264c25c9ce;4b11002d5b38f01f6477a2878352caea8cd28ac7;13683abd6ad3fcbf0d052d1a63b24793b59211fa;26b04af5186ffa9c81c9f86ea67d56a9b2ee9baf;1a09900f7b5b27eaeb25fd2cbdb1ccc50c5b173a;00e3c5dd25deb8545a531a6725b0d76c50156e1c;59b77649a80ee880f84ba6a5301467c8cc2c0438;710d7e3c12b5e6eecd6a9356de5295618b201d1d;9f65f5f61e53a9ca26b082e1b27222c374cd28da;300a75557165c988818944e1fef1157d847406bc;7d380acb9b92d0de445217a4c35eb53cccc03901;2cb307652cc8b14e61abd9fd3d71ff5e935c5eae;bd7fcf75397e409a3d1e15e595e940d6411dffc3;13cc6f08740b4a4086d2fd1119c5cbcee86e3dbe;5453c84376b798dd7cc68a5f65defc68037c4b15;13701e615400edf1e437c61df559419793a3088f;84cf229c0d6e290d4a5694efa957454bc04b22c9;c6f998b2c5c8a4e04c6bfd515c88cc88b42a4ffd;99ae7f779dd196aec81f5eef3c02f0ddf0f2fbbc;15e794e1b6218b8fe59b7e9577a07d2b0a38aa99;74e17e547d51997ffb074a92b1f74bef56c702a0;a62e4497766aff089ee68b72c96c0721935b3290;6d7b0b5c0c5292f9b8563651b0351f714353e630;be6eb55ff61e6ac44b7e475f70f9edc76d1f8d5b;451d77f250a30cb4c968c8474b0ffaa1a8f1b123;eae1df80d9c7db3162ed27614fc74de2325ad665;5f2615641abebc5f1631fb02285d20a93808cbfb;682648a30f9fe5db7f18772bd953af2e44099437;393cb870255352a00fc9859f2d6624e3f10b2b87;0aceb8aa9606b0e4381e1ce5afc099c8914a3ef1;f743d0f9bec6e673cdd09dfd4554172aaa9b01c7;c5cc11945f60ddc34a1011b1bde47762a33887ab;64fa102e611a869ea31d47a31fdf72ad84f28711;a4c39ca2b71127b4a9ffe6a3e524428977fc7c61;8e4c01d4aaf5dbfe222d2bd3763b7ca906eb129c;7dd3f6fbb379de20d3c2c7d983d24523acfdbd84;af766adab77452239b29918eb26f033c0f00b313;31650bf8e57d52a812104aeb6cc60449099a86d1;813f5899cd3d315aa4c84213e5be5101fc03f698;4337fab9b7e51ae23d0c1db75c0c107ec1a20f29;c3f310b429a8061a7eda94441b306c7b999d5ebc;10f9e2fa66fd28b97638124d55113218da2a57d5;51e2926b7cd2deabb3dfc6c09e9e3310abca4159;2232b3ab7b2baef2666bd3f5bf23193e0af2f86e;ae2e0183f6953f872bb04b6b929b374b6f8ac1ae		configure-build-and-artifact-check	changed-since-review	inspect-path-change-sequence-against-review-claims
work-r3v-kernel-memory-contract-pin-py-original-line-56-c8a8dc4fa107	history-unchanged-since-review-python-test-black-and-ruff-43c6875221d9	src/amd/r300/vulkan/tests/r3v_kernel_memory_contract_pin.py	original line 56	2	1	1	0	1	0	1	present	0			python-test-black-and-ruff	unchanged-since-review	compare-current-code-with-review-claim
work-r3v-kernel-memory-contract-pin-py-original-line-79-defbd1c3718e	history-unchanged-since-review-python-test-black-and-ruff-43c6875221d9	src/amd/r300/vulkan/tests/r3v_kernel_memory_contract_pin.py	original line 79	1	1	1	0	1	0	1	present	0			python-test-black-and-ruff	unchanged-since-review	compare-current-code-with-review-claim
work-r3v-kernel-memory-contract-pins-tsv-original-line-10-dfc01d1e71ea	history-changed-since-review-schema-generator-and-mutation-check-86e766694c22	src/amd/r300/vulkan/tests/r3v_kernel_memory_contract_pins.tsv	original line 10	1	1	1	0	0	1	1	present	1	8afa214faa11235fb25f8de610ed3b36d32b1d43	8afa214faa11235fb25f8de610ed3b36d32b1d43	schema-generator-and-mutation-check	changed-since-review	verify-single-path-change-against-review-claims
work-r3v-vulkan10-requirement-inventory-py-original-line-104-79cb6ccf9de5	history-changed-since-review-python-test-black-and-ruff-9ddeeba934c8	src/amd/r300/vulkan/tests/r3v_vulkan10_requirement_inventory.py	original line 104	1	1	1	0	0	1	1	present	1	8e1387b5c97e329dd7b12f9937d691611c40f63e	8e1387b5c97e329dd7b12f9937d691611c40f63e	python-test-black-and-ruff	changed-since-review	verify-single-path-change-against-review-claims
work-r3v-vulkan10-requirement-inventory-py-original-line-146-d5a99589e107	history-changed-since-review-python-test-black-and-ruff-9ddeeba934c8	src/amd/r300/vulkan/tests/r3v_vulkan10_requirement_inventory.py	original line 146	1	1	1	0	0	1	1	present	1	8e1387b5c97e329dd7b12f9937d691611c40f63e	8e1387b5c97e329dd7b12f9937d691611c40f63e	python-test-black-and-ruff	changed-since-review	verify-single-path-change-against-review-claims
work-r3v-vulkan10-requirement-inventory-py-original-line-256-3885d5d5fb51	history-changed-since-review-python-test-black-and-ruff-9ddeeba934c8	src/amd/r300/vulkan/tests/r3v_vulkan10_requirement_inventory.py	original line 256	1	1	1	0	0	1	1	present	1	8e1387b5c97e329dd7b12f9937d691611c40f63e	8e1387b5c97e329dd7b12f9937d691611c40f63e	python-test-black-and-ruff	changed-since-review	verify-single-path-change-against-review-claims
work-r3v-vulkan10-requirement-inventory-py-original-line-87-64d65c7174d2	history-changed-since-review-python-test-black-and-ruff-9ddeeba934c8	src/amd/r300/vulkan/tests/r3v_vulkan10_requirement_inventory.py	original line 87	1	1	1	0	0	1	1	present	1	8e1387b5c97e329dd7b12f9937d691611c40f63e	8e1387b5c97e329dd7b12f9937d691611c40f63e	python-test-black-and-ruff	changed-since-review	verify-single-path-change-against-review-claims
work-r3v-advertised-surface-deqp-binding-tsv-original-line-8-9b9190c10f30	history-changed-since-review-schema-generator-and-mutation-check-b6c3c6588e62	src/amd/r300/vulkan/tests/r3v_advertised_surface_deqp_binding.tsv	original line 8	1	1	1	0	0	1	1	present	6	a3d731fddaf773e547e3a057a93394025833e651;8e1387b5c97e329dd7b12f9937d691611c40f63e;13683abd6ad3fcbf0d052d1a63b24793b59211fa;ebc8348c2ec8951c28056c17b036a365856cd12a;bd7fcf75397e409a3d1e15e595e940d6411dffc3;93ff2e17aeca881926adb92dc6493bb34018be2a		schema-generator-and-mutation-check	changed-since-review	inspect-path-change-sequence-against-review-claims
work-r3v-advertised-surface-deqp-binding-py-original-line-110-4e7f62c15c6a	history-changed-since-review-python-test-black-and-ruff-6aa444ebe1f3	src/amd/r300/vulkan/tests/r3v_advertised_surface_deqp_binding.py	original line 110	1	1	1	0	0	1	1	present	1	13683abd6ad3fcbf0d052d1a63b24793b59211fa	13683abd6ad3fcbf0d052d1a63b24793b59211fa	python-test-black-and-ruff	changed-since-review	verify-single-path-change-against-review-claims
work-r3v-native-object-lifetime-test-c-check-buffer-binding-const-414936dceb58	history-changed-since-review-warning-clean-driver-build-and-focused-test-0a766df5190f	src/amd/r300/vulkan/tests/r3v_native_object_lifetime_test.c	check buffer binding const struct fixture f	1	1	1	0	0	1	1	present	4	8e1387b5c97e329dd7b12f9937d691611c40f63e;13683abd6ad3fcbf0d052d1a63b24793b59211fa;ed39a483c8022512d3d540d03211bc58dcbf2fcf;2cb307652cc8b14e61abd9fd3d71ff5e935c5eae		warning-clean-driver-build-and-focused-test	changed-since-review	inspect-path-change-sequence-against-review-claims
work-r3v-native-compute-c-r3v-cmddispatch-vkcommandbuffer-commandbuffer-uint3-ab9e110639fe	history-changed-since-review-warning-clean-driver-build-and-focused-test-5b0103f759c1	src/amd/r300/vulkan/r3v_native_compute.c	r3v cmddispatch vkcommandbuffer commandbuffer uint32 t groupcountx	1	1	1	0	0	1	1	present	7	0d0e7f74784c996c7bf1d4414fb3a02dafa8beff;8e1387b5c97e329dd7b12f9937d691611c40f63e;bd7fcf75397e409a3d1e15e595e940d6411dffc3;73b4fc07196b5bc9e5505406dfc34f4269407165;c7dae69423791abaefee49603b2d45e62086ac19;31650bf8e57d52a812104aeb6cc60449099a86d1;813f5899cd3d315aa4c84213e5be5101fc03f698		warning-clean-driver-build-and-focused-test	changed-since-review	inspect-path-change-sequence-against-review-claims
work-r3v-native-compute-c-r3v-createdescriptorsetlayout-vkdevice-device-f637baf936e2	history-changed-since-review-warning-clean-driver-build-and-focused-test-8e90fdf20f55	src/amd/r300/vulkan/r3v_native_compute.c	r3v createdescriptorsetlayout vkdevice device	1	1	1	0	0	1	1	present	6	8e1387b5c97e329dd7b12f9937d691611c40f63e;bd7fcf75397e409a3d1e15e595e940d6411dffc3;73b4fc07196b5bc9e5505406dfc34f4269407165;c7dae69423791abaefee49603b2d45e62086ac19;31650bf8e57d52a812104aeb6cc60449099a86d1;813f5899cd3d315aa4c84213e5be5101fc03f698		warning-clean-driver-build-and-focused-test	changed-since-review	inspect-path-change-sequence-against-review-claims
work-r3v-native-compute-c-r3v-updatedescriptorsets-vkdevice-device-uint32-t-08f2e8c91222	history-changed-since-review-warning-clean-driver-build-and-focused-test-5b0103f759c1	src/amd/r300/vulkan/r3v_native_compute.c	r3v updatedescriptorsets vkdevice device uint32 t descriptorwritecount	2	2	2	0	0	2	1	present	7	0d0e7f74784c996c7bf1d4414fb3a02dafa8beff;8e1387b5c97e329dd7b12f9937d691611c40f63e;bd7fcf75397e409a3d1e15e595e940d6411dffc3;73b4fc07196b5bc9e5505406dfc34f4269407165;c7dae69423791abaefee49603b2d45e62086ac19;31650bf8e57d52a812104aeb6cc60449099a86d1;813f5899cd3d315aa4c84213e5be5101fc03f698		warning-clean-driver-build-and-focused-test	changed-since-review	inspect-path-change-sequence-against-review-claims
work-r3v-native-recording-c-r3v-cmdclearcolorimage-64444ff4dc3d	history-changed-since-review-warning-clean-driver-build-and-focused-test-57b22b868483	src/amd/r300/vulkan/r3v_native_recording.c	r3v cmdclearcolorimage	1	1	1	0	0	1	1	present	9	1099b1c71adc2055b4018cb4b6bc70cc9a7223f0;ebc8348c2ec8951c28056c17b036a365856cd12a;dc60471e58b6198ffe3b065d3164d08a4afa0664;ecc21f36cf7893d5fc9ea51a13b33377fe5b11b1;ed39a483c8022512d3d540d03211bc58dcbf2fcf;2cb307652cc8b14e61abd9fd3d71ff5e935c5eae;bd7fcf75397e409a3d1e15e595e940d6411dffc3;73b4fc07196b5bc9e5505406dfc34f4269407165;c7dae69423791abaefee49603b2d45e62086ac19		warning-clean-driver-build-and-focused-test	changed-since-review	inspect-path-change-sequence-against-review-claims
work-r3v-conformance-runner-fixture-info-qpa-original-line-8-69ebb996569c	history-unchanged-since-review-repository-native-focused-check-1a8e66ee9c0c	src/amd/r300/vulkan/tests/r3v_conformance_runner_fixture_info.qpa	original line 8	1	1	1	0	1	0	1	present	0			repository-native-focused-check	unchanged-since-review	compare-current-code-with-review-claim
work-r3v-conformance-runner-py-original-line-233-89aeb9bc6035	history-changed-since-review-python-test-black-and-ruff-b8bb90a81859	src/amd/r300/vulkan/tests/r3v_conformance_runner.py	original line 233	1	1	1	0	0	1	1	present	12	88ce4466f7a042a93cb70866208c901bf86433c3;225cea235e853f762377956a6329f5e8ab1661b3;7f7feec24572361f74134376433c0ba63f6219c2;d78bf73c847ebdd6cfc11b5e8d8931c5489a9307;00e3c5dd25deb8545a531a6725b0d76c50156e1c;59b77649a80ee880f84ba6a5301467c8cc2c0438;81526f6ae547d3c0d6e7cb30aa26c2215af42e19;fb709b391ec528b8f9c767dab90eb785d8093594;1f91536e6394b52f3969336a0b585106c3b6e5f9;4420389af742cd6354dceac2584fd4fd8ad74ec8;292c0318de096554d204725077710d177a3196f2;f743d0f9bec6e673cdd09dfd4554172aaa9b01c7		python-test-black-and-ruff	changed-since-review	inspect-path-change-sequence-against-review-claims
work-r3v-conformance-runner-py-original-line-312-ed542a491718	history-changed-since-review-python-test-black-and-ruff-b8bb90a81859	src/amd/r300/vulkan/tests/r3v_conformance_runner.py	original line 312	1	1	1	0	0	1	1	present	12	88ce4466f7a042a93cb70866208c901bf86433c3;225cea235e853f762377956a6329f5e8ab1661b3;7f7feec24572361f74134376433c0ba63f6219c2;d78bf73c847ebdd6cfc11b5e8d8931c5489a9307;00e3c5dd25deb8545a531a6725b0d76c50156e1c;59b77649a80ee880f84ba6a5301467c8cc2c0438;81526f6ae547d3c0d6e7cb30aa26c2215af42e19;fb709b391ec528b8f9c767dab90eb785d8093594;1f91536e6394b52f3969336a0b585106c3b6e5f9;4420389af742cd6354dceac2584fd4fd8ad74ec8;292c0318de096554d204725077710d177a3196f2;f743d0f9bec6e673cdd09dfd4554172aaa9b01c7		python-test-black-and-ruff	changed-since-review	inspect-path-change-sequence-against-review-claims
work-r3v-conformance-runner-py-original-line-389-986d8425236a	history-changed-since-review-python-test-black-and-ruff-b8bb90a81859	src/amd/r300/vulkan/tests/r3v_conformance_runner.py	original line 389	1	1	1	0	0	1	1	present	12	88ce4466f7a042a93cb70866208c901bf86433c3;225cea235e853f762377956a6329f5e8ab1661b3;7f7feec24572361f74134376433c0ba63f6219c2;d78bf73c847ebdd6cfc11b5e8d8931c5489a9307;00e3c5dd25deb8545a531a6725b0d76c50156e1c;59b77649a80ee880f84ba6a5301467c8cc2c0438;81526f6ae547d3c0d6e7cb30aa26c2215af42e19;fb709b391ec528b8f9c767dab90eb785d8093594;1f91536e6394b52f3969336a0b585106c3b6e5f9;4420389af742cd6354dceac2584fd4fd8ad74ec8;292c0318de096554d204725077710d177a3196f2;f743d0f9bec6e673cdd09dfd4554172aaa9b01c7		python-test-black-and-ruff	changed-since-review	inspect-path-change-sequence-against-review-claims
work-r3v-conformance-runner-py-original-line-435-f7fbe186c089	history-changed-since-review-python-test-black-and-ruff-b8bb90a81859	src/amd/r300/vulkan/tests/r3v_conformance_runner.py	original line 435	1	1	1	0	0	1	1	present	12	88ce4466f7a042a93cb70866208c901bf86433c3;225cea235e853f762377956a6329f5e8ab1661b3;7f7feec24572361f74134376433c0ba63f6219c2;d78bf73c847ebdd6cfc11b5e8d8931c5489a9307;00e3c5dd25deb8545a531a6725b0d76c50156e1c;59b77649a80ee880f84ba6a5301467c8cc2c0438;81526f6ae547d3c0d6e7cb30aa26c2215af42e19;fb709b391ec528b8f9c767dab90eb785d8093594;1f91536e6394b52f3969336a0b585106c3b6e5f9;4420389af742cd6354dceac2584fd4fd8ad74ec8;292c0318de096554d204725077710d177a3196f2;f743d0f9bec6e673cdd09dfd4554172aaa9b01c7		python-test-black-and-ruff	changed-since-review	inspect-path-change-sequence-against-review-claims
work-r3v-conformance-runner-py-original-line-480-db9770ec16d2	history-changed-since-review-python-test-black-and-ruff-b8bb90a81859	src/amd/r300/vulkan/tests/r3v_conformance_runner.py	original line 480	1	1	1	0	0	1	1	present	12	88ce4466f7a042a93cb70866208c901bf86433c3;225cea235e853f762377956a6329f5e8ab1661b3;7f7feec24572361f74134376433c0ba63f6219c2;d78bf73c847ebdd6cfc11b5e8d8931c5489a9307;00e3c5dd25deb8545a531a6725b0d76c50156e1c;59b77649a80ee880f84ba6a5301467c8cc2c0438;81526f6ae547d3c0d6e7cb30aa26c2215af42e19;fb709b391ec528b8f9c767dab90eb785d8093594;1f91536e6394b52f3969336a0b585106c3b6e5f9;4420389af742cd6354dceac2584fd4fd8ad74ec8;292c0318de096554d204725077710d177a3196f2;f743d0f9bec6e673cdd09dfd4554172aaa9b01c7		python-test-black-and-ruff	changed-since-review	inspect-path-change-sequence-against-review-claims
work-r3v-conformance-nonpass-ledger-tsv-original-line-2-eb6786ee734c	history-changed-since-review-schema-generator-and-mutation-check-dbf7468ddedb	src/amd/r300/vulkan/tests/r3v_conformance_nonpass_ledger.tsv	original line 2	1	1	1	0	0	1	1	present	11	0d0e7f74784c996c7bf1d4414fb3a02dafa8beff;13683abd6ad3fcbf0d052d1a63b24793b59211fa;b2c7a53aead941875e0c67204a025df54f2b5d9c;ed39a483c8022512d3d540d03211bc58dcbf2fcf;e8445512d3a15311e53b3539068a736e04c79ee1;93ff2e17aeca881926adb92dc6493bb34018be2a;c8846a1d98433ba5e541093122a6daea7d348658;682648a30f9fe5db7f18772bd953af2e44099437;393cb870255352a00fc9859f2d6624e3f10b2b87;a628623143f80181b4a864337e2afdecf89fb1d1;41ed3670d8f5557938e79d43a08dd9cd15768dbf		schema-generator-and-mutation-check	changed-since-review	inspect-path-change-sequence-against-review-claims
work-r3v-conformance-runner-py-original-line-257-dfe379ae9ad8	history-changed-since-review-python-test-black-and-ruff-b8bb90a81859	src/amd/r300/vulkan/tests/r3v_conformance_runner.py	original line 257	1	1	1	0	0	1	1	present	12	88ce4466f7a042a93cb70866208c901bf86433c3;225cea235e853f762377956a6329f5e8ab1661b3;7f7feec24572361f74134376433c0ba63f6219c2;d78bf73c847ebdd6cfc11b5e8d8931c5489a9307;00e3c5dd25deb8545a531a6725b0d76c50156e1c;59b77649a80ee880f84ba6a5301467c8cc2c0438;81526f6ae547d3c0d6e7cb30aa26c2215af42e19;fb709b391ec528b8f9c767dab90eb785d8093594;1f91536e6394b52f3969336a0b585106c3b6e5f9;4420389af742cd6354dceac2584fd4fd8ad74ec8;292c0318de096554d204725077710d177a3196f2;f743d0f9bec6e673cdd09dfd4554172aaa9b01c7		python-test-black-and-ruff	changed-since-review	inspect-path-change-sequence-against-review-claims
work-r3v-conformance-runner-py-original-line-292-7b84d11cd052	history-changed-since-review-python-test-black-and-ruff-b8bb90a81859	src/amd/r300/vulkan/tests/r3v_conformance_runner.py	original line 292	1	1	1	0	0	1	1	present	12	88ce4466f7a042a93cb70866208c901bf86433c3;225cea235e853f762377956a6329f5e8ab1661b3;7f7feec24572361f74134376433c0ba63f6219c2;d78bf73c847ebdd6cfc11b5e8d8931c5489a9307;00e3c5dd25deb8545a531a6725b0d76c50156e1c;59b77649a80ee880f84ba6a5301467c8cc2c0438;81526f6ae547d3c0d6e7cb30aa26c2215af42e19;fb709b391ec528b8f9c767dab90eb785d8093594;1f91536e6394b52f3969336a0b585106c3b6e5f9;4420389af742cd6354dceac2584fd4fd8ad74ec8;292c0318de096554d204725077710d177a3196f2;f743d0f9bec6e673cdd09dfd4554172aaa9b01c7		python-test-black-and-ruff	changed-since-review	inspect-path-change-sequence-against-review-claims
work-r3v-conformance-runner-py-original-line-541-2012bc3e8353	history-changed-since-review-python-test-black-and-ruff-b8bb90a81859	src/amd/r300/vulkan/tests/r3v_conformance_runner.py	original line 541	1	1	1	0	0	1	1	present	12	88ce4466f7a042a93cb70866208c901bf86433c3;225cea235e853f762377956a6329f5e8ab1661b3;7f7feec24572361f74134376433c0ba63f6219c2;d78bf73c847ebdd6cfc11b5e8d8931c5489a9307;00e3c5dd25deb8545a531a6725b0d76c50156e1c;59b77649a80ee880f84ba6a5301467c8cc2c0438;81526f6ae547d3c0d6e7cb30aa26c2215af42e19;fb709b391ec528b8f9c767dab90eb785d8093594;1f91536e6394b52f3969336a0b585106c3b6e5f9;4420389af742cd6354dceac2584fd4fd8ad74ec8;292c0318de096554d204725077710d177a3196f2;f743d0f9bec6e673cdd09dfd4554172aaa9b01c7		python-test-black-and-ruff	changed-since-review	inspect-path-change-sequence-against-review-claims
work-r3v-conformance-runner-py-original-line-71-fd38879168a2	history-changed-since-review-python-test-black-and-ruff-b8bb90a81859	src/amd/r300/vulkan/tests/r3v_conformance_runner.py	original line 71	1	1	1	0	0	1	1	present	12	88ce4466f7a042a93cb70866208c901bf86433c3;225cea235e853f762377956a6329f5e8ab1661b3;7f7feec24572361f74134376433c0ba63f6219c2;d78bf73c847ebdd6cfc11b5e8d8931c5489a9307;00e3c5dd25deb8545a531a6725b0d76c50156e1c;59b77649a80ee880f84ba6a5301467c8cc2c0438;81526f6ae547d3c0d6e7cb30aa26c2215af42e19;fb709b391ec528b8f9c767dab90eb785d8093594;1f91536e6394b52f3969336a0b585106c3b6e5f9;4420389af742cd6354dceac2584fd4fd8ad74ec8;292c0318de096554d204725077710d177a3196f2;f743d0f9bec6e673cdd09dfd4554172aaa9b01c7		python-test-black-and-ruff	changed-since-review	inspect-path-change-sequence-against-review-claims
work-rs482-composed-surface-campaign-md-mechanisms-sharing-one-radix-i-90605bf41617	history-unchanged-since-review-documentation-symbol-and-link-check-4e2cfb6e81eb	docs/hardware/rs482-composed-surface-campaign.md	mechanisms sharing one radix i q 2048 r and no unified law	1	1	1	0	1	0	1	present	0			documentation-symbol-and-link-check	unchanged-since-review	compare-current-code-with-review-claim
work-rs482-composed-surface-campaign-md-original-line-121-49413c777376	history-changed-since-review-documentation-symbol-and-link-check-e3b29589b900	docs/hardware/rs482-composed-surface-campaign.md	original line 121	1	1	1	0	0	1	1	present	1	3450bcf6d364f071752cd74e49fbb6c29144a3d5	3450bcf6d364f071752cd74e49fbb6c29144a3d5	documentation-symbol-and-link-check	changed-since-review	verify-single-path-change-against-review-claims
work-rs482-composed-surface-campaign-md-original-line-66-34cc4deb44f1	history-changed-since-review-documentation-symbol-and-link-check-e3b29589b900	docs/hardware/rs482-composed-surface-campaign.md	original line 66	1	1	1	0	0	1	1	present	1	3450bcf6d364f071752cd74e49fbb6c29144a3d5	3450bcf6d364f071752cd74e49fbb6c29144a3d5	documentation-symbol-and-link-check	changed-since-review	verify-single-path-change-against-review-claims
work-rs482-composed-surface-campaign-md-original-line-69-aff02bb65584	history-changed-since-review-documentation-symbol-and-link-check-e3b29589b900	docs/hardware/rs482-composed-surface-campaign.md	original line 69	1	1	1	0	0	1	1	present	1	3450bcf6d364f071752cd74e49fbb6c29144a3d5	3450bcf6d364f071752cd74e49fbb6c29144a3d5	documentation-symbol-and-link-check	changed-since-review	verify-single-path-change-against-review-claims
work-rs482-composed-surface-campaign-md-original-line-89-6451ba7fd79a	history-changed-since-review-documentation-symbol-and-link-check-e3b29589b900	docs/hardware/rs482-composed-surface-campaign.md	original line 89	1	1	1	0	0	1	1	present	1	3450bcf6d364f071752cd74e49fbb6c29144a3d5	3450bcf6d364f071752cd74e49fbb6c29144a3d5	documentation-symbol-and-link-check	changed-since-review	verify-single-path-change-against-review-claims
work-rs482-composed-surface-campaign-md-original-line-91-0eec86493025	history-changed-since-review-documentation-symbol-and-link-check-e3b29589b900	docs/hardware/rs482-composed-surface-campaign.md	original line 91	1	1	1	0	0	1	1	present	1	3450bcf6d364f071752cd74e49fbb6c29144a3d5	3450bcf6d364f071752cd74e49fbb6c29144a3d5	documentation-symbol-and-link-check	changed-since-review	verify-single-path-change-against-review-claims
work-rs482-composed-surface-campaign-md-original-line-100-95c52e577bd3	history-changed-since-review-documentation-symbol-and-link-check-e3b29589b900	docs/hardware/rs482-composed-surface-campaign.md	original line 100	1	1	1	0	0	1	1	present	1	3450bcf6d364f071752cd74e49fbb6c29144a3d5	3450bcf6d364f071752cd74e49fbb6c29144a3d5	documentation-symbol-and-link-check	changed-since-review	verify-single-path-change-against-review-claims
work-rs482-composed-surface-campaign-md-original-line-103-36dcd5bb4583	history-changed-since-review-documentation-symbol-and-link-check-e3b29589b900	docs/hardware/rs482-composed-surface-campaign.md	original line 103	1	1	1	0	0	1	1	present	1	3450bcf6d364f071752cd74e49fbb6c29144a3d5	3450bcf6d364f071752cd74e49fbb6c29144a3d5	documentation-symbol-and-link-check	changed-since-review	verify-single-path-change-against-review-claims
work-rs482-composed-surface-campaign-md-original-line-112-73094d075525	history-changed-since-review-documentation-symbol-and-link-check-e3b29589b900	docs/hardware/rs482-composed-surface-campaign.md	original line 112	1	1	1	0	0	1	1	present	1	3450bcf6d364f071752cd74e49fbb6c29144a3d5	3450bcf6d364f071752cd74e49fbb6c29144a3d5	documentation-symbol-and-link-check	changed-since-review	verify-single-path-change-against-review-claims
work-r3v-native-attended-compute-identity-c-main-int-argc-char-738f8cf99079	history-unchanged-since-review-warning-clean-driver-build-and-focused-test-386e4ec442e6	src/amd/r300/vulkan/tests/r3v_native_attended_compute_identity.c	main int argc char argv	1	1	1	0	1	0	1	present	0			warning-clean-driver-build-and-focused-test	unchanged-since-review	compare-current-code-with-review-claim
work-r3v-physical-device-c-r3v-getphysicaldevicequeuefamilyproperties2-vkphys-19ae2db7502b	history-changed-since-review-warning-clean-driver-build-and-focused-test-e8edabf6690f	src/amd/r300/vulkan/r3v_physical_device.c	r3v getphysicaldevicequeuefamilyproperties2 vkphysicaldevice physicaldevice	1	1	1	0	0	1	1	present	10	8e1387b5c97e329dd7b12f9937d691611c40f63e;e68f40792d4bbdcc1961cae439a8b0264c25c9ce;d2b2d888ed784999a7c90886228532021b52d268;13683abd6ad3fcbf0d052d1a63b24793b59211fa;1d0ecc2e4930d7ebb2c0c0cfb2bf577f02c885b8;ebc8348c2ec8951c28056c17b036a365856cd12a;bd7fcf75397e409a3d1e15e595e940d6411dffc3;93ff2e17aeca881926adb92dc6493bb34018be2a;5453c84376b798dd7cc68a5f65defc68037c4b15;3bfafd1e35a20b7024389b1ae47af94d979e27fd		warning-clean-driver-build-and-focused-test	changed-since-review	inspect-path-change-sequence-against-review-claims
work-r3v-vulkan10-requirement-inventory-py-def-parse-granted-features-physica-6d6e7cac2131	history-unchanged-since-review-python-test-black-and-ruff-43c6875221d9	src/amd/r300/vulkan/tests/r3v_vulkan10_requirement_inventory.py	def parse granted features physical device text	1	1	1	0	1	0	1	present	0			python-test-black-and-ruff	unchanged-since-review	compare-current-code-with-review-claim
work-r3v-conformance-nonpass-ledger-tsv-waiver-waiver-deqp-vk-accepted-23f46c206294	history-partial-history-schema-generator-and-mutation-check-b119cc243cc3	src/amd/r300/vulkan/tests/r3v_conformance_nonpass_ledger.tsv	waiver waiver deqp vk accepted a waived case is a khronos granted exceptio	2	2	2	0	0	2	1	present	10	13683abd6ad3fcbf0d052d1a63b24793b59211fa;b2c7a53aead941875e0c67204a025df54f2b5d9c;ed39a483c8022512d3d540d03211bc58dcbf2fcf;e8445512d3a15311e53b3539068a736e04c79ee1;93ff2e17aeca881926adb92dc6493bb34018be2a;c8846a1d98433ba5e541093122a6daea7d348658;682648a30f9fe5db7f18772bd953af2e44099437;393cb870255352a00fc9859f2d6624e3f10b2b87;a628623143f80181b4a864337e2afdecf89fb1d1;41ed3670d8f5557938e79d43a08dd9cd15768dbf		schema-generator-and-mutation-check	partial-history	complete-review-source-history-before-disposition
work-r300-compute-verb-c-static-const-struct-r300-compute-verb-e298b05a31e3	history-changed-since-review-warning-clean-driver-build-and-focused-test-81ae3563ca0d	src/amd/r300/common/r300_compute_verb.c	static const struct r300 compute verb row rows r300 compute verb count	2	1	1	0	0	1	1	present	2	60ae71b6e75360b9cc12dd4b524381da9da7feb4;c9d5859cab6f6ca834d731a062b23dfd770da496		warning-clean-driver-build-and-focused-test	changed-since-review	inspect-path-change-sequence-against-review-claims
work-r3v-conformance-partition-py-original-line-216-0809d4e66236	history-changed-since-review-python-test-black-and-ruff-e935c430925a	src/amd/r300/vulkan/tests/r3v_conformance_partition.py	original line 216	1	1	1	0	0	1	1	present	2	225cea235e853f762377956a6329f5e8ab1661b3;1f91536e6394b52f3969336a0b585106c3b6e5f9		python-test-black-and-ruff	changed-since-review	inspect-path-change-sequence-against-review-claims
work-r3v-conformance-partition-py-original-line-245-a2f69a5dda2b	history-changed-since-review-python-test-black-and-ruff-9fce1245cde5	src/amd/r300/vulkan/tests/r3v_conformance_partition.py	original line 245	1	1	1	0	0	1	1	present	3	88ce4466f7a042a93cb70866208c901bf86433c3;225cea235e853f762377956a6329f5e8ab1661b3;1f91536e6394b52f3969336a0b585106c3b6e5f9		python-test-black-and-ruff	changed-since-review	inspect-path-change-sequence-against-review-claims
work-r3v-conformance-runner-py-class-runnerrefusal-exception-2f5da6707149	history-changed-since-review-python-test-black-and-ruff-b8bb90a81859	src/amd/r300/vulkan/tests/r3v_conformance_runner.py	class runnerrefusal exception	3	2	2	0	0	2	1	present	12	88ce4466f7a042a93cb70866208c901bf86433c3;225cea235e853f762377956a6329f5e8ab1661b3;7f7feec24572361f74134376433c0ba63f6219c2;d78bf73c847ebdd6cfc11b5e8d8931c5489a9307;00e3c5dd25deb8545a531a6725b0d76c50156e1c;59b77649a80ee880f84ba6a5301467c8cc2c0438;81526f6ae547d3c0d6e7cb30aa26c2215af42e19;fb709b391ec528b8f9c767dab90eb785d8093594;1f91536e6394b52f3969336a0b585106c3b6e5f9;4420389af742cd6354dceac2584fd4fd8ad74ec8;292c0318de096554d204725077710d177a3196f2;f743d0f9bec6e673cdd09dfd4554172aaa9b01c7		python-test-black-and-ruff	changed-since-review	inspect-path-change-sequence-against-review-claims
work-r3v-conformance-partition-py-original-line-255-2d1db908f12d	history-changed-since-review-python-test-black-and-ruff-e935c430925a	src/amd/r300/vulkan/tests/r3v_conformance_partition.py	original line 255	1	1	1	0	0	1	1	present	2	225cea235e853f762377956a6329f5e8ab1661b3;1f91536e6394b52f3969336a0b585106c3b6e5f9		python-test-black-and-ruff	changed-since-review	inspect-path-change-sequence-against-review-claims
work-r3v-conformance-partition-py-original-line-275-68a4353107c2	history-changed-since-review-python-test-black-and-ruff-e935c430925a	src/amd/r300/vulkan/tests/r3v_conformance_partition.py	original line 275	1	1	1	0	0	1	1	present	2	225cea235e853f762377956a6329f5e8ab1661b3;1f91536e6394b52f3969336a0b585106c3b6e5f9		python-test-black-and-ruff	changed-since-review	inspect-path-change-sequence-against-review-claims
work-r3v-conformance-partition-py-original-line-291-37b2735fbe75	history-changed-since-review-python-test-black-and-ruff-e935c430925a	src/amd/r300/vulkan/tests/r3v_conformance_partition.py	original line 291	1	1	1	0	0	1	1	present	2	225cea235e853f762377956a6329f5e8ab1661b3;1f91536e6394b52f3969336a0b585106c3b6e5f9		python-test-black-and-ruff	changed-since-review	inspect-path-change-sequence-against-review-claims
work-r3v-conformance-runner-py-def-execute-args-9396c0cd229d	history-changed-since-review-python-test-black-and-ruff-7a5c125c083d	src/amd/r300/vulkan/tests/r3v_conformance_runner.py	def execute args	11	6	6	0	0	6	5	present	11	225cea235e853f762377956a6329f5e8ab1661b3;7f7feec24572361f74134376433c0ba63f6219c2;d78bf73c847ebdd6cfc11b5e8d8931c5489a9307;00e3c5dd25deb8545a531a6725b0d76c50156e1c;59b77649a80ee880f84ba6a5301467c8cc2c0438;81526f6ae547d3c0d6e7cb30aa26c2215af42e19;fb709b391ec528b8f9c767dab90eb785d8093594;1f91536e6394b52f3969336a0b585106c3b6e5f9;4420389af742cd6354dceac2584fd4fd8ad74ec8;292c0318de096554d204725077710d177a3196f2;f743d0f9bec6e673cdd09dfd4554172aaa9b01c7		python-test-black-and-ruff	changed-since-review	inspect-path-change-sequence-against-review-claims
work-r3v-deqp-provision-py-original-line-183-dd6d57c61a47	history-unchanged-since-review-python-test-black-and-ruff-43c6875221d9	src/amd/r300/vulkan/tests/r3v_deqp_provision.py	original line 183	1	1	1	0	1	0	1	present	0			python-test-black-and-ruff	unchanged-since-review	compare-current-code-with-review-claim
work-r3v-deqp-provision-py-original-line-215-a5f1f069cc06	history-unchanged-since-review-python-test-black-and-ruff-43c6875221d9	src/amd/r300/vulkan/tests/r3v_deqp_provision.py	original line 215	2	1	1	0	1	0	1	present	0			python-test-black-and-ruff	unchanged-since-review	compare-current-code-with-review-claim
work-r3v-deqp-provision-py-original-line-248-26cd482aca03	history-changed-since-review-python-test-black-and-ruff-1cc3e87782d2	src/amd/r300/vulkan/tests/r3v_deqp_provision.py	original line 248	1	1	1	0	0	1	1	present	1	4653e691f1692ad7c7e37835316e6cf7d82fc7bc	4653e691f1692ad7c7e37835316e6cf7d82fc7bc	python-test-black-and-ruff	changed-since-review	verify-single-path-change-against-review-claims
work-r3v-deqp-provision-py-original-line-253-383ae0516d5c	history-unchanged-since-review-python-test-black-and-ruff-43c6875221d9	src/amd/r300/vulkan/tests/r3v_deqp_provision.py	original line 253	2	1	1	0	1	0	1	present	0			python-test-black-and-ruff	unchanged-since-review	compare-current-code-with-review-claim
work-r3v-deqp-provision-py-original-line-260-64f2e1c7fb24	history-unchanged-since-review-python-test-black-and-ruff-43c6875221d9	src/amd/r300/vulkan/tests/r3v_deqp_provision.py	original line 260	1	1	1	0	1	0	1	present	0			python-test-black-and-ruff	unchanged-since-review	compare-current-code-with-review-claim
work-r3v-deqp-provision-py-original-line-90-12aa6145e207	history-changed-since-review-python-test-black-and-ruff-1cc3e87782d2	src/amd/r300/vulkan/tests/r3v_deqp_provision.py	original line 90	1	1	1	0	0	1	1	present	1	4653e691f1692ad7c7e37835316e6cf7d82fc7bc	4653e691f1692ad7c7e37835316e6cf7d82fc7bc	python-test-black-and-ruff	changed-since-review	verify-single-path-change-against-review-claims
work-readme-md-hazard-is-assigned-from-the-cts-sources-a-d9bc20366441	history-changed-since-review-documentation-symbol-and-link-check-fcfb294f1fbc	src/amd/r300/vulkan/README.md	hazard is assigned from the cts sources a family whose tests reach	1	1	1	0	0	1	1	present	19	225cea235e853f762377956a6329f5e8ab1661b3;7f7feec24572361f74134376433c0ba63f6219c2;4b11002d5b38f01f6477a2878352caea8cd28ac7;26b04af5186ffa9c81c9f86ea67d56a9b2ee9baf;28d2e439d133914edccaa861df6ddaff6bcc1c71;c9d5859cab6f6ca834d731a062b23dfd770da496;00e3c5dd25deb8545a531a6725b0d76c50156e1c;59b77649a80ee880f84ba6a5301467c8cc2c0438;1a5c07ce10d5efc8592101374468c787899d084b;c5861da177d780bb8cf254b0d2777771b1e9c73b;81526f6ae547d3c0d6e7cb30aa26c2215af42e19;e16bfb045fd1ae8096ede8e4af76356ac7f3157e;4420389af742cd6354dceac2584fd4fd8ad74ec8;292c0318de096554d204725077710d177a3196f2;f743d0f9bec6e673cdd09dfd4554172aaa9b01c7;31650bf8e57d52a812104aeb6cc60449099a86d1;813f5899cd3d315aa4c84213e5be5101fc03f698;4337fab9b7e51ae23d0c1db75c0c107ec1a20f29;c3f310b429a8061a7eda94441b306c7b999d5ebc		documentation-symbol-and-link-check	changed-since-review	inspect-path-change-sequence-against-review-claims
work-meson-build-r3v-native-files-files-ddc0c86c5189	history-changed-since-review-configure-build-and-artifact-check-27ac43a51f9a	src/amd/r300/vulkan/meson.build	r3v native files files	2	2	2	0	0	2	2	present	49	4653e691f1692ad7c7e37835316e6cf7d82fc7bc;baf48620c79c19566965936e10cb66c5c1419cf5;225cea235e853f762377956a6329f5e8ab1661b3;7f7feec24572361f74134376433c0ba63f6219c2;e68f40792d4bbdcc1961cae439a8b0264c25c9ce;4b11002d5b38f01f6477a2878352caea8cd28ac7;13683abd6ad3fcbf0d052d1a63b24793b59211fa;26b04af5186ffa9c81c9f86ea67d56a9b2ee9baf;1a09900f7b5b27eaeb25fd2cbdb1ccc50c5b173a;00e3c5dd25deb8545a531a6725b0d76c50156e1c;59b77649a80ee880f84ba6a5301467c8cc2c0438;710d7e3c12b5e6eecd6a9356de5295618b201d1d;9f65f5f61e53a9ca26b082e1b27222c374cd28da;300a75557165c988818944e1fef1157d847406bc;7d380acb9b92d0de445217a4c35eb53cccc03901;2cb307652cc8b14e61abd9fd3d71ff5e935c5eae;bd7fcf75397e409a3d1e15e595e940d6411dffc3;13cc6f08740b4a4086d2fd1119c5cbcee86e3dbe;5453c84376b798dd7cc68a5f65defc68037c4b15;13701e615400edf1e437c61df559419793a3088f;84cf229c0d6e290d4a5694efa957454bc04b22c9;c6f998b2c5c8a4e04c6bfd515c88cc88b42a4ffd;99ae7f779dd196aec81f5eef3c02f0ddf0f2fbbc;15e794e1b6218b8fe59b7e9577a07d2b0a38aa99;74e17e547d51997ffb074a92b1f74bef56c702a0;a62e4497766aff089ee68b72c96c0721935b3290;6d7b0b5c0c5292f9b8563651b0351f714353e630;be6eb55ff61e6ac44b7e475f70f9edc76d1f8d5b;451d77f250a30cb4c968c8474b0ffaa1a8f1b123;eae1df80d9c7db3162ed27614fc74de2325ad665;5f2615641abebc5f1631fb02285d20a93808cbfb;682648a30f9fe5db7f18772bd953af2e44099437;393cb870255352a00fc9859f2d6624e3f10b2b87;0aceb8aa9606b0e4381e1ce5afc099c8914a3ef1;f743d0f9bec6e673cdd09dfd4554172aaa9b01c7;c5cc11945f60ddc34a1011b1bde47762a33887ab;64fa102e611a869ea31d47a31fdf72ad84f28711;a4c39ca2b71127b4a9ffe6a3e524428977fc7c61;8e4c01d4aaf5dbfe222d2bd3763b7ca906eb129c;7dd3f6fbb379de20d3c2c7d983d24523acfdbd84;af766adab77452239b29918eb26f033c0f00b313;31650bf8e57d52a812104aeb6cc60449099a86d1;813f5899cd3d315aa4c84213e5be5101fc03f698;4337fab9b7e51ae23d0c1db75c0c107ec1a20f29;c3f310b429a8061a7eda94441b306c7b999d5ebc;10f9e2fa66fd28b97638124d55113218da2a57d5;51e2926b7cd2deabb3dfc6c09e9e3310abca4159;2232b3ab7b2baef2666bd3f5bf23193e0af2f86e;ae2e0183f6953f872bb04b6b929b374b6f8ac1ae		configure-build-and-artifact-check	changed-since-review	inspect-path-change-sequence-against-review-claims
work-r3v-native-plan-c-original-line-220-0649dd453d54	history-changed-since-review-warning-clean-driver-build-and-focused-test-82f68b428a84	src/amd/r300/vulkan/r3v_native_plan.c	original line 220	1	1	1	0	0	1	1	present	2	300a75557165c988818944e1fef1157d847406bc;bd7fcf75397e409a3d1e15e595e940d6411dffc3		warning-clean-driver-build-and-focused-test	changed-since-review	inspect-path-change-sequence-against-review-claims
work-r3v-native-plan-c-original-line-287-b2bdf50b42c4	history-changed-since-review-warning-clean-driver-build-and-focused-test-82f68b428a84	src/amd/r300/vulkan/r3v_native_plan.c	original line 287	1	1	1	0	0	1	1	present	2	300a75557165c988818944e1fef1157d847406bc;bd7fcf75397e409a3d1e15e595e940d6411dffc3		warning-clean-driver-build-and-focused-test	changed-since-review	inspect-path-change-sequence-against-review-claims
work-r3v-native-plan-c-original-line-308-47b1f8227465	history-changed-since-review-warning-clean-driver-build-and-focused-test-88778c122249	src/amd/r300/vulkan/r3v_native_plan.c	original line 308	1	1	1	0	0	1	1	present	3	7d847324637a0c3fdb998778fe6ab0b5242107ee;300a75557165c988818944e1fef1157d847406bc;bd7fcf75397e409a3d1e15e595e940d6411dffc3		warning-clean-driver-build-and-focused-test	changed-since-review	inspect-path-change-sequence-against-review-claims
work-r3v-native-plan-c-original-line-431-4f0b80b4d69f	history-changed-since-review-warning-clean-driver-build-and-focused-test-82f68b428a84	src/amd/r300/vulkan/r3v_native_plan.c	original line 431	1	1	1	0	0	1	1	present	2	300a75557165c988818944e1fef1157d847406bc;bd7fcf75397e409a3d1e15e595e940d6411dffc3		warning-clean-driver-build-and-focused-test	changed-since-review	inspect-path-change-sequence-against-review-claims
work-r3v-native-plan-c-original-line-590-5952f7e1a4a1	history-changed-since-review-warning-clean-driver-build-and-focused-test-88778c122249	src/amd/r300/vulkan/r3v_native_plan.c	original line 590	1	1	1	0	0	1	1	present	3	7d847324637a0c3fdb998778fe6ab0b5242107ee;300a75557165c988818944e1fef1157d847406bc;bd7fcf75397e409a3d1e15e595e940d6411dffc3		warning-clean-driver-build-and-focused-test	changed-since-review	inspect-path-change-sequence-against-review-claims
work-r3v-native-plan-c-original-line-648-18f45218d96c	history-changed-since-review-warning-clean-driver-build-and-focused-test-82f68b428a84	src/amd/r300/vulkan/r3v_native_plan.c	original line 648	1	1	1	0	0	1	1	present	2	300a75557165c988818944e1fef1157d847406bc;bd7fcf75397e409a3d1e15e595e940d6411dffc3		warning-clean-driver-build-and-focused-test	changed-since-review	inspect-path-change-sequence-against-review-claims
work-r3v-native-plan-c-original-line-768-aa07e5b0c2af	history-changed-since-review-warning-clean-driver-build-and-focused-test-82f68b428a84	src/amd/r300/vulkan/r3v_native_plan.c	original line 768	1	1	1	0	0	1	1	present	2	300a75557165c988818944e1fef1157d847406bc;bd7fcf75397e409a3d1e15e595e940d6411dffc3		warning-clean-driver-build-and-focused-test	changed-since-review	inspect-path-change-sequence-against-review-claims
work-r3v-native-plan-c-original-line-645-2f165e1c6db7	history-changed-since-review-warning-clean-driver-build-and-focused-test-82f68b428a84	src/amd/r300/vulkan/r3v_native_plan.c	original line 645	1	1	1	0	0	1	1	present	2	300a75557165c988818944e1fef1157d847406bc;bd7fcf75397e409a3d1e15e595e940d6411dffc3		warning-clean-driver-build-and-focused-test	changed-since-review	inspect-path-change-sequence-against-review-claims
work-r3v-native-plan-capture-c-original-line-204-9ee85ce5ffdf	history-changed-since-review-warning-clean-driver-build-and-focused-test-8341229f873a	src/amd/r300/vulkan/r3v_native_plan_capture.c	original line 204	1	1	1	0	0	1	1	present	5	26b04af5186ffa9c81c9f86ea67d56a9b2ee9baf;59b77649a80ee880f84ba6a5301467c8cc2c0438;fb709b391ec528b8f9c767dab90eb785d8093594;300a75557165c988818944e1fef1157d847406bc;bd7fcf75397e409a3d1e15e595e940d6411dffc3		warning-clean-driver-build-and-focused-test	changed-since-review	inspect-path-change-sequence-against-review-claims
work-r3v-native-plan-capture-c-original-line-53-360eccac05d3	history-changed-since-review-warning-clean-driver-build-and-focused-test-e1c054a4e830	src/amd/r300/vulkan/r3v_native_plan_capture.c	original line 53	1	1	1	0	0	1	1	present	6	baf48620c79c19566965936e10cb66c5c1419cf5;26b04af5186ffa9c81c9f86ea67d56a9b2ee9baf;59b77649a80ee880f84ba6a5301467c8cc2c0438;fb709b391ec528b8f9c767dab90eb785d8093594;300a75557165c988818944e1fef1157d847406bc;bd7fcf75397e409a3d1e15e595e940d6411dffc3		warning-clean-driver-build-and-focused-test	changed-since-review	inspect-path-change-sequence-against-review-claims
work-r3v-native-plan-tool-c-original-line-159-58fd0e8c71d0	history-changed-since-review-warning-clean-driver-build-and-focused-test-4743e23fdc8d	src/amd/r300/vulkan/tests/r3v_native_plan_tool.c	original line 159	1	1	1	0	0	1	1	present	1	baf48620c79c19566965936e10cb66c5c1419cf5	baf48620c79c19566965936e10cb66c5c1419cf5	warning-clean-driver-build-and-focused-test	changed-since-review	verify-single-path-change-against-review-claims
work-r3v-native-plan-tool-c-original-line-160-c2c13e092f29	history-changed-since-review-warning-clean-driver-build-and-focused-test-4743e23fdc8d	src/amd/r300/vulkan/tests/r3v_native_plan_tool.c	original line 160	1	1	1	0	0	1	1	present	1	baf48620c79c19566965936e10cb66c5c1419cf5	baf48620c79c19566965936e10cb66c5c1419cf5	warning-clean-driver-build-and-focused-test	changed-since-review	verify-single-path-change-against-review-claims
work-r3v-deqp-provision-py-original-line-119-4209beb1f50e	history-unchanged-since-review-python-test-black-and-ruff-43c6875221d9	src/amd/r300/vulkan/tests/r3v_deqp_provision.py	original line 119	1	1	1	0	1	0	1	present	0			python-test-black-and-ruff	unchanged-since-review	compare-current-code-with-review-claim
work-r3v-deqp-provision-py-original-line-121-ad99ea2f09e8	history-unchanged-since-review-python-test-black-and-ruff-43c6875221d9	src/amd/r300/vulkan/tests/r3v_deqp_provision.py	original line 121	1	1	1	0	1	0	1	present	0			python-test-black-and-ruff	unchanged-since-review	compare-current-code-with-review-claim
work-r3v-deqp-provision-py-original-line-305-0b7c8909fa6b	history-changed-since-review-python-test-black-and-ruff-1cc3e87782d2	src/amd/r300/vulkan/tests/r3v_deqp_provision.py	original line 305	1	1	1	0	0	1	1	present	1	4653e691f1692ad7c7e37835316e6cf7d82fc7bc	4653e691f1692ad7c7e37835316e6cf7d82fc7bc	python-test-black-and-ruff	changed-since-review	verify-single-path-change-against-review-claims
work-r3v-deqp-provision-py-original-line-366-363308104d08	history-unchanged-since-review-python-test-black-and-ruff-43c6875221d9	src/amd/r300/vulkan/tests/r3v_deqp_provision.py	original line 366	1	1	1	0	1	0	1	present	0			python-test-black-and-ruff	unchanged-since-review	compare-current-code-with-review-claim
work-r3v-conformance-runner-py-def-seal-receipt-e4e20bebf64e	history-changed-since-review-python-test-black-and-ruff-7a5c125c083d	src/amd/r300/vulkan/tests/r3v_conformance_runner.py	def seal receipt	8	5	5	0	0	5	2	present	11	225cea235e853f762377956a6329f5e8ab1661b3;7f7feec24572361f74134376433c0ba63f6219c2;d78bf73c847ebdd6cfc11b5e8d8931c5489a9307;00e3c5dd25deb8545a531a6725b0d76c50156e1c;59b77649a80ee880f84ba6a5301467c8cc2c0438;81526f6ae547d3c0d6e7cb30aa26c2215af42e19;fb709b391ec528b8f9c767dab90eb785d8093594;1f91536e6394b52f3969336a0b585106c3b6e5f9;4420389af742cd6354dceac2584fd4fd8ad74ec8;292c0318de096554d204725077710d177a3196f2;f743d0f9bec6e673cdd09dfd4554172aaa9b01c7		python-test-black-and-ruff	changed-since-review	inspect-path-change-sequence-against-review-claims
work-r3v-conformance-runner-py-def-selftest-fixture-qpa-b5b9f885426e	history-changed-since-review-python-test-black-and-ruff-96f470039669	src/amd/r300/vulkan/tests/r3v_conformance_runner.py	def selftest fixture qpa	1	1	1	0	0	1	1	present	10	7f7feec24572361f74134376433c0ba63f6219c2;d78bf73c847ebdd6cfc11b5e8d8931c5489a9307;00e3c5dd25deb8545a531a6725b0d76c50156e1c;59b77649a80ee880f84ba6a5301467c8cc2c0438;81526f6ae547d3c0d6e7cb30aa26c2215af42e19;fb709b391ec528b8f9c767dab90eb785d8093594;1f91536e6394b52f3969336a0b585106c3b6e5f9;4420389af742cd6354dceac2584fd4fd8ad74ec8;292c0318de096554d204725077710d177a3196f2;f743d0f9bec6e673cdd09dfd4554172aaa9b01c7		python-test-black-and-ruff	changed-since-review	inspect-path-change-sequence-against-review-claims
work-r3v-conformance-runner-py-original-line-78-36dc564ad672	history-changed-since-review-python-test-black-and-ruff-96f470039669	src/amd/r300/vulkan/tests/r3v_conformance_runner.py	original line 78	1	1	1	0	0	1	1	present	10	7f7feec24572361f74134376433c0ba63f6219c2;d78bf73c847ebdd6cfc11b5e8d8931c5489a9307;00e3c5dd25deb8545a531a6725b0d76c50156e1c;59b77649a80ee880f84ba6a5301467c8cc2c0438;81526f6ae547d3c0d6e7cb30aa26c2215af42e19;fb709b391ec528b8f9c767dab90eb785d8093594;1f91536e6394b52f3969336a0b585106c3b6e5f9;4420389af742cd6354dceac2584fd4fd8ad74ec8;292c0318de096554d204725077710d177a3196f2;f743d0f9bec6e673cdd09dfd4554172aaa9b01c7		python-test-black-and-ruff	changed-since-review	inspect-path-change-sequence-against-review-claims
work-r3v-native-plan-c-original-line-798-94ac79451ec6	history-changed-since-review-warning-clean-driver-build-and-focused-test-82f68b428a84	src/amd/r300/vulkan/r3v_native_plan.c	original line 798	1	1	1	0	0	1	1	present	2	300a75557165c988818944e1fef1157d847406bc;bd7fcf75397e409a3d1e15e595e940d6411dffc3		warning-clean-driver-build-and-focused-test	changed-since-review	inspect-path-change-sequence-against-review-claims
work-r3v-native-plan-c-original-line-724-94f47181c2dd	history-changed-since-review-warning-clean-driver-build-and-focused-test-82f68b428a84	src/amd/r300/vulkan/r3v_native_plan.c	original line 724	1	1	1	0	0	1	1	present	2	300a75557165c988818944e1fef1157d847406bc;bd7fcf75397e409a3d1e15e595e940d6411dffc3		warning-clean-driver-build-and-focused-test	changed-since-review	inspect-path-change-sequence-against-review-claims
work-r3v-native-plan-c-original-line-869-afb1b60350bc	history-changed-since-review-warning-clean-driver-build-and-focused-test-82f68b428a84	src/amd/r300/vulkan/r3v_native_plan.c	original line 869	1	1	1	0	0	1	1	present	2	300a75557165c988818944e1fef1157d847406bc;bd7fcf75397e409a3d1e15e595e940d6411dffc3		warning-clean-driver-build-and-focused-test	changed-since-review	inspect-path-change-sequence-against-review-claims
work-r3v-native-plan-c-original-line-889-d8dc75faa956	history-changed-since-review-warning-clean-driver-build-and-focused-test-82f68b428a84	src/amd/r300/vulkan/r3v_native_plan.c	original line 889	1	1	1	0	0	1	1	present	2	300a75557165c988818944e1fef1157d847406bc;bd7fcf75397e409a3d1e15e595e940d6411dffc3		warning-clean-driver-build-and-focused-test	changed-since-review	inspect-path-change-sequence-against-review-claims
work-r3v-native-device-c-r3v-createdevice-vkphysicaldevice-physicaldevice-61cd5ee7eac7	history-changed-since-review-warning-clean-driver-build-and-focused-test-02e6179f4d48	src/amd/r300/vulkan/r3v_native_device.c	r3v createdevice vkphysicaldevice physicaldevice	3	2	2	0	0	2	2	present	3	baf48620c79c19566965936e10cb66c5c1419cf5;26b04af5186ffa9c81c9f86ea67d56a9b2ee9baf;fb709b391ec528b8f9c767dab90eb785d8093594		warning-clean-driver-build-and-focused-test	changed-since-review	inspect-path-change-sequence-against-review-claims
work-r3v-native-plan-capture-c-original-line-214-fff6accafec8	history-changed-since-review-warning-clean-driver-build-and-focused-test-8341229f873a	src/amd/r300/vulkan/r3v_native_plan_capture.c	original line 214	1	1	1	0	0	1	1	present	5	26b04af5186ffa9c81c9f86ea67d56a9b2ee9baf;59b77649a80ee880f84ba6a5301467c8cc2c0438;fb709b391ec528b8f9c767dab90eb785d8093594;300a75557165c988818944e1fef1157d847406bc;bd7fcf75397e409a3d1e15e595e940d6411dffc3		warning-clean-driver-build-and-focused-test	changed-since-review	inspect-path-change-sequence-against-review-claims
work-r3v-native-plan-capture-c-original-line-30-7cdeb8742e88	history-changed-since-review-warning-clean-driver-build-and-focused-test-e1c054a4e830	src/amd/r300/vulkan/r3v_native_plan_capture.c	original line 30	1	1	1	0	0	1	1	present	6	baf48620c79c19566965936e10cb66c5c1419cf5;26b04af5186ffa9c81c9f86ea67d56a9b2ee9baf;59b77649a80ee880f84ba6a5301467c8cc2c0438;fb709b391ec528b8f9c767dab90eb785d8093594;300a75557165c988818944e1fef1157d847406bc;bd7fcf75397e409a3d1e15e595e940d6411dffc3		warning-clean-driver-build-and-focused-test	changed-since-review	inspect-path-change-sequence-against-review-claims
work-r3v-native-plan-capture-c-original-line-55-0073ba97075a	history-changed-since-review-warning-clean-driver-build-and-focused-test-e1c054a4e830	src/amd/r300/vulkan/r3v_native_plan_capture.c	original line 55	1	1	1	0	0	1	1	present	6	baf48620c79c19566965936e10cb66c5c1419cf5;26b04af5186ffa9c81c9f86ea67d56a9b2ee9baf;59b77649a80ee880f84ba6a5301467c8cc2c0438;fb709b391ec528b8f9c767dab90eb785d8093594;300a75557165c988818944e1fef1157d847406bc;bd7fcf75397e409a3d1e15e595e940d6411dffc3		warning-clean-driver-build-and-focused-test	changed-since-review	inspect-path-change-sequence-against-review-claims
work-r3v-native-plan-tool-c-original-line-127-833318f47b14	history-changed-since-review-warning-clean-driver-build-and-focused-test-4743e23fdc8d	src/amd/r300/vulkan/tests/r3v_native_plan_tool.c	original line 127	1	1	1	0	0	1	1	present	1	baf48620c79c19566965936e10cb66c5c1419cf5	baf48620c79c19566965936e10cb66c5c1419cf5	warning-clean-driver-build-and-focused-test	changed-since-review	verify-single-path-change-against-review-claims
work-r3v-native-plan-tool-c-original-line-27-2f0c3494a7e5	history-unchanged-since-review-warning-clean-driver-build-and-focused-test-386e4ec442e6	src/amd/r300/vulkan/tests/r3v_native_plan_tool.c	original line 27	1	1	1	0	1	0	1	present	0			warning-clean-driver-build-and-focused-test	unchanged-since-review	compare-current-code-with-review-claim
work-r3v-deqp-provision-py-original-line-251-911b8cf27c11	history-unchanged-since-review-python-test-black-and-ruff-43c6875221d9	src/amd/r300/vulkan/tests/r3v_deqp_provision.py	original line 251	1	1	1	0	1	0	1	present	0			python-test-black-and-ruff	unchanged-since-review	compare-current-code-with-review-claim
work-r3v-deqp-provision-py-original-line-407-3c29da419aea	history-unchanged-since-review-python-test-black-and-ruff-43c6875221d9	src/amd/r300/vulkan/tests/r3v_deqp_provision.py	original line 407	1	1	1	0	1	0	1	present	0			python-test-black-and-ruff	unchanged-since-review	compare-current-code-with-review-claim
work-r3v-native-queue-claim-report-c-original-line-41-ee265c7456b9	history-changed-since-review-warning-clean-driver-build-and-focused-test-ebaefc56fc23	src/amd/r300/vulkan/tests/r3v_native_queue_claim_report.c	original line 41	1	1	1	0	0	1	1	present	1	7f7feec24572361f74134376433c0ba63f6219c2	7f7feec24572361f74134376433c0ba63f6219c2	warning-clean-driver-build-and-focused-test	changed-since-review	verify-single-path-change-against-review-claims
work-r3v-conformance-runner-py-def-host-identity-d85b49352e99	history-changed-since-review-python-test-black-and-ruff-96f470039669	src/amd/r300/vulkan/tests/r3v_conformance_runner.py	def host identity	1	1	1	0	0	1	1	present	10	7f7feec24572361f74134376433c0ba63f6219c2;d78bf73c847ebdd6cfc11b5e8d8931c5489a9307;00e3c5dd25deb8545a531a6725b0d76c50156e1c;59b77649a80ee880f84ba6a5301467c8cc2c0438;81526f6ae547d3c0d6e7cb30aa26c2215af42e19;fb709b391ec528b8f9c767dab90eb785d8093594;1f91536e6394b52f3969336a0b585106c3b6e5f9;4420389af742cd6354dceac2584fd4fd8ad74ec8;292c0318de096554d204725077710d177a3196f2;f743d0f9bec6e673cdd09dfd4554172aaa9b01c7		python-test-black-and-ruff	changed-since-review	inspect-path-change-sequence-against-review-claims
work-r3v-conformance-runner-py-def-read-caselist-path-52440271595e	history-changed-since-review-python-test-black-and-ruff-96f470039669	src/amd/r300/vulkan/tests/r3v_conformance_runner.py	def read caselist path	7	3	3	0	0	3	2	present	10	7f7feec24572361f74134376433c0ba63f6219c2;d78bf73c847ebdd6cfc11b5e8d8931c5489a9307;00e3c5dd25deb8545a531a6725b0d76c50156e1c;59b77649a80ee880f84ba6a5301467c8cc2c0438;81526f6ae547d3c0d6e7cb30aa26c2215af42e19;fb709b391ec528b8f9c767dab90eb785d8093594;1f91536e6394b52f3969336a0b585106c3b6e5f9;4420389af742cd6354dceac2584fd4fd8ad74ec8;292c0318de096554d204725077710d177a3196f2;f743d0f9bec6e673cdd09dfd4554172aaa9b01c7		python-test-black-and-ruff	changed-since-review	inspect-path-change-sequence-against-review-claims
work-r3v-native-queue-claim-report-c-original-line-56-6b391a7659c3	history-unchanged-since-review-warning-clean-driver-build-and-focused-test-386e4ec442e6	src/amd/r300/vulkan/tests/r3v_native_queue_claim_report.c	original line 56	1	1	1	0	1	0	1	present	0			warning-clean-driver-build-and-focused-test	unchanged-since-review	compare-current-code-with-review-claim
work-r3v-native-plan-capture-c-original-line-122-9c894559b7c5	history-changed-since-review-warning-clean-driver-build-and-focused-test-8341229f873a	src/amd/r300/vulkan/r3v_native_plan_capture.c	original line 122	1	1	1	0	0	1	1	present	5	26b04af5186ffa9c81c9f86ea67d56a9b2ee9baf;59b77649a80ee880f84ba6a5301467c8cc2c0438;fb709b391ec528b8f9c767dab90eb785d8093594;300a75557165c988818944e1fef1157d847406bc;bd7fcf75397e409a3d1e15e595e940d6411dffc3		warning-clean-driver-build-and-focused-test	changed-since-review	inspect-path-change-sequence-against-review-claims
work-r3v-native-plan-capture-c-original-line-277-326fa3d6036c	history-changed-since-review-warning-clean-driver-build-and-focused-test-8341229f873a	src/amd/r300/vulkan/r3v_native_plan_capture.c	original line 277	1	1	1	0	0	1	1	present	5	26b04af5186ffa9c81c9f86ea67d56a9b2ee9baf;59b77649a80ee880f84ba6a5301467c8cc2c0438;fb709b391ec528b8f9c767dab90eb785d8093594;300a75557165c988818944e1fef1157d847406bc;bd7fcf75397e409a3d1e15e595e940d6411dffc3		warning-clean-driver-build-and-focused-test	changed-since-review	inspect-path-change-sequence-against-review-claims
work-r3v-native-plan-capture-c-original-line-57-967f09bcf8f6	history-changed-since-review-warning-clean-driver-build-and-focused-test-8341229f873a	src/amd/r300/vulkan/r3v_native_plan_capture.c	original line 57	1	1	1	0	0	1	1	present	5	26b04af5186ffa9c81c9f86ea67d56a9b2ee9baf;59b77649a80ee880f84ba6a5301467c8cc2c0438;fb709b391ec528b8f9c767dab90eb785d8093594;300a75557165c988818944e1fef1157d847406bc;bd7fcf75397e409a3d1e15e595e940d6411dffc3		warning-clean-driver-build-and-focused-test	changed-since-review	inspect-path-change-sequence-against-review-claims
work-r3v-native-plan-tool-c-original-line-178-160af0631ffc	history-unchanged-since-review-warning-clean-driver-build-and-focused-test-386e4ec442e6	src/amd/r300/vulkan/tests/r3v_native_plan_tool.c	original line 178	1	1	1	0	1	0	1	present	0			warning-clean-driver-build-and-focused-test	unchanged-since-review	compare-current-code-with-review-claim
work-r3v-native-plan-capture-c-original-line-100-811188037f75	history-changed-since-review-warning-clean-driver-build-and-focused-test-8341229f873a	src/amd/r300/vulkan/r3v_native_plan_capture.c	original line 100	1	1	1	0	0	1	1	present	5	26b04af5186ffa9c81c9f86ea67d56a9b2ee9baf;59b77649a80ee880f84ba6a5301467c8cc2c0438;fb709b391ec528b8f9c767dab90eb785d8093594;300a75557165c988818944e1fef1157d847406bc;bd7fcf75397e409a3d1e15e595e940d6411dffc3		warning-clean-driver-build-and-focused-test	changed-since-review	inspect-path-change-sequence-against-review-claims
work-r3v-native-plan-tool-c-original-line-135-3d36412216ac	history-unchanged-since-review-warning-clean-driver-build-and-focused-test-386e4ec442e6	src/amd/r300/vulkan/tests/r3v_native_plan_tool.c	original line 135	1	1	1	0	1	0	1	present	0			warning-clean-driver-build-and-focused-test	unchanged-since-review	compare-current-code-with-review-claim
work-r3v-native-object-c-original-line-42-d096d31c657b	history-changed-since-review-warning-clean-driver-build-and-focused-test-c404f3f27827	src/amd/r300/vulkan/r3v_native_object.c	original line 42	1	1	1	0	0	1	1	present	1	13683abd6ad3fcbf0d052d1a63b24793b59211fa	13683abd6ad3fcbf0d052d1a63b24793b59211fa	warning-clean-driver-build-and-focused-test	changed-since-review	verify-single-path-change-against-review-claims
work-r3v-native-object-c-r3v-createbufferview-vkdevice-device-fba9f34bec3f	history-unchanged-since-review-warning-clean-driver-build-and-focused-test-386e4ec442e6	src/amd/r300/vulkan/r3v_native_object.c	r3v createbufferview vkdevice device	2	1	1	0	1	0	1	present	0			warning-clean-driver-build-and-focused-test	unchanged-since-review	compare-current-code-with-review-claim
work-r3v-physical-device-c-r3v-get-format-properties-const-struct-9f2e5eccc034	history-changed-since-review-warning-clean-driver-build-and-focused-test-3c2b5093ff3d	src/amd/r300/vulkan/r3v_physical_device.c	r3v get format properties const struct r3v physical device const device	2	2	2	0	0	2	2	present	7	13683abd6ad3fcbf0d052d1a63b24793b59211fa;1d0ecc2e4930d7ebb2c0c0cfb2bf577f02c885b8;ebc8348c2ec8951c28056c17b036a365856cd12a;bd7fcf75397e409a3d1e15e595e940d6411dffc3;93ff2e17aeca881926adb92dc6493bb34018be2a;5453c84376b798dd7cc68a5f65defc68037c4b15;3bfafd1e35a20b7024389b1ae47af94d979e27fd		warning-clean-driver-build-and-focused-test	changed-since-review	inspect-path-change-sequence-against-review-claims
work-r3v-host-model-fail-decomposition-md-original-line-110-df794fa7aea7	history-changed-since-review-documentation-symbol-and-link-check-cd0a565f2749	docs/hardware/r3v-host-model-fail-decomposition.md	original line 110	1	1	1	0	0	1	1	present	11	9b1e0fb29210904f70fdb11ad11c645580b8a678;1d0ecc2e4930d7ebb2c0c0cfb2bf577f02c885b8;60ae71b6e75360b9cc12dd4b524381da9da7feb4;b2c7a53aead941875e0c67204a025df54f2b5d9c;c5861da177d780bb8cf254b0d2777771b1e9c73b;de712cd4c674f476c5c2d9b6371da8907b8eebe8;4420389af742cd6354dceac2584fd4fd8ad74ec8;292c0318de096554d204725077710d177a3196f2;f743d0f9bec6e673cdd09dfd4554172aaa9b01c7;31650bf8e57d52a812104aeb6cc60449099a86d1;813f5899cd3d315aa4c84213e5be5101fc03f698		documentation-symbol-and-link-check	changed-since-review	inspect-path-change-sequence-against-review-claims
work-r3v-host-model-fail-decomposition-md-original-line-112-d51947035e19	history-changed-since-review-documentation-symbol-and-link-check-aa248f747480	docs/hardware/r3v-host-model-fail-decomposition.md	original line 112	1	1	1	0	0	1	1	present	10	1d0ecc2e4930d7ebb2c0c0cfb2bf577f02c885b8;60ae71b6e75360b9cc12dd4b524381da9da7feb4;b2c7a53aead941875e0c67204a025df54f2b5d9c;c5861da177d780bb8cf254b0d2777771b1e9c73b;de712cd4c674f476c5c2d9b6371da8907b8eebe8;4420389af742cd6354dceac2584fd4fd8ad74ec8;292c0318de096554d204725077710d177a3196f2;f743d0f9bec6e673cdd09dfd4554172aaa9b01c7;31650bf8e57d52a812104aeb6cc60449099a86d1;813f5899cd3d315aa4c84213e5be5101fc03f698		documentation-symbol-and-link-check	changed-since-review	inspect-path-change-sequence-against-review-claims
work-r3v-host-model-fail-decomposition-md-original-line-113-1cf10e0e8580	history-changed-since-review-documentation-symbol-and-link-check-cd0a565f2749	docs/hardware/r3v-host-model-fail-decomposition.md	original line 113	2	1	1	0	0	1	1	present	11	9b1e0fb29210904f70fdb11ad11c645580b8a678;1d0ecc2e4930d7ebb2c0c0cfb2bf577f02c885b8;60ae71b6e75360b9cc12dd4b524381da9da7feb4;b2c7a53aead941875e0c67204a025df54f2b5d9c;c5861da177d780bb8cf254b0d2777771b1e9c73b;de712cd4c674f476c5c2d9b6371da8907b8eebe8;4420389af742cd6354dceac2584fd4fd8ad74ec8;292c0318de096554d204725077710d177a3196f2;f743d0f9bec6e673cdd09dfd4554172aaa9b01c7;31650bf8e57d52a812104aeb6cc60449099a86d1;813f5899cd3d315aa4c84213e5be5101fc03f698		documentation-symbol-and-link-check	changed-since-review	inspect-path-change-sequence-against-review-claims
work-r3v-host-model-fail-decomposition-md-original-line-115-29f277b9a1e0	history-changed-since-review-documentation-symbol-and-link-check-aa248f747480	docs/hardware/r3v-host-model-fail-decomposition.md	original line 115	1	1	1	0	0	1	1	present	10	1d0ecc2e4930d7ebb2c0c0cfb2bf577f02c885b8;60ae71b6e75360b9cc12dd4b524381da9da7feb4;b2c7a53aead941875e0c67204a025df54f2b5d9c;c5861da177d780bb8cf254b0d2777771b1e9c73b;de712cd4c674f476c5c2d9b6371da8907b8eebe8;4420389af742cd6354dceac2584fd4fd8ad74ec8;292c0318de096554d204725077710d177a3196f2;f743d0f9bec6e673cdd09dfd4554172aaa9b01c7;31650bf8e57d52a812104aeb6cc60449099a86d1;813f5899cd3d315aa4c84213e5be5101fc03f698		documentation-symbol-and-link-check	changed-since-review	inspect-path-change-sequence-against-review-claims
work-r3v-host-model-fail-decomposition-md-original-line-120-56b3447c1c07	history-changed-since-review-documentation-symbol-and-link-check-aa248f747480	docs/hardware/r3v-host-model-fail-decomposition.md	original line 120	1	1	1	0	0	1	1	present	10	1d0ecc2e4930d7ebb2c0c0cfb2bf577f02c885b8;60ae71b6e75360b9cc12dd4b524381da9da7feb4;b2c7a53aead941875e0c67204a025df54f2b5d9c;c5861da177d780bb8cf254b0d2777771b1e9c73b;de712cd4c674f476c5c2d9b6371da8907b8eebe8;4420389af742cd6354dceac2584fd4fd8ad74ec8;292c0318de096554d204725077710d177a3196f2;f743d0f9bec6e673cdd09dfd4554172aaa9b01c7;31650bf8e57d52a812104aeb6cc60449099a86d1;813f5899cd3d315aa4c84213e5be5101fc03f698		documentation-symbol-and-link-check	changed-since-review	inspect-path-change-sequence-against-review-claims
work-r3v-host-model-fail-decomposition-md-original-line-143-3b95da54c56d	history-changed-since-review-documentation-symbol-and-link-check-aa248f747480	docs/hardware/r3v-host-model-fail-decomposition.md	original line 143	1	1	1	0	0	1	1	present	10	1d0ecc2e4930d7ebb2c0c0cfb2bf577f02c885b8;60ae71b6e75360b9cc12dd4b524381da9da7feb4;b2c7a53aead941875e0c67204a025df54f2b5d9c;c5861da177d780bb8cf254b0d2777771b1e9c73b;de712cd4c674f476c5c2d9b6371da8907b8eebe8;4420389af742cd6354dceac2584fd4fd8ad74ec8;292c0318de096554d204725077710d177a3196f2;f743d0f9bec6e673cdd09dfd4554172aaa9b01c7;31650bf8e57d52a812104aeb6cc60449099a86d1;813f5899cd3d315aa4c84213e5be5101fc03f698		documentation-symbol-and-link-check	changed-since-review	inspect-path-change-sequence-against-review-claims
work-r3v-host-model-fail-decomposition-md-original-line-36-38f5e2919d65	history-changed-since-review-documentation-symbol-and-link-check-aa248f747480	docs/hardware/r3v-host-model-fail-decomposition.md	original line 36	1	1	1	0	0	1	1	present	10	1d0ecc2e4930d7ebb2c0c0cfb2bf577f02c885b8;60ae71b6e75360b9cc12dd4b524381da9da7feb4;b2c7a53aead941875e0c67204a025df54f2b5d9c;c5861da177d780bb8cf254b0d2777771b1e9c73b;de712cd4c674f476c5c2d9b6371da8907b8eebe8;4420389af742cd6354dceac2584fd4fd8ad74ec8;292c0318de096554d204725077710d177a3196f2;f743d0f9bec6e673cdd09dfd4554172aaa9b01c7;31650bf8e57d52a812104aeb6cc60449099a86d1;813f5899cd3d315aa4c84213e5be5101fc03f698		documentation-symbol-and-link-check	changed-since-review	inspect-path-change-sequence-against-review-claims
work-r3v-host-model-fail-decomposition-md-original-line-59-0ad00db77310	history-changed-since-review-documentation-symbol-and-link-check-cd0a565f2749	docs/hardware/r3v-host-model-fail-decomposition.md	original line 59	1	1	1	0	0	1	1	present	11	9b1e0fb29210904f70fdb11ad11c645580b8a678;1d0ecc2e4930d7ebb2c0c0cfb2bf577f02c885b8;60ae71b6e75360b9cc12dd4b524381da9da7feb4;b2c7a53aead941875e0c67204a025df54f2b5d9c;c5861da177d780bb8cf254b0d2777771b1e9c73b;de712cd4c674f476c5c2d9b6371da8907b8eebe8;4420389af742cd6354dceac2584fd4fd8ad74ec8;292c0318de096554d204725077710d177a3196f2;f743d0f9bec6e673cdd09dfd4554172aaa9b01c7;31650bf8e57d52a812104aeb6cc60449099a86d1;813f5899cd3d315aa4c84213e5be5101fc03f698		documentation-symbol-and-link-check	changed-since-review	inspect-path-change-sequence-against-review-claims
work-r3v-conformance-partition-py-def-verify-manifest-path-f96dbd258557	history-changed-since-review-python-test-black-and-ruff-66e61c8d525d	src/amd/r300/vulkan/tests/r3v_conformance_partition.py	def verify manifest path	2	2	2	0	0	2	2	present	1	1f91536e6394b52f3969336a0b585106c3b6e5f9	1f91536e6394b52f3969336a0b585106c3b6e5f9	python-test-black-and-ruff	changed-since-review	verify-single-path-change-against-review-claims
work-r3v-native-queue-claim-report-c-original-line-82-b14fa0d01cf4	history-unchanged-since-review-warning-clean-driver-build-and-focused-test-386e4ec442e6	src/amd/r300/vulkan/tests/r3v_native_queue_claim_report.c	original line 82	1	1	1	0	1	0	1	present	0			warning-clean-driver-build-and-focused-test	unchanged-since-review	compare-current-code-with-review-claim
work-r3v-native-plan-tool-c-original-line-67-80c2362b87dc	history-unchanged-since-review-warning-clean-driver-build-and-focused-test-386e4ec442e6	src/amd/r300/vulkan/tests/r3v_native_plan_tool.c	original line 67	1	1	1	0	1	0	1	present	0			warning-clean-driver-build-and-focused-test	unchanged-since-review	compare-current-code-with-review-claim
work-r3v-cs-ioctl-trace-py-original-line-149-d773199db045	history-unchanged-since-review-python-test-black-and-ruff-43c6875221d9	src/amd/r300/vulkan/tests/r3v_cs_ioctl_trace.py	original line 149	1	1	1	0	1	0	1	present	0			python-test-black-and-ruff	unchanged-since-review	compare-current-code-with-review-claim
work-r3v-cs-ioctl-trace-py-original-line-215-9da48a767794	history-changed-since-review-python-test-black-and-ruff-9a703a50e3dd	src/amd/r300/vulkan/tests/r3v_cs_ioctl_trace.py	original line 215	1	1	1	0	0	1	1	present	1	4b11002d5b38f01f6477a2878352caea8cd28ac7	4b11002d5b38f01f6477a2878352caea8cd28ac7	python-test-black-and-ruff	changed-since-review	verify-single-path-change-against-review-claims
work-r3v-cs-ioctl-trace-py-original-line-337-eb540049487e	history-unchanged-since-review-python-test-black-and-ruff-43c6875221d9	src/amd/r300/vulkan/tests/r3v_cs_ioctl_trace.py	original line 337	1	1	1	0	1	0	1	present	0			python-test-black-and-ruff	unchanged-since-review	compare-current-code-with-review-claim
work-r3v-cs-ioctl-trace-py-original-line-364-4af5e24282f2	history-changed-since-review-python-test-black-and-ruff-9a703a50e3dd	src/amd/r300/vulkan/tests/r3v_cs_ioctl_trace.py	original line 364	1	1	1	0	0	1	1	present	1	4b11002d5b38f01f6477a2878352caea8cd28ac7	4b11002d5b38f01f6477a2878352caea8cd28ac7	python-test-black-and-ruff	changed-since-review	verify-single-path-change-against-review-claims
work-r3v-cs-ioctl-trace-py-original-line-70-92a9c4008f00	history-changed-since-review-python-test-black-and-ruff-9a703a50e3dd	src/amd/r300/vulkan/tests/r3v_cs_ioctl_trace.py	original line 70	1	1	1	0	0	1	1	present	1	4b11002d5b38f01f6477a2878352caea8cd28ac7	4b11002d5b38f01f6477a2878352caea8cd28ac7	python-test-black-and-ruff	changed-since-review	verify-single-path-change-against-review-claims
work-readme-md-default-context-requires-a-graphics-compute-queue-and-9d9747f10970	history-changed-since-review-documentation-symbol-and-link-check-f3c920539d68	src/amd/r300/vulkan/README.md	default context requires a graphics compute queue and aborts on the	1	1	1	0	0	1	1	present	18	7f7feec24572361f74134376433c0ba63f6219c2;4b11002d5b38f01f6477a2878352caea8cd28ac7;26b04af5186ffa9c81c9f86ea67d56a9b2ee9baf;28d2e439d133914edccaa861df6ddaff6bcc1c71;c9d5859cab6f6ca834d731a062b23dfd770da496;00e3c5dd25deb8545a531a6725b0d76c50156e1c;59b77649a80ee880f84ba6a5301467c8cc2c0438;1a5c07ce10d5efc8592101374468c787899d084b;c5861da177d780bb8cf254b0d2777771b1e9c73b;81526f6ae547d3c0d6e7cb30aa26c2215af42e19;e16bfb045fd1ae8096ede8e4af76356ac7f3157e;4420389af742cd6354dceac2584fd4fd8ad74ec8;292c0318de096554d204725077710d177a3196f2;f743d0f9bec6e673cdd09dfd4554172aaa9b01c7;31650bf8e57d52a812104aeb6cc60449099a86d1;813f5899cd3d315aa4c84213e5be5101fc03f698;4337fab9b7e51ae23d0c1db75c0c107ec1a20f29;c3f310b429a8061a7eda94441b306c7b999d5ebc		documentation-symbol-and-link-check	changed-since-review	inspect-path-change-sequence-against-review-claims
work-r3v-physical-device-c-r3v-wsi-proc-addr-vkphysicaldevice-physicaldevice-1a4fbf89acfd	history-changed-since-review-warning-clean-driver-build-and-focused-test-3fda1da9086b	src/amd/r300/vulkan/r3v_physical_device.c	r3v wsi proc addr vkphysicaldevice physicaldevice const char pname	4	2	2	0	0	2	1	present	8	d2b2d888ed784999a7c90886228532021b52d268;13683abd6ad3fcbf0d052d1a63b24793b59211fa;1d0ecc2e4930d7ebb2c0c0cfb2bf577f02c885b8;ebc8348c2ec8951c28056c17b036a365856cd12a;bd7fcf75397e409a3d1e15e595e940d6411dffc3;93ff2e17aeca881926adb92dc6493bb34018be2a;5453c84376b798dd7cc68a5f65defc68037c4b15;3bfafd1e35a20b7024389b1ae47af94d979e27fd		warning-clean-driver-build-and-focused-test	changed-since-review	inspect-path-change-sequence-against-review-claims
work-r3v-wsi-denominator-md-original-line-138-b19a8511c65c	history-changed-since-review-documentation-symbol-and-link-check-da5894711821	docs/hardware/r3v-wsi-denominator.md	original line 138	1	1	1	0	0	1	1	present	2	710d7e3c12b5e6eecd6a9356de5295618b201d1d;cebc5f008a2b1f33922597891892bb48205e557f		documentation-symbol-and-link-check	changed-since-review	inspect-path-change-sequence-against-review-claims
work-r3v-wsi-denominator-md-original-line-172-f4bde9741e21	history-changed-since-review-documentation-symbol-and-link-check-da5894711821	docs/hardware/r3v-wsi-denominator.md	original line 172	1	1	1	0	0	1	1	present	2	710d7e3c12b5e6eecd6a9356de5295618b201d1d;cebc5f008a2b1f33922597891892bb48205e557f		documentation-symbol-and-link-check	changed-since-review	inspect-path-change-sequence-against-review-claims
work-r3v-wsi-denominator-md-original-line-184-fedd90c38949	history-changed-since-review-documentation-symbol-and-link-check-da5894711821	docs/hardware/r3v-wsi-denominator.md	original line 184	1	1	1	0	0	1	1	present	2	710d7e3c12b5e6eecd6a9356de5295618b201d1d;cebc5f008a2b1f33922597891892bb48205e557f		documentation-symbol-and-link-check	changed-since-review	inspect-path-change-sequence-against-review-claims
work-r3v-wsi-denominator-md-original-line-19-50f883532fc8	history-changed-since-review-documentation-symbol-and-link-check-da5894711821	docs/hardware/r3v-wsi-denominator.md	original line 19	1	1	1	0	0	1	1	present	2	710d7e3c12b5e6eecd6a9356de5295618b201d1d;cebc5f008a2b1f33922597891892bb48205e557f		documentation-symbol-and-link-check	changed-since-review	inspect-path-change-sequence-against-review-claims
work-r3v-wsi-denominator-md-original-line-195-468c903955ec	history-changed-since-review-documentation-symbol-and-link-check-da5894711821	docs/hardware/r3v-wsi-denominator.md	original line 195	1	1	1	0	0	1	1	present	2	710d7e3c12b5e6eecd6a9356de5295618b201d1d;cebc5f008a2b1f33922597891892bb48205e557f		documentation-symbol-and-link-check	changed-since-review	inspect-path-change-sequence-against-review-claims
work-r3v-wsi-denominator-md-original-line-57-24d592afa114	history-changed-since-review-documentation-symbol-and-link-check-da5894711821	docs/hardware/r3v-wsi-denominator.md	original line 57	1	1	1	0	0	1	1	present	2	710d7e3c12b5e6eecd6a9356de5295618b201d1d;cebc5f008a2b1f33922597891892bb48205e557f		documentation-symbol-and-link-check	changed-since-review	inspect-path-change-sequence-against-review-claims
work-r3v-host-model-fail-decomposition-md-original-line-136-b5478e38a1d5	history-changed-since-review-documentation-symbol-and-link-check-aa248f747480	docs/hardware/r3v-host-model-fail-decomposition.md	original line 136	1	1	1	0	0	1	1	present	10	1d0ecc2e4930d7ebb2c0c0cfb2bf577f02c885b8;60ae71b6e75360b9cc12dd4b524381da9da7feb4;b2c7a53aead941875e0c67204a025df54f2b5d9c;c5861da177d780bb8cf254b0d2777771b1e9c73b;de712cd4c674f476c5c2d9b6371da8907b8eebe8;4420389af742cd6354dceac2584fd4fd8ad74ec8;292c0318de096554d204725077710d177a3196f2;f743d0f9bec6e673cdd09dfd4554172aaa9b01c7;31650bf8e57d52a812104aeb6cc60449099a86d1;813f5899cd3d315aa4c84213e5be5101fc03f698		documentation-symbol-and-link-check	changed-since-review	inspect-path-change-sequence-against-review-claims
work-r3v-host-model-fail-decomposition-md-original-line-6-7e8c1ae5769c	history-changed-since-review-documentation-symbol-and-link-check-aa248f747480	docs/hardware/r3v-host-model-fail-decomposition.md	original line 6	1	1	1	0	0	1	1	present	10	1d0ecc2e4930d7ebb2c0c0cfb2bf577f02c885b8;60ae71b6e75360b9cc12dd4b524381da9da7feb4;b2c7a53aead941875e0c67204a025df54f2b5d9c;c5861da177d780bb8cf254b0d2777771b1e9c73b;de712cd4c674f476c5c2d9b6371da8907b8eebe8;4420389af742cd6354dceac2584fd4fd8ad74ec8;292c0318de096554d204725077710d177a3196f2;f743d0f9bec6e673cdd09dfd4554172aaa9b01c7;31650bf8e57d52a812104aeb6cc60449099a86d1;813f5899cd3d315aa4c84213e5be5101fc03f698		documentation-symbol-and-link-check	changed-since-review	inspect-path-change-sequence-against-review-claims
work-r3v-host-model-fail-decomposition-md-original-line-68-57e4a7d2d814	history-changed-since-review-documentation-symbol-and-link-check-aa248f747480	docs/hardware/r3v-host-model-fail-decomposition.md	original line 68	1	1	1	0	0	1	1	present	10	1d0ecc2e4930d7ebb2c0c0cfb2bf577f02c885b8;60ae71b6e75360b9cc12dd4b524381da9da7feb4;b2c7a53aead941875e0c67204a025df54f2b5d9c;c5861da177d780bb8cf254b0d2777771b1e9c73b;de712cd4c674f476c5c2d9b6371da8907b8eebe8;4420389af742cd6354dceac2584fd4fd8ad74ec8;292c0318de096554d204725077710d177a3196f2;f743d0f9bec6e673cdd09dfd4554172aaa9b01c7;31650bf8e57d52a812104aeb6cc60449099a86d1;813f5899cd3d315aa4c84213e5be5101fc03f698		documentation-symbol-and-link-check	changed-since-review	inspect-path-change-sequence-against-review-claims
work-r3v-native-plan-replay-c-original-line-107-8b2d831b5391	history-unchanged-since-review-warning-clean-driver-build-and-focused-test-386e4ec442e6	src/amd/r300/vulkan/r3v_native_plan_replay.c	original line 107	1	1	1	0	1	0	1	present	0			warning-clean-driver-build-and-focused-test	unchanged-since-review	compare-current-code-with-review-claim
work-r3v-native-plan-replay-c-original-line-173-03437ad4361f	history-changed-since-review-warning-clean-driver-build-and-focused-test-b6e6b6644cc3	src/amd/r300/vulkan/r3v_native_plan_replay.c	original line 173	2	1	1	0	0	1	1	present	1	26b04af5186ffa9c81c9f86ea67d56a9b2ee9baf	26b04af5186ffa9c81c9f86ea67d56a9b2ee9baf	warning-clean-driver-build-and-focused-test	changed-since-review	verify-single-path-change-against-review-claims
work-r3v-native-plan-replay-c-original-line-219-49acd3381f01	history-unchanged-since-review-warning-clean-driver-build-and-focused-test-386e4ec442e6	src/amd/r300/vulkan/r3v_native_plan_replay.c	original line 219	1	1	1	0	1	0	1	present	0			warning-clean-driver-build-and-focused-test	unchanged-since-review	compare-current-code-with-review-claim
work-r3v-native-plan-replay-c-original-line-261-24e27a0deed0	history-unchanged-since-review-warning-clean-driver-build-and-focused-test-386e4ec442e6	src/amd/r300/vulkan/r3v_native_plan_replay.c	original line 261	1	1	1	0	1	0	1	present	0			warning-clean-driver-build-and-focused-test	unchanged-since-review	compare-current-code-with-review-claim
work-r3v-native-plan-replay-c-original-line-274-587e41f6d3b6	history-unchanged-since-review-warning-clean-driver-build-and-focused-test-386e4ec442e6	src/amd/r300/vulkan/r3v_native_plan_replay.c	original line 274	1	1	1	0	1	0	1	present	0			warning-clean-driver-build-and-focused-test	unchanged-since-review	compare-current-code-with-review-claim
work-r3v-native-plan-replay-c-original-line-368-a68022de1ed1	history-unchanged-since-review-warning-clean-driver-build-and-focused-test-386e4ec442e6	src/amd/r300/vulkan/r3v_native_plan_replay.c	original line 368	1	1	1	0	1	0	1	present	0			warning-clean-driver-build-and-focused-test	unchanged-since-review	compare-current-code-with-review-claim
work-r3v-wsi-denominator-md-original-line-203-895cbb0cd6d1	history-changed-since-review-documentation-symbol-and-link-check-da5894711821	docs/hardware/r3v-wsi-denominator.md	original line 203	1	1	1	0	0	1	1	present	2	710d7e3c12b5e6eecd6a9356de5295618b201d1d;cebc5f008a2b1f33922597891892bb48205e557f		documentation-symbol-and-link-check	changed-since-review	inspect-path-change-sequence-against-review-claims
work-r3v-cs-ioctl-trace-py-original-line-234-4bae53841330	history-unchanged-since-review-python-test-black-and-ruff-43c6875221d9	src/amd/r300/vulkan/tests/r3v_cs_ioctl_trace.py	original line 234	1	1	1	0	1	0	1	present	0			python-test-black-and-ruff	unchanged-since-review	compare-current-code-with-review-claim
work-r3v-cs-ioctl-trace-py-original-line-251-a004c60852f0	history-unchanged-since-review-python-test-black-and-ruff-43c6875221d9	src/amd/r300/vulkan/tests/r3v_cs_ioctl_trace.py	original line 251	1	1	1	0	1	0	1	present	0			python-test-black-and-ruff	unchanged-since-review	compare-current-code-with-review-claim
work-r3v-advertised-surface-deqp-binding-py-class-bindingfailure-exception-2d95445df36c	history-unchanged-since-review-python-test-black-and-ruff-43c6875221d9	src/amd/r300/vulkan/tests/r3v_advertised_surface_deqp_binding.py	class bindingfailure exception	1	1	1	0	1	0	1	present	0			python-test-black-and-ruff	unchanged-since-review	compare-current-code-with-review-claim
work-r3v-native-object-lifetime-test-c-check-buffer-view-refusal-d0443dcccacc	history-changed-since-review-warning-clean-driver-build-and-focused-test-b062458fbdee	src/amd/r300/vulkan/tests/r3v_native_object_lifetime_test.c	check buffer view refusal const struct fixture f	2	1	1	0	0	1	1	present	2	ed39a483c8022512d3d540d03211bc58dcbf2fcf;2cb307652cc8b14e61abd9fd3d71ff5e935c5eae		warning-clean-driver-build-and-focused-test	changed-since-review	inspect-path-change-sequence-against-review-claims
work-r3v-native-plan-replay-c-original-line-312-f82b45a60da4	history-unchanged-since-review-warning-clean-driver-build-and-focused-test-386e4ec442e6	src/amd/r300/vulkan/r3v_native_plan_replay.c	original line 312	1	1	1	0	1	0	1	present	0			warning-clean-driver-build-and-focused-test	unchanged-since-review	compare-current-code-with-review-claim
work-r3v-native-plan-replay-c-original-line-337-b827ec677364	history-unchanged-since-review-warning-clean-driver-build-and-focused-test-386e4ec442e6	src/amd/r300/vulkan/r3v_native_plan_replay.c	original line 337	1	1	1	0	1	0	1	present	0			warning-clean-driver-build-and-focused-test	unchanged-since-review	compare-current-code-with-review-claim
work-r3v-native-plan-replay-c-original-line-439-c1cf6d11df95	history-unchanged-since-review-warning-clean-driver-build-and-focused-test-386e4ec442e6	src/amd/r300/vulkan/r3v_native_plan_replay.c	original line 439	1	1	1	0	1	0	1	present	0			warning-clean-driver-build-and-focused-test	unchanged-since-review	compare-current-code-with-review-claim
work-r3v-native-plan-replay-c-original-line-445-daef06a017b1	history-unchanged-since-review-warning-clean-driver-build-and-focused-test-386e4ec442e6	src/amd/r300/vulkan/r3v_native_plan_replay.c	original line 445	1	1	1	0	1	0	1	present	0			warning-clean-driver-build-and-focused-test	unchanged-since-review	compare-current-code-with-review-claim
work-r3v-native-transfer-ops-test-c-check-texel-formats-const-8da4f5f6f360	history-changed-since-review-warning-clean-driver-build-and-focused-test-6147525f642c	src/amd/r300/vulkan/tests/r3v_native_transfer_ops_test.c	check texel formats const struct fixture f	2	2	2	0	0	2	1	present	6	1d0ecc2e4930d7ebb2c0c0cfb2bf577f02c885b8;710d7e3c12b5e6eecd6a9356de5295618b201d1d;ebc8348c2ec8951c28056c17b036a365856cd12a;2cb307652cc8b14e61abd9fd3d71ff5e935c5eae;04d636a37d48da0593766c683cb26b9bbd1ba82b;813f5899cd3d315aa4c84213e5be5101fc03f698		warning-clean-driver-build-and-focused-test	changed-since-review	inspect-path-change-sequence-against-review-claims
work-r3v-rename-ratchet-py-original-line-66-e836827155a4	history-changed-since-review-python-test-black-and-ruff-2e26bae9610f	src/amd/r300/vulkan/tests/r3v_rename_ratchet.py	original line 66	1	1	1	0	0	1	1	present	5	1a09900f7b5b27eaeb25fd2cbdb1ccc50c5b173a;a24c5eb9c24106737bcfd940abf27d228afd25b9;774bc806f808ee2b73791c12fe09b850d4bf55ea;3121a86c5cffac9d20016e0d51123c5c667f7b10;8abe8b6c821699fa18459070f9a9f4489c7d2724		python-test-black-and-ruff	changed-since-review	inspect-path-change-sequence-against-review-claims
work-r3v-host-model-fail-decomposition-md-population-plausibly-does-9c7c6af223b6	history-changed-since-review-documentation-symbol-and-link-check-89516f009119	docs/hardware/r3v-host-model-fail-decomposition.md	population plausibly does	1	1	1	0	0	1	1	present	9	60ae71b6e75360b9cc12dd4b524381da9da7feb4;b2c7a53aead941875e0c67204a025df54f2b5d9c;c5861da177d780bb8cf254b0d2777771b1e9c73b;de712cd4c674f476c5c2d9b6371da8907b8eebe8;4420389af742cd6354dceac2584fd4fd8ad74ec8;292c0318de096554d204725077710d177a3196f2;f743d0f9bec6e673cdd09dfd4554172aaa9b01c7;31650bf8e57d52a812104aeb6cc60449099a86d1;813f5899cd3d315aa4c84213e5be5101fc03f698		documentation-symbol-and-link-check	changed-since-review	inspect-path-change-sequence-against-review-claims
work-r3v-host-model-fail-decomposition-md-pr-sized-rung-and-f176e3226d5a	history-changed-since-review-documentation-symbol-and-link-check-89516f009119	docs/hardware/r3v-host-model-fail-decomposition.md	pr sized rung and bundling any of them into pr 1 would put a	2	1	1	0	0	1	1	present	9	60ae71b6e75360b9cc12dd4b524381da9da7feb4;b2c7a53aead941875e0c67204a025df54f2b5d9c;c5861da177d780bb8cf254b0d2777771b1e9c73b;de712cd4c674f476c5c2d9b6371da8907b8eebe8;4420389af742cd6354dceac2584fd4fd8ad74ec8;292c0318de096554d204725077710d177a3196f2;f743d0f9bec6e673cdd09dfd4554172aaa9b01c7;31650bf8e57d52a812104aeb6cc60449099a86d1;813f5899cd3d315aa4c84213e5be5101fc03f698		documentation-symbol-and-link-check	changed-since-review	inspect-path-change-sequence-against-review-claims
work-r3v-native-image-c-r3v-createimage-vkdevice-device-const-vkimagecreatein-9e4f03d70557	history-changed-since-review-warning-clean-driver-build-and-focused-test-862ffb79e628	src/amd/r300/vulkan/r3v_native_image.c	r3v createimage vkdevice device const vkimagecreateinfo pcreateinfo	5	4	4	0	0	4	4	present	10	ebc8348c2ec8951c28056c17b036a365856cd12a;7d380acb9b92d0de445217a4c35eb53cccc03901;bd7fcf75397e409a3d1e15e595e940d6411dffc3;93ff2e17aeca881926adb92dc6493bb34018be2a;5453c84376b798dd7cc68a5f65defc68037c4b15;3bfafd1e35a20b7024389b1ae47af94d979e27fd;682648a30f9fe5db7f18772bd953af2e44099437;393cb870255352a00fc9859f2d6624e3f10b2b87;937dbcb62ff8173c66e94e0e89322442915f9c14;fcf09c5b472f9c2b301ea08e9859551ae9d075fb		warning-clean-driver-build-and-focused-test	changed-since-review	inspect-path-change-sequence-against-review-claims
work-r3v-conformance-runner-py-def-run-mode-expect-dmesg-after-a8998dfa7053	history-changed-since-review-python-test-black-and-ruff-052904a5a3d6	src/amd/r300/vulkan/tests/r3v_conformance_runner.py	def run mode expect dmesg after none dso none cases caselist	1	1	1	0	0	1	1	present	8	00e3c5dd25deb8545a531a6725b0d76c50156e1c;59b77649a80ee880f84ba6a5301467c8cc2c0438;81526f6ae547d3c0d6e7cb30aa26c2215af42e19;fb709b391ec528b8f9c767dab90eb785d8093594;1f91536e6394b52f3969336a0b585106c3b6e5f9;4420389af742cd6354dceac2584fd4fd8ad74ec8;292c0318de096554d204725077710d177a3196f2;f743d0f9bec6e673cdd09dfd4554172aaa9b01c7		python-test-black-and-ruff	changed-since-review	inspect-path-change-sequence-against-review-claims
work-readme-md-passes-timeout-the-receipt-keeps-the-exit-code-df650aaceb7c	history-changed-since-review-documentation-symbol-and-link-check-9f42bb88a6be	src/amd/r300/vulkan/README.md	passes timeout the receipt keeps the exit code that named the	2	1	1	0	0	1	1	present	14	c9d5859cab6f6ca834d731a062b23dfd770da496;00e3c5dd25deb8545a531a6725b0d76c50156e1c;59b77649a80ee880f84ba6a5301467c8cc2c0438;1a5c07ce10d5efc8592101374468c787899d084b;c5861da177d780bb8cf254b0d2777771b1e9c73b;81526f6ae547d3c0d6e7cb30aa26c2215af42e19;e16bfb045fd1ae8096ede8e4af76356ac7f3157e;4420389af742cd6354dceac2584fd4fd8ad74ec8;292c0318de096554d204725077710d177a3196f2;f743d0f9bec6e673cdd09dfd4554172aaa9b01c7;31650bf8e57d52a812104aeb6cc60449099a86d1;813f5899cd3d315aa4c84213e5be5101fc03f698;4337fab9b7e51ae23d0c1db75c0c107ec1a20f29;c3f310b429a8061a7eda94441b306c7b999d5ebc		documentation-symbol-and-link-check	changed-since-review	inspect-path-change-sequence-against-review-claims
work-r3v-conformance-nonpass-ledger-tsv-compatibility-warning-compatibilitywa-11f73e62f22b	history-changed-since-review-schema-generator-and-mutation-check-6c3832b5c310	src/amd/r300/vulkan/tests/r3v_conformance_nonpass_ledger.tsv	compatibility warning compatibilitywarning deqp vk accepted deqp compatibi	2	2	2	0	0	2	2	present	8	ed39a483c8022512d3d540d03211bc58dcbf2fcf;e8445512d3a15311e53b3539068a736e04c79ee1;93ff2e17aeca881926adb92dc6493bb34018be2a;c8846a1d98433ba5e541093122a6daea7d348658;682648a30f9fe5db7f18772bd953af2e44099437;393cb870255352a00fc9859f2d6624e3f10b2b87;a628623143f80181b4a864337e2afdecf89fb1d1;41ed3670d8f5557938e79d43a08dd9cd15768dbf		schema-generator-and-mutation-check	changed-since-review	inspect-path-change-sequence-against-review-claims
work-r3v-host-model-fail-decomposition-md-before-deqp-vk-memory-2207c737ccd3	history-changed-since-review-documentation-symbol-and-link-check-d8ad4fe33802	docs/hardware/r3v-host-model-fail-decomposition.md	before deqp vk memory pipeline barrier moves off fail 100	4	1	1	0	0	1	1	present	8	b2c7a53aead941875e0c67204a025df54f2b5d9c;c5861da177d780bb8cf254b0d2777771b1e9c73b;de712cd4c674f476c5c2d9b6371da8907b8eebe8;4420389af742cd6354dceac2584fd4fd8ad74ec8;292c0318de096554d204725077710d177a3196f2;f743d0f9bec6e673cdd09dfd4554172aaa9b01c7;31650bf8e57d52a812104aeb6cc60449099a86d1;813f5899cd3d315aa4c84213e5be5101fc03f698		documentation-symbol-and-link-check	changed-since-review	inspect-path-change-sequence-against-review-claims
work-r300-compute-verb-c-original-line-8-3ba8d99dcd64	history-unchanged-since-review-warning-clean-driver-build-and-focused-test-386e4ec442e6	src/amd/r300/common/r300_compute_verb.c	original line 8	1	1	1	0	1	0	1	present	0			warning-clean-driver-build-and-focused-test	unchanged-since-review	compare-current-code-with-review-claim
work-rs482-gpu-compute-substrate-atlas-md-original-line-619-c998804756c8	history-changed-since-review-documentation-symbol-and-link-check-4cb08ce34caf	docs/hardware/rs482-gpu-compute-substrate-atlas.md	original line 619	1	1	1	0	0	1	1	present	2	31650bf8e57d52a812104aeb6cc60449099a86d1;813f5899cd3d315aa4c84213e5be5101fc03f698		documentation-symbol-and-link-check	changed-since-review	inspect-path-change-sequence-against-review-claims
work-rs482-gpu-compute-substrate-atlas-md-original-line-711-8d2c603623ed	history-changed-since-review-documentation-symbol-and-link-check-dc695226e591	docs/hardware/rs482-gpu-compute-substrate-atlas.md	original line 711	1	1	1	0	0	1	1	present	3	c9d5859cab6f6ca834d731a062b23dfd770da496;31650bf8e57d52a812104aeb6cc60449099a86d1;813f5899cd3d315aa4c84213e5be5101fc03f698		documentation-symbol-and-link-check	changed-since-review	inspect-path-change-sequence-against-review-claims
work-rs482-gpu-compute-substrate-atlas-md-original-line-247-d7bee3fa451e	history-changed-since-review-documentation-symbol-and-link-check-dc695226e591	docs/hardware/rs482-gpu-compute-substrate-atlas.md	original line 247	1	1	1	0	0	1	1	present	3	c9d5859cab6f6ca834d731a062b23dfd770da496;31650bf8e57d52a812104aeb6cc60449099a86d1;813f5899cd3d315aa4c84213e5be5101fc03f698		documentation-symbol-and-link-check	changed-since-review	inspect-path-change-sequence-against-review-claims
work-rs482-gpu-compute-substrate-atlas-md-original-line-517-e8c56b550af3	history-changed-since-review-documentation-symbol-and-link-check-4cb08ce34caf	docs/hardware/rs482-gpu-compute-substrate-atlas.md	original line 517	1	1	1	0	0	1	1	present	2	31650bf8e57d52a812104aeb6cc60449099a86d1;813f5899cd3d315aa4c84213e5be5101fc03f698		documentation-symbol-and-link-check	changed-since-review	inspect-path-change-sequence-against-review-claims
work-rs482-gpu-compute-substrate-atlas-md-original-line-701-2a4f32eebe97	history-changed-since-review-documentation-symbol-and-link-check-4cb08ce34caf	docs/hardware/rs482-gpu-compute-substrate-atlas.md	original line 701	1	1	1	0	0	1	1	present	2	31650bf8e57d52a812104aeb6cc60449099a86d1;813f5899cd3d315aa4c84213e5be5101fc03f698		documentation-symbol-and-link-check	changed-since-review	inspect-path-change-sequence-against-review-claims
work-rs482-gpu-compute-substrate-atlas-md-original-line-736-33d2d9e2f1c0	history-changed-since-review-documentation-symbol-and-link-check-4cb08ce34caf	docs/hardware/rs482-gpu-compute-substrate-atlas.md	original line 736	1	1	1	0	0	1	1	present	2	31650bf8e57d52a812104aeb6cc60449099a86d1;813f5899cd3d315aa4c84213e5be5101fc03f698		documentation-symbol-and-link-check	changed-since-review	inspect-path-change-sequence-against-review-claims
work-rs482-gpu-compute-substrate-atlas-md-original-line-113-eed1c540ee22	history-changed-since-review-documentation-symbol-and-link-check-4cb08ce34caf	docs/hardware/rs482-gpu-compute-substrate-atlas.md	original line 113	1	1	1	0	0	1	1	present	2	31650bf8e57d52a812104aeb6cc60449099a86d1;813f5899cd3d315aa4c84213e5be5101fc03f698		documentation-symbol-and-link-check	changed-since-review	inspect-path-change-sequence-against-review-claims
work-rs482-gpu-compute-substrate-atlas-md-original-line-269-c4e6a6daf118	history-changed-since-review-documentation-symbol-and-link-check-4cb08ce34caf	docs/hardware/rs482-gpu-compute-substrate-atlas.md	original line 269	1	1	1	0	0	1	1	present	2	31650bf8e57d52a812104aeb6cc60449099a86d1;813f5899cd3d315aa4c84213e5be5101fc03f698		documentation-symbol-and-link-check	changed-since-review	inspect-path-change-sequence-against-review-claims
work-rs482-gpu-compute-substrate-atlas-md-original-line-308-dbee20dcaea1	history-changed-since-review-documentation-symbol-and-link-check-4cb08ce34caf	docs/hardware/rs482-gpu-compute-substrate-atlas.md	original line 308	1	1	1	0	0	1	1	present	2	31650bf8e57d52a812104aeb6cc60449099a86d1;813f5899cd3d315aa4c84213e5be5101fc03f698		documentation-symbol-and-link-check	changed-since-review	inspect-path-change-sequence-against-review-claims
work-rs482-gpu-compute-substrate-atlas-md-original-line-445-b1e4555148b3	history-changed-since-review-documentation-symbol-and-link-check-4cb08ce34caf	docs/hardware/rs482-gpu-compute-substrate-atlas.md	original line 445	1	1	1	0	0	1	1	present	2	31650bf8e57d52a812104aeb6cc60449099a86d1;813f5899cd3d315aa4c84213e5be5101fc03f698		documentation-symbol-and-link-check	changed-since-review	inspect-path-change-sequence-against-review-claims
work-rs482-gpu-compute-substrate-atlas-md-original-line-496-e2251cc15561	history-changed-since-review-documentation-symbol-and-link-check-4cb08ce34caf	docs/hardware/rs482-gpu-compute-substrate-atlas.md	original line 496	1	1	1	0	0	1	1	present	2	31650bf8e57d52a812104aeb6cc60449099a86d1;813f5899cd3d315aa4c84213e5be5101fc03f698		documentation-symbol-and-link-check	changed-since-review	inspect-path-change-sequence-against-review-claims
work-rs482-gpu-compute-substrate-atlas-md-original-line-552-fcd27aa8590b	history-changed-since-review-documentation-symbol-and-link-check-4cb08ce34caf	docs/hardware/rs482-gpu-compute-substrate-atlas.md	original line 552	1	1	1	0	0	1	1	present	2	31650bf8e57d52a812104aeb6cc60449099a86d1;813f5899cd3d315aa4c84213e5be5101fc03f698		documentation-symbol-and-link-check	changed-since-review	inspect-path-change-sequence-against-review-claims
work-rs482-gpu-compute-substrate-atlas-md-original-line-618-7ec56d7c989e	history-changed-since-review-documentation-symbol-and-link-check-4cb08ce34caf	docs/hardware/rs482-gpu-compute-substrate-atlas.md	original line 618	1	1	1	0	0	1	1	present	2	31650bf8e57d52a812104aeb6cc60449099a86d1;813f5899cd3d315aa4c84213e5be5101fc03f698		documentation-symbol-and-link-check	changed-since-review	inspect-path-change-sequence-against-review-claims
work-rs482-gpu-compute-substrate-atlas-md-original-line-627-75d1854ef9fc	history-changed-since-review-documentation-symbol-and-link-check-4cb08ce34caf	docs/hardware/rs482-gpu-compute-substrate-atlas.md	original line 627	1	1	1	0	0	1	1	present	2	31650bf8e57d52a812104aeb6cc60449099a86d1;813f5899cd3d315aa4c84213e5be5101fc03f698		documentation-symbol-and-link-check	changed-since-review	inspect-path-change-sequence-against-review-claims
work-rs482-gpu-compute-substrate-atlas-md-original-line-818-4272033268ec	history-changed-since-review-documentation-symbol-and-link-check-4cb08ce34caf	docs/hardware/rs482-gpu-compute-substrate-atlas.md	original line 818	1	1	1	0	0	1	1	present	2	31650bf8e57d52a812104aeb6cc60449099a86d1;813f5899cd3d315aa4c84213e5be5101fc03f698		documentation-symbol-and-link-check	changed-since-review	inspect-path-change-sequence-against-review-claims
work-rs482-gpu-compute-substrate-atlas-md-original-line-92-14f428ed3e5a	history-changed-since-review-documentation-symbol-and-link-check-4cb08ce34caf	docs/hardware/rs482-gpu-compute-substrate-atlas.md	original line 92	1	1	1	0	0	1	1	present	2	31650bf8e57d52a812104aeb6cc60449099a86d1;813f5899cd3d315aa4c84213e5be5101fc03f698		documentation-symbol-and-link-check	changed-since-review	inspect-path-change-sequence-against-review-claims
work-r3v-native-plan-compose-shard-py-original-line-66-37f563bfa65c	history-changed-since-review-python-test-black-and-ruff-db1e9284a1cf	src/amd/r300/vulkan/tests/r3v_native_plan_compose_shard.py	original line 66	1	1	1	0	0	1	1	present	2	00e3c5dd25deb8545a531a6725b0d76c50156e1c;59b77649a80ee880f84ba6a5301467c8cc2c0438		python-test-black-and-ruff	changed-since-review	inspect-path-change-sequence-against-review-claims
work-r3v-native-plan-compose-shard-py-original-line-160-77fe4067abcc	history-changed-since-review-python-test-black-and-ruff-6bccd9aa9973	src/amd/r300/vulkan/tests/r3v_native_plan_compose_shard.py	original line 160	1	1	1	0	0	1	1	present	1	59b77649a80ee880f84ba6a5301467c8cc2c0438	59b77649a80ee880f84ba6a5301467c8cc2c0438	python-test-black-and-ruff	changed-since-review	verify-single-path-change-against-review-claims
work-r3v-native-plan-capture-c-r3v-native-plan-capture-init-846f23753340	history-changed-since-review-warning-clean-driver-build-and-focused-test-e83656fd9568	src/amd/r300/vulkan/r3v_native_plan_capture.c	r3v native plan capture init struct r3v native plan capture capture	1	1	1	0	0	1	1	present	3	fb709b391ec528b8f9c767dab90eb785d8093594;300a75557165c988818944e1fef1157d847406bc;bd7fcf75397e409a3d1e15e595e940d6411dffc3		warning-clean-driver-build-and-focused-test	changed-since-review	inspect-path-change-sequence-against-review-claims
work-r3v-native-plan-capture-harness-c-main-int-argc-char-48d17a9f3e1f	history-changed-since-review-warning-clean-driver-build-and-focused-test-2b4c4cf88fac	src/amd/r300/vulkan/tests/r3v_native_plan_capture_harness.c	main int argc char argv	1	1	1	0	0	1	1	present	3	0f807535cfda5bf35b33bd8869a80d5480b566e4;7dd3f6fbb379de20d3c2c7d983d24523acfdbd84;af766adab77452239b29918eb26f033c0f00b313		warning-clean-driver-build-and-focused-test	changed-since-review	inspect-path-change-sequence-against-review-claims
work-r3v-native-plan-compose-shard-py-def-entry-count-tool-c557cafbe139	history-unchanged-since-review-python-test-black-and-ruff-43c6875221d9	src/amd/r300/vulkan/tests/r3v_native_plan_compose_shard.py	def entry count tool path	1	1	1	0	1	0	1	present	0			python-test-black-and-ruff	unchanged-since-review	compare-current-code-with-review-claim
work-r3v-native-plan-compose-shard-py-def-sha256-file-path-9331d57f9284	history-unchanged-since-review-python-test-black-and-ruff-43c6875221d9	src/amd/r300/vulkan/tests/r3v_native_plan_compose_shard.py	def sha256 file path	2	1	1	0	1	0	1	present	0			python-test-black-and-ruff	unchanged-since-review	compare-current-code-with-review-claim
work-r3v-current-program-status-md-original-line-108-a474b61b681a	history-changed-since-review-documentation-symbol-and-link-check-771fe528f83e	docs/hardware/r3v-current-program-status.md	original line 108	1	1	1	0	0	1	1	present	63	81526f6ae547d3c0d6e7cb30aa26c2215af42e19;e16bfb045fd1ae8096ede8e4af76356ac7f3157e;ecac30ba2d8ef9f21742c472cc0e90e93411a56f;1b92a7a7e33cab6dd55d7a45c92a53784575b9cd;9f65f5f61e53a9ca26b082e1b27222c374cd28da;ebdf4b8f0ada6f3f4e125f072e2178483716321c;159c69e21c09afc5d412ed245d1dc68a70f0a87b;627920b789eca908f936d6e75a67df4a5e36b8ce;300a75557165c988818944e1fef1157d847406bc;e2c722972f6aa4651620a4fc2173f02aea2159cc;d7349e2105ceb3080c483f667f470f682750be9e;dc60471e58b6198ffe3b065d3164d08a4afa0664;dced3e68e922a69e6eaefced4cebab206b1d7af2;133f7703713910fed6b3f3c545dd1bf08a60395c;1bd3f836472244ece6509cc9c50067aa82cfd57d;aa2455435d5c288ddafd8c51917d595be6ed3b3b;e8445512d3a15311e53b3539068a736e04c79ee1;c190b5f0ae39405f75c224cf08f22cbb8c9106dc;7ae57798ec2661ff7e9eb245e174fcbdee1baef0;de712cd4c674f476c5c2d9b6371da8907b8eebe8;ca787c39527acca3c6c95ae113b2481ce02f0b2f;3169b47744128b6f750ee24c701b48bacc15064a;a5a1e8a9c2e7c9c99630af724f463944431bed87;3bfafd1e35a20b7024389b1ae47af94d979e27fd;bf7c7c46f14ffcdcea315d7cdf4868bb8e607d10;1af752fec672081beff3725e8e5eaaa3cbc8346e;51067474432140265790a356046467d9e6d9ec00;1ba459eaedf1122217cf8764cfadd140d3f66184;f34c5c5ebbea17e56dd5fd49a9122d175544ac5c;3a32ad98562dd20c4860014c53ef5e95e7c0680b;347c582d656a298f85a2cfa69521bd9a1aec34e3;1b0a2e11dfb54b35af550012234ff5648ebf0111;84f548cde308c6708710d87e4dd673a8542b597d;7ac62205eb882df42462d849cc549086b59227ea;0048e3149db17dda5f178f0fb438a81895cc1804;8da115a5d85884895fbed176db45633a50711fc9;ddd2b086c9ab06cf4ed45561ef1fb57eae7d4e0e;9fbf23d207e49def0c922f51f8119b2e04d28bf4;0b086f4ecb52eed82b68f9e71da8cd598c0d0f21;26d7eaf6275d0547b2779e5248b09a08ca5da043;d135cb362f775a861a1a431db8c0d108996747c8;b0f1175ae1e51ea50c11e028ceb0a0a7c466eea9;682648a30f9fe5db7f18772bd953af2e44099437;393cb870255352a00fc9859f2d6624e3f10b2b87;1c1915023627f46ab328671c0a27cbd4f000ebb8;0253e6fab27aff948c1c7a8ed06ad12e20d8a7fd;73b4fc07196b5bc9e5505406dfc34f4269407165;c7dae69423791abaefee49603b2d45e62086ac19;b492c4be6895ab8330fdb60c11a4a49fc98b4873;14743cd7bf00ceb7a3773486f40993925d2354d2;4420389af742cd6354dceac2584fd4fd8ad74ec8;292c0318de096554d204725077710d177a3196f2;f743d0f9bec6e673cdd09dfd4554172aaa9b01c7;e3ecdd2e3624bcea972a77edd30b1818b99b66f8;ae08c612abdc47bea1af5ec485a27e91cc31c1f9;a628623143f80181b4a864337e2afdecf89fb1d1;41ed3670d8f5557938e79d43a08dd9cd15768dbf;c5cc11945f60ddc34a1011b1bde47762a33887ab;64fa102e611a869ea31d47a31fdf72ad84f28711;3a01be0e1c23f17c70228b5f303fb2e0498d784c;9e7339cbd3e966ceaf2075f1894010b5897f5fc8;1b2edb72b0a864d17c232aeb845cd4a32d6e9790;1cf2ae9c66feb5ac5e616810b17a7b541905e377		documentation-symbol-and-link-check	changed-since-review	inspect-path-change-sequence-against-review-claims
work-r3v-current-program-status-md-original-line-16-84f2eee6f540	history-changed-since-review-documentation-symbol-and-link-check-771fe528f83e	docs/hardware/r3v-current-program-status.md	original line 16	1	1	1	0	0	1	1	present	63	81526f6ae547d3c0d6e7cb30aa26c2215af42e19;e16bfb045fd1ae8096ede8e4af76356ac7f3157e;ecac30ba2d8ef9f21742c472cc0e90e93411a56f;1b92a7a7e33cab6dd55d7a45c92a53784575b9cd;9f65f5f61e53a9ca26b082e1b27222c374cd28da;ebdf4b8f0ada6f3f4e125f072e2178483716321c;159c69e21c09afc5d412ed245d1dc68a70f0a87b;627920b789eca908f936d6e75a67df4a5e36b8ce;300a75557165c988818944e1fef1157d847406bc;e2c722972f6aa4651620a4fc2173f02aea2159cc;d7349e2105ceb3080c483f667f470f682750be9e;dc60471e58b6198ffe3b065d3164d08a4afa0664;dced3e68e922a69e6eaefced4cebab206b1d7af2;133f7703713910fed6b3f3c545dd1bf08a60395c;1bd3f836472244ece6509cc9c50067aa82cfd57d;aa2455435d5c288ddafd8c51917d595be6ed3b3b;e8445512d3a15311e53b3539068a736e04c79ee1;c190b5f0ae39405f75c224cf08f22cbb8c9106dc;7ae57798ec2661ff7e9eb245e174fcbdee1baef0;de712cd4c674f476c5c2d9b6371da8907b8eebe8;ca787c39527acca3c6c95ae113b2481ce02f0b2f;3169b47744128b6f750ee24c701b48bacc15064a;a5a1e8a9c2e7c9c99630af724f463944431bed87;3bfafd1e35a20b7024389b1ae47af94d979e27fd;bf7c7c46f14ffcdcea315d7cdf4868bb8e607d10;1af752fec672081beff3725e8e5eaaa3cbc8346e;51067474432140265790a356046467d9e6d9ec00;1ba459eaedf1122217cf8764cfadd140d3f66184;f34c5c5ebbea17e56dd5fd49a9122d175544ac5c;3a32ad98562dd20c4860014c53ef5e95e7c0680b;347c582d656a298f85a2cfa69521bd9a1aec34e3;1b0a2e11dfb54b35af550012234ff5648ebf0111;84f548cde308c6708710d87e4dd673a8542b597d;7ac62205eb882df42462d849cc549086b59227ea;0048e3149db17dda5f178f0fb438a81895cc1804;8da115a5d85884895fbed176db45633a50711fc9;ddd2b086c9ab06cf4ed45561ef1fb57eae7d4e0e;9fbf23d207e49def0c922f51f8119b2e04d28bf4;0b086f4ecb52eed82b68f9e71da8cd598c0d0f21;26d7eaf6275d0547b2779e5248b09a08ca5da043;d135cb362f775a861a1a431db8c0d108996747c8;b0f1175ae1e51ea50c11e028ceb0a0a7c466eea9;682648a30f9fe5db7f18772bd953af2e44099437;393cb870255352a00fc9859f2d6624e3f10b2b87;1c1915023627f46ab328671c0a27cbd4f000ebb8;0253e6fab27aff948c1c7a8ed06ad12e20d8a7fd;73b4fc07196b5bc9e5505406dfc34f4269407165;c7dae69423791abaefee49603b2d45e62086ac19;b492c4be6895ab8330fdb60c11a4a49fc98b4873;14743cd7bf00ceb7a3773486f40993925d2354d2;4420389af742cd6354dceac2584fd4fd8ad74ec8;292c0318de096554d204725077710d177a3196f2;f743d0f9bec6e673cdd09dfd4554172aaa9b01c7;e3ecdd2e3624bcea972a77edd30b1818b99b66f8;ae08c612abdc47bea1af5ec485a27e91cc31c1f9;a628623143f80181b4a864337e2afdecf89fb1d1;41ed3670d8f5557938e79d43a08dd9cd15768dbf;c5cc11945f60ddc34a1011b1bde47762a33887ab;64fa102e611a869ea31d47a31fdf72ad84f28711;3a01be0e1c23f17c70228b5f303fb2e0498d784c;9e7339cbd3e966ceaf2075f1894010b5897f5fc8;1b2edb72b0a864d17c232aeb845cd4a32d6e9790;1cf2ae9c66feb5ac5e616810b17a7b541905e377		documentation-symbol-and-link-check	changed-since-review	inspect-path-change-sequence-against-review-claims
work-readme-md-records-shader-admission-r300-command-stream-construction-drm-8227acc0ac61	history-changed-since-review-documentation-symbol-and-link-check-982bc62642f5	src/amd/r300/vulkan/README.md	records shader admission r300 command stream construction drm submission	2	1	1	0	0	1	1	present	10	c5861da177d780bb8cf254b0d2777771b1e9c73b;81526f6ae547d3c0d6e7cb30aa26c2215af42e19;e16bfb045fd1ae8096ede8e4af76356ac7f3157e;4420389af742cd6354dceac2584fd4fd8ad74ec8;292c0318de096554d204725077710d177a3196f2;f743d0f9bec6e673cdd09dfd4554172aaa9b01c7;31650bf8e57d52a812104aeb6cc60449099a86d1;813f5899cd3d315aa4c84213e5be5101fc03f698;4337fab9b7e51ae23d0c1db75c0c107ec1a20f29;c3f310b429a8061a7eda94441b306c7b999d5ebc		documentation-symbol-and-link-check	changed-since-review	inspect-path-change-sequence-against-review-claims
work-r3v-host-model-fail-decomposition-md-above-and-a-concurrent-5791d88e78d1	history-changed-since-review-documentation-symbol-and-link-check-159c6deb0b28	docs/hardware/r3v-host-model-fail-decomposition.md	above and a concurrent pr is landing opnot admission in	4	1	1	0	0	1	1	present	6	de712cd4c674f476c5c2d9b6371da8907b8eebe8;4420389af742cd6354dceac2584fd4fd8ad74ec8;292c0318de096554d204725077710d177a3196f2;f743d0f9bec6e673cdd09dfd4554172aaa9b01c7;31650bf8e57d52a812104aeb6cc60449099a86d1;813f5899cd3d315aa4c84213e5be5101fc03f698		documentation-symbol-and-link-check	changed-since-review	inspect-path-change-sequence-against-review-claims
work-readme-md-an-ib-and-r3v-native-plan-capture-record-ca987136b886	history-changed-since-review-documentation-symbol-and-link-check-e14abf6b16d7	src/amd/r300/vulkan/README.md	an ib and r3v native plan capture record sees only command buffers	1	1	1	0	0	1	1	present	9	81526f6ae547d3c0d6e7cb30aa26c2215af42e19;e16bfb045fd1ae8096ede8e4af76356ac7f3157e;4420389af742cd6354dceac2584fd4fd8ad74ec8;292c0318de096554d204725077710d177a3196f2;f743d0f9bec6e673cdd09dfd4554172aaa9b01c7;31650bf8e57d52a812104aeb6cc60449099a86d1;813f5899cd3d315aa4c84213e5be5101fc03f698;4337fab9b7e51ae23d0c1db75c0c107ec1a20f29;c3f310b429a8061a7eda94441b306c7b999d5ebc		documentation-symbol-and-link-check	changed-since-review	inspect-path-change-sequence-against-review-claims
work-r3v-conformance-runner-py-def-evidence-class-env-host-icd-80efb943b220	history-changed-since-review-python-test-black-and-ruff-32a47997de07	src/amd/r300/vulkan/tests/r3v_conformance_runner.py	def evidence class env host icd	2	1	1	0	0	1	1	present	5	fb709b391ec528b8f9c767dab90eb785d8093594;1f91536e6394b52f3969336a0b585106c3b6e5f9;4420389af742cd6354dceac2584fd4fd8ad74ec8;292c0318de096554d204725077710d177a3196f2;f743d0f9bec6e673cdd09dfd4554172aaa9b01c7		python-test-black-and-ruff	changed-since-review	inspect-path-change-sequence-against-review-claims
work-r3v-conformance-runner-py-def-hazard-probe-e018b4523c20	history-changed-since-review-python-test-black-and-ruff-32a47997de07	src/amd/r300/vulkan/tests/r3v_conformance_runner.py	def hazard probe	3	2	2	0	1	1	2	present	5	fb709b391ec528b8f9c767dab90eb785d8093594;1f91536e6394b52f3969336a0b585106c3b6e5f9;4420389af742cd6354dceac2584fd4fd8ad74ec8;292c0318de096554d204725077710d177a3196f2;f743d0f9bec6e673cdd09dfd4554172aaa9b01c7		python-test-black-and-ruff	changed-since-review	inspect-path-change-sequence-against-review-claims
work-r3v-conformance-runner-py-original-line-155-92c9b29cafd6	history-changed-since-review-python-test-black-and-ruff-32a47997de07	src/amd/r300/vulkan/tests/r3v_conformance_runner.py	original line 155	1	1	1	0	0	1	1	present	5	fb709b391ec528b8f9c767dab90eb785d8093594;1f91536e6394b52f3969336a0b585106c3b6e5f9;4420389af742cd6354dceac2584fd4fd8ad74ec8;292c0318de096554d204725077710d177a3196f2;f743d0f9bec6e673cdd09dfd4554172aaa9b01c7		python-test-black-and-ruff	changed-since-review	inspect-path-change-sequence-against-review-claims
work-r3v-current-program-status-md-the-first-eleven-by-hazard-d9273b4bf88d	history-changed-since-review-documentation-symbol-and-link-check-c31072bd9f28	docs/hardware/r3v-current-program-status.md	the first eleven by hazard	1	1	1	0	0	1	1	present	62	e16bfb045fd1ae8096ede8e4af76356ac7f3157e;ecac30ba2d8ef9f21742c472cc0e90e93411a56f;1b92a7a7e33cab6dd55d7a45c92a53784575b9cd;9f65f5f61e53a9ca26b082e1b27222c374cd28da;ebdf4b8f0ada6f3f4e125f072e2178483716321c;159c69e21c09afc5d412ed245d1dc68a70f0a87b;627920b789eca908f936d6e75a67df4a5e36b8ce;300a75557165c988818944e1fef1157d847406bc;e2c722972f6aa4651620a4fc2173f02aea2159cc;d7349e2105ceb3080c483f667f470f682750be9e;dc60471e58b6198ffe3b065d3164d08a4afa0664;dced3e68e922a69e6eaefced4cebab206b1d7af2;133f7703713910fed6b3f3c545dd1bf08a60395c;1bd3f836472244ece6509cc9c50067aa82cfd57d;aa2455435d5c288ddafd8c51917d595be6ed3b3b;e8445512d3a15311e53b3539068a736e04c79ee1;c190b5f0ae39405f75c224cf08f22cbb8c9106dc;7ae57798ec2661ff7e9eb245e174fcbdee1baef0;de712cd4c674f476c5c2d9b6371da8907b8eebe8;ca787c39527acca3c6c95ae113b2481ce02f0b2f;3169b47744128b6f750ee24c701b48bacc15064a;a5a1e8a9c2e7c9c99630af724f463944431bed87;3bfafd1e35a20b7024389b1ae47af94d979e27fd;bf7c7c46f14ffcdcea315d7cdf4868bb8e607d10;1af752fec672081beff3725e8e5eaaa3cbc8346e;51067474432140265790a356046467d9e6d9ec00;1ba459eaedf1122217cf8764cfadd140d3f66184;f34c5c5ebbea17e56dd5fd49a9122d175544ac5c;3a32ad98562dd20c4860014c53ef5e95e7c0680b;347c582d656a298f85a2cfa69521bd9a1aec34e3;1b0a2e11dfb54b35af550012234ff5648ebf0111;84f548cde308c6708710d87e4dd673a8542b597d;7ac62205eb882df42462d849cc549086b59227ea;0048e3149db17dda5f178f0fb438a81895cc1804;8da115a5d85884895fbed176db45633a50711fc9;ddd2b086c9ab06cf4ed45561ef1fb57eae7d4e0e;9fbf23d207e49def0c922f51f8119b2e04d28bf4;0b086f4ecb52eed82b68f9e71da8cd598c0d0f21;26d7eaf6275d0547b2779e5248b09a08ca5da043;d135cb362f775a861a1a431db8c0d108996747c8;b0f1175ae1e51ea50c11e028ceb0a0a7c466eea9;682648a30f9fe5db7f18772bd953af2e44099437;393cb870255352a00fc9859f2d6624e3f10b2b87;1c1915023627f46ab328671c0a27cbd4f000ebb8;0253e6fab27aff948c1c7a8ed06ad12e20d8a7fd;73b4fc07196b5bc9e5505406dfc34f4269407165;c7dae69423791abaefee49603b2d45e62086ac19;b492c4be6895ab8330fdb60c11a4a49fc98b4873;14743cd7bf00ceb7a3773486f40993925d2354d2;4420389af742cd6354dceac2584fd4fd8ad74ec8;292c0318de096554d204725077710d177a3196f2;f743d0f9bec6e673cdd09dfd4554172aaa9b01c7;e3ecdd2e3624bcea972a77edd30b1818b99b66f8;ae08c612abdc47bea1af5ec485a27e91cc31c1f9;a628623143f80181b4a864337e2afdecf89fb1d1;41ed3670d8f5557938e79d43a08dd9cd15768dbf;c5cc11945f60ddc34a1011b1bde47762a33887ab;64fa102e611a869ea31d47a31fdf72ad84f28711;3a01be0e1c23f17c70228b5f303fb2e0498d784c;9e7339cbd3e966ceaf2075f1894010b5897f5fc8;1b2edb72b0a864d17c232aeb845cd4a32d6e9790;1cf2ae9c66feb5ac5e616810b17a7b541905e377		documentation-symbol-and-link-check	changed-since-review	inspect-path-change-sequence-against-review-claims
work-r3v-conformance-partition-tsv-order-slice-groups-hazard-required-evidenc-c3ade32f15e8	history-unchanged-since-review-schema-generator-and-mutation-check-3537c9f4744f	src/amd/r300/vulkan/tests/r3v_conformance_partition.tsv	order slice groups hazard required evidence	2	1	1	0	1	0	1	present	0			schema-generator-and-mutation-check	unchanged-since-review	compare-current-code-with-review-claim
work-r3v-native-swapchain-absence-audit-py-original-line-32-300936af5b0e	history-unchanged-since-review-python-test-black-and-ruff-43c6875221d9	src/amd/r300/vulkan/tests/r3v_native_swapchain_absence_audit.py	original line 32	1	1	1	0	1	0	1	present	0			python-test-black-and-ruff	unchanged-since-review	compare-current-code-with-review-claim
work-r3v-native-transfer-ops-test-c-check-optimal-tiling-const-e6548268d754	history-changed-since-review-warning-clean-driver-build-and-focused-test-e31682982ca9	src/amd/r300/vulkan/tests/r3v_native_transfer_ops_test.c	check optimal tiling const struct fixture f	2	1	1	0	0	1	1	present	4	ebc8348c2ec8951c28056c17b036a365856cd12a;2cb307652cc8b14e61abd9fd3d71ff5e935c5eae;04d636a37d48da0593766c683cb26b9bbd1ba82b;813f5899cd3d315aa4c84213e5be5101fc03f698		warning-clean-driver-build-and-focused-test	changed-since-review	inspect-path-change-sequence-against-review-claims
work-r3v-wsi-init-comment-parity-audit-py-original-line-79-98b239906a2b	history-changed-since-review-python-test-black-and-ruff-90d2651dc89e	src/amd/r300/vulkan/tests/r3v_wsi_init_comment_parity_audit.py	original line 79	1	1	1	0	0	1	1	present	1	710d7e3c12b5e6eecd6a9356de5295618b201d1d	710d7e3c12b5e6eecd6a9356de5295618b201d1d	python-test-black-and-ruff	changed-since-review	verify-single-path-change-against-review-claims
work-r3v-wsi-registration-gate-audit-py-original-line-103-5149fc4d28ae	history-unchanged-since-review-python-test-black-and-ruff-43c6875221d9	src/amd/r300/vulkan/tests/r3v_wsi_registration_gate_audit.py	original line 103	1	1	1	0	1	0	1	present	0			python-test-black-and-ruff	unchanged-since-review	compare-current-code-with-review-claim
work-r3v-conformance-runner-py-def-planning-tracer-declared-3ff18605778c	history-changed-since-review-python-test-black-and-ruff-bf8453533f8b	src/amd/r300/vulkan/tests/r3v_conformance_runner.py	def planning tracer declared	2	1	1	0	0	1	1	present	4	1f91536e6394b52f3969336a0b585106c3b6e5f9;4420389af742cd6354dceac2584fd4fd8ad74ec8;292c0318de096554d204725077710d177a3196f2;f743d0f9bec6e673cdd09dfd4554172aaa9b01c7		python-test-black-and-ruff	changed-since-review	inspect-path-change-sequence-against-review-claims
work-r3v-wsi-init-comment-parity-audit-py-original-line-111-9993064f4b80	history-unchanged-since-review-python-test-black-and-ruff-43c6875221d9	src/amd/r300/vulkan/tests/r3v_wsi_init_comment_parity_audit.py	original line 111	1	1	1	0	1	0	1	present	0			python-test-black-and-ruff	unchanged-since-review	compare-current-code-with-review-claim
work-r3v-wsi-init-comment-parity-audit-py-original-line-117-4f503f728f3a	history-unchanged-since-review-python-test-black-and-ruff-43c6875221d9	src/amd/r300/vulkan/tests/r3v_wsi_init_comment_parity_audit.py	original line 117	1	1	1	0	1	0	1	present	0			python-test-black-and-ruff	unchanged-since-review	compare-current-code-with-review-claim
work-r3v-wsi-registration-gate-audit-py-original-line-110-7b5384ca653d	history-unchanged-since-review-python-test-black-and-ruff-43c6875221d9	src/amd/r300/vulkan/tests/r3v_wsi_registration_gate_audit.py	original line 110	1	1	1	0	1	0	1	present	0			python-test-black-and-ruff	unchanged-since-review	compare-current-code-with-review-claim
work-r3v-wsi-registration-gate-audit-py-original-line-149-b786dd04e2af	history-unchanged-since-review-python-test-black-and-ruff-43c6875221d9	src/amd/r300/vulkan/tests/r3v_wsi_registration_gate_audit.py	original line 149	1	1	1	0	1	0	1	present	0			python-test-black-and-ruff	unchanged-since-review	compare-current-code-with-review-claim
work-r3v-wsi-registration-gate-audit-py-original-line-91-25a86dd0e819	history-unchanged-since-review-python-test-black-and-ruff-43c6875221d9	src/amd/r300/vulkan/tests/r3v_wsi_registration_gate_audit.py	original line 91	1	1	1	0	1	0	1	present	0			python-test-black-and-ruff	unchanged-since-review	compare-current-code-with-review-claim
work-r3v-wsi-denominator-md-alone-would-not-open-slice-18-37139362050a	history-changed-since-review-documentation-symbol-and-link-check-c3d77a30b5b5	docs/hardware/r3v-wsi-denominator.md	alone would not open slice 18 because the group s non headless cases still	1	1	1	0	0	1	1	present	1	cebc5f008a2b1f33922597891892bb48205e557f	cebc5f008a2b1f33922597891892bb48205e557f	documentation-symbol-and-link-check	changed-since-review	verify-single-path-change-against-review-claims
work-r3v-current-program-status-md-the-preceding-receipts-are-r3v-68f2e1c7131b	history-changed-since-review-documentation-symbol-and-link-check-dcc873c0905c	docs/hardware/r3v-current-program-status.md	the preceding receipts are r3v command slice first target run rs482	3	1	1	0	0	1	1	present	59	9f65f5f61e53a9ca26b082e1b27222c374cd28da;ebdf4b8f0ada6f3f4e125f072e2178483716321c;159c69e21c09afc5d412ed245d1dc68a70f0a87b;627920b789eca908f936d6e75a67df4a5e36b8ce;300a75557165c988818944e1fef1157d847406bc;e2c722972f6aa4651620a4fc2173f02aea2159cc;d7349e2105ceb3080c483f667f470f682750be9e;dc60471e58b6198ffe3b065d3164d08a4afa0664;dced3e68e922a69e6eaefced4cebab206b1d7af2;133f7703713910fed6b3f3c545dd1bf08a60395c;1bd3f836472244ece6509cc9c50067aa82cfd57d;aa2455435d5c288ddafd8c51917d595be6ed3b3b;e8445512d3a15311e53b3539068a736e04c79ee1;c190b5f0ae39405f75c224cf08f22cbb8c9106dc;7ae57798ec2661ff7e9eb245e174fcbdee1baef0;de712cd4c674f476c5c2d9b6371da8907b8eebe8;ca787c39527acca3c6c95ae113b2481ce02f0b2f;3169b47744128b6f750ee24c701b48bacc15064a;a5a1e8a9c2e7c9c99630af724f463944431bed87;3bfafd1e35a20b7024389b1ae47af94d979e27fd;bf7c7c46f14ffcdcea315d7cdf4868bb8e607d10;1af752fec672081beff3725e8e5eaaa3cbc8346e;51067474432140265790a356046467d9e6d9ec00;1ba459eaedf1122217cf8764cfadd140d3f66184;f34c5c5ebbea17e56dd5fd49a9122d175544ac5c;3a32ad98562dd20c4860014c53ef5e95e7c0680b;347c582d656a298f85a2cfa69521bd9a1aec34e3;1b0a2e11dfb54b35af550012234ff5648ebf0111;84f548cde308c6708710d87e4dd673a8542b597d;7ac62205eb882df42462d849cc549086b59227ea;0048e3149db17dda5f178f0fb438a81895cc1804;8da115a5d85884895fbed176db45633a50711fc9;ddd2b086c9ab06cf4ed45561ef1fb57eae7d4e0e;9fbf23d207e49def0c922f51f8119b2e04d28bf4;0b086f4ecb52eed82b68f9e71da8cd598c0d0f21;26d7eaf6275d0547b2779e5248b09a08ca5da043;d135cb362f775a861a1a431db8c0d108996747c8;b0f1175ae1e51ea50c11e028ceb0a0a7c466eea9;682648a30f9fe5db7f18772bd953af2e44099437;393cb870255352a00fc9859f2d6624e3f10b2b87;1c1915023627f46ab328671c0a27cbd4f000ebb8;0253e6fab27aff948c1c7a8ed06ad12e20d8a7fd;73b4fc07196b5bc9e5505406dfc34f4269407165;c7dae69423791abaefee49603b2d45e62086ac19;b492c4be6895ab8330fdb60c11a4a49fc98b4873;14743cd7bf00ceb7a3773486f40993925d2354d2;4420389af742cd6354dceac2584fd4fd8ad74ec8;292c0318de096554d204725077710d177a3196f2;f743d0f9bec6e673cdd09dfd4554172aaa9b01c7;e3ecdd2e3624bcea972a77edd30b1818b99b66f8;ae08c612abdc47bea1af5ec485a27e91cc31c1f9;a628623143f80181b4a864337e2afdecf89fb1d1;41ed3670d8f5557938e79d43a08dd9cd15768dbf;c5cc11945f60ddc34a1011b1bde47762a33887ab;64fa102e611a869ea31d47a31fdf72ad84f28711;3a01be0e1c23f17c70228b5f303fb2e0498d784c;9e7339cbd3e966ceaf2075f1894010b5897f5fc8;1b2edb72b0a864d17c232aeb845cd4a32d6e9790;1cf2ae9c66feb5ac5e616810b17a7b541905e377		documentation-symbol-and-link-check	changed-since-review	inspect-path-change-sequence-against-review-claims
work-r3v-conformance-partition-py-def-slice-for-caselist-manifest-caselist-fe13771f9f25	history-unchanged-since-review-python-test-black-and-ruff-43c6875221d9	src/amd/r300/vulkan/tests/r3v_conformance_partition.py	def slice for caselist manifest caselist path	1	1	1	0	1	0	1	present	0			python-test-black-and-ruff	unchanged-since-review	compare-current-code-with-review-claim
work-r3v-current-program-status-md-commit-whose-state-a-revision-44bc7b5223a5	history-changed-since-review-documentation-symbol-and-link-check-a9ee91c98104	docs/hardware/r3v-current-program-status.md	commit whose state a revision of this table describes	1	1	1	0	0	1	1	present	58	ebdf4b8f0ada6f3f4e125f072e2178483716321c;159c69e21c09afc5d412ed245d1dc68a70f0a87b;627920b789eca908f936d6e75a67df4a5e36b8ce;300a75557165c988818944e1fef1157d847406bc;e2c722972f6aa4651620a4fc2173f02aea2159cc;d7349e2105ceb3080c483f667f470f682750be9e;dc60471e58b6198ffe3b065d3164d08a4afa0664;dced3e68e922a69e6eaefced4cebab206b1d7af2;133f7703713910fed6b3f3c545dd1bf08a60395c;1bd3f836472244ece6509cc9c50067aa82cfd57d;aa2455435d5c288ddafd8c51917d595be6ed3b3b;e8445512d3a15311e53b3539068a736e04c79ee1;c190b5f0ae39405f75c224cf08f22cbb8c9106dc;7ae57798ec2661ff7e9eb245e174fcbdee1baef0;de712cd4c674f476c5c2d9b6371da8907b8eebe8;ca787c39527acca3c6c95ae113b2481ce02f0b2f;3169b47744128b6f750ee24c701b48bacc15064a;a5a1e8a9c2e7c9c99630af724f463944431bed87;3bfafd1e35a20b7024389b1ae47af94d979e27fd;bf7c7c46f14ffcdcea315d7cdf4868bb8e607d10;1af752fec672081beff3725e8e5eaaa3cbc8346e;51067474432140265790a356046467d9e6d9ec00;1ba459eaedf1122217cf8764cfadd140d3f66184;f34c5c5ebbea17e56dd5fd49a9122d175544ac5c;3a32ad98562dd20c4860014c53ef5e95e7c0680b;347c582d656a298f85a2cfa69521bd9a1aec34e3;1b0a2e11dfb54b35af550012234ff5648ebf0111;84f548cde308c6708710d87e4dd673a8542b597d;7ac62205eb882df42462d849cc549086b59227ea;0048e3149db17dda5f178f0fb438a81895cc1804;8da115a5d85884895fbed176db45633a50711fc9;ddd2b086c9ab06cf4ed45561ef1fb57eae7d4e0e;9fbf23d207e49def0c922f51f8119b2e04d28bf4;0b086f4ecb52eed82b68f9e71da8cd598c0d0f21;26d7eaf6275d0547b2779e5248b09a08ca5da043;d135cb362f775a861a1a431db8c0d108996747c8;b0f1175ae1e51ea50c11e028ceb0a0a7c466eea9;682648a30f9fe5db7f18772bd953af2e44099437;393cb870255352a00fc9859f2d6624e3f10b2b87;1c1915023627f46ab328671c0a27cbd4f000ebb8;0253e6fab27aff948c1c7a8ed06ad12e20d8a7fd;73b4fc07196b5bc9e5505406dfc34f4269407165;c7dae69423791abaefee49603b2d45e62086ac19;b492c4be6895ab8330fdb60c11a4a49fc98b4873;14743cd7bf00ceb7a3773486f40993925d2354d2;4420389af742cd6354dceac2584fd4fd8ad74ec8;292c0318de096554d204725077710d177a3196f2;f743d0f9bec6e673cdd09dfd4554172aaa9b01c7;e3ecdd2e3624bcea972a77edd30b1818b99b66f8;ae08c612abdc47bea1af5ec485a27e91cc31c1f9;a628623143f80181b4a864337e2afdecf89fb1d1;41ed3670d8f5557938e79d43a08dd9cd15768dbf;c5cc11945f60ddc34a1011b1bde47762a33887ab;64fa102e611a869ea31d47a31fdf72ad84f28711;3a01be0e1c23f17c70228b5f303fb2e0498d784c;9e7339cbd3e966ceaf2075f1894010b5897f5fc8;1b2edb72b0a864d17c232aeb845cd4a32d6e9790;1cf2ae9c66feb5ac5e616810b17a7b541905e377		documentation-symbol-and-link-check	changed-since-review	inspect-path-change-sequence-against-review-claims
work-r3v-kernel-deployment-reconcile-py-original-line-123-8bc5de8920b6	history-unchanged-since-review-python-test-black-and-ruff-43c6875221d9	src/amd/r300/vulkan/tests/r3v_kernel_deployment_reconcile.py	original line 123	1	1	1	0	1	0	1	present	0			python-test-black-and-ruff	unchanged-since-review	compare-current-code-with-review-claim
work-r3v-kernel-deployment-reconcile-py-original-line-144-1b74a1753ba8	history-unchanged-since-review-python-test-black-and-ruff-43c6875221d9	src/amd/r300/vulkan/tests/r3v_kernel_deployment_reconcile.py	original line 144	1	1	1	0	1	0	1	present	0			python-test-black-and-ruff	unchanged-since-review	compare-current-code-with-review-claim
work-r3v-kernel-deployment-reconcile-py-original-line-160-9313bacf33b1	history-unchanged-since-review-python-test-black-and-ruff-43c6875221d9	src/amd/r300/vulkan/tests/r3v_kernel_deployment_reconcile.py	original line 160	1	1	1	0	1	0	1	present	0			python-test-black-and-ruff	unchanged-since-review	compare-current-code-with-review-claim
work-r3v-kernel-deployment-reconcile-py-original-line-172-90a721b08006	history-unchanged-since-review-python-test-black-and-ruff-43c6875221d9	src/amd/r300/vulkan/tests/r3v_kernel_deployment_reconcile.py	original line 172	1	1	1	0	1	0	1	present	0			python-test-black-and-ruff	unchanged-since-review	compare-current-code-with-review-claim
work-r3v-current-program-status-md-p1-host-model-rungs-that-66618ed7e3a7	history-changed-since-review-documentation-symbol-and-link-check-ecc6fa6434cc	docs/hardware/r3v-current-program-status.md	p1 host model rungs that move classified rows without a new gate	7	1	1	0	0	1	1	present	56	627920b789eca908f936d6e75a67df4a5e36b8ce;300a75557165c988818944e1fef1157d847406bc;e2c722972f6aa4651620a4fc2173f02aea2159cc;d7349e2105ceb3080c483f667f470f682750be9e;dc60471e58b6198ffe3b065d3164d08a4afa0664;dced3e68e922a69e6eaefced4cebab206b1d7af2;133f7703713910fed6b3f3c545dd1bf08a60395c;1bd3f836472244ece6509cc9c50067aa82cfd57d;aa2455435d5c288ddafd8c51917d595be6ed3b3b;e8445512d3a15311e53b3539068a736e04c79ee1;c190b5f0ae39405f75c224cf08f22cbb8c9106dc;7ae57798ec2661ff7e9eb245e174fcbdee1baef0;de712cd4c674f476c5c2d9b6371da8907b8eebe8;ca787c39527acca3c6c95ae113b2481ce02f0b2f;3169b47744128b6f750ee24c701b48bacc15064a;a5a1e8a9c2e7c9c99630af724f463944431bed87;3bfafd1e35a20b7024389b1ae47af94d979e27fd;bf7c7c46f14ffcdcea315d7cdf4868bb8e607d10;1af752fec672081beff3725e8e5eaaa3cbc8346e;51067474432140265790a356046467d9e6d9ec00;1ba459eaedf1122217cf8764cfadd140d3f66184;f34c5c5ebbea17e56dd5fd49a9122d175544ac5c;3a32ad98562dd20c4860014c53ef5e95e7c0680b;347c582d656a298f85a2cfa69521bd9a1aec34e3;1b0a2e11dfb54b35af550012234ff5648ebf0111;84f548cde308c6708710d87e4dd673a8542b597d;7ac62205eb882df42462d849cc549086b59227ea;0048e3149db17dda5f178f0fb438a81895cc1804;8da115a5d85884895fbed176db45633a50711fc9;ddd2b086c9ab06cf4ed45561ef1fb57eae7d4e0e;9fbf23d207e49def0c922f51f8119b2e04d28bf4;0b086f4ecb52eed82b68f9e71da8cd598c0d0f21;26d7eaf6275d0547b2779e5248b09a08ca5da043;d135cb362f775a861a1a431db8c0d108996747c8;b0f1175ae1e51ea50c11e028ceb0a0a7c466eea9;682648a30f9fe5db7f18772bd953af2e44099437;393cb870255352a00fc9859f2d6624e3f10b2b87;1c1915023627f46ab328671c0a27cbd4f000ebb8;0253e6fab27aff948c1c7a8ed06ad12e20d8a7fd;73b4fc07196b5bc9e5505406dfc34f4269407165;c7dae69423791abaefee49603b2d45e62086ac19;b492c4be6895ab8330fdb60c11a4a49fc98b4873;14743cd7bf00ceb7a3773486f40993925d2354d2;4420389af742cd6354dceac2584fd4fd8ad74ec8;292c0318de096554d204725077710d177a3196f2;f743d0f9bec6e673cdd09dfd4554172aaa9b01c7;e3ecdd2e3624bcea972a77edd30b1818b99b66f8;ae08c612abdc47bea1af5ec485a27e91cc31c1f9;a628623143f80181b4a864337e2afdecf89fb1d1;41ed3670d8f5557938e79d43a08dd9cd15768dbf;c5cc11945f60ddc34a1011b1bde47762a33887ab;64fa102e611a869ea31d47a31fdf72ad84f28711;3a01be0e1c23f17c70228b5f303fb2e0498d784c;9e7339cbd3e966ceaf2075f1894010b5897f5fc8;1b2edb72b0a864d17c232aeb845cd4a32d6e9790;1cf2ae9c66feb5ac5e616810b17a7b541905e377		documentation-symbol-and-link-check	changed-since-review	inspect-path-change-sequence-against-review-claims
work-r300-tcl-bypass-triangle-c-const-float-r300-tcl-bypass-2e978e9a8673	history-changed-since-review-warning-clean-driver-build-and-focused-test-7873a4cbf075	src/amd/r300/common/r300_tcl_bypass_triangle.c	const float r300 tcl bypass triangle varying vertices	2	2	2	0	0	2	2	present	30	92a1e7e25e0001dd6fee922eb0e74dbb75ca6996;7d380acb9b92d0de445217a4c35eb53cccc03901;dc60471e58b6198ffe3b065d3164d08a4afa0664;275a5279249d527c349f4dfdd4f93cf66e6123eb;bd7fcf75397e409a3d1e15e595e940d6411dffc3;d81fbed896c223ef4073f8c95c2a51801b178252;93ff2e17aeca881926adb92dc6493bb34018be2a;dd37f92a3695930472990d530e70d88add9ec48d;511ef9d736cf3e3800c25b31dd5abe0e0540a6a3;a0b08e61fb38f57fe17f038bfaddd9f5dd47ef34;f6a34ad39990d74a4752ccfdf0d67c55b398fef5;84cf229c0d6e290d4a5694efa957454bc04b22c9;4fafa6b132c1c458d76646f2f6b10e603f5d663f;3a32ad98562dd20c4860014c53ef5e95e7c0680b;1b0a2e11dfb54b35af550012234ff5648ebf0111;7ac62205eb882df42462d849cc549086b59227ea;92fc8a2c371472b667a10471e6f8a18de66fd847;dede1a1b318fb4cbc3b4314f1354cd20ee2e6ecd;5a113dd59561dce74f0d5a85883e99ffe6fd097c;5f2615641abebc5f1631fb02285d20a93808cbfb;02e7f3afc1737a1a04a35d22ed9ca7c40570b75c;2e670ab6365099e3d31a1a6fd8ff9aaaa74d98fc;0aceb8aa9606b0e4381e1ce5afc099c8914a3ef1;f743d0f9bec6e673cdd09dfd4554172aaa9b01c7;c5cc11945f60ddc34a1011b1bde47762a33887ab;64fa102e611a869ea31d47a31fdf72ad84f28711;7dd3f6fbb379de20d3c2c7d983d24523acfdbd84;af766adab77452239b29918eb26f033c0f00b313;2232b3ab7b2baef2666bd3f5bf23193e0af2f86e;ae2e0183f6953f872bb04b6b929b374b6f8ac1ae		warning-clean-driver-build-and-focused-test	changed-since-review	inspect-path-change-sequence-against-review-claims
work-r300-tcl-bypass-triangle-test-c-test-family-emit-deviates-329e7c6d469b	history-changed-since-review-warning-clean-driver-build-and-focused-test-0c20f8929f8a	src/amd/r300/common/tests/r300_tcl_bypass_triangle_test.c	test family emit deviates in count words alone void	1	1	1	0	0	1	1	present	30	92a1e7e25e0001dd6fee922eb0e74dbb75ca6996;7d380acb9b92d0de445217a4c35eb53cccc03901;dc60471e58b6198ffe3b065d3164d08a4afa0664;275a5279249d527c349f4dfdd4f93cf66e6123eb;d81fbed896c223ef4073f8c95c2a51801b178252;93ff2e17aeca881926adb92dc6493bb34018be2a;5453c84376b798dd7cc68a5f65defc68037c4b15;dd37f92a3695930472990d530e70d88add9ec48d;511ef9d736cf3e3800c25b31dd5abe0e0540a6a3;a0b08e61fb38f57fe17f038bfaddd9f5dd47ef34;f6a34ad39990d74a4752ccfdf0d67c55b398fef5;4fafa6b132c1c458d76646f2f6b10e603f5d663f;c6f998b2c5c8a4e04c6bfd515c88cc88b42a4ffd;3a32ad98562dd20c4860014c53ef5e95e7c0680b;1b0a2e11dfb54b35af550012234ff5648ebf0111;7ac62205eb882df42462d849cc549086b59227ea;92fc8a2c371472b667a10471e6f8a18de66fd847;dede1a1b318fb4cbc3b4314f1354cd20ee2e6ecd;5a113dd59561dce74f0d5a85883e99ffe6fd097c;5f2615641abebc5f1631fb02285d20a93808cbfb;02e7f3afc1737a1a04a35d22ed9ca7c40570b75c;2e670ab6365099e3d31a1a6fd8ff9aaaa74d98fc;0aceb8aa9606b0e4381e1ce5afc099c8914a3ef1;f743d0f9bec6e673cdd09dfd4554172aaa9b01c7;c5cc11945f60ddc34a1011b1bde47762a33887ab;64fa102e611a869ea31d47a31fdf72ad84f28711;7dd3f6fbb379de20d3c2c7d983d24523acfdbd84;af766adab77452239b29918eb26f033c0f00b313;2232b3ab7b2baef2666bd3f5bf23193e0af2f86e;ae2e0183f6953f872bb04b6b929b374b6f8ac1ae		warning-clean-driver-build-and-focused-test	changed-since-review	inspect-path-change-sequence-against-review-claims
work-r3v-current-program-status-md-p0-blocks-the-next-target-4f7f3b702150	history-changed-since-review-documentation-symbol-and-link-check-55e66e1531a3	docs/hardware/r3v-current-program-status.md	p0 blocks the next target run	13	5	5	0	0	5	5	present	55	300a75557165c988818944e1fef1157d847406bc;e2c722972f6aa4651620a4fc2173f02aea2159cc;d7349e2105ceb3080c483f667f470f682750be9e;dc60471e58b6198ffe3b065d3164d08a4afa0664;dced3e68e922a69e6eaefced4cebab206b1d7af2;133f7703713910fed6b3f3c545dd1bf08a60395c;1bd3f836472244ece6509cc9c50067aa82cfd57d;aa2455435d5c288ddafd8c51917d595be6ed3b3b;e8445512d3a15311e53b3539068a736e04c79ee1;c190b5f0ae39405f75c224cf08f22cbb8c9106dc;7ae57798ec2661ff7e9eb245e174fcbdee1baef0;de712cd4c674f476c5c2d9b6371da8907b8eebe8;ca787c39527acca3c6c95ae113b2481ce02f0b2f;3169b47744128b6f750ee24c701b48bacc15064a;a5a1e8a9c2e7c9c99630af724f463944431bed87;3bfafd1e35a20b7024389b1ae47af94d979e27fd;bf7c7c46f14ffcdcea315d7cdf4868bb8e607d10;1af752fec672081beff3725e8e5eaaa3cbc8346e;51067474432140265790a356046467d9e6d9ec00;1ba459eaedf1122217cf8764cfadd140d3f66184;f34c5c5ebbea17e56dd5fd49a9122d175544ac5c;3a32ad98562dd20c4860014c53ef5e95e7c0680b;347c582d656a298f85a2cfa69521bd9a1aec34e3;1b0a2e11dfb54b35af550012234ff5648ebf0111;84f548cde308c6708710d87e4dd673a8542b597d;7ac62205eb882df42462d849cc549086b59227ea;0048e3149db17dda5f178f0fb438a81895cc1804;8da115a5d85884895fbed176db45633a50711fc9;ddd2b086c9ab06cf4ed45561ef1fb57eae7d4e0e;9fbf23d207e49def0c922f51f8119b2e04d28bf4;0b086f4ecb52eed82b68f9e71da8cd598c0d0f21;26d7eaf6275d0547b2779e5248b09a08ca5da043;d135cb362f775a861a1a431db8c0d108996747c8;b0f1175ae1e51ea50c11e028ceb0a0a7c466eea9;682648a30f9fe5db7f18772bd953af2e44099437;393cb870255352a00fc9859f2d6624e3f10b2b87;1c1915023627f46ab328671c0a27cbd4f000ebb8;0253e6fab27aff948c1c7a8ed06ad12e20d8a7fd;73b4fc07196b5bc9e5505406dfc34f4269407165;c7dae69423791abaefee49603b2d45e62086ac19;b492c4be6895ab8330fdb60c11a4a49fc98b4873;14743cd7bf00ceb7a3773486f40993925d2354d2;4420389af742cd6354dceac2584fd4fd8ad74ec8;292c0318de096554d204725077710d177a3196f2;f743d0f9bec6e673cdd09dfd4554172aaa9b01c7;e3ecdd2e3624bcea972a77edd30b1818b99b66f8;ae08c612abdc47bea1af5ec485a27e91cc31c1f9;a628623143f80181b4a864337e2afdecf89fb1d1;41ed3670d8f5557938e79d43a08dd9cd15768dbf;c5cc11945f60ddc34a1011b1bde47762a33887ab;64fa102e611a869ea31d47a31fdf72ad84f28711;3a01be0e1c23f17c70228b5f303fb2e0498d784c;9e7339cbd3e966ceaf2075f1894010b5897f5fc8;1b2edb72b0a864d17c232aeb845cd4a32d6e9790;1cf2ae9c66feb5ac5e616810b17a7b541905e377		documentation-symbol-and-link-check	changed-since-review	inspect-path-change-sequence-against-review-claims
work-r3v-native-attended-render-shape-c-original-line-70-84c21d05d93e	history-changed-since-review-warning-clean-driver-build-and-focused-test-1f7ce40036b6	src/amd/r300/vulkan/tests/r3v_native_attended_render_shape.c	original line 70	1	1	1	0	0	1	1	present	2	92a1e7e25e0001dd6fee922eb0e74dbb75ca6996;7d380acb9b92d0de445217a4c35eb53cccc03901		warning-clean-driver-build-and-focused-test	changed-since-review	inspect-path-change-sequence-against-review-claims
work-r3v-native-attended-render-shape-procedure-md-original-line-99-8d494363904b	history-changed-since-review-documentation-symbol-and-link-check-ae255f91dc49	docs/hardware/r3v-native-attended-render-shape-procedure.md	original line 99	1	1	1	0	0	1	1	present	3	4c94a065befc8de7c101141237e53fe58982cb4e;92a1e7e25e0001dd6fee922eb0e74dbb75ca6996;7d380acb9b92d0de445217a4c35eb53cccc03901		documentation-symbol-and-link-check	changed-since-review	inspect-path-change-sequence-against-review-claims
work-r3v-native-cell-c-r3v-native-record-tcl-bypass-triangle-c4d5801dfde2	history-changed-since-review-warning-clean-driver-build-and-focused-test-8aeb96ee9831	src/amd/r300/vulkan/r3v_native_cell.c	r3v native record tcl bypass triangle vkcommandbuffer commandbuffer	2	1	1	0	0	1	1	present	22	ebc8348c2ec8951c28056c17b036a365856cd12a;0f807535cfda5bf35b33bd8869a80d5480b566e4;7d380acb9b92d0de445217a4c35eb53cccc03901;dc60471e58b6198ffe3b065d3164d08a4afa0664;275a5279249d527c349f4dfdd4f93cf66e6123eb;bd7fcf75397e409a3d1e15e595e940d6411dffc3;93ff2e17aeca881926adb92dc6493bb34018be2a;5453c84376b798dd7cc68a5f65defc68037c4b15;13701e615400edf1e437c61df559419793a3088f;84cf229c0d6e290d4a5694efa957454bc04b22c9;eae1df80d9c7db3162ed27614fc74de2325ad665;5f2615641abebc5f1631fb02285d20a93808cbfb;73b4fc07196b5bc9e5505406dfc34f4269407165;c7dae69423791abaefee49603b2d45e62086ac19;c5cc11945f60ddc34a1011b1bde47762a33887ab;64fa102e611a869ea31d47a31fdf72ad84f28711;7dd3f6fbb379de20d3c2c7d983d24523acfdbd84;af766adab77452239b29918eb26f033c0f00b313;31650bf8e57d52a812104aeb6cc60449099a86d1;813f5899cd3d315aa4c84213e5be5101fc03f698;10f9e2fa66fd28b97638124d55113218da2a57d5;51e2926b7cd2deabb3dfc6c09e9e3310abca4159		warning-clean-driver-build-and-focused-test	changed-since-review	inspect-path-change-sequence-against-review-claims
work-r3v-native-render-shape-args-h-original-line-72-de3bcb6b478a	history-changed-since-review-warning-clean-driver-build-and-focused-test-f1f5c7e85c7f	src/amd/r300/vulkan/tests/r3v_native_render_shape_args.h	original line 72	1	1	1	0	0	1	1	present	1	7d380acb9b92d0de445217a4c35eb53cccc03901	7d380acb9b92d0de445217a4c35eb53cccc03901	warning-clean-driver-build-and-focused-test	changed-since-review	verify-single-path-change-against-review-claims
work-r300-tcl-bypass-triangle-c-r300-tcl-bypass-triangle-render-4a749849e3b6	history-changed-since-review-warning-clean-driver-build-and-focused-test-7f84c42b4eea	src/amd/r300/common/r300_tcl_bypass_triangle.c	r300 tcl bypass triangle render shape validate	1	1	1	0	0	1	1	present	29	7d380acb9b92d0de445217a4c35eb53cccc03901;dc60471e58b6198ffe3b065d3164d08a4afa0664;275a5279249d527c349f4dfdd4f93cf66e6123eb;bd7fcf75397e409a3d1e15e595e940d6411dffc3;d81fbed896c223ef4073f8c95c2a51801b178252;93ff2e17aeca881926adb92dc6493bb34018be2a;dd37f92a3695930472990d530e70d88add9ec48d;511ef9d736cf3e3800c25b31dd5abe0e0540a6a3;a0b08e61fb38f57fe17f038bfaddd9f5dd47ef34;f6a34ad39990d74a4752ccfdf0d67c55b398fef5;84cf229c0d6e290d4a5694efa957454bc04b22c9;4fafa6b132c1c458d76646f2f6b10e603f5d663f;3a32ad98562dd20c4860014c53ef5e95e7c0680b;1b0a2e11dfb54b35af550012234ff5648ebf0111;7ac62205eb882df42462d849cc549086b59227ea;92fc8a2c371472b667a10471e6f8a18de66fd847;dede1a1b318fb4cbc3b4314f1354cd20ee2e6ecd;5a113dd59561dce74f0d5a85883e99ffe6fd097c;5f2615641abebc5f1631fb02285d20a93808cbfb;02e7f3afc1737a1a04a35d22ed9ca7c40570b75c;2e670ab6365099e3d31a1a6fd8ff9aaaa74d98fc;0aceb8aa9606b0e4381e1ce5afc099c8914a3ef1;f743d0f9bec6e673cdd09dfd4554172aaa9b01c7;c5cc11945f60ddc34a1011b1bde47762a33887ab;64fa102e611a869ea31d47a31fdf72ad84f28711;7dd3f6fbb379de20d3c2c7d983d24523acfdbd84;af766adab77452239b29918eb26f033c0f00b313;2232b3ab7b2baef2666bd3f5bf23193e0af2f86e;ae2e0183f6953f872bb04b6b929b374b6f8ac1ae		warning-clean-driver-build-and-focused-test	changed-since-review	inspect-path-change-sequence-against-review-claims
work-r300-tcl-bypass-triangle-c-uint32-t-a0d6f71fa214	history-changed-since-review-warning-clean-driver-build-and-focused-test-7f84c42b4eea	src/amd/r300/common/r300_tcl_bypass_triangle.c	uint32 t	1	1	1	0	0	1	1	present	29	7d380acb9b92d0de445217a4c35eb53cccc03901;dc60471e58b6198ffe3b065d3164d08a4afa0664;275a5279249d527c349f4dfdd4f93cf66e6123eb;bd7fcf75397e409a3d1e15e595e940d6411dffc3;d81fbed896c223ef4073f8c95c2a51801b178252;93ff2e17aeca881926adb92dc6493bb34018be2a;dd37f92a3695930472990d530e70d88add9ec48d;511ef9d736cf3e3800c25b31dd5abe0e0540a6a3;a0b08e61fb38f57fe17f038bfaddd9f5dd47ef34;f6a34ad39990d74a4752ccfdf0d67c55b398fef5;84cf229c0d6e290d4a5694efa957454bc04b22c9;4fafa6b132c1c458d76646f2f6b10e603f5d663f;3a32ad98562dd20c4860014c53ef5e95e7c0680b;1b0a2e11dfb54b35af550012234ff5648ebf0111;7ac62205eb882df42462d849cc549086b59227ea;92fc8a2c371472b667a10471e6f8a18de66fd847;dede1a1b318fb4cbc3b4314f1354cd20ee2e6ecd;5a113dd59561dce74f0d5a85883e99ffe6fd097c;5f2615641abebc5f1631fb02285d20a93808cbfb;02e7f3afc1737a1a04a35d22ed9ca7c40570b75c;2e670ab6365099e3d31a1a6fd8ff9aaaa74d98fc;0aceb8aa9606b0e4381e1ce5afc099c8914a3ef1;f743d0f9bec6e673cdd09dfd4554172aaa9b01c7;c5cc11945f60ddc34a1011b1bde47762a33887ab;64fa102e611a869ea31d47a31fdf72ad84f28711;7dd3f6fbb379de20d3c2c7d983d24523acfdbd84;af766adab77452239b29918eb26f033c0f00b313;2232b3ab7b2baef2666bd3f5bf23193e0af2f86e;ae2e0183f6953f872bb04b6b929b374b6f8ac1ae		warning-clean-driver-build-and-focused-test	changed-since-review	inspect-path-change-sequence-against-review-claims
work-r300-tcl-bypass-triangle-h-struct-r300-triangle-render-shape-e3e5869b4880	history-changed-since-review-warning-clean-driver-build-and-focused-test-8b1416089adf	src/amd/r300/common/r300_tcl_bypass_triangle.h	struct r300 triangle render shape	2	2	2	0	1	1	2	present	29	7d380acb9b92d0de445217a4c35eb53cccc03901;dc60471e58b6198ffe3b065d3164d08a4afa0664;275a5279249d527c349f4dfdd4f93cf66e6123eb;bd7fcf75397e409a3d1e15e595e940d6411dffc3;93ff2e17aeca881926adb92dc6493bb34018be2a;dd37f92a3695930472990d530e70d88add9ec48d;511ef9d736cf3e3800c25b31dd5abe0e0540a6a3;a0b08e61fb38f57fe17f038bfaddd9f5dd47ef34;f6a34ad39990d74a4752ccfdf0d67c55b398fef5;84cf229c0d6e290d4a5694efa957454bc04b22c9;4fafa6b132c1c458d76646f2f6b10e603f5d663f;3a32ad98562dd20c4860014c53ef5e95e7c0680b;347c582d656a298f85a2cfa69521bd9a1aec34e3;1b0a2e11dfb54b35af550012234ff5648ebf0111;7ac62205eb882df42462d849cc549086b59227ea;92fc8a2c371472b667a10471e6f8a18de66fd847;dede1a1b318fb4cbc3b4314f1354cd20ee2e6ecd;5a113dd59561dce74f0d5a85883e99ffe6fd097c;5f2615641abebc5f1631fb02285d20a93808cbfb;02e7f3afc1737a1a04a35d22ed9ca7c40570b75c;2e670ab6365099e3d31a1a6fd8ff9aaaa74d98fc;0aceb8aa9606b0e4381e1ce5afc099c8914a3ef1;f743d0f9bec6e673cdd09dfd4554172aaa9b01c7;c5cc11945f60ddc34a1011b1bde47762a33887ab;64fa102e611a869ea31d47a31fdf72ad84f28711;7dd3f6fbb379de20d3c2c7d983d24523acfdbd84;af766adab77452239b29918eb26f033c0f00b313;2232b3ab7b2baef2666bd3f5bf23193e0af2f86e;ae2e0183f6953f872bb04b6b929b374b6f8ac1ae		warning-clean-driver-build-and-focused-test	changed-since-review	inspect-path-change-sequence-against-review-claims
work-r3v-native-attended-render-shape-procedure-md-deviation-there-names-4ce16313f5e1	history-changed-since-review-documentation-symbol-and-link-check-260894e80a7b	docs/hardware/r3v-native-attended-render-shape-procedure.md	deviation there names the session not a parameter	1	1	1	0	0	1	1	present	2	4c94a065befc8de7c101141237e53fe58982cb4e;7d380acb9b92d0de445217a4c35eb53cccc03901		documentation-symbol-and-link-check	changed-since-review	inspect-path-change-sequence-against-review-claims
work-r3v-native-cell-c-emit-and-install-triangle-cell-struct-030f25fb3088	history-changed-since-review-warning-clean-driver-build-and-focused-test-2736aa66fe98	src/amd/r300/vulkan/r3v_native_cell.c	emit and install triangle cell struct r3v native device device	2	2	2	0	0	2	2	present	21	0f807535cfda5bf35b33bd8869a80d5480b566e4;7d380acb9b92d0de445217a4c35eb53cccc03901;dc60471e58b6198ffe3b065d3164d08a4afa0664;275a5279249d527c349f4dfdd4f93cf66e6123eb;bd7fcf75397e409a3d1e15e595e940d6411dffc3;93ff2e17aeca881926adb92dc6493bb34018be2a;5453c84376b798dd7cc68a5f65defc68037c4b15;13701e615400edf1e437c61df559419793a3088f;84cf229c0d6e290d4a5694efa957454bc04b22c9;eae1df80d9c7db3162ed27614fc74de2325ad665;5f2615641abebc5f1631fb02285d20a93808cbfb;73b4fc07196b5bc9e5505406dfc34f4269407165;c7dae69423791abaefee49603b2d45e62086ac19;c5cc11945f60ddc34a1011b1bde47762a33887ab;64fa102e611a869ea31d47a31fdf72ad84f28711;7dd3f6fbb379de20d3c2c7d983d24523acfdbd84;af766adab77452239b29918eb26f033c0f00b313;31650bf8e57d52a812104aeb6cc60449099a86d1;813f5899cd3d315aa4c84213e5be5101fc03f698;10f9e2fa66fd28b97638124d55113218da2a57d5;51e2926b7cd2deabb3dfc6c09e9e3310abca4159		warning-clean-driver-build-and-focused-test	changed-since-review	inspect-path-change-sequence-against-review-claims
work-r3v-native-h-vk-define-nondisp-handle-casts-r3v-native-87e5ad9b1dec	history-changed-since-review-warning-clean-driver-build-and-focused-test-64db7e07f8e3	src/amd/r300/vulkan/r3v_native.h	vk define nondisp handle casts r3v native buffer view base vkbufferview	1	1	1	0	0	1	1	present	24	7d380acb9b92d0de445217a4c35eb53cccc03901;dc60471e58b6198ffe3b065d3164d08a4afa0664;ecc21f36cf7893d5fc9ea51a13b33377fe5b11b1;2cb307652cc8b14e61abd9fd3d71ff5e935c5eae;bd7fcf75397e409a3d1e15e595e940d6411dffc3;93ff2e17aeca881926adb92dc6493bb34018be2a;5453c84376b798dd7cc68a5f65defc68037c4b15;3bfafd1e35a20b7024389b1ae47af94d979e27fd;13701e615400edf1e437c61df559419793a3088f;84cf229c0d6e290d4a5694efa957454bc04b22c9;eae1df80d9c7db3162ed27614fc74de2325ad665;5f2615641abebc5f1631fb02285d20a93808cbfb;682648a30f9fe5db7f18772bd953af2e44099437;393cb870255352a00fc9859f2d6624e3f10b2b87;73b4fc07196b5bc9e5505406dfc34f4269407165;c7dae69423791abaefee49603b2d45e62086ac19;c5cc11945f60ddc34a1011b1bde47762a33887ab;64fa102e611a869ea31d47a31fdf72ad84f28711;7dd3f6fbb379de20d3c2c7d983d24523acfdbd84;af766adab77452239b29918eb26f033c0f00b313;4337fab9b7e51ae23d0c1db75c0c107ec1a20f29;c3f310b429a8061a7eda94441b306c7b999d5ebc;10f9e2fa66fd28b97638124d55113218da2a57d5;51e2926b7cd2deabb3dfc6c09e9e3310abca4159		warning-clean-driver-build-and-focused-test	changed-since-review	inspect-path-change-sequence-against-review-claims
work-r3v-native-recording-c-static-bool-b6982d51509f	history-changed-since-review-warning-clean-driver-build-and-focused-test-961eb17e1e71	src/amd/r300/vulkan/r3v_native_recording.c	static bool	1	1	1	0	0	1	1	present	7	dc60471e58b6198ffe3b065d3164d08a4afa0664;ecc21f36cf7893d5fc9ea51a13b33377fe5b11b1;ed39a483c8022512d3d540d03211bc58dcbf2fcf;2cb307652cc8b14e61abd9fd3d71ff5e935c5eae;bd7fcf75397e409a3d1e15e595e940d6411dffc3;73b4fc07196b5bc9e5505406dfc34f4269407165;c7dae69423791abaefee49603b2d45e62086ac19		warning-clean-driver-build-and-focused-test	changed-since-review	inspect-path-change-sequence-against-review-claims
work-r3v-native-image-c-r3v-bindimagememory-vkdevice-device-vkimage-image-381756219a61	history-changed-since-review-warning-clean-driver-build-and-focused-test-247f15fb6ebf	src/amd/r300/vulkan/r3v_native_image.c	r3v bindimagememory vkdevice device vkimage image vkdevicememory memory	1	1	1	0	0	1	1	present	8	bd7fcf75397e409a3d1e15e595e940d6411dffc3;93ff2e17aeca881926adb92dc6493bb34018be2a;5453c84376b798dd7cc68a5f65defc68037c4b15;3bfafd1e35a20b7024389b1ae47af94d979e27fd;682648a30f9fe5db7f18772bd953af2e44099437;393cb870255352a00fc9859f2d6624e3f10b2b87;937dbcb62ff8173c66e94e0e89322442915f9c14;fcf09c5b472f9c2b301ea08e9859551ae9d075fb		warning-clean-driver-build-and-focused-test	changed-since-review	inspect-path-change-sequence-against-review-claims
work-r3v-native-draw-c-r3v-cmdbeginrenderpass-vkcommandbuffer-commandbuffer-612e6bf76415	history-changed-since-review-warning-clean-driver-build-and-focused-test-a2b785695d59	src/amd/r300/vulkan/r3v_native_draw.c	r3v cmdbeginrenderpass vkcommandbuffer commandbuffer	2	2	2	0	0	2	2	present	12	ecc21f36cf7893d5fc9ea51a13b33377fe5b11b1;bd7fcf75397e409a3d1e15e595e940d6411dffc3;93ff2e17aeca881926adb92dc6493bb34018be2a;5453c84376b798dd7cc68a5f65defc68037c4b15;682648a30f9fe5db7f18772bd953af2e44099437;393cb870255352a00fc9859f2d6624e3f10b2b87;73b4fc07196b5bc9e5505406dfc34f4269407165;c7dae69423791abaefee49603b2d45e62086ac19;7dd3f6fbb379de20d3c2c7d983d24523acfdbd84;af766adab77452239b29918eb26f033c0f00b313;10f9e2fa66fd28b97638124d55113218da2a57d5;51e2926b7cd2deabb3dfc6c09e9e3310abca4159		warning-clean-driver-build-and-focused-test	changed-since-review	inspect-path-change-sequence-against-review-claims
work-agents-md-original-line-5-78b52c499aa1	history-changed-since-review-documentation-symbol-and-link-check-fd40cb8d10ed	AGENTS.md	original line 5	1	1	1	0	0	1	1	present	10	65ab7cab5157a9fcfa5db5fc83f1005f317b5549;5f3d4601460d80140c3e6de31fee224d4c69cab7;aa981dd2fb3a6b1901dc611f950542979c2730a5;51f57acd4012136e17651596b9591d25d90d6175;4b0c1f55abd1c9d84022973e14fd40d639426ec9;6c94fa74ff9c5cf359fee995d278623e8e51d06f;bc38bb8840c92d4b64d9f25d5d83c5f2345007c7;4420389af742cd6354dceac2584fd4fd8ad74ec8;292c0318de096554d204725077710d177a3196f2;f743d0f9bec6e673cdd09dfd4554172aaa9b01c7		documentation-symbol-and-link-check	changed-since-review	inspect-path-change-sequence-against-review-claims
work-agents-md-original-line-16-e0b824ae042e	history-changed-since-review-documentation-symbol-and-link-check-57773190c540	AGENTS.md	original line 16	1	1	1	0	0	1	1	present	9	5f3d4601460d80140c3e6de31fee224d4c69cab7;aa981dd2fb3a6b1901dc611f950542979c2730a5;51f57acd4012136e17651596b9591d25d90d6175;4b0c1f55abd1c9d84022973e14fd40d639426ec9;6c94fa74ff9c5cf359fee995d278623e8e51d06f;bc38bb8840c92d4b64d9f25d5d83c5f2345007c7;4420389af742cd6354dceac2584fd4fd8ad74ec8;292c0318de096554d204725077710d177a3196f2;f743d0f9bec6e673cdd09dfd4554172aaa9b01c7		documentation-symbol-and-link-check	changed-since-review	inspect-path-change-sequence-against-review-claims
work-r3v-current-program-status-md-bit-the-ledger-claim-and-a771b43a4e04	history-changed-since-review-documentation-symbol-and-link-check-478a286a1b17	docs/hardware/r3v-current-program-status.md	bit the ledger claim and the gate state disagree	1	1	1	0	0	1	1	present	48	aa2455435d5c288ddafd8c51917d595be6ed3b3b;e8445512d3a15311e53b3539068a736e04c79ee1;c190b5f0ae39405f75c224cf08f22cbb8c9106dc;7ae57798ec2661ff7e9eb245e174fcbdee1baef0;de712cd4c674f476c5c2d9b6371da8907b8eebe8;ca787c39527acca3c6c95ae113b2481ce02f0b2f;3169b47744128b6f750ee24c701b48bacc15064a;a5a1e8a9c2e7c9c99630af724f463944431bed87;3bfafd1e35a20b7024389b1ae47af94d979e27fd;bf7c7c46f14ffcdcea315d7cdf4868bb8e607d10;1af752fec672081beff3725e8e5eaaa3cbc8346e;51067474432140265790a356046467d9e6d9ec00;1ba459eaedf1122217cf8764cfadd140d3f66184;f34c5c5ebbea17e56dd5fd49a9122d175544ac5c;3a32ad98562dd20c4860014c53ef5e95e7c0680b;347c582d656a298f85a2cfa69521bd9a1aec34e3;1b0a2e11dfb54b35af550012234ff5648ebf0111;84f548cde308c6708710d87e4dd673a8542b597d;7ac62205eb882df42462d849cc549086b59227ea;0048e3149db17dda5f178f0fb438a81895cc1804;8da115a5d85884895fbed176db45633a50711fc9;ddd2b086c9ab06cf4ed45561ef1fb57eae7d4e0e;9fbf23d207e49def0c922f51f8119b2e04d28bf4;0b086f4ecb52eed82b68f9e71da8cd598c0d0f21;26d7eaf6275d0547b2779e5248b09a08ca5da043;d135cb362f775a861a1a431db8c0d108996747c8;b0f1175ae1e51ea50c11e028ceb0a0a7c466eea9;682648a30f9fe5db7f18772bd953af2e44099437;393cb870255352a00fc9859f2d6624e3f10b2b87;1c1915023627f46ab328671c0a27cbd4f000ebb8;0253e6fab27aff948c1c7a8ed06ad12e20d8a7fd;73b4fc07196b5bc9e5505406dfc34f4269407165;c7dae69423791abaefee49603b2d45e62086ac19;b492c4be6895ab8330fdb60c11a4a49fc98b4873;14743cd7bf00ceb7a3773486f40993925d2354d2;4420389af742cd6354dceac2584fd4fd8ad74ec8;292c0318de096554d204725077710d177a3196f2;f743d0f9bec6e673cdd09dfd4554172aaa9b01c7;e3ecdd2e3624bcea972a77edd30b1818b99b66f8;ae08c612abdc47bea1af5ec485a27e91cc31c1f9;a628623143f80181b4a864337e2afdecf89fb1d1;41ed3670d8f5557938e79d43a08dd9cd15768dbf;c5cc11945f60ddc34a1011b1bde47762a33887ab;64fa102e611a869ea31d47a31fdf72ad84f28711;3a01be0e1c23f17c70228b5f303fb2e0498d784c;9e7339cbd3e966ceaf2075f1894010b5897f5fc8;1b2edb72b0a864d17c232aeb845cd4a32d6e9790;1cf2ae9c66feb5ac5e616810b17a7b541905e377		documentation-symbol-and-link-check	changed-since-review	inspect-path-change-sequence-against-review-claims
work-r3v-current-program-status-md-first-real-submission-waits-on-09d7084a5cba	history-changed-since-review-documentation-symbol-and-link-check-478a286a1b17	docs/hardware/r3v-current-program-status.md	first real submission waits on a planning pass that lands transcripts	3	1	1	0	0	1	1	present	48	aa2455435d5c288ddafd8c51917d595be6ed3b3b;e8445512d3a15311e53b3539068a736e04c79ee1;c190b5f0ae39405f75c224cf08f22cbb8c9106dc;7ae57798ec2661ff7e9eb245e174fcbdee1baef0;de712cd4c674f476c5c2d9b6371da8907b8eebe8;ca787c39527acca3c6c95ae113b2481ce02f0b2f;3169b47744128b6f750ee24c701b48bacc15064a;a5a1e8a9c2e7c9c99630af724f463944431bed87;3bfafd1e35a20b7024389b1ae47af94d979e27fd;bf7c7c46f14ffcdcea315d7cdf4868bb8e607d10;1af752fec672081beff3725e8e5eaaa3cbc8346e;51067474432140265790a356046467d9e6d9ec00;1ba459eaedf1122217cf8764cfadd140d3f66184;f34c5c5ebbea17e56dd5fd49a9122d175544ac5c;3a32ad98562dd20c4860014c53ef5e95e7c0680b;347c582d656a298f85a2cfa69521bd9a1aec34e3;1b0a2e11dfb54b35af550012234ff5648ebf0111;84f548cde308c6708710d87e4dd673a8542b597d;7ac62205eb882df42462d849cc549086b59227ea;0048e3149db17dda5f178f0fb438a81895cc1804;8da115a5d85884895fbed176db45633a50711fc9;ddd2b086c9ab06cf4ed45561ef1fb57eae7d4e0e;9fbf23d207e49def0c922f51f8119b2e04d28bf4;0b086f4ecb52eed82b68f9e71da8cd598c0d0f21;26d7eaf6275d0547b2779e5248b09a08ca5da043;d135cb362f775a861a1a431db8c0d108996747c8;b0f1175ae1e51ea50c11e028ceb0a0a7c466eea9;682648a30f9fe5db7f18772bd953af2e44099437;393cb870255352a00fc9859f2d6624e3f10b2b87;1c1915023627f46ab328671c0a27cbd4f000ebb8;0253e6fab27aff948c1c7a8ed06ad12e20d8a7fd;73b4fc07196b5bc9e5505406dfc34f4269407165;c7dae69423791abaefee49603b2d45e62086ac19;b492c4be6895ab8330fdb60c11a4a49fc98b4873;14743cd7bf00ceb7a3773486f40993925d2354d2;4420389af742cd6354dceac2584fd4fd8ad74ec8;292c0318de096554d204725077710d177a3196f2;f743d0f9bec6e673cdd09dfd4554172aaa9b01c7;e3ecdd2e3624bcea972a77edd30b1818b99b66f8;ae08c612abdc47bea1af5ec485a27e91cc31c1f9;a628623143f80181b4a864337e2afdecf89fb1d1;41ed3670d8f5557938e79d43a08dd9cd15768dbf;c5cc11945f60ddc34a1011b1bde47762a33887ab;64fa102e611a869ea31d47a31fdf72ad84f28711;3a01be0e1c23f17c70228b5f303fb2e0498d784c;9e7339cbd3e966ceaf2075f1894010b5897f5fc8;1b2edb72b0a864d17c232aeb845cd4a32d6e9790;1cf2ae9c66feb5ac5e616810b17a7b541905e377		documentation-symbol-and-link-check	changed-since-review	inspect-path-change-sequence-against-review-claims
work-r3v-native-recording-c-r3v-cmdexecutecommands-a0885c858438	history-changed-since-review-warning-clean-driver-build-and-focused-test-84308be9bc61	src/amd/r300/vulkan/r3v_native_recording.c	r3v cmdexecutecommands	3	1	1	0	0	1	1	present	4	2cb307652cc8b14e61abd9fd3d71ff5e935c5eae;bd7fcf75397e409a3d1e15e595e940d6411dffc3;73b4fc07196b5bc9e5505406dfc34f4269407165;c7dae69423791abaefee49603b2d45e62086ac19		warning-clean-driver-build-and-focused-test	changed-since-review	inspect-path-change-sequence-against-review-claims
work-r3v-native-object-lifetime-test-c-check-empty-secondary-execution-9717b63e587c	history-unchanged-since-review-warning-clean-driver-build-and-focused-test-386e4ec442e6	src/amd/r300/vulkan/tests/r3v_native_object_lifetime_test.c	check empty secondary execution const struct fixture f	2	2	2	0	2	0	1	present	0			warning-clean-driver-build-and-focused-test	unchanged-since-review	compare-current-code-with-review-claim
work-r3v-native-transfer-c-execute-copy-struct-r3v-native-device-173a4d8cd8e0	history-unchanged-since-review-warning-clean-driver-build-and-focused-test-386e4ec442e6	src/amd/r300/vulkan/r3v_native_transfer.c	execute copy struct r3v native device device	1	1	1	0	1	0	1	present	0			warning-clean-driver-build-and-focused-test	unchanged-since-review	compare-current-code-with-review-claim
work-r3v-current-program-status-md-conformance-expands-by-executed-mechanism-e641571280bf	history-changed-since-review-documentation-symbol-and-link-check-fd978f0fefef	docs/hardware/r3v-current-program-status.md	conformance expands by executed mechanism and each rung opens only after	4	1	1	0	0	1	1	present	47	e8445512d3a15311e53b3539068a736e04c79ee1;c190b5f0ae39405f75c224cf08f22cbb8c9106dc;7ae57798ec2661ff7e9eb245e174fcbdee1baef0;de712cd4c674f476c5c2d9b6371da8907b8eebe8;ca787c39527acca3c6c95ae113b2481ce02f0b2f;3169b47744128b6f750ee24c701b48bacc15064a;a5a1e8a9c2e7c9c99630af724f463944431bed87;3bfafd1e35a20b7024389b1ae47af94d979e27fd;bf7c7c46f14ffcdcea315d7cdf4868bb8e607d10;1af752fec672081beff3725e8e5eaaa3cbc8346e;51067474432140265790a356046467d9e6d9ec00;1ba459eaedf1122217cf8764cfadd140d3f66184;f34c5c5ebbea17e56dd5fd49a9122d175544ac5c;3a32ad98562dd20c4860014c53ef5e95e7c0680b;347c582d656a298f85a2cfa69521bd9a1aec34e3;1b0a2e11dfb54b35af550012234ff5648ebf0111;84f548cde308c6708710d87e4dd673a8542b597d;7ac62205eb882df42462d849cc549086b59227ea;0048e3149db17dda5f178f0fb438a81895cc1804;8da115a5d85884895fbed176db45633a50711fc9;ddd2b086c9ab06cf4ed45561ef1fb57eae7d4e0e;9fbf23d207e49def0c922f51f8119b2e04d28bf4;0b086f4ecb52eed82b68f9e71da8cd598c0d0f21;26d7eaf6275d0547b2779e5248b09a08ca5da043;d135cb362f775a861a1a431db8c0d108996747c8;b0f1175ae1e51ea50c11e028ceb0a0a7c466eea9;682648a30f9fe5db7f18772bd953af2e44099437;393cb870255352a00fc9859f2d6624e3f10b2b87;1c1915023627f46ab328671c0a27cbd4f000ebb8;0253e6fab27aff948c1c7a8ed06ad12e20d8a7fd;73b4fc07196b5bc9e5505406dfc34f4269407165;c7dae69423791abaefee49603b2d45e62086ac19;b492c4be6895ab8330fdb60c11a4a49fc98b4873;14743cd7bf00ceb7a3773486f40993925d2354d2;4420389af742cd6354dceac2584fd4fd8ad74ec8;292c0318de096554d204725077710d177a3196f2;f743d0f9bec6e673cdd09dfd4554172aaa9b01c7;e3ecdd2e3624bcea972a77edd30b1818b99b66f8;ae08c612abdc47bea1af5ec485a27e91cc31c1f9;a628623143f80181b4a864337e2afdecf89fb1d1;41ed3670d8f5557938e79d43a08dd9cd15768dbf;c5cc11945f60ddc34a1011b1bde47762a33887ab;64fa102e611a869ea31d47a31fdf72ad84f28711;3a01be0e1c23f17c70228b5f303fb2e0498d784c;9e7339cbd3e966ceaf2075f1894010b5897f5fc8;1b2edb72b0a864d17c232aeb845cd4a32d6e9790;1cf2ae9c66feb5ac5e616810b17a7b541905e377		documentation-symbol-and-link-check	changed-since-review	inspect-path-change-sequence-against-review-claims
work-r300-tcl-bypass-triangle-c-r300-tcl-bypass-triangle-emit-cc69b2030358	history-changed-since-review-warning-clean-driver-build-and-focused-test-23b3789a1f00	src/amd/r300/common/r300_tcl_bypass_triangle.c	r300 tcl bypass triangle emit into	5	2	2	0	0	2	2	present	26	bd7fcf75397e409a3d1e15e595e940d6411dffc3;d81fbed896c223ef4073f8c95c2a51801b178252;93ff2e17aeca881926adb92dc6493bb34018be2a;dd37f92a3695930472990d530e70d88add9ec48d;511ef9d736cf3e3800c25b31dd5abe0e0540a6a3;a0b08e61fb38f57fe17f038bfaddd9f5dd47ef34;f6a34ad39990d74a4752ccfdf0d67c55b398fef5;84cf229c0d6e290d4a5694efa957454bc04b22c9;4fafa6b132c1c458d76646f2f6b10e603f5d663f;3a32ad98562dd20c4860014c53ef5e95e7c0680b;1b0a2e11dfb54b35af550012234ff5648ebf0111;7ac62205eb882df42462d849cc549086b59227ea;92fc8a2c371472b667a10471e6f8a18de66fd847;dede1a1b318fb4cbc3b4314f1354cd20ee2e6ecd;5a113dd59561dce74f0d5a85883e99ffe6fd097c;5f2615641abebc5f1631fb02285d20a93808cbfb;02e7f3afc1737a1a04a35d22ed9ca7c40570b75c;2e670ab6365099e3d31a1a6fd8ff9aaaa74d98fc;0aceb8aa9606b0e4381e1ce5afc099c8914a3ef1;f743d0f9bec6e673cdd09dfd4554172aaa9b01c7;c5cc11945f60ddc34a1011b1bde47762a33887ab;64fa102e611a869ea31d47a31fdf72ad84f28711;7dd3f6fbb379de20d3c2c7d983d24523acfdbd84;af766adab77452239b29918eb26f033c0f00b313;2232b3ab7b2baef2666bd3f5bf23193e0af2f86e;ae2e0183f6953f872bb04b6b929b374b6f8ac1ae		warning-clean-driver-build-and-focused-test	changed-since-review	inspect-path-change-sequence-against-review-claims
work-r3v-native-draw-c-record-draw-vkcommandbuffer-commandbuffer-const-struct-f597fcf01c71	history-changed-since-review-warning-clean-driver-build-and-focused-test-0cbeeed8a84c	src/amd/r300/vulkan/r3v_native_draw.c	record draw vkcommandbuffer commandbuffer const struct draw args args	3	2	2	0	0	2	2	present	10	93ff2e17aeca881926adb92dc6493bb34018be2a;5453c84376b798dd7cc68a5f65defc68037c4b15;682648a30f9fe5db7f18772bd953af2e44099437;393cb870255352a00fc9859f2d6624e3f10b2b87;73b4fc07196b5bc9e5505406dfc34f4269407165;c7dae69423791abaefee49603b2d45e62086ac19;7dd3f6fbb379de20d3c2c7d983d24523acfdbd84;af766adab77452239b29918eb26f033c0f00b313;10f9e2fa66fd28b97638124d55113218da2a57d5;51e2926b7cd2deabb3dfc6c09e9e3310abca4159		warning-clean-driver-build-and-focused-test	changed-since-review	inspect-path-change-sequence-against-review-claims
work-r3v-native-attended-sampled-c-original-line-13-ef672bb7fad3	history-changed-since-review-warning-clean-driver-build-and-focused-test-917a576ee46d	src/amd/r300/vulkan/tests/r3v_native_attended_sampled.c	original line 13	1	1	1	0	0	1	1	present	9	93ff2e17aeca881926adb92dc6493bb34018be2a;f0620ab5bbebabf71171108c8fad662a27d1be20;5453c84376b798dd7cc68a5f65defc68037c4b15;511ef9d736cf3e3800c25b31dd5abe0e0540a6a3;f6a34ad39990d74a4752ccfdf0d67c55b398fef5;be6eb55ff61e6ac44b7e475f70f9edc76d1f8d5b;451d77f250a30cb4c968c8474b0ffaa1a8f1b123;3065def39aa3fde98ca00c66da9612773b451805;dede1a1b318fb4cbc3b4314f1354cd20ee2e6ecd		warning-clean-driver-build-and-focused-test	changed-since-review	inspect-path-change-sequence-against-review-claims
work-r3v-native-attended-sampled-c-original-line-711-d29bc3d73708	history-changed-since-review-warning-clean-driver-build-and-focused-test-917a576ee46d	src/amd/r300/vulkan/tests/r3v_native_attended_sampled.c	original line 711	1	1	1	0	0	1	1	present	9	93ff2e17aeca881926adb92dc6493bb34018be2a;f0620ab5bbebabf71171108c8fad662a27d1be20;5453c84376b798dd7cc68a5f65defc68037c4b15;511ef9d736cf3e3800c25b31dd5abe0e0540a6a3;f6a34ad39990d74a4752ccfdf0d67c55b398fef5;be6eb55ff61e6ac44b7e475f70f9edc76d1f8d5b;451d77f250a30cb4c968c8474b0ffaa1a8f1b123;3065def39aa3fde98ca00c66da9612773b451805;dede1a1b318fb4cbc3b4314f1354cd20ee2e6ecd		warning-clean-driver-build-and-focused-test	changed-since-review	inspect-path-change-sequence-against-review-claims
work-r3v-native-attended-sampled-c-original-line-10-2839b27ef503	history-changed-since-review-warning-clean-driver-build-and-focused-test-917a576ee46d	src/amd/r300/vulkan/tests/r3v_native_attended_sampled.c	original line 10	1	1	1	0	0	1	1	present	9	93ff2e17aeca881926adb92dc6493bb34018be2a;f0620ab5bbebabf71171108c8fad662a27d1be20;5453c84376b798dd7cc68a5f65defc68037c4b15;511ef9d736cf3e3800c25b31dd5abe0e0540a6a3;f6a34ad39990d74a4752ccfdf0d67c55b398fef5;be6eb55ff61e6ac44b7e475f70f9edc76d1f8d5b;451d77f250a30cb4c968c8474b0ffaa1a8f1b123;3065def39aa3fde98ca00c66da9612773b451805;dede1a1b318fb4cbc3b4314f1354cd20ee2e6ecd		warning-clean-driver-build-and-focused-test	changed-since-review	inspect-path-change-sequence-against-review-claims
work-r3v-native-attended-sampled-c-original-line-356-1257407f4067	history-changed-since-review-warning-clean-driver-build-and-focused-test-917a576ee46d	src/amd/r300/vulkan/tests/r3v_native_attended_sampled.c	original line 356	1	1	1	0	0	1	1	present	9	93ff2e17aeca881926adb92dc6493bb34018be2a;f0620ab5bbebabf71171108c8fad662a27d1be20;5453c84376b798dd7cc68a5f65defc68037c4b15;511ef9d736cf3e3800c25b31dd5abe0e0540a6a3;f6a34ad39990d74a4752ccfdf0d67c55b398fef5;be6eb55ff61e6ac44b7e475f70f9edc76d1f8d5b;451d77f250a30cb4c968c8474b0ffaa1a8f1b123;3065def39aa3fde98ca00c66da9612773b451805;dede1a1b318fb4cbc3b4314f1354cd20ee2e6ecd		warning-clean-driver-build-and-focused-test	changed-since-review	inspect-path-change-sequence-against-review-claims
work-r3v-native-attended-sampled-c-original-line-67-9ab5ce311974	history-changed-since-review-warning-clean-driver-build-and-focused-test-917a576ee46d	src/amd/r300/vulkan/tests/r3v_native_attended_sampled.c	original line 67	1	1	1	0	0	1	1	present	9	93ff2e17aeca881926adb92dc6493bb34018be2a;f0620ab5bbebabf71171108c8fad662a27d1be20;5453c84376b798dd7cc68a5f65defc68037c4b15;511ef9d736cf3e3800c25b31dd5abe0e0540a6a3;f6a34ad39990d74a4752ccfdf0d67c55b398fef5;be6eb55ff61e6ac44b7e475f70f9edc76d1f8d5b;451d77f250a30cb4c968c8474b0ffaa1a8f1b123;3065def39aa3fde98ca00c66da9612773b451805;dede1a1b318fb4cbc3b4314f1354cd20ee2e6ecd		warning-clean-driver-build-and-focused-test	changed-since-review	inspect-path-change-sequence-against-review-claims
work-r3v-current-program-status-md-above-is-rung-zero-the-7c5726e21378	history-changed-since-review-documentation-symbol-and-link-check-0fbfc8edecd2	docs/hardware/r3v-current-program-status.md	above is rung zero the ladder after it runs in this order	28	12	12	0	0	12	12	present	45	7ae57798ec2661ff7e9eb245e174fcbdee1baef0;de712cd4c674f476c5c2d9b6371da8907b8eebe8;ca787c39527acca3c6c95ae113b2481ce02f0b2f;3169b47744128b6f750ee24c701b48bacc15064a;a5a1e8a9c2e7c9c99630af724f463944431bed87;3bfafd1e35a20b7024389b1ae47af94d979e27fd;bf7c7c46f14ffcdcea315d7cdf4868bb8e607d10;1af752fec672081beff3725e8e5eaaa3cbc8346e;51067474432140265790a356046467d9e6d9ec00;1ba459eaedf1122217cf8764cfadd140d3f66184;f34c5c5ebbea17e56dd5fd49a9122d175544ac5c;3a32ad98562dd20c4860014c53ef5e95e7c0680b;347c582d656a298f85a2cfa69521bd9a1aec34e3;1b0a2e11dfb54b35af550012234ff5648ebf0111;84f548cde308c6708710d87e4dd673a8542b597d;7ac62205eb882df42462d849cc549086b59227ea;0048e3149db17dda5f178f0fb438a81895cc1804;8da115a5d85884895fbed176db45633a50711fc9;ddd2b086c9ab06cf4ed45561ef1fb57eae7d4e0e;9fbf23d207e49def0c922f51f8119b2e04d28bf4;0b086f4ecb52eed82b68f9e71da8cd598c0d0f21;26d7eaf6275d0547b2779e5248b09a08ca5da043;d135cb362f775a861a1a431db8c0d108996747c8;b0f1175ae1e51ea50c11e028ceb0a0a7c466eea9;682648a30f9fe5db7f18772bd953af2e44099437;393cb870255352a00fc9859f2d6624e3f10b2b87;1c1915023627f46ab328671c0a27cbd4f000ebb8;0253e6fab27aff948c1c7a8ed06ad12e20d8a7fd;73b4fc07196b5bc9e5505406dfc34f4269407165;c7dae69423791abaefee49603b2d45e62086ac19;b492c4be6895ab8330fdb60c11a4a49fc98b4873;14743cd7bf00ceb7a3773486f40993925d2354d2;4420389af742cd6354dceac2584fd4fd8ad74ec8;292c0318de096554d204725077710d177a3196f2;f743d0f9bec6e673cdd09dfd4554172aaa9b01c7;e3ecdd2e3624bcea972a77edd30b1818b99b66f8;ae08c612abdc47bea1af5ec485a27e91cc31c1f9;a628623143f80181b4a864337e2afdecf89fb1d1;41ed3670d8f5557938e79d43a08dd9cd15768dbf;c5cc11945f60ddc34a1011b1bde47762a33887ab;64fa102e611a869ea31d47a31fdf72ad84f28711;3a01be0e1c23f17c70228b5f303fb2e0498d784c;9e7339cbd3e966ceaf2075f1894010b5897f5fc8;1b2edb72b0a864d17c232aeb845cd4a32d6e9790;1cf2ae9c66feb5ac5e616810b17a7b541905e377		documentation-symbol-and-link-check	changed-since-review	inspect-path-change-sequence-against-review-claims
work-r3v-native-attended-sampled-c-main-int-argc-char-argv-6d3d4dc94d7f	history-changed-since-review-warning-clean-driver-build-and-focused-test-35b528cb261b	src/amd/r300/vulkan/tests/r3v_native_attended_sampled.c	main int argc char argv	1	1	1	0	0	1	1	present	7	5453c84376b798dd7cc68a5f65defc68037c4b15;511ef9d736cf3e3800c25b31dd5abe0e0540a6a3;f6a34ad39990d74a4752ccfdf0d67c55b398fef5;be6eb55ff61e6ac44b7e475f70f9edc76d1f8d5b;451d77f250a30cb4c968c8474b0ffaa1a8f1b123;3065def39aa3fde98ca00c66da9612773b451805;dede1a1b318fb4cbc3b4314f1354cd20ee2e6ecd		warning-clean-driver-build-and-focused-test	changed-since-review	inspect-path-change-sequence-against-review-claims
work-r3v-host-model-fail-decomposition-md-itself-admit-imagetype-1d-cd6d6e43e0e3	history-changed-since-review-documentation-symbol-and-link-check-c088fa4e6b3b	docs/hardware/r3v-host-model-fail-decomposition.md	itself admit imagetype 1d and admitting imagetype 1d does not by	2	1	1	0	0	1	1	present	5	4420389af742cd6354dceac2584fd4fd8ad74ec8;292c0318de096554d204725077710d177a3196f2;f743d0f9bec6e673cdd09dfd4554172aaa9b01c7;31650bf8e57d52a812104aeb6cc60449099a86d1;813f5899cd3d315aa4c84213e5be5101fc03f698		documentation-symbol-and-link-check	changed-since-review	inspect-path-change-sequence-against-review-claims
work-r300-tcl-bypass-triangle-c-r300-tcl-bypass-triangle-render-ec50480f6203	history-changed-since-review-warning-clean-driver-build-and-focused-test-df6cf51e561c	src/amd/r300/common/r300_tcl_bypass_triangle.c	r300 tcl bypass triangle render shape emit	1	1	1	0	0	1	1	present	22	511ef9d736cf3e3800c25b31dd5abe0e0540a6a3;a0b08e61fb38f57fe17f038bfaddd9f5dd47ef34;f6a34ad39990d74a4752ccfdf0d67c55b398fef5;84cf229c0d6e290d4a5694efa957454bc04b22c9;4fafa6b132c1c458d76646f2f6b10e603f5d663f;3a32ad98562dd20c4860014c53ef5e95e7c0680b;1b0a2e11dfb54b35af550012234ff5648ebf0111;7ac62205eb882df42462d849cc549086b59227ea;92fc8a2c371472b667a10471e6f8a18de66fd847;dede1a1b318fb4cbc3b4314f1354cd20ee2e6ecd;5a113dd59561dce74f0d5a85883e99ffe6fd097c;5f2615641abebc5f1631fb02285d20a93808cbfb;02e7f3afc1737a1a04a35d22ed9ca7c40570b75c;2e670ab6365099e3d31a1a6fd8ff9aaaa74d98fc;0aceb8aa9606b0e4381e1ce5afc099c8914a3ef1;f743d0f9bec6e673cdd09dfd4554172aaa9b01c7;c5cc11945f60ddc34a1011b1bde47762a33887ab;64fa102e611a869ea31d47a31fdf72ad84f28711;7dd3f6fbb379de20d3c2c7d983d24523acfdbd84;af766adab77452239b29918eb26f033c0f00b313;2232b3ab7b2baef2666bd3f5bf23193e0af2f86e;ae2e0183f6953f872bb04b6b929b374b6f8ac1ae		warning-clean-driver-build-and-focused-test	changed-since-review	inspect-path-change-sequence-against-review-claims
work-r3v-native-arming-c-r3v-native-arming-evaluate-const-struct-91b8d5b84bc0	history-changed-since-review-warning-clean-driver-build-and-focused-test-75a630e5ce99	src/amd/r300/vulkan/r3v_native_arming.c	r3v native arming evaluate const struct r3v native arming facts facts	1	1	1	0	0	1	1	present	4	eae1df80d9c7db3162ed27614fc74de2325ad665;5f2615641abebc5f1631fb02285d20a93808cbfb;73b4fc07196b5bc9e5505406dfc34f4269407165;c7dae69423791abaefee49603b2d45e62086ac19		warning-clean-driver-build-and-focused-test	changed-since-review	inspect-path-change-sequence-against-review-claims
work-r3v-native-h-r3v-native-image-layer-pitch-bytes-uint32-1822efd8d81b	history-changed-since-review-warning-clean-driver-build-and-focused-test-d728d8801713	src/amd/r300/vulkan/r3v_native.h	r3v native image layer pitch bytes uint32 t row pitch bytes uint32 t height	1	1	1	0	0	1	1	present	16	13701e615400edf1e437c61df559419793a3088f;84cf229c0d6e290d4a5694efa957454bc04b22c9;eae1df80d9c7db3162ed27614fc74de2325ad665;5f2615641abebc5f1631fb02285d20a93808cbfb;682648a30f9fe5db7f18772bd953af2e44099437;393cb870255352a00fc9859f2d6624e3f10b2b87;73b4fc07196b5bc9e5505406dfc34f4269407165;c7dae69423791abaefee49603b2d45e62086ac19;c5cc11945f60ddc34a1011b1bde47762a33887ab;64fa102e611a869ea31d47a31fdf72ad84f28711;7dd3f6fbb379de20d3c2c7d983d24523acfdbd84;af766adab77452239b29918eb26f033c0f00b313;4337fab9b7e51ae23d0c1db75c0c107ec1a20f29;c3f310b429a8061a7eda94441b306c7b999d5ebc;10f9e2fa66fd28b97638124d55113218da2a57d5;51e2926b7cd2deabb3dfc6c09e9e3310abca4159		warning-clean-driver-build-and-focused-test	changed-since-review	inspect-path-change-sequence-against-review-claims
work-r300-tcl-bypass-triangle-c-r300-tcl-bypass-triangle-varying-9f7d196918b1	history-changed-since-review-warning-clean-driver-build-and-focused-test-30eb04d51fde	src/amd/r300/common/r300_tcl_bypass_triangle.c	r300 tcl bypass triangle varying extent oracle	3	1	1	0	0	1	1	present	21	a0b08e61fb38f57fe17f038bfaddd9f5dd47ef34;f6a34ad39990d74a4752ccfdf0d67c55b398fef5;84cf229c0d6e290d4a5694efa957454bc04b22c9;4fafa6b132c1c458d76646f2f6b10e603f5d663f;3a32ad98562dd20c4860014c53ef5e95e7c0680b;1b0a2e11dfb54b35af550012234ff5648ebf0111;7ac62205eb882df42462d849cc549086b59227ea;92fc8a2c371472b667a10471e6f8a18de66fd847;dede1a1b318fb4cbc3b4314f1354cd20ee2e6ecd;5a113dd59561dce74f0d5a85883e99ffe6fd097c;5f2615641abebc5f1631fb02285d20a93808cbfb;02e7f3afc1737a1a04a35d22ed9ca7c40570b75c;2e670ab6365099e3d31a1a6fd8ff9aaaa74d98fc;0aceb8aa9606b0e4381e1ce5afc099c8914a3ef1;f743d0f9bec6e673cdd09dfd4554172aaa9b01c7;c5cc11945f60ddc34a1011b1bde47762a33887ab;64fa102e611a869ea31d47a31fdf72ad84f28711;7dd3f6fbb379de20d3c2c7d983d24523acfdbd84;af766adab77452239b29918eb26f033c0f00b313;2232b3ab7b2baef2666bd3f5bf23193e0af2f86e;ae2e0183f6953f872bb04b6b929b374b6f8ac1ae		warning-clean-driver-build-and-focused-test	changed-since-review	inspect-path-change-sequence-against-review-claims
work-r300-tcl-bypass-triangle-c-composed-sample-emit-const-struct-97cb1c3402f9	history-changed-since-review-warning-clean-driver-build-and-focused-test-b3e33fe40ce2	src/amd/r300/common/r300_tcl_bypass_triangle.c	composed sample emit const struct r300 triangle composed render sample c	1	1	1	0	0	1	1	present	20	f6a34ad39990d74a4752ccfdf0d67c55b398fef5;84cf229c0d6e290d4a5694efa957454bc04b22c9;4fafa6b132c1c458d76646f2f6b10e603f5d663f;3a32ad98562dd20c4860014c53ef5e95e7c0680b;1b0a2e11dfb54b35af550012234ff5648ebf0111;7ac62205eb882df42462d849cc549086b59227ea;92fc8a2c371472b667a10471e6f8a18de66fd847;dede1a1b318fb4cbc3b4314f1354cd20ee2e6ecd;5a113dd59561dce74f0d5a85883e99ffe6fd097c;5f2615641abebc5f1631fb02285d20a93808cbfb;02e7f3afc1737a1a04a35d22ed9ca7c40570b75c;2e670ab6365099e3d31a1a6fd8ff9aaaa74d98fc;0aceb8aa9606b0e4381e1ce5afc099c8914a3ef1;f743d0f9bec6e673cdd09dfd4554172aaa9b01c7;c5cc11945f60ddc34a1011b1bde47762a33887ab;64fa102e611a869ea31d47a31fdf72ad84f28711;7dd3f6fbb379de20d3c2c7d983d24523acfdbd84;af766adab77452239b29918eb26f033c0f00b313;2232b3ab7b2baef2666bd3f5bf23193e0af2f86e;ae2e0183f6953f872bb04b6b929b374b6f8ac1ae		warning-clean-driver-build-and-focused-test	changed-since-review	inspect-path-change-sequence-against-review-claims
work-r300-tcl-bypass-triangle-h-int-r300-tcl-bypass-triangle-45b11f238036	history-changed-since-review-warning-clean-driver-build-and-focused-test-9cee77e92e1f	src/amd/r300/common/r300_tcl_bypass_triangle.h	int r300 tcl bypass triangle composed render sample emit	1	1	1	0	0	1	1	present	21	f6a34ad39990d74a4752ccfdf0d67c55b398fef5;84cf229c0d6e290d4a5694efa957454bc04b22c9;4fafa6b132c1c458d76646f2f6b10e603f5d663f;3a32ad98562dd20c4860014c53ef5e95e7c0680b;347c582d656a298f85a2cfa69521bd9a1aec34e3;1b0a2e11dfb54b35af550012234ff5648ebf0111;7ac62205eb882df42462d849cc549086b59227ea;92fc8a2c371472b667a10471e6f8a18de66fd847;dede1a1b318fb4cbc3b4314f1354cd20ee2e6ecd;5a113dd59561dce74f0d5a85883e99ffe6fd097c;5f2615641abebc5f1631fb02285d20a93808cbfb;02e7f3afc1737a1a04a35d22ed9ca7c40570b75c;2e670ab6365099e3d31a1a6fd8ff9aaaa74d98fc;0aceb8aa9606b0e4381e1ce5afc099c8914a3ef1;f743d0f9bec6e673cdd09dfd4554172aaa9b01c7;c5cc11945f60ddc34a1011b1bde47762a33887ab;64fa102e611a869ea31d47a31fdf72ad84f28711;7dd3f6fbb379de20d3c2c7d983d24523acfdbd84;af766adab77452239b29918eb26f033c0f00b313;2232b3ab7b2baef2666bd3f5bf23193e0af2f86e;ae2e0183f6953f872bb04b6b929b374b6f8ac1ae		warning-clean-driver-build-and-focused-test	changed-since-review	inspect-path-change-sequence-against-review-claims
work-r300-tcl-bypass-triangle-c-r300-tcl-bypass-triangle-coverage-82f24546ba77	history-changed-since-review-warning-clean-driver-build-and-focused-test-80dc5184ec73	src/amd/r300/common/r300_tcl_bypass_triangle.c	r300 tcl bypass triangle coverage oracle	1	1	1	0	0	1	1	present	19	84cf229c0d6e290d4a5694efa957454bc04b22c9;4fafa6b132c1c458d76646f2f6b10e603f5d663f;3a32ad98562dd20c4860014c53ef5e95e7c0680b;1b0a2e11dfb54b35af550012234ff5648ebf0111;7ac62205eb882df42462d849cc549086b59227ea;92fc8a2c371472b667a10471e6f8a18de66fd847;dede1a1b318fb4cbc3b4314f1354cd20ee2e6ecd;5a113dd59561dce74f0d5a85883e99ffe6fd097c;5f2615641abebc5f1631fb02285d20a93808cbfb;02e7f3afc1737a1a04a35d22ed9ca7c40570b75c;2e670ab6365099e3d31a1a6fd8ff9aaaa74d98fc;0aceb8aa9606b0e4381e1ce5afc099c8914a3ef1;f743d0f9bec6e673cdd09dfd4554172aaa9b01c7;c5cc11945f60ddc34a1011b1bde47762a33887ab;64fa102e611a869ea31d47a31fdf72ad84f28711;7dd3f6fbb379de20d3c2c7d983d24523acfdbd84;af766adab77452239b29918eb26f033c0f00b313;2232b3ab7b2baef2666bd3f5bf23193e0af2f86e;ae2e0183f6953f872bb04b6b929b374b6f8ac1ae		warning-clean-driver-build-and-focused-test	changed-since-review	inspect-path-change-sequence-against-review-claims
work-r3v-native-attended-sampled-c-pfn-vkvoidfunction-vk-icdgetinstanceprocad-de26af02ffc4	history-changed-since-review-warning-clean-driver-build-and-focused-test-d93ccb91709a	src/amd/r300/vulkan/tests/r3v_native_attended_sampled.c	pfn vkvoidfunction vk icdgetinstanceprocaddr vkinstance instance	1	1	1	0	0	1	1	present	4	be6eb55ff61e6ac44b7e475f70f9edc76d1f8d5b;451d77f250a30cb4c968c8474b0ffaa1a8f1b123;3065def39aa3fde98ca00c66da9612773b451805;dede1a1b318fb4cbc3b4314f1354cd20ee2e6ecd		warning-clean-driver-build-and-focused-test	changed-since-review	inspect-path-change-sequence-against-review-claims
work-r3v-native-cell-c-r3v-native-record-r2vb-status-load-324b7eb7452c	history-changed-since-review-warning-clean-driver-build-and-focused-test-b56d66f96ab8	src/amd/r300/vulkan/r3v_native_cell.c	r3v native record r2vb status load burst float4 model	4	1	1	0	0	1	1	present	13	84cf229c0d6e290d4a5694efa957454bc04b22c9;eae1df80d9c7db3162ed27614fc74de2325ad665;5f2615641abebc5f1631fb02285d20a93808cbfb;73b4fc07196b5bc9e5505406dfc34f4269407165;c7dae69423791abaefee49603b2d45e62086ac19;c5cc11945f60ddc34a1011b1bde47762a33887ab;64fa102e611a869ea31d47a31fdf72ad84f28711;7dd3f6fbb379de20d3c2c7d983d24523acfdbd84;af766adab77452239b29918eb26f033c0f00b313;31650bf8e57d52a812104aeb6cc60449099a86d1;813f5899cd3d315aa4c84213e5be5101fc03f698;10f9e2fa66fd28b97638124d55113218da2a57d5;51e2926b7cd2deabb3dfc6c09e9e3310abca4159		warning-clean-driver-build-and-focused-test	changed-since-review	inspect-path-change-sequence-against-review-claims
work-r3v-native-arming-runner-c-cell-emit-struct-r300-tcl-c3e3e1b947b2	history-changed-since-review-warning-clean-driver-build-and-focused-test-c197f3692b47	src/amd/r300/vulkan/tests/r3v_native_arming_runner.c	cell emit struct r300 tcl bypass triangle ib cell	1	1	1	0	0	1	1	present	12	eae1df80d9c7db3162ed27614fc74de2325ad665;5f2615641abebc5f1631fb02285d20a93808cbfb;0aceb8aa9606b0e4381e1ce5afc099c8914a3ef1;f743d0f9bec6e673cdd09dfd4554172aaa9b01c7;c5cc11945f60ddc34a1011b1bde47762a33887ab;64fa102e611a869ea31d47a31fdf72ad84f28711;a4c39ca2b71127b4a9ffe6a3e524428977fc7c61;8e4c01d4aaf5dbfe222d2bd3763b7ca906eb129c;7dd3f6fbb379de20d3c2c7d983d24523acfdbd84;af766adab77452239b29918eb26f033c0f00b313;2232b3ab7b2baef2666bd3f5bf23193e0af2f86e;ae2e0183f6953f872bb04b6b929b374b6f8ac1ae		warning-clean-driver-build-and-focused-test	changed-since-review	inspect-path-change-sequence-against-review-claims
work-r3v-native-queue-c-cell-geometry-unfrozen-const-struct-r3v-46aa1a5d835b	history-changed-since-review-warning-clean-driver-build-and-focused-test-7f35514648a1	src/amd/r300/vulkan/r3v_native_queue.c	cell geometry unfrozen const struct r3v native cmd buffer cmd buffer	1	1	1	0	0	1	1	present	10	eae1df80d9c7db3162ed27614fc74de2325ad665;5f2615641abebc5f1631fb02285d20a93808cbfb;73b4fc07196b5bc9e5505406dfc34f4269407165;c7dae69423791abaefee49603b2d45e62086ac19;c5cc11945f60ddc34a1011b1bde47762a33887ab;64fa102e611a869ea31d47a31fdf72ad84f28711;14d41350a7d29ed484b247e119139600650ea080;dc380fd9cddf1f112abf0921f5478bd9142ad359;7dd3f6fbb379de20d3c2c7d983d24523acfdbd84;af766adab77452239b29918eb26f033c0f00b313		warning-clean-driver-build-and-focused-test	changed-since-review	inspect-path-change-sequence-against-review-claims
work-r3v-native-attended-composed-c-original-line-12-9ea983fc473f	history-changed-since-review-warning-clean-driver-build-and-focused-test-cafb39d5fb2a	src/amd/r300/vulkan/tests/r3v_native_attended_composed.c	original line 12	1	1	1	0	0	1	1	present	10	f34c5c5ebbea17e56dd5fd49a9122d175544ac5c;99ae7f779dd196aec81f5eef3c02f0ddf0f2fbbc;15e794e1b6218b8fe59b7e9577a07d2b0a38aa99;74e17e547d51997ffb074a92b1f74bef56c702a0;a62e4497766aff089ee68b72c96c0721935b3290;6d7b0b5c0c5292f9b8563651b0351f714353e630;be6eb55ff61e6ac44b7e475f70f9edc76d1f8d5b;451d77f250a30cb4c968c8474b0ffaa1a8f1b123;3065def39aa3fde98ca00c66da9612773b451805;dede1a1b318fb4cbc3b4314f1354cd20ee2e6ecd		warning-clean-driver-build-and-focused-test	changed-since-review	inspect-path-change-sequence-against-review-claims
work-r3v-native-attended-composed-c-original-line-142-2123e448c49f	history-changed-since-review-warning-clean-driver-build-and-focused-test-cafb39d5fb2a	src/amd/r300/vulkan/tests/r3v_native_attended_composed.c	original line 142	1	1	1	0	0	1	1	present	10	f34c5c5ebbea17e56dd5fd49a9122d175544ac5c;99ae7f779dd196aec81f5eef3c02f0ddf0f2fbbc;15e794e1b6218b8fe59b7e9577a07d2b0a38aa99;74e17e547d51997ffb074a92b1f74bef56c702a0;a62e4497766aff089ee68b72c96c0721935b3290;6d7b0b5c0c5292f9b8563651b0351f714353e630;be6eb55ff61e6ac44b7e475f70f9edc76d1f8d5b;451d77f250a30cb4c968c8474b0ffaa1a8f1b123;3065def39aa3fde98ca00c66da9612773b451805;dede1a1b318fb4cbc3b4314f1354cd20ee2e6ecd		warning-clean-driver-build-and-focused-test	changed-since-review	inspect-path-change-sequence-against-review-claims
work-r3v-native-attended-composed-c-original-line-303-f86bde5686f7	history-changed-since-review-warning-clean-driver-build-and-focused-test-cafb39d5fb2a	src/amd/r300/vulkan/tests/r3v_native_attended_composed.c	original line 303	1	1	1	0	0	1	1	present	10	f34c5c5ebbea17e56dd5fd49a9122d175544ac5c;99ae7f779dd196aec81f5eef3c02f0ddf0f2fbbc;15e794e1b6218b8fe59b7e9577a07d2b0a38aa99;74e17e547d51997ffb074a92b1f74bef56c702a0;a62e4497766aff089ee68b72c96c0721935b3290;6d7b0b5c0c5292f9b8563651b0351f714353e630;be6eb55ff61e6ac44b7e475f70f9edc76d1f8d5b;451d77f250a30cb4c968c8474b0ffaa1a8f1b123;3065def39aa3fde98ca00c66da9612773b451805;dede1a1b318fb4cbc3b4314f1354cd20ee2e6ecd		warning-clean-driver-build-and-focused-test	changed-since-review	inspect-path-change-sequence-against-review-claims
work-r3v-native-attended-composed-c-original-line-354-bb0f4c3e1d38	history-changed-since-review-warning-clean-driver-build-and-focused-test-cafb39d5fb2a	src/amd/r300/vulkan/tests/r3v_native_attended_composed.c	original line 354	1	1	1	0	0	1	1	present	10	f34c5c5ebbea17e56dd5fd49a9122d175544ac5c;99ae7f779dd196aec81f5eef3c02f0ddf0f2fbbc;15e794e1b6218b8fe59b7e9577a07d2b0a38aa99;74e17e547d51997ffb074a92b1f74bef56c702a0;a62e4497766aff089ee68b72c96c0721935b3290;6d7b0b5c0c5292f9b8563651b0351f714353e630;be6eb55ff61e6ac44b7e475f70f9edc76d1f8d5b;451d77f250a30cb4c968c8474b0ffaa1a8f1b123;3065def39aa3fde98ca00c66da9612773b451805;dede1a1b318fb4cbc3b4314f1354cd20ee2e6ecd		warning-clean-driver-build-and-focused-test	changed-since-review	inspect-path-change-sequence-against-review-claims
work-r300-tcl-bypass-triangle-test-c-test-varying-shape-vertices-68107db2efe0	history-changed-since-review-warning-clean-driver-build-and-focused-test-7376ea1bc81b	src/amd/r300/common/tests/r300_tcl_bypass_triangle_test.c	test varying shape vertices scale positions alone void	1	1	1	0	0	1	1	present	17	3a32ad98562dd20c4860014c53ef5e95e7c0680b;1b0a2e11dfb54b35af550012234ff5648ebf0111;7ac62205eb882df42462d849cc549086b59227ea;92fc8a2c371472b667a10471e6f8a18de66fd847;dede1a1b318fb4cbc3b4314f1354cd20ee2e6ecd;5a113dd59561dce74f0d5a85883e99ffe6fd097c;5f2615641abebc5f1631fb02285d20a93808cbfb;02e7f3afc1737a1a04a35d22ed9ca7c40570b75c;2e670ab6365099e3d31a1a6fd8ff9aaaa74d98fc;0aceb8aa9606b0e4381e1ce5afc099c8914a3ef1;f743d0f9bec6e673cdd09dfd4554172aaa9b01c7;c5cc11945f60ddc34a1011b1bde47762a33887ab;64fa102e611a869ea31d47a31fdf72ad84f28711;7dd3f6fbb379de20d3c2c7d983d24523acfdbd84;af766adab77452239b29918eb26f033c0f00b313;2232b3ab7b2baef2666bd3f5bf23193e0af2f86e;ae2e0183f6953f872bb04b6b929b374b6f8ac1ae		warning-clean-driver-build-and-focused-test	changed-since-review	inspect-path-change-sequence-against-review-claims
work-r3v-native-attended-composed-c-main-int-argc-char-argv-59d94baeaac5	history-changed-since-review-warning-clean-driver-build-and-focused-test-7fb4a5feab08	src/amd/r300/vulkan/tests/r3v_native_attended_composed.c	main int argc char argv	1	1	1	0	0	1	1	present	9	99ae7f779dd196aec81f5eef3c02f0ddf0f2fbbc;15e794e1b6218b8fe59b7e9577a07d2b0a38aa99;74e17e547d51997ffb074a92b1f74bef56c702a0;a62e4497766aff089ee68b72c96c0721935b3290;6d7b0b5c0c5292f9b8563651b0351f714353e630;be6eb55ff61e6ac44b7e475f70f9edc76d1f8d5b;451d77f250a30cb4c968c8474b0ffaa1a8f1b123;3065def39aa3fde98ca00c66da9612773b451805;dede1a1b318fb4cbc3b4314f1354cd20ee2e6ecd		warning-clean-driver-build-and-focused-test	changed-since-review	inspect-path-change-sequence-against-review-claims
work-r3v-native-attended-composed-render-sample-procedure-md-original-line-c916e554b009	history-changed-since-review-documentation-symbol-and-link-check-df28b59ea216	docs/hardware/r3v-native-attended-composed-render-sample-procedure.md	original line 78	1	1	1	0	0	1	1	present	3	661a73bf5bb99146ce096cc086613c7a819895f3;ddd2b086c9ab06cf4ed45561ef1fb57eae7d4e0e;9fbf23d207e49def0c922f51f8119b2e04d28bf4		documentation-symbol-and-link-check	changed-since-review	inspect-path-change-sequence-against-review-claims
work-r3v-native-attended-composed-render-sample-procedure-md-original-line-e6f65c326ae9	history-changed-since-review-documentation-symbol-and-link-check-df28b59ea216	docs/hardware/r3v-native-attended-composed-render-sample-procedure.md	original line 16	1	1	1	0	0	1	1	present	3	661a73bf5bb99146ce096cc086613c7a819895f3;ddd2b086c9ab06cf4ed45561ef1fb57eae7d4e0e;9fbf23d207e49def0c922f51f8119b2e04d28bf4		documentation-symbol-and-link-check	changed-since-review	inspect-path-change-sequence-against-review-claims
work-r300-tcl-bypass-triangle-c-r300-tcl-bypass-triangle-coverage-55a18c466e94	history-changed-since-review-warning-clean-driver-build-and-focused-test-f6a869d3e1db	src/amd/r300/common/r300_tcl_bypass_triangle.c	r300 tcl bypass triangle coverage oracle predicted	1	1	1	0	0	1	1	present	16	1b0a2e11dfb54b35af550012234ff5648ebf0111;7ac62205eb882df42462d849cc549086b59227ea;92fc8a2c371472b667a10471e6f8a18de66fd847;dede1a1b318fb4cbc3b4314f1354cd20ee2e6ecd;5a113dd59561dce74f0d5a85883e99ffe6fd097c;5f2615641abebc5f1631fb02285d20a93808cbfb;02e7f3afc1737a1a04a35d22ed9ca7c40570b75c;2e670ab6365099e3d31a1a6fd8ff9aaaa74d98fc;0aceb8aa9606b0e4381e1ce5afc099c8914a3ef1;f743d0f9bec6e673cdd09dfd4554172aaa9b01c7;c5cc11945f60ddc34a1011b1bde47762a33887ab;64fa102e611a869ea31d47a31fdf72ad84f28711;7dd3f6fbb379de20d3c2c7d983d24523acfdbd84;af766adab77452239b29918eb26f033c0f00b313;2232b3ab7b2baef2666bd3f5bf23193e0af2f86e;ae2e0183f6953f872bb04b6b929b374b6f8ac1ae		warning-clean-driver-build-and-focused-test	changed-since-review	inspect-path-change-sequence-against-review-claims
work-r3v-native-attended-composed-c-report-const-char-label-const-dbf0d79f3f80	history-changed-since-review-warning-clean-driver-build-and-focused-test-5c1d44280a3d	src/amd/r300/vulkan/tests/r3v_native_attended_composed.c	report const char label const struct r300 triangle coverage verdict v	1	1	1	0	0	1	1	present	8	15e794e1b6218b8fe59b7e9577a07d2b0a38aa99;74e17e547d51997ffb074a92b1f74bef56c702a0;a62e4497766aff089ee68b72c96c0721935b3290;6d7b0b5c0c5292f9b8563651b0351f714353e630;be6eb55ff61e6ac44b7e475f70f9edc76d1f8d5b;451d77f250a30cb4c968c8474b0ffaa1a8f1b123;3065def39aa3fde98ca00c66da9612773b451805;dede1a1b318fb4cbc3b4314f1354cd20ee2e6ecd		warning-clean-driver-build-and-focused-test	changed-since-review	inspect-path-change-sequence-against-review-claims
work-r300-tcl-bypass-triangle-c-r300-tcl-bypass-triangle-interior-b52bc335f53d	history-changed-since-review-warning-clean-driver-build-and-focused-test-5878f3c56eb7	src/amd/r300/common/r300_tcl_bypass_triangle.c	r300 tcl bypass triangle interior oracle	1	1	1	0	0	1	1	present	15	7ac62205eb882df42462d849cc549086b59227ea;92fc8a2c371472b667a10471e6f8a18de66fd847;dede1a1b318fb4cbc3b4314f1354cd20ee2e6ecd;5a113dd59561dce74f0d5a85883e99ffe6fd097c;5f2615641abebc5f1631fb02285d20a93808cbfb;02e7f3afc1737a1a04a35d22ed9ca7c40570b75c;2e670ab6365099e3d31a1a6fd8ff9aaaa74d98fc;0aceb8aa9606b0e4381e1ce5afc099c8914a3ef1;f743d0f9bec6e673cdd09dfd4554172aaa9b01c7;c5cc11945f60ddc34a1011b1bde47762a33887ab;64fa102e611a869ea31d47a31fdf72ad84f28711;7dd3f6fbb379de20d3c2c7d983d24523acfdbd84;af766adab77452239b29918eb26f033c0f00b313;2232b3ab7b2baef2666bd3f5bf23193e0af2f86e;ae2e0183f6953f872bb04b6b929b374b6f8ac1ae		warning-clean-driver-build-and-focused-test	changed-since-review	inspect-path-change-sequence-against-review-claims
work-r300-tcl-bypass-triangle-h-void-r300-tcl-bypass-triangle-ff19f7842a70	history-changed-since-review-warning-clean-driver-build-and-focused-test-5878f3c56eb7	src/amd/r300/common/r300_tcl_bypass_triangle.h	void r300 tcl bypass triangle interior oracle	1	1	1	0	0	1	1	present	15	7ac62205eb882df42462d849cc549086b59227ea;92fc8a2c371472b667a10471e6f8a18de66fd847;dede1a1b318fb4cbc3b4314f1354cd20ee2e6ecd;5a113dd59561dce74f0d5a85883e99ffe6fd097c;5f2615641abebc5f1631fb02285d20a93808cbfb;02e7f3afc1737a1a04a35d22ed9ca7c40570b75c;2e670ab6365099e3d31a1a6fd8ff9aaaa74d98fc;0aceb8aa9606b0e4381e1ce5afc099c8914a3ef1;f743d0f9bec6e673cdd09dfd4554172aaa9b01c7;c5cc11945f60ddc34a1011b1bde47762a33887ab;64fa102e611a869ea31d47a31fdf72ad84f28711;7dd3f6fbb379de20d3c2c7d983d24523acfdbd84;af766adab77452239b29918eb26f033c0f00b313;2232b3ab7b2baef2666bd3f5bf23193e0af2f86e;ae2e0183f6953f872bb04b6b929b374b6f8ac1ae		warning-clean-driver-build-and-focused-test	changed-since-review	inspect-path-change-sequence-against-review-claims
work-agents-md-structure-agent-loaded-markdown-documents-with-clean-predictab-65dc76c1fb17	history-changed-since-review-documentation-symbol-and-link-check-41265ba98066	AGENTS.md	structure agent loaded markdown documents with clean predictable formatting	1	1	1	0	0	1	1	present	7	51f57acd4012136e17651596b9591d25d90d6175;4b0c1f55abd1c9d84022973e14fd40d639426ec9;6c94fa74ff9c5cf359fee995d278623e8e51d06f;bc38bb8840c92d4b64d9f25d5d83c5f2345007c7;4420389af742cd6354dceac2584fd4fd8ad74ec8;292c0318de096554d204725077710d177a3196f2;f743d0f9bec6e673cdd09dfd4554172aaa9b01c7		documentation-symbol-and-link-check	changed-since-review	inspect-path-change-sequence-against-review-claims
work-agents-md-these-rules-are-enforceable-later-sections-explain-mechanism-6b95ca4be917	history-changed-since-review-documentation-symbol-and-link-check-5b4ed629f9c1	AGENTS.md	these rules are enforceable later sections explain mechanism or rationale and n	3	1	1	0	0	1	1	present	8	aa981dd2fb3a6b1901dc611f950542979c2730a5;51f57acd4012136e17651596b9591d25d90d6175;4b0c1f55abd1c9d84022973e14fd40d639426ec9;6c94fa74ff9c5cf359fee995d278623e8e51d06f;bc38bb8840c92d4b64d9f25d5d83c5f2345007c7;4420389af742cd6354dceac2584fd4fd8ad74ec8;292c0318de096554d204725077710d177a3196f2;f743d0f9bec6e673cdd09dfd4554172aaa9b01c7		documentation-symbol-and-link-check	changed-since-review	inspect-path-change-sequence-against-review-claims
work-agents-md-when-open-proofs-is-available-use-proof-names-2decc56edcf5	history-changed-since-review-documentation-symbol-and-link-check-5b4ed629f9c1	AGENTS.md	when open proofs is available use proof names as review checks	2	1	1	0	0	1	1	present	8	aa981dd2fb3a6b1901dc611f950542979c2730a5;51f57acd4012136e17651596b9591d25d90d6175;4b0c1f55abd1c9d84022973e14fd40d639426ec9;6c94fa74ff9c5cf359fee995d278623e8e51d06f;bc38bb8840c92d4b64d9f25d5d83c5f2345007c7;4420389af742cd6354dceac2584fd4fd8ad74ec8;292c0318de096554d204725077710d177a3196f2;f743d0f9bec6e673cdd09dfd4554172aaa9b01c7		documentation-symbol-and-link-check	changed-since-review	inspect-path-change-sequence-against-review-claims
work-r3v-wsi-denominator-md-driver-s-own-entry-points-69ead151e01c	history-unchanged-since-review-documentation-symbol-and-link-check-4e2cfb6e81eb	docs/hardware/r3v-wsi-denominator.md	driver s own entry points	1	1	1	0	1	0	1	present	0			documentation-symbol-and-link-check	unchanged-since-review	compare-current-code-with-review-claim
work-r300-tcl-bypass-triangle-c-r300-tcl-bypass-triangle-bind-304fce058989	history-changed-since-review-warning-clean-driver-build-and-focused-test-0f5e508e9a07	src/amd/r300/common/r300_tcl_bypass_triangle.c	r300 tcl bypass triangle bind reloc indices	4	1	1	0	0	1	1	present	14	92fc8a2c371472b667a10471e6f8a18de66fd847;dede1a1b318fb4cbc3b4314f1354cd20ee2e6ecd;5a113dd59561dce74f0d5a85883e99ffe6fd097c;5f2615641abebc5f1631fb02285d20a93808cbfb;02e7f3afc1737a1a04a35d22ed9ca7c40570b75c;2e670ab6365099e3d31a1a6fd8ff9aaaa74d98fc;0aceb8aa9606b0e4381e1ce5afc099c8914a3ef1;f743d0f9bec6e673cdd09dfd4554172aaa9b01c7;c5cc11945f60ddc34a1011b1bde47762a33887ab;64fa102e611a869ea31d47a31fdf72ad84f28711;7dd3f6fbb379de20d3c2c7d983d24523acfdbd84;af766adab77452239b29918eb26f033c0f00b313;2232b3ab7b2baef2666bd3f5bf23193e0af2f86e;ae2e0183f6953f872bb04b6b929b374b6f8ac1ae		warning-clean-driver-build-and-focused-test	changed-since-review	inspect-path-change-sequence-against-review-claims
work-r300-tcl-bypass-triangle-c-r300-tcl-bypass-triangle-validate-6f77a10b9fee	history-changed-since-review-warning-clean-driver-build-and-focused-test-0f5e508e9a07	src/amd/r300/common/r300_tcl_bypass_triangle.c	r300 tcl bypass triangle validate reloc sites	1	1	1	0	0	1	1	present	14	92fc8a2c371472b667a10471e6f8a18de66fd847;dede1a1b318fb4cbc3b4314f1354cd20ee2e6ecd;5a113dd59561dce74f0d5a85883e99ffe6fd097c;5f2615641abebc5f1631fb02285d20a93808cbfb;02e7f3afc1737a1a04a35d22ed9ca7c40570b75c;2e670ab6365099e3d31a1a6fd8ff9aaaa74d98fc;0aceb8aa9606b0e4381e1ce5afc099c8914a3ef1;f743d0f9bec6e673cdd09dfd4554172aaa9b01c7;c5cc11945f60ddc34a1011b1bde47762a33887ab;64fa102e611a869ea31d47a31fdf72ad84f28711;7dd3f6fbb379de20d3c2c7d983d24523acfdbd84;af766adab77452239b29918eb26f033c0f00b313;2232b3ab7b2baef2666bd3f5bf23193e0af2f86e;ae2e0183f6953f872bb04b6b929b374b6f8ac1ae		warning-clean-driver-build-and-focused-test	changed-since-review	inspect-path-change-sequence-against-review-claims
work-merged-review-thread-action-frontier-tsv-original-line-2-96eb38c12512	history-changed-since-review-schema-generator-and-mutation-check-32dd77187cbf	build-infra/docs/merged-review-thread-action-frontier.tsv	original line 2	1	1	1	0	0	1	1	present	5	b5acf9f4e07272c713c0c51152a949d9cdd89b83;4e3411822815e3a59ab09b41a67ef9ece3381d3c;d6661faf431e4998f5e7d1879b1d6d6eb3c7bf7c;73759399b38e424bc37ce26f60fa228b6ccc35eb;5553f18dd493d70594299d8b24ab9d151f1bd863		schema-generator-and-mutation-check	changed-since-review	inspect-path-change-sequence-against-review-claims
work-merged-review-thread-action-frontier-tsv-original-line-9-6de3c723a742	history-changed-since-review-schema-generator-and-mutation-check-32dd77187cbf	build-infra/docs/merged-review-thread-action-frontier.tsv	original line 9	1	1	1	0	0	1	1	present	5	b5acf9f4e07272c713c0c51152a949d9cdd89b83;4e3411822815e3a59ab09b41a67ef9ece3381d3c;d6661faf431e4998f5e7d1879b1d6d6eb3c7bf7c;73759399b38e424bc37ce26f60fa228b6ccc35eb;5553f18dd493d70594299d8b24ab9d151f1bd863		schema-generator-and-mutation-check	changed-since-review	inspect-path-change-sequence-against-review-claims
work-merged-review-thread-resolution-campaign-md-original-line-49-86a59b5af1fb	history-changed-since-review-documentation-symbol-and-link-check-bbb13eb1ee40	build-infra/docs/merged-review-thread-resolution-campaign.md	original line 49	1	1	1	0	0	1	1	present	70	b5acf9f4e07272c713c0c51152a949d9cdd89b83;27e590ad4c139037e13780e746b466b634b3e8ec;73759399b38e424bc37ce26f60fa228b6ccc35eb;5553f18dd493d70594299d8b24ab9d151f1bd863;dd93eca45e58f3592e505b67a15625829feffb91;90ac20844cdc41954ae6705b0ae3686f61ac27b9;e0492b811b51ddfda017f2e819286a577174baca;808e258f17e4ae05fd17c90cbe39c9bf47dfdcc4;e4aa59105a2b25652f339f04a1feb3eff843f354;397aa1923eb52b369932849f25ed497cd2a069ba;74e17e547d51997ffb074a92b1f74bef56c702a0;7af98fb2fd11549810dfaf5bb44775cd35642368;fc343bf327db0800f2d1ed960b8adbf4026fd4b6;3e36c9bce7b568c1aaf1a05feabfc97c79e0928a;05d14e686f3620d5822daef37caaf7ab3ea67254;ed20af083377495eeff79cee060323b7c229b8e4;2dc75a299cea500fa3d735edaf8e0e5e318a97a7;63d7eb1226bb4257f3d92cb8c7f4196215c213fb;2b19f9ecd752f5f410b6b213bd868ffda5b4a6ee;b2b68f46810c9808386f5b7a38adde70352f7050;20475d62f179460ff34d1ba69546121998332102;79ae1d8c18f62e80ea0a4a752205a1bf2b6c24e0;48f01c597f39b22edc69f30e3ac51b36f5ae6b7e;e0fb9fdbdf770e324eddc7287998cb6e7a2d5bd6;de7dadb87bd04645746160f6a0198f7ce5099669;ed31e4154700485767c60038102a46077574d1f9;4cf709a16011ff323127c8ac179603a5bf5c1552;a2bfd6032c81faa75994dfd4f57b279200a0776f;99752c66134e0936a0a30ab2ca09d3149aa4b72c;8e7b955bc15dfe05d333ef2da5d4fc27ac940c3e;00a98af45542fa3a04d24da888fef34e722f1a6d;936c7c544ddc1b182f140b1c775e8274f091a986;82144670ed9d154821d7c6b6552ffa8a60eb57fa;836e34013c23e8fa516d101bee5eaaf680e062c0;ab91af3e930c32924d6b0b02a700e47c9df6c6d4;a658cfdaed0260b20491c89e7e5710ced3ca1fb4;a5398569788115cfc7203f36207a6bf2ff4bde69;acb3fac3c9f526b2fa5c91b65a59fc6b28fd1a6f;439f78e5a64fd90f910be01e3312094347a8e235;34cfba8dc91dd24f52649e6a6ea19f1299836d17;c610aceb05a859e3fc1712bf774e593bf5dd2689;acb2974a5cc42df9e66660e670c32b51249c804e;277b6bde3d6c9243cec768ac569e40750b07117c;c249fec76a8579d842cc69e4182be62b3cbe01bd;0645b4535864795c7021489eee30d09746cf9990;9fc0c14839b69a92d7b36a896da96ef45eaf8621;dfe38d6ba518be281daa1952dc3f05b35652e48a;9651cd7102e5e3ec93296c5265535ed00fe27172;eb5350e40a1124cfe4f190183a016563ace8be29;5a06409e65cdfaf70d272333ad494b2999d79184;dad985432a5227e34eff2c6aac21777eb51a9fd8;b918e1135f318e3253a3fc76cea94bdbbae6c560;01bd7154ac2e71e71adf2880c8b19248b79ac895;13b528cf29c8c6e3c86a7e789e58d5d18dd1434d;f122d1469c6b93a2dd96d84f74a0da2c14c04a4c;7df10808834d2177b3798410d7b30f35bb2dcbb0;9d9dcbfead84aff98f31cdedd006bc9102900bd8;a07febeccf010873be31e6675cbe5045e5f7c9a8;3fbf988d7ce8b121824cc7d6bfd3c88d39d5b96b;c6c629d0071f1d0e4f64bcfd642fc9dbe69d0867;1e48e2074c1f133c350f47fec91f14fa3ca3ab44;ba9456059bb308b499b8940148d78b806adf67fc;c2174808ccce0b2d138f12684f50fbe07baab384;da44c2d7c8636c4e904b9ca416085d07f38c2264;5d85778319f88212092c4d7916492f0b465379d9;157e442f0a6f8994c6f937b0b8d4579c9a56667b;63b281f3606bcdb4c8e8d91cacc507948d15cca9;47caab238b3d1c7183be536187f6cc57843ae41b;263c9e82cb8efb475d1866a0e5566ba060a4ed12;abc5b075722040427bd5c78623a0019da55905be		documentation-symbol-and-link-check	changed-since-review	inspect-path-change-sequence-against-review-claims
work-review-thread-frontier-py-original-line-295-2ffa64a25969	history-changed-since-review-python-test-black-and-ruff-239afee272a4	build-infra/scripts/review_thread_frontier.py	original line 295	1	1	1	0	0	1	1	present	7	b5acf9f4e07272c713c0c51152a949d9cdd89b83;e4aa59105a2b25652f339f04a1feb3eff843f354;74e17e547d51997ffb074a92b1f74bef56c702a0;12d789e1fede9074aa5d18d6547c080e35e7689e;5b2ec8602ac401e07cf5f7436099c996a333a478;48f01c597f39b22edc69f30e3ac51b36f5ae6b7e;e0fb9fdbdf770e324eddc7287998cb6e7a2d5bd6		python-test-black-and-ruff	changed-since-review	inspect-path-change-sequence-against-review-claims
work-merged-review-thread-resolution-ledger-tsv-original-line-2-0e8951d4f879	history-changed-since-review-schema-generator-and-mutation-check-8a9e18822873	build-infra/docs/merged-review-thread-resolution-ledger.tsv	original line 2	1	1	1	0	0	1	1	present	3	d6661faf431e4998f5e7d1879b1d6d6eb3c7bf7c;73759399b38e424bc37ce26f60fa228b6ccc35eb;5553f18dd493d70594299d8b24ab9d151f1bd863		schema-generator-and-mutation-check	changed-since-review	inspect-path-change-sequence-against-review-claims
work-terakan-carrier-submit-scratch-test-c-original-line-83-283729988d3f	history-unchanged-since-review-warning-clean-driver-build-and-focused-test-386e4ec442e6	src/amd/terascale/vulkan/tests/terakan_carrier_submit_scratch_test.c	original line 83	1	1	1	0	1	0	1	present	0			warning-clean-driver-build-and-focused-test	unchanged-since-review	compare-current-code-with-review-claim
work-terakan-queue-c-terakan-queue-submit-struct-vk-queue-const-af7bd018215c	history-unchanged-since-review-warning-clean-driver-build-and-focused-test-386e4ec442e6	src/amd/terascale/vulkan/terakan_queue.c	terakan queue submit struct vk queue const queue base struct vk queue submit	1	1	1	0	1	0	1	present	0			warning-clean-driver-build-and-focused-test	unchanged-since-review	compare-current-code-with-review-claim
work-terakan-nir-lower-bindings-c-terakan-nir-lower-bindings-nir-b82b42c4c466	history-unchanged-since-review-warning-clean-driver-build-and-focused-test-386e4ec442e6	src/amd/terascale/vulkan/nir/terakan_nir_lower_bindings.c	terakan nir lower bindings nir shader const shader	1	1	1	0	1	0	1	present	0			warning-clean-driver-build-and-focused-test	unchanged-since-review	compare-current-code-with-review-claim
work-terakan-nir-lower-tg4-view-swizzle-c-terakan-nir-lower-e37bc04e2755	history-unchanged-since-review-warning-clean-driver-build-and-focused-test-386e4ec442e6	src/amd/terascale/vulkan/nir/terakan_nir_lower_tg4_view_swizzle.c	terakan nir lower tg4 view swizzle instr nir builder const b	1	1	1	0	1	0	1	present	0			warning-clean-driver-build-and-focused-test	unchanged-since-review	compare-current-code-with-review-claim
work-terakan-robustness-metadata-c-terakan-robustness-metadata-apply-ba1e699f7470	history-unchanged-since-review-warning-clean-driver-build-and-focused-test-386e4ec442e6	src/amd/terascale/vulkan/terakan_robustness_metadata.c	terakan robustness metadata apply	2	1	1	0	1	0	1	present	0			warning-clean-driver-build-and-focused-test	unchanged-since-review	compare-current-code-with-review-claim
work-merged-review-thread-action-frontier-tsv-original-line-38-87420329d642	history-changed-since-review-schema-generator-and-mutation-check-5f750ad181de	build-infra/docs/merged-review-thread-action-frontier.tsv	original line 38	1	1	1	0	0	1	1	present	2	73759399b38e424bc37ce26f60fa228b6ccc35eb;5553f18dd493d70594299d8b24ab9d151f1bd863		schema-generator-and-mutation-check	changed-since-review	inspect-path-change-sequence-against-review-claims
work-merged-review-thread-action-frontier-tsv-original-line-4-8af1d4295a4c	history-changed-since-review-schema-generator-and-mutation-check-5f750ad181de	build-infra/docs/merged-review-thread-action-frontier.tsv	original line 4	2	1	1	0	0	1	1	present	2	73759399b38e424bc37ce26f60fa228b6ccc35eb;5553f18dd493d70594299d8b24ab9d151f1bd863		schema-generator-and-mutation-check	changed-since-review	inspect-path-change-sequence-against-review-claims
work-merged-review-thread-action-frontier-tsv-original-line-48-2e3b8bb0658c	history-changed-since-review-schema-generator-and-mutation-check-5f750ad181de	build-infra/docs/merged-review-thread-action-frontier.tsv	original line 48	1	1	1	0	0	1	1	present	2	73759399b38e424bc37ce26f60fa228b6ccc35eb;5553f18dd493d70594299d8b24ab9d151f1bd863		schema-generator-and-mutation-check	changed-since-review	inspect-path-change-sequence-against-review-claims
work-action-frontier-tsv-original-line-1-799bf27c95d0	history-unchanged-since-review-schema-generator-and-mutation-check-3537c9f4744f	build-infra/docs/review-thread-frontiers/merged-pr1-pr90/action-frontier.tsv	original line 1	1	1	1	0	1	0	1	present	0			schema-generator-and-mutation-check	unchanged-since-review	compare-current-code-with-review-claim
work-manifest-json-original-line-1-e5894eb6dd96	history-unchanged-since-review-schema-generator-and-mutation-check-3537c9f4744f	build-infra/docs/review-thread-frontiers/merged-pr93-pr161/manifest.json	original line 1	1	1	1	0	1	0	1	present	0			schema-generator-and-mutation-check	unchanged-since-review	compare-current-code-with-review-claim
work-review-thread-batch-capture-py-original-line-192-ebc202e7be5f	history-unchanged-since-review-python-test-black-and-ruff-43c6875221d9	build-infra/scripts/review_thread_batch_capture.py	original line 192	1	1	1	0	1	0	1	present	0			python-test-black-and-ruff	unchanged-since-review	compare-current-code-with-review-claim
work-review-thread-batch-capture-py-original-line-682-f771ec650d3e	history-unchanged-since-review-python-test-black-and-ruff-43c6875221d9	build-infra/scripts/review_thread_batch_capture.py	original line 682	1	1	1	0	1	0	1	present	0			python-test-black-and-ruff	unchanged-since-review	compare-current-code-with-review-claim
work-review-thread-batch-capture-py-original-line-834-e1f039b23418	history-unchanged-since-review-python-test-black-and-ruff-43c6875221d9	build-infra/scripts/review_thread_batch_capture.py	original line 834	1	1	1	0	1	0	1	present	0			python-test-black-and-ruff	unchanged-since-review	compare-current-code-with-review-claim
work-review-thread-batch-capture-py-original-line-890-e89c9867260a	history-unchanged-since-review-python-test-black-and-ruff-43c6875221d9	build-infra/scripts/review_thread_batch_capture.py	original line 890	1	1	1	0	1	0	1	present	0			python-test-black-and-ruff	unchanged-since-review	compare-current-code-with-review-claim
work-assessments-tsv-original-line-2-40313d1487ef	history-changed-since-review-schema-generator-and-mutation-check-993d4b3c011c	build-infra/docs/review-thread-classifications/merged-pr93-pr161/assessments.tsv	original line 2	1	1	1	0	0	1	1	present	1	5553f18dd493d70594299d8b24ab9d151f1bd863	5553f18dd493d70594299d8b24ab9d151f1bd863	schema-generator-and-mutation-check	changed-since-review	verify-single-path-change-against-review-claims
work-assessments-tsv-original-line-39-2d08f3d2e323	history-changed-since-review-schema-generator-and-mutation-check-993d4b3c011c	build-infra/docs/review-thread-classifications/merged-pr93-pr161/assessments.tsv	original line 39	1	1	1	0	0	1	1	present	1	5553f18dd493d70594299d8b24ab9d151f1bd863	5553f18dd493d70594299d8b24ab9d151f1bd863	schema-generator-and-mutation-check	changed-since-review	verify-single-path-change-against-review-claims
work-review-thread-classification-py-original-line-133-bf88f3e97378	history-changed-since-review-python-test-black-and-ruff-3515e7bb829c	build-infra/scripts/review_thread_classification.py	original line 133	1	1	1	0	0	1	1	present	1	5553f18dd493d70594299d8b24ab9d151f1bd863	5553f18dd493d70594299d8b24ab9d151f1bd863	python-test-black-and-ruff	changed-since-review	verify-single-path-change-against-review-claims
work-review-thread-classification-py-original-line-198-25908dca8c6d	history-changed-since-review-python-test-black-and-ruff-3515e7bb829c	build-infra/scripts/review_thread_classification.py	original line 198	1	1	1	0	0	1	1	present	1	5553f18dd493d70594299d8b24ab9d151f1bd863	5553f18dd493d70594299d8b24ab9d151f1bd863	python-test-black-and-ruff	changed-since-review	verify-single-path-change-against-review-claims
work-review-thread-resolution-py-original-line-205-fcd7920434c0	history-changed-since-review-python-test-black-and-ruff-c9a6d22767f6	build-infra/scripts/review_thread_resolution.py	original line 205	1	1	1	0	0	1	1	present	2	de7dadb87bd04645746160f6a0198f7ce5099669;ed31e4154700485767c60038102a46077574d1f9		python-test-black-and-ruff	changed-since-review	inspect-path-change-sequence-against-review-claims
work-review-thread-resolution-py-original-line-184-8fa3088ae76b	history-changed-since-review-python-test-black-and-ruff-c9a6d22767f6	build-infra/scripts/review_thread_resolution.py	original line 184	1	1	1	0	0	1	1	present	2	de7dadb87bd04645746160f6a0198f7ce5099669;ed31e4154700485767c60038102a46077574d1f9		python-test-black-and-ruff	changed-since-review	inspect-path-change-sequence-against-review-claims
work-review-thread-resolution-py-original-line-220-94b704c8a28b	history-changed-since-review-python-test-black-and-ruff-c9a6d22767f6	build-infra/scripts/review_thread_resolution.py	original line 220	1	1	1	0	0	1	1	present	2	de7dadb87bd04645746160f6a0198f7ce5099669;ed31e4154700485767c60038102a46077574d1f9		python-test-black-and-ruff	changed-since-review	inspect-path-change-sequence-against-review-claims
work-review-thread-resolution-py-original-line-226-ad77ca4a18e2	history-changed-since-review-python-test-black-and-ruff-c9a6d22767f6	build-infra/scripts/review_thread_resolution.py	original line 226	1	1	1	0	0	1	1	present	2	de7dadb87bd04645746160f6a0198f7ce5099669;ed31e4154700485767c60038102a46077574d1f9		python-test-black-and-ruff	changed-since-review	inspect-path-change-sequence-against-review-claims
work-review-thread-resolution-py-original-line-238-a5909e803a24	history-changed-since-review-python-test-black-and-ruff-c9a6d22767f6	build-infra/scripts/review_thread_resolution.py	original line 238	1	1	1	0	0	1	1	present	2	de7dadb87bd04645746160f6a0198f7ce5099669;ed31e4154700485767c60038102a46077574d1f9		python-test-black-and-ruff	changed-since-review	inspect-path-change-sequence-against-review-claims
work-merged-review-thread-resolution-campaign-md-relevant-focused-gate-resolu-05d35a82ffb2	history-changed-since-review-documentation-symbol-and-link-check-144996f569bc	build-infra/docs/merged-review-thread-resolution-campaign.md	relevant focused gate resolution of the exact graphql thread id and a final	3	2	2	0	0	2	2	present	64	e0492b811b51ddfda017f2e819286a577174baca;808e258f17e4ae05fd17c90cbe39c9bf47dfdcc4;e4aa59105a2b25652f339f04a1feb3eff843f354;397aa1923eb52b369932849f25ed497cd2a069ba;74e17e547d51997ffb074a92b1f74bef56c702a0;7af98fb2fd11549810dfaf5bb44775cd35642368;fc343bf327db0800f2d1ed960b8adbf4026fd4b6;3e36c9bce7b568c1aaf1a05feabfc97c79e0928a;05d14e686f3620d5822daef37caaf7ab3ea67254;ed20af083377495eeff79cee060323b7c229b8e4;2dc75a299cea500fa3d735edaf8e0e5e318a97a7;63d7eb1226bb4257f3d92cb8c7f4196215c213fb;2b19f9ecd752f5f410b6b213bd868ffda5b4a6ee;b2b68f46810c9808386f5b7a38adde70352f7050;20475d62f179460ff34d1ba69546121998332102;79ae1d8c18f62e80ea0a4a752205a1bf2b6c24e0;48f01c597f39b22edc69f30e3ac51b36f5ae6b7e;e0fb9fdbdf770e324eddc7287998cb6e7a2d5bd6;de7dadb87bd04645746160f6a0198f7ce5099669;ed31e4154700485767c60038102a46077574d1f9;4cf709a16011ff323127c8ac179603a5bf5c1552;a2bfd6032c81faa75994dfd4f57b279200a0776f;99752c66134e0936a0a30ab2ca09d3149aa4b72c;8e7b955bc15dfe05d333ef2da5d4fc27ac940c3e;00a98af45542fa3a04d24da888fef34e722f1a6d;936c7c544ddc1b182f140b1c775e8274f091a986;82144670ed9d154821d7c6b6552ffa8a60eb57fa;836e34013c23e8fa516d101bee5eaaf680e062c0;ab91af3e930c32924d6b0b02a700e47c9df6c6d4;a658cfdaed0260b20491c89e7e5710ced3ca1fb4;a5398569788115cfc7203f36207a6bf2ff4bde69;acb3fac3c9f526b2fa5c91b65a59fc6b28fd1a6f;439f78e5a64fd90f910be01e3312094347a8e235;34cfba8dc91dd24f52649e6a6ea19f1299836d17;c610aceb05a859e3fc1712bf774e593bf5dd2689;acb2974a5cc42df9e66660e670c32b51249c804e;277b6bde3d6c9243cec768ac569e40750b07117c;c249fec76a8579d842cc69e4182be62b3cbe01bd;0645b4535864795c7021489eee30d09746cf9990;9fc0c14839b69a92d7b36a896da96ef45eaf8621;dfe38d6ba518be281daa1952dc3f05b35652e48a;9651cd7102e5e3ec93296c5265535ed00fe27172;eb5350e40a1124cfe4f190183a016563ace8be29;5a06409e65cdfaf70d272333ad494b2999d79184;dad985432a5227e34eff2c6aac21777eb51a9fd8;b918e1135f318e3253a3fc76cea94bdbbae6c560;01bd7154ac2e71e71adf2880c8b19248b79ac895;13b528cf29c8c6e3c86a7e789e58d5d18dd1434d;f122d1469c6b93a2dd96d84f74a0da2c14c04a4c;7df10808834d2177b3798410d7b30f35bb2dcbb0;9d9dcbfead84aff98f31cdedd006bc9102900bd8;a07febeccf010873be31e6675cbe5045e5f7c9a8;3fbf988d7ce8b121824cc7d6bfd3c88d39d5b96b;c6c629d0071f1d0e4f64bcfd642fc9dbe69d0867;1e48e2074c1f133c350f47fec91f14fa3ca3ab44;ba9456059bb308b499b8940148d78b806adf67fc;c2174808ccce0b2d138f12684f50fbe07baab384;da44c2d7c8636c4e904b9ca416085d07f38c2264;5d85778319f88212092c4d7916492f0b465379d9;157e442f0a6f8994c6f937b0b8d4579c9a56667b;63b281f3606bcdb4c8e8d91cacc507948d15cca9;47caab238b3d1c7183be536187f6cc57843ae41b;263c9e82cb8efb475d1866a0e5566ba060a4ed12;abc5b075722040427bd5c78623a0019da55905be		documentation-symbol-and-link-check	changed-since-review	inspect-path-change-sequence-against-review-claims
work-meson-build-amd-terascale-formats-c-custom-target-2cb85e428d82	history-unchanged-since-review-configure-build-and-artifact-check-b8badbaa6705	src/amd/terascale/common/meson.build	amd terascale formats c custom target	1	1	1	0	1	0	1	present	0			configure-build-and-artifact-check	unchanged-since-review	compare-current-code-with-review-claim
work-gpuvis-trace-utils-h-static-int-exec-tracecmd-argv-const-7eb61e99c875	history-unchanged-since-review-warning-clean-build-and-focused-test-c4a5a2a1ae7d	src/util/perf/gpuvis_trace_utils.h	static int exec tracecmd argv const char const argv bool background const	1	1	1	0	1	0	1	present	0			warning-clean-build-and-focused-test	unchanged-since-review	compare-current-code-with-review-claim
work-draw-vs-nir-c-draw-vs-nir-io-slots-const-890df8cecb4e	history-changed-since-review-warning-clean-build-and-focused-test-a54b90065500	src/gallium/auxiliary/draw/draw_vs_nir.c	draw vs nir io slots const struct glsl type type bool bindless	2	1	1	0	0	1	1	present	5	a110dfb796c40aac3c01c79e088c673f64f1f4c4;cad61db3c2003d28fd44bbdbd3d0c8bff1447d91;f7f60db090af11e7ad491042afccd29e40fc6b2e;6badbe2737f2a66496ddc9e126843c2754f49dfc;e7656d6bf70d3492a70200cbfb97f8fb646b7c58		warning-clean-build-and-focused-test	changed-since-review	inspect-path-change-sequence-against-review-claims
work-action-frontier-tsv-original-line-2-d61223f31f48	history-changed-since-review-schema-generator-and-mutation-check-396c4c52297a	build-infra/docs/review-thread-classifications/merged-thread-frontier-92b67f719e7b/action-frontier.tsv	original line 2	1	1	1	0	0	1	1	present	5	808e258f17e4ae05fd17c90cbe39c9bf47dfdcc4;e4aa59105a2b25652f339f04a1feb3eff843f354;74e17e547d51997ffb074a92b1f74bef56c702a0;0a7321fa55abf355a1084cf0bc8b5d97e1a1906d;5b2ec8602ac401e07cf5f7436099c996a333a478		schema-generator-and-mutation-check	changed-since-review	inspect-path-change-sequence-against-review-claims
work-action-frontier-tsv-original-line-35-6dd1ac63b0d0	history-changed-since-review-schema-generator-and-mutation-check-396c4c52297a	build-infra/docs/review-thread-classifications/merged-thread-frontier-92b67f719e7b/action-frontier.tsv	original line 35	1	1	1	0	0	1	1	present	5	808e258f17e4ae05fd17c90cbe39c9bf47dfdcc4;e4aa59105a2b25652f339f04a1feb3eff843f354;74e17e547d51997ffb074a92b1f74bef56c702a0;0a7321fa55abf355a1084cf0bc8b5d97e1a1906d;5b2ec8602ac401e07cf5f7436099c996a333a478		schema-generator-and-mutation-check	changed-since-review	inspect-path-change-sequence-against-review-claims
work-assessments-tsv-original-line-1-d9b87f81563c	history-changed-since-review-schema-generator-and-mutation-check-396c4c52297a	build-infra/docs/review-thread-classifications/merged-thread-frontier-92b67f719e7b/assessments.tsv	original line 1	1	1	1	0	0	1	1	present	5	808e258f17e4ae05fd17c90cbe39c9bf47dfdcc4;e4aa59105a2b25652f339f04a1feb3eff843f354;74e17e547d51997ffb074a92b1f74bef56c702a0;0a7321fa55abf355a1084cf0bc8b5d97e1a1906d;5b2ec8602ac401e07cf5f7436099c996a333a478		schema-generator-and-mutation-check	changed-since-review	inspect-path-change-sequence-against-review-claims
work-assessments-tsv-original-line-19-dd8958b28cbb	history-changed-since-review-schema-generator-and-mutation-check-396c4c52297a	build-infra/docs/review-thread-classifications/merged-thread-frontier-92b67f719e7b/assessments.tsv	original line 19	1	1	1	0	0	1	1	present	5	808e258f17e4ae05fd17c90cbe39c9bf47dfdcc4;e4aa59105a2b25652f339f04a1feb3eff843f354;74e17e547d51997ffb074a92b1f74bef56c702a0;0a7321fa55abf355a1084cf0bc8b5d97e1a1906d;5b2ec8602ac401e07cf5f7436099c996a333a478		schema-generator-and-mutation-check	changed-since-review	inspect-path-change-sequence-against-review-claims
work-assessments-tsv-original-line-22-04e954f2671c	history-changed-since-review-schema-generator-and-mutation-check-396c4c52297a	build-infra/docs/review-thread-classifications/merged-thread-frontier-92b67f719e7b/assessments.tsv	original line 22	1	1	1	0	0	1	1	present	5	808e258f17e4ae05fd17c90cbe39c9bf47dfdcc4;e4aa59105a2b25652f339f04a1feb3eff843f354;74e17e547d51997ffb074a92b1f74bef56c702a0;0a7321fa55abf355a1084cf0bc8b5d97e1a1906d;5b2ec8602ac401e07cf5f7436099c996a333a478		schema-generator-and-mutation-check	changed-since-review	inspect-path-change-sequence-against-review-claims
work-merged-review-thread-batch-registry-tsv-original-line-4-a1248e8bc913	history-changed-since-review-schema-generator-and-mutation-check-c19f90a78f7c	build-infra/docs/merged-review-thread-batch-registry.tsv	original line 4	2	2	2	0	0	2	2	present	22	808e258f17e4ae05fd17c90cbe39c9bf47dfdcc4;397aa1923eb52b369932849f25ed497cd2a069ba;74e17e547d51997ffb074a92b1f74bef56c702a0;7af98fb2fd11549810dfaf5bb44775cd35642368;fc343bf327db0800f2d1ed960b8adbf4026fd4b6;3e36c9bce7b568c1aaf1a05feabfc97c79e0928a;05d14e686f3620d5822daef37caaf7ab3ea67254;ed20af083377495eeff79cee060323b7c229b8e4;2dc75a299cea500fa3d735edaf8e0e5e318a97a7;63d7eb1226bb4257f3d92cb8c7f4196215c213fb;2b19f9ecd752f5f410b6b213bd868ffda5b4a6ee;b2b68f46810c9808386f5b7a38adde70352f7050;20475d62f179460ff34d1ba69546121998332102;79ae1d8c18f62e80ea0a4a752205a1bf2b6c24e0;9d9dcbfead84aff98f31cdedd006bc9102900bd8;a07febeccf010873be31e6675cbe5045e5f7c9a8;f8bbfb62d9bb72e3efcefd657ca1d0d7946abe8a;47135b3e0a18caa2f5ca8d0ed46c5abc245a5429;3fbf988d7ce8b121824cc7d6bfd3c88d39d5b96b;c6c629d0071f1d0e4f64bcfd642fc9dbe69d0867;1e48e2074c1f133c350f47fec91f14fa3ca3ab44;ba9456059bb308b499b8940148d78b806adf67fc		schema-generator-and-mutation-check	changed-since-review	inspect-path-change-sequence-against-review-claims
work-makefile-export-hostenv-input-46a68443b3d8	history-changed-since-review-configure-build-and-artifact-check-5d86219df534	build-infra/Makefile	export hostenv input	2	1	1	0	0	1	1	present	20	b8802d7a89bc4cea83656fb1a148c9b1d69a9fee;05d14e686f3620d5822daef37caaf7ab3ea67254;ed20af083377495eeff79cee060323b7c229b8e4;ff11e020abbe69be7223ccfcb7636b76e77a9fcb;e45a1e504826d09b5326922d82aa9469bd6b966a;1c988d64c05c822b3e508fc21263e9f7489ee2db;767de3c3f4dda9cef71d83fa3076d90561cd5f61;48f01c597f39b22edc69f30e3ac51b36f5ae6b7e;e0fb9fdbdf770e324eddc7287998cb6e7a2d5bd6;4cf709a16011ff323127c8ac179603a5bf5c1552;a2bfd6032c81faa75994dfd4f57b279200a0776f;00a98af45542fa3a04d24da888fef34e722f1a6d;936c7c544ddc1b182f140b1c775e8274f091a986;6b1396652e1c5785277f252d88ceb019a72a1646;20286a21d04942790561bc931ea332eb59b6214b;4420389af742cd6354dceac2584fd4fd8ad74ec8;292c0318de096554d204725077710d177a3196f2;f743d0f9bec6e673cdd09dfd4554172aaa9b01c7;263c9e82cb8efb475d1866a0e5566ba060a4ed12;abc5b075722040427bd5c78623a0019da55905be		configure-build-and-artifact-check	changed-since-review	inspect-path-change-sequence-against-review-claims
work-merged-review-thread-resolution-campaign-md-mutation-journal-records-an-439b6241a6a2	history-changed-since-review-documentation-symbol-and-link-check-a67eb866ad18	build-infra/docs/merged-review-thread-resolution-campaign.md	mutation journal records an ordered resolution prefix after every successful	1	1	1	0	0	1	1	present	59	7af98fb2fd11549810dfaf5bb44775cd35642368;fc343bf327db0800f2d1ed960b8adbf4026fd4b6;3e36c9bce7b568c1aaf1a05feabfc97c79e0928a;05d14e686f3620d5822daef37caaf7ab3ea67254;ed20af083377495eeff79cee060323b7c229b8e4;2dc75a299cea500fa3d735edaf8e0e5e318a97a7;63d7eb1226bb4257f3d92cb8c7f4196215c213fb;2b19f9ecd752f5f410b6b213bd868ffda5b4a6ee;b2b68f46810c9808386f5b7a38adde70352f7050;20475d62f179460ff34d1ba69546121998332102;79ae1d8c18f62e80ea0a4a752205a1bf2b6c24e0;48f01c597f39b22edc69f30e3ac51b36f5ae6b7e;e0fb9fdbdf770e324eddc7287998cb6e7a2d5bd6;de7dadb87bd04645746160f6a0198f7ce5099669;ed31e4154700485767c60038102a46077574d1f9;4cf709a16011ff323127c8ac179603a5bf5c1552;a2bfd6032c81faa75994dfd4f57b279200a0776f;99752c66134e0936a0a30ab2ca09d3149aa4b72c;8e7b955bc15dfe05d333ef2da5d4fc27ac940c3e;00a98af45542fa3a04d24da888fef34e722f1a6d;936c7c544ddc1b182f140b1c775e8274f091a986;82144670ed9d154821d7c6b6552ffa8a60eb57fa;836e34013c23e8fa516d101bee5eaaf680e062c0;ab91af3e930c32924d6b0b02a700e47c9df6c6d4;a658cfdaed0260b20491c89e7e5710ced3ca1fb4;a5398569788115cfc7203f36207a6bf2ff4bde69;acb3fac3c9f526b2fa5c91b65a59fc6b28fd1a6f;439f78e5a64fd90f910be01e3312094347a8e235;34cfba8dc91dd24f52649e6a6ea19f1299836d17;c610aceb05a859e3fc1712bf774e593bf5dd2689;acb2974a5cc42df9e66660e670c32b51249c804e;277b6bde3d6c9243cec768ac569e40750b07117c;c249fec76a8579d842cc69e4182be62b3cbe01bd;0645b4535864795c7021489eee30d09746cf9990;9fc0c14839b69a92d7b36a896da96ef45eaf8621;dfe38d6ba518be281daa1952dc3f05b35652e48a;9651cd7102e5e3ec93296c5265535ed00fe27172;eb5350e40a1124cfe4f190183a016563ace8be29;5a06409e65cdfaf70d272333ad494b2999d79184;dad985432a5227e34eff2c6aac21777eb51a9fd8;b918e1135f318e3253a3fc76cea94bdbbae6c560;01bd7154ac2e71e71adf2880c8b19248b79ac895;13b528cf29c8c6e3c86a7e789e58d5d18dd1434d;f122d1469c6b93a2dd96d84f74a0da2c14c04a4c;7df10808834d2177b3798410d7b30f35bb2dcbb0;9d9dcbfead84aff98f31cdedd006bc9102900bd8;a07febeccf010873be31e6675cbe5045e5f7c9a8;3fbf988d7ce8b121824cc7d6bfd3c88d39d5b96b;c6c629d0071f1d0e4f64bcfd642fc9dbe69d0867;1e48e2074c1f133c350f47fec91f14fa3ca3ab44;ba9456059bb308b499b8940148d78b806adf67fc;c2174808ccce0b2d138f12684f50fbe07baab384;da44c2d7c8636c4e904b9ca416085d07f38c2264;5d85778319f88212092c4d7916492f0b465379d9;157e442f0a6f8994c6f937b0b8d4579c9a56667b;63b281f3606bcdb4c8e8d91cacc507948d15cca9;47caab238b3d1c7183be536187f6cc57843ae41b;263c9e82cb8efb475d1866a0e5566ba060a4ed12;abc5b075722040427bd5c78623a0019da55905be		documentation-symbol-and-link-check	changed-since-review	inspect-path-change-sequence-against-review-claims
work-action-frontier-tsv-original-line-3-5ec2357b6366	history-changed-since-review-schema-generator-and-mutation-check-18e67442a887	build-infra/docs/review-thread-classifications/merged-thread-frontier-92b67f719e7b/action-frontier.tsv	original line 3	1	1	1	0	0	1	1	present	2	0a7321fa55abf355a1084cf0bc8b5d97e1a1906d;5b2ec8602ac401e07cf5f7436099c996a333a478		schema-generator-and-mutation-check	changed-since-review	inspect-path-change-sequence-against-review-claims
work-review-thread-frontier-py-def-validate-files-b1b80460c88e	history-changed-since-review-python-test-black-and-ruff-a79c7e974705	build-infra/scripts/review_thread_frontier.py	def validate files	1	1	1	0	0	1	1	present	4	12d789e1fede9074aa5d18d6547c080e35e7689e;5b2ec8602ac401e07cf5f7436099c996a333a478;48f01c597f39b22edc69f30e3ac51b36f5ae6b7e;e0fb9fdbdf770e324eddc7287998cb6e7a2d5bd6		python-test-black-and-ruff	changed-since-review	inspect-path-change-sequence-against-review-claims
work-default-branch-graphql-original-line-2-91183b2abe1b	history-unchanged-since-review-repository-native-focused-check-1a8e66ee9c0c	build-infra/docs/review-thread-frontiers/merged-thread-frontier-after-QY6A8/default-branch.graphql	original line 2	1	1	1	0	1	0	1	present	0			repository-native-focused-check	unchanged-since-review	compare-current-code-with-review-claim
work-merged-review-thread-batch-registry-tsv-batch-id-state-denominator-af4e50a9dc52	history-changed-since-review-schema-generator-and-mutation-check-72a832db76f1	build-infra/docs/merged-review-thread-batch-registry.tsv	batch id state denominator commit closure commit first thread id cutoff thread i	2	1	1	0	0	1	1	present	18	fc343bf327db0800f2d1ed960b8adbf4026fd4b6;3e36c9bce7b568c1aaf1a05feabfc97c79e0928a;05d14e686f3620d5822daef37caaf7ab3ea67254;ed20af083377495eeff79cee060323b7c229b8e4;2dc75a299cea500fa3d735edaf8e0e5e318a97a7;63d7eb1226bb4257f3d92cb8c7f4196215c213fb;2b19f9ecd752f5f410b6b213bd868ffda5b4a6ee;b2b68f46810c9808386f5b7a38adde70352f7050;20475d62f179460ff34d1ba69546121998332102;79ae1d8c18f62e80ea0a4a752205a1bf2b6c24e0;9d9dcbfead84aff98f31cdedd006bc9102900bd8;a07febeccf010873be31e6675cbe5045e5f7c9a8;f8bbfb62d9bb72e3efcefd657ca1d0d7946abe8a;47135b3e0a18caa2f5ca8d0ed46c5abc245a5429;3fbf988d7ce8b121824cc7d6bfd3c88d39d5b96b;c6c629d0071f1d0e4f64bcfd642fc9dbe69d0867;1e48e2074c1f133c350f47fec91f14fa3ca3ab44;ba9456059bb308b499b8940148d78b806adf67fc		schema-generator-and-mutation-check	changed-since-review	inspect-path-change-sequence-against-review-claims
work-makefile-audit-source-root-check-source-root-control-unit-test-fbe7f8ea0dfa	history-changed-since-review-configure-build-and-artifact-check-76b78753c28c	build-infra/Makefile	audit source root check source root control unit test	1	1	1	0	0	1	1	present	19	05d14e686f3620d5822daef37caaf7ab3ea67254;ed20af083377495eeff79cee060323b7c229b8e4;ff11e020abbe69be7223ccfcb7636b76e77a9fcb;e45a1e504826d09b5326922d82aa9469bd6b966a;1c988d64c05c822b3e508fc21263e9f7489ee2db;767de3c3f4dda9cef71d83fa3076d90561cd5f61;48f01c597f39b22edc69f30e3ac51b36f5ae6b7e;e0fb9fdbdf770e324eddc7287998cb6e7a2d5bd6;4cf709a16011ff323127c8ac179603a5bf5c1552;a2bfd6032c81faa75994dfd4f57b279200a0776f;00a98af45542fa3a04d24da888fef34e722f1a6d;936c7c544ddc1b182f140b1c775e8274f091a986;6b1396652e1c5785277f252d88ceb019a72a1646;20286a21d04942790561bc931ea332eb59b6214b;4420389af742cd6354dceac2584fd4fd8ad74ec8;292c0318de096554d204725077710d177a3196f2;f743d0f9bec6e673cdd09dfd4554172aaa9b01c7;263c9e82cb8efb475d1866a0e5566ba060a4ed12;abc5b075722040427bd5c78623a0019da55905be		configure-build-and-artifact-check	changed-since-review	inspect-path-change-sequence-against-review-claims
work-draw-vs-nir-c-draw-vs-nir-io-spans-nir-7c46090b44d1	history-changed-since-review-warning-clean-build-and-focused-test-1a2a51dd5a66	src/gallium/auxiliary/draw/draw_vs_nir.c	draw vs nir io spans nir shader nir	3	1	1	0	0	1	1	present	4	cad61db3c2003d28fd44bbdbd3d0c8bff1447d91;f7f60db090af11e7ad491042afccd29e40fc6b2e;6badbe2737f2a66496ddc9e126843c2754f49dfc;e7656d6bf70d3492a70200cbfb97f8fb646b7c58		warning-clean-build-and-focused-test	changed-since-review	inspect-path-change-sequence-against-review-claims
work-rs482-producer-alu-compaction-design-md-fp24-carry-bo-round-faec709aa998	history-unchanged-since-review-documentation-symbol-and-link-check-4e2cfb6e81eb	docs/hardware/rs482-producer-alu-compaction-design.md	fp24 carry bo round trip bit exactly follows from integrality plus the	3	1	1	0	1	0	1	present	0			documentation-symbol-and-link-check	unchanged-since-review	compare-current-code-with-review-claim
work-assessments-tsv-original-line-14-b5c418cce13c	history-changed-since-review-schema-generator-and-mutation-check-0158c728803e	build-infra/docs/review-thread-classifications/merged-thread-frontier-after-QY6A8/assessments.tsv	original line 14	1	1	1	0	0	1	1	present	4	05d14e686f3620d5822daef37caaf7ab3ea67254;ed20af083377495eeff79cee060323b7c229b8e4;263c9e82cb8efb475d1866a0e5566ba060a4ed12;abc5b075722040427bd5c78623a0019da55905be		schema-generator-and-mutation-check	changed-since-review	inspect-path-change-sequence-against-review-claims
work-assessments-tsv-original-line-30-4c1acf87a0df	history-changed-since-review-schema-generator-and-mutation-check-0158c728803e	build-infra/docs/review-thread-classifications/merged-thread-frontier-after-QY6A8/assessments.tsv	original line 30	1	1	1	0	0	1	1	present	4	05d14e686f3620d5822daef37caaf7ab3ea67254;ed20af083377495eeff79cee060323b7c229b8e4;263c9e82cb8efb475d1866a0e5566ba060a4ed12;abc5b075722040427bd5c78623a0019da55905be		schema-generator-and-mutation-check	changed-since-review	inspect-path-change-sequence-against-review-claims
work-assessments-tsv-original-line-31-750161afdd61	history-changed-since-review-schema-generator-and-mutation-check-0158c728803e	build-infra/docs/review-thread-classifications/merged-thread-frontier-after-QY6A8/assessments.tsv	original line 31	1	1	1	0	0	1	1	present	4	05d14e686f3620d5822daef37caaf7ab3ea67254;ed20af083377495eeff79cee060323b7c229b8e4;263c9e82cb8efb475d1866a0e5566ba060a4ed12;abc5b075722040427bd5c78623a0019da55905be		schema-generator-and-mutation-check	changed-since-review	inspect-path-change-sequence-against-review-claims
work-test-review-thread-classification-py-def-test-third-classification-rejec-0c8bca7844ec	history-changed-since-review-python-test-black-and-ruff-de8c2c7ca1a8	build-infra/tests/test_review_thread_classification.py	def test third classification rejects missing assessment none	1	1	1	0	0	1	1	present	16	20475d62f179460ff34d1ba69546121998332102;79ae1d8c18f62e80ea0a4a752205a1bf2b6c24e0;1e48e2074c1f133c350f47fec91f14fa3ca3ab44;ba9456059bb308b499b8940148d78b806adf67fc;c2174808ccce0b2d138f12684f50fbe07baab384;da44c2d7c8636c4e904b9ca416085d07f38c2264;5d85778319f88212092c4d7916492f0b465379d9;157e442f0a6f8994c6f937b0b8d4579c9a56667b;63b281f3606bcdb4c8e8d91cacc507948d15cca9;47caab238b3d1c7183be536187f6cc57843ae41b;a943d7ee68f4b46d6015e4c093ee47338c2db85e;5f86f7c7f7e409af2c7d39e293502e6f61ae7261;4b97fd2de4315c59e247efb22435328a3a1b9bb7;2bb037aebaf3a771d4bba642b751b2a84e1bf5dc;ccf55aa39e11e993d3d3b82ae0fb8fb22d920358;e508d6bd5aa544a4c1fb4494011b4bf08bdbba20		python-test-black-and-ruff	changed-since-review	inspect-path-change-sequence-against-review-claims
work-assessments-tsv-original-line-3-a302c36b493c	history-changed-since-review-schema-generator-and-mutation-check-e07d8fa5e74a	build-infra/docs/review-thread-classifications/merged-thread-frontier-after-QY6A8/assessments.tsv	original line 3	1	1	1	0	0	1	1	present	2	263c9e82cb8efb475d1866a0e5566ba060a4ed12;abc5b075722040427bd5c78623a0019da55905be		schema-generator-and-mutation-check	changed-since-review	inspect-path-change-sequence-against-review-claims
work-assessments-tsv-original-line-23-e17ba9f16052	history-changed-since-review-schema-generator-and-mutation-check-a07900868405	build-infra/docs/review-thread-classifications/merged-thread-frontier-after-TvpLc/assessments.tsv	original line 23	1	1	1	0	0	1	1	present	34	4cf709a16011ff323127c8ac179603a5bf5c1552;a2bfd6032c81faa75994dfd4f57b279200a0776f;99752c66134e0936a0a30ab2ca09d3149aa4b72c;8e7b955bc15dfe05d333ef2da5d4fc27ac940c3e;00a98af45542fa3a04d24da888fef34e722f1a6d;936c7c544ddc1b182f140b1c775e8274f091a986;82144670ed9d154821d7c6b6552ffa8a60eb57fa;836e34013c23e8fa516d101bee5eaaf680e062c0;ab91af3e930c32924d6b0b02a700e47c9df6c6d4;a658cfdaed0260b20491c89e7e5710ced3ca1fb4;a5398569788115cfc7203f36207a6bf2ff4bde69;acb3fac3c9f526b2fa5c91b65a59fc6b28fd1a6f;439f78e5a64fd90f910be01e3312094347a8e235;34cfba8dc91dd24f52649e6a6ea19f1299836d17;c610aceb05a859e3fc1712bf774e593bf5dd2689;acb2974a5cc42df9e66660e670c32b51249c804e;277b6bde3d6c9243cec768ac569e40750b07117c;c249fec76a8579d842cc69e4182be62b3cbe01bd;0645b4535864795c7021489eee30d09746cf9990;9fc0c14839b69a92d7b36a896da96ef45eaf8621;dfe38d6ba518be281daa1952dc3f05b35652e48a;9651cd7102e5e3ec93296c5265535ed00fe27172;eb5350e40a1124cfe4f190183a016563ace8be29;5a06409e65cdfaf70d272333ad494b2999d79184;dad985432a5227e34eff2c6aac21777eb51a9fd8;b918e1135f318e3253a3fc76cea94bdbbae6c560;01bd7154ac2e71e71adf2880c8b19248b79ac895;13b528cf29c8c6e3c86a7e789e58d5d18dd1434d;f122d1469c6b93a2dd96d84f74a0da2c14c04a4c;7df10808834d2177b3798410d7b30f35bb2dcbb0;9d9dcbfead84aff98f31cdedd006bc9102900bd8;a07febeccf010873be31e6675cbe5045e5f7c9a8;263c9e82cb8efb475d1866a0e5566ba060a4ed12;abc5b075722040427bd5c78623a0019da55905be		schema-generator-and-mutation-check	changed-since-review	inspect-path-change-sequence-against-review-claims
work-assessments-tsv-original-line-27-d49f6cb27c59	history-changed-since-review-schema-generator-and-mutation-check-a07900868405	build-infra/docs/review-thread-classifications/merged-thread-frontier-after-TvpLc/assessments.tsv	original line 27	1	1	1	0	0	1	1	present	34	4cf709a16011ff323127c8ac179603a5bf5c1552;a2bfd6032c81faa75994dfd4f57b279200a0776f;99752c66134e0936a0a30ab2ca09d3149aa4b72c;8e7b955bc15dfe05d333ef2da5d4fc27ac940c3e;00a98af45542fa3a04d24da888fef34e722f1a6d;936c7c544ddc1b182f140b1c775e8274f091a986;82144670ed9d154821d7c6b6552ffa8a60eb57fa;836e34013c23e8fa516d101bee5eaaf680e062c0;ab91af3e930c32924d6b0b02a700e47c9df6c6d4;a658cfdaed0260b20491c89e7e5710ced3ca1fb4;a5398569788115cfc7203f36207a6bf2ff4bde69;acb3fac3c9f526b2fa5c91b65a59fc6b28fd1a6f;439f78e5a64fd90f910be01e3312094347a8e235;34cfba8dc91dd24f52649e6a6ea19f1299836d17;c610aceb05a859e3fc1712bf774e593bf5dd2689;acb2974a5cc42df9e66660e670c32b51249c804e;277b6bde3d6c9243cec768ac569e40750b07117c;c249fec76a8579d842cc69e4182be62b3cbe01bd;0645b4535864795c7021489eee30d09746cf9990;9fc0c14839b69a92d7b36a896da96ef45eaf8621;dfe38d6ba518be281daa1952dc3f05b35652e48a;9651cd7102e5e3ec93296c5265535ed00fe27172;eb5350e40a1124cfe4f190183a016563ace8be29;5a06409e65cdfaf70d272333ad494b2999d79184;dad985432a5227e34eff2c6aac21777eb51a9fd8;b918e1135f318e3253a3fc76cea94bdbbae6c560;01bd7154ac2e71e71adf2880c8b19248b79ac895;13b528cf29c8c6e3c86a7e789e58d5d18dd1434d;f122d1469c6b93a2dd96d84f74a0da2c14c04a4c;7df10808834d2177b3798410d7b30f35bb2dcbb0;9d9dcbfead84aff98f31cdedd006bc9102900bd8;a07febeccf010873be31e6675cbe5045e5f7c9a8;263c9e82cb8efb475d1866a0e5566ba060a4ed12;abc5b075722040427bd5c78623a0019da55905be		schema-generator-and-mutation-check	changed-since-review	inspect-path-change-sequence-against-review-claims
work-assessments-tsv-original-line-36-811a9dd30499	history-changed-since-review-schema-generator-and-mutation-check-a07900868405	build-infra/docs/review-thread-classifications/merged-thread-frontier-after-TvpLc/assessments.tsv	original line 36	1	1	1	0	0	1	1	present	34	4cf709a16011ff323127c8ac179603a5bf5c1552;a2bfd6032c81faa75994dfd4f57b279200a0776f;99752c66134e0936a0a30ab2ca09d3149aa4b72c;8e7b955bc15dfe05d333ef2da5d4fc27ac940c3e;00a98af45542fa3a04d24da888fef34e722f1a6d;936c7c544ddc1b182f140b1c775e8274f091a986;82144670ed9d154821d7c6b6552ffa8a60eb57fa;836e34013c23e8fa516d101bee5eaaf680e062c0;ab91af3e930c32924d6b0b02a700e47c9df6c6d4;a658cfdaed0260b20491c89e7e5710ced3ca1fb4;a5398569788115cfc7203f36207a6bf2ff4bde69;acb3fac3c9f526b2fa5c91b65a59fc6b28fd1a6f;439f78e5a64fd90f910be01e3312094347a8e235;34cfba8dc91dd24f52649e6a6ea19f1299836d17;c610aceb05a859e3fc1712bf774e593bf5dd2689;acb2974a5cc42df9e66660e670c32b51249c804e;277b6bde3d6c9243cec768ac569e40750b07117c;c249fec76a8579d842cc69e4182be62b3cbe01bd;0645b4535864795c7021489eee30d09746cf9990;9fc0c14839b69a92d7b36a896da96ef45eaf8621;dfe38d6ba518be281daa1952dc3f05b35652e48a;9651cd7102e5e3ec93296c5265535ed00fe27172;eb5350e40a1124cfe4f190183a016563ace8be29;5a06409e65cdfaf70d272333ad494b2999d79184;dad985432a5227e34eff2c6aac21777eb51a9fd8;b918e1135f318e3253a3fc76cea94bdbbae6c560;01bd7154ac2e71e71adf2880c8b19248b79ac895;13b528cf29c8c6e3c86a7e789e58d5d18dd1434d;f122d1469c6b93a2dd96d84f74a0da2c14c04a4c;7df10808834d2177b3798410d7b30f35bb2dcbb0;9d9dcbfead84aff98f31cdedd006bc9102900bd8;a07febeccf010873be31e6675cbe5045e5f7c9a8;263c9e82cb8efb475d1866a0e5566ba060a4ed12;abc5b075722040427bd5c78623a0019da55905be		schema-generator-and-mutation-check	changed-since-review	inspect-path-change-sequence-against-review-claims
work-merged-review-thread-resolution-campaign-md-at-2026-08-27t01-c49196f96102	history-changed-since-review-documentation-symbol-and-link-check-23e4a3796138	build-infra/docs/merged-review-thread-resolution-campaign.md	at 2026 08 27t01 11 19z the final live verification completed at	1	1	1	0	0	1	1	present	48	48f01c597f39b22edc69f30e3ac51b36f5ae6b7e;e0fb9fdbdf770e324eddc7287998cb6e7a2d5bd6;de7dadb87bd04645746160f6a0198f7ce5099669;ed31e4154700485767c60038102a46077574d1f9;4cf709a16011ff323127c8ac179603a5bf5c1552;a2bfd6032c81faa75994dfd4f57b279200a0776f;99752c66134e0936a0a30ab2ca09d3149aa4b72c;8e7b955bc15dfe05d333ef2da5d4fc27ac940c3e;00a98af45542fa3a04d24da888fef34e722f1a6d;936c7c544ddc1b182f140b1c775e8274f091a986;82144670ed9d154821d7c6b6552ffa8a60eb57fa;836e34013c23e8fa516d101bee5eaaf680e062c0;ab91af3e930c32924d6b0b02a700e47c9df6c6d4;a658cfdaed0260b20491c89e7e5710ced3ca1fb4;a5398569788115cfc7203f36207a6bf2ff4bde69;acb3fac3c9f526b2fa5c91b65a59fc6b28fd1a6f;439f78e5a64fd90f910be01e3312094347a8e235;34cfba8dc91dd24f52649e6a6ea19f1299836d17;c610aceb05a859e3fc1712bf774e593bf5dd2689;acb2974a5cc42df9e66660e670c32b51249c804e;277b6bde3d6c9243cec768ac569e40750b07117c;c249fec76a8579d842cc69e4182be62b3cbe01bd;0645b4535864795c7021489eee30d09746cf9990;9fc0c14839b69a92d7b36a896da96ef45eaf8621;dfe38d6ba518be281daa1952dc3f05b35652e48a;9651cd7102e5e3ec93296c5265535ed00fe27172;eb5350e40a1124cfe4f190183a016563ace8be29;5a06409e65cdfaf70d272333ad494b2999d79184;dad985432a5227e34eff2c6aac21777eb51a9fd8;b918e1135f318e3253a3fc76cea94bdbbae6c560;01bd7154ac2e71e71adf2880c8b19248b79ac895;13b528cf29c8c6e3c86a7e789e58d5d18dd1434d;f122d1469c6b93a2dd96d84f74a0da2c14c04a4c;7df10808834d2177b3798410d7b30f35bb2dcbb0;9d9dcbfead84aff98f31cdedd006bc9102900bd8;a07febeccf010873be31e6675cbe5045e5f7c9a8;3fbf988d7ce8b121824cc7d6bfd3c88d39d5b96b;c6c629d0071f1d0e4f64bcfd642fc9dbe69d0867;1e48e2074c1f133c350f47fec91f14fa3ca3ab44;ba9456059bb308b499b8940148d78b806adf67fc;c2174808ccce0b2d138f12684f50fbe07baab384;da44c2d7c8636c4e904b9ca416085d07f38c2264;5d85778319f88212092c4d7916492f0b465379d9;157e442f0a6f8994c6f937b0b8d4579c9a56667b;63b281f3606bcdb4c8e8d91cacc507948d15cca9;47caab238b3d1c7183be536187f6cc57843ae41b;263c9e82cb8efb475d1866a0e5566ba060a4ed12;abc5b075722040427bd5c78623a0019da55905be		documentation-symbol-and-link-check	changed-since-review	inspect-path-change-sequence-against-review-claims
work-headless-hardware-gl-runner-md-original-line-218-33ecc7adae55	history-changed-since-review-documentation-symbol-and-link-check-664698c6f621	headless-hardware-gl-runner.md	original line 218	1	1	1	0	0	1	1	present	2	6b1396652e1c5785277f252d88ceb019a72a1646;20286a21d04942790561bc931ea332eb59b6214b		documentation-symbol-and-link-check	changed-since-review	inspect-path-change-sequence-against-review-claims
work-headless-hardware-gl-runner-md-original-line-224-ef0aca13d6ea	history-changed-since-review-documentation-symbol-and-link-check-664698c6f621	headless-hardware-gl-runner.md	original line 224	1	1	1	0	0	1	1	present	2	6b1396652e1c5785277f252d88ceb019a72a1646;20286a21d04942790561bc931ea332eb59b6214b		documentation-symbol-and-link-check	changed-since-review	inspect-path-change-sequence-against-review-claims
work-headless-hardware-gl-runner-md-original-line-265-4150631086e2	history-changed-since-review-documentation-symbol-and-link-check-664698c6f621	headless-hardware-gl-runner.md	original line 265	1	1	1	0	0	1	1	present	2	6b1396652e1c5785277f252d88ceb019a72a1646;20286a21d04942790561bc931ea332eb59b6214b		documentation-symbol-and-link-check	changed-since-review	inspect-path-change-sequence-against-review-claims
work-headless-hardware-gl-runner-md-original-line-305-81c4ce1f4083	history-changed-since-review-documentation-symbol-and-link-check-664698c6f621	headless-hardware-gl-runner.md	original line 305	1	1	1	0	0	1	1	present	2	6b1396652e1c5785277f252d88ceb019a72a1646;20286a21d04942790561bc931ea332eb59b6214b		documentation-symbol-and-link-check	changed-since-review	inspect-path-change-sequence-against-review-claims
work-headless-hardware-gl-runner-md-original-line-323-f2c3a5e49eea	history-changed-since-review-documentation-symbol-and-link-check-664698c6f621	headless-hardware-gl-runner.md	original line 323	1	1	1	0	0	1	1	present	2	6b1396652e1c5785277f252d88ceb019a72a1646;20286a21d04942790561bc931ea332eb59b6214b		documentation-symbol-and-link-check	changed-since-review	inspect-path-change-sequence-against-review-claims
work-headless-hardware-gl-runner-md-original-line-35-833190efb695	history-changed-since-review-documentation-symbol-and-link-check-664698c6f621	headless-hardware-gl-runner.md	original line 35	1	1	1	0	0	1	1	present	2	6b1396652e1c5785277f252d88ceb019a72a1646;20286a21d04942790561bc931ea332eb59b6214b		documentation-symbol-and-link-check	changed-since-review	inspect-path-change-sequence-against-review-claims
work-headless-hardware-gl-runner-md-original-line-90-83fa0d378af4	history-changed-since-review-documentation-symbol-and-link-check-664698c6f621	headless-hardware-gl-runner.md	original line 90	1	1	1	0	0	1	1	present	2	6b1396652e1c5785277f252d88ceb019a72a1646;20286a21d04942790561bc931ea332eb59b6214b		documentation-symbol-and-link-check	changed-since-review	inspect-path-change-sequence-against-review-claims
work-driver-root-audit-py-original-line-125-391a5d24666f	history-unchanged-since-review-python-test-black-and-ruff-43c6875221d9	build-infra/scripts/driver_root_audit.py	original line 125	1	1	1	0	1	0	1	present	0			python-test-black-and-ruff	unchanged-since-review	compare-current-code-with-review-claim
work-driver-root-audit-py-original-line-33-ecb0a05e2a51	history-unchanged-since-review-python-test-black-and-ruff-43c6875221d9	build-infra/scripts/driver_root_audit.py	original line 33	1	1	1	0	1	0	1	present	0			python-test-black-and-ruff	unchanged-since-review	compare-current-code-with-review-claim
work-driver-root-audit-py-original-line-332-02f627bc764a	history-unchanged-since-review-python-test-black-and-ruff-43c6875221d9	build-infra/scripts/driver_root_audit.py	original line 332	1	1	1	0	1	0	1	present	0			python-test-black-and-ruff	unchanged-since-review	compare-current-code-with-review-claim
work-rs482-source-authority-md-evidence-and-leaves-the-source-to-3bf9c6f51183	history-changed-since-review-documentation-symbol-and-link-check-a78986eac1b7	docs/hardware/rs482-source-authority.md	evidence and leaves the source to payload claim open the value	1	1	1	0	0	1	1	present	5	4420389af742cd6354dceac2584fd4fd8ad74ec8;292c0318de096554d204725077710d177a3196f2;f743d0f9bec6e673cdd09dfd4554172aaa9b01c7;4172b6588f54ea75bb5aedf0ad6bd98f25261fce;2c9aea7e2b14ff97cc9598c4c674d27c82b97aba		documentation-symbol-and-link-check	changed-since-review	inspect-path-change-sequence-against-review-claims
work-rs482-stack-manifest-schema-json-original-line-33-6a316625e39d	history-changed-since-review-schema-generator-and-mutation-check-71bc9717afa4	docs/hardware/rs482-stack-manifest.schema.json	original line 33	1	1	1	0	0	1	1	present	3	4420389af742cd6354dceac2584fd4fd8ad74ec8;292c0318de096554d204725077710d177a3196f2;f743d0f9bec6e673cdd09dfd4554172aaa9b01c7		schema-generator-and-mutation-check	changed-since-review	inspect-path-change-sequence-against-review-claims
work-merged-review-thread-resolution-campaign-md-the-production-root-account-3dd75e93f2d8	history-changed-since-review-documentation-symbol-and-link-check-4e0189c23c34	build-infra/docs/merged-review-thread-resolution-campaign.md	the production root account rejection retains its exact diagnostic pr 1918	1	1	1	0	0	1	1	present	36	ab91af3e930c32924d6b0b02a700e47c9df6c6d4;a658cfdaed0260b20491c89e7e5710ced3ca1fb4;a5398569788115cfc7203f36207a6bf2ff4bde69;acb3fac3c9f526b2fa5c91b65a59fc6b28fd1a6f;439f78e5a64fd90f910be01e3312094347a8e235;34cfba8dc91dd24f52649e6a6ea19f1299836d17;c610aceb05a859e3fc1712bf774e593bf5dd2689;acb2974a5cc42df9e66660e670c32b51249c804e;277b6bde3d6c9243cec768ac569e40750b07117c;c249fec76a8579d842cc69e4182be62b3cbe01bd;0645b4535864795c7021489eee30d09746cf9990;9fc0c14839b69a92d7b36a896da96ef45eaf8621;dfe38d6ba518be281daa1952dc3f05b35652e48a;9651cd7102e5e3ec93296c5265535ed00fe27172;eb5350e40a1124cfe4f190183a016563ace8be29;5a06409e65cdfaf70d272333ad494b2999d79184;dad985432a5227e34eff2c6aac21777eb51a9fd8;b918e1135f318e3253a3fc76cea94bdbbae6c560;01bd7154ac2e71e71adf2880c8b19248b79ac895;13b528cf29c8c6e3c86a7e789e58d5d18dd1434d;f122d1469c6b93a2dd96d84f74a0da2c14c04a4c;7df10808834d2177b3798410d7b30f35bb2dcbb0;9d9dcbfead84aff98f31cdedd006bc9102900bd8;a07febeccf010873be31e6675cbe5045e5f7c9a8;3fbf988d7ce8b121824cc7d6bfd3c88d39d5b96b;c6c629d0071f1d0e4f64bcfd642fc9dbe69d0867;1e48e2074c1f133c350f47fec91f14fa3ca3ab44;ba9456059bb308b499b8940148d78b806adf67fc;c2174808ccce0b2d138f12684f50fbe07baab384;da44c2d7c8636c4e904b9ca416085d07f38c2264;5d85778319f88212092c4d7916492f0b465379d9;157e442f0a6f8994c6f937b0b8d4579c9a56667b;63b281f3606bcdb4c8e8d91cacc507948d15cca9;47caab238b3d1c7183be536187f6cc57843ae41b;263c9e82cb8efb475d1866a0e5566ba060a4ed12;abc5b075722040427bd5c78623a0019da55905be		documentation-symbol-and-link-check	changed-since-review	inspect-path-change-sequence-against-review-claims
work-merged-review-thread-resolution-campaign-md-falsifier-and-merged-evidenc-f4cd15b60dda	history-changed-since-review-documentation-symbol-and-link-check-087f628a365e	build-infra/docs/merged-review-thread-resolution-campaign.md	falsifier and merged evidence commit when one exists	1	1	1	0	0	1	1	present	14	9d9dcbfead84aff98f31cdedd006bc9102900bd8;a07febeccf010873be31e6675cbe5045e5f7c9a8;3fbf988d7ce8b121824cc7d6bfd3c88d39d5b96b;c6c629d0071f1d0e4f64bcfd642fc9dbe69d0867;1e48e2074c1f133c350f47fec91f14fa3ca3ab44;ba9456059bb308b499b8940148d78b806adf67fc;c2174808ccce0b2d138f12684f50fbe07baab384;da44c2d7c8636c4e904b9ca416085d07f38c2264;5d85778319f88212092c4d7916492f0b465379d9;157e442f0a6f8994c6f937b0b8d4579c9a56667b;63b281f3606bcdb4c8e8d91cacc507948d15cca9;47caab238b3d1c7183be536187f6cc57843ae41b;263c9e82cb8efb475d1866a0e5566ba060a4ed12;abc5b075722040427bd5c78623a0019da55905be		documentation-symbol-and-link-check	changed-since-review	inspect-path-change-sequence-against-review-claims
work-assessments-tsv-original-line-1-4272c32ad20e	history-changed-since-review-schema-generator-and-mutation-check-cb106efb7bc9	build-infra/docs/review-thread-classifications/merged-thread-frontier-after-WhUFS/assessments.tsv	original line 1	1	1	1	0	0	1	1	present	12	c2174808ccce0b2d138f12684f50fbe07baab384;da44c2d7c8636c4e904b9ca416085d07f38c2264;5d85778319f88212092c4d7916492f0b465379d9;157e442f0a6f8994c6f937b0b8d4579c9a56667b;63b281f3606bcdb4c8e8d91cacc507948d15cca9;47caab238b3d1c7183be536187f6cc57843ae41b;a943d7ee68f4b46d6015e4c093ee47338c2db85e;5f86f7c7f7e409af2c7d39e293502e6f61ae7261;4b97fd2de4315c59e247efb22435328a3a1b9bb7;2bb037aebaf3a771d4bba642b751b2a84e1bf5dc;ccf55aa39e11e993d3d3b82ae0fb8fb22d920358;e508d6bd5aa544a4c1fb4494011b4bf08bdbba20		schema-generator-and-mutation-check	changed-since-review	inspect-path-change-sequence-against-review-claims
work-assessments-tsv-original-line-40-228a93ad9a94	history-changed-since-review-schema-generator-and-mutation-check-cb106efb7bc9	build-infra/docs/review-thread-classifications/merged-thread-frontier-after-WhUFS/assessments.tsv	original line 40	1	1	1	0	0	1	1	present	12	c2174808ccce0b2d138f12684f50fbe07baab384;da44c2d7c8636c4e904b9ca416085d07f38c2264;5d85778319f88212092c4d7916492f0b465379d9;157e442f0a6f8994c6f937b0b8d4579c9a56667b;63b281f3606bcdb4c8e8d91cacc507948d15cca9;47caab238b3d1c7183be536187f6cc57843ae41b;a943d7ee68f4b46d6015e4c093ee47338c2db85e;5f86f7c7f7e409af2c7d39e293502e6f61ae7261;4b97fd2de4315c59e247efb22435328a3a1b9bb7;2bb037aebaf3a771d4bba642b751b2a84e1bf5dc;ccf55aa39e11e993d3d3b82ae0fb8fb22d920358;e508d6bd5aa544a4c1fb4494011b4bf08bdbba20		schema-generator-and-mutation-check	changed-since-review	inspect-path-change-sequence-against-review-claims
work-assessments-tsv-original-line-45-1d3986f00581	history-changed-since-review-schema-generator-and-mutation-check-cb106efb7bc9	build-infra/docs/review-thread-classifications/merged-thread-frontier-after-WhUFS/assessments.tsv	original line 45	1	1	1	0	0	1	1	present	12	c2174808ccce0b2d138f12684f50fbe07baab384;da44c2d7c8636c4e904b9ca416085d07f38c2264;5d85778319f88212092c4d7916492f0b465379d9;157e442f0a6f8994c6f937b0b8d4579c9a56667b;63b281f3606bcdb4c8e8d91cacc507948d15cca9;47caab238b3d1c7183be536187f6cc57843ae41b;a943d7ee68f4b46d6015e4c093ee47338c2db85e;5f86f7c7f7e409af2c7d39e293502e6f61ae7261;4b97fd2de4315c59e247efb22435328a3a1b9bb7;2bb037aebaf3a771d4bba642b751b2a84e1bf5dc;ccf55aa39e11e993d3d3b82ae0fb8fb22d920358;e508d6bd5aa544a4c1fb4494011b4bf08bdbba20		schema-generator-and-mutation-check	changed-since-review	inspect-path-change-sequence-against-review-claims
work-merged-review-thread-resolution-campaign-md-commits-are-ancestors-of-c56018865d37	history-changed-since-review-documentation-symbol-and-link-check-d9669506e90a	build-infra/docs/merged-review-thread-resolution-campaign.md	commits are ancestors of origin main their declared target files match the	1	1	1	0	0	1	1	present	8	c2174808ccce0b2d138f12684f50fbe07baab384;da44c2d7c8636c4e904b9ca416085d07f38c2264;5d85778319f88212092c4d7916492f0b465379d9;157e442f0a6f8994c6f937b0b8d4579c9a56667b;63b281f3606bcdb4c8e8d91cacc507948d15cca9;47caab238b3d1c7183be536187f6cc57843ae41b;263c9e82cb8efb475d1866a0e5566ba060a4ed12;abc5b075722040427bd5c78623a0019da55905be		documentation-symbol-and-link-check	changed-since-review	inspect-path-change-sequence-against-review-claims
work-r3v-native-attended-msaa-resolve-procedure-md-entry-names-the-d7bb7b6eeb68	history-changed-since-review-documentation-symbol-and-link-check-644d7e3cfc73	docs/hardware/r3v-native-attended-msaa-resolve-procedure.md	entry names the emitted stream arms gb aa config and the subsample	1	1	1	0	0	1	1	present	6	b492c4be6895ab8330fdb60c11a4a49fc98b4873;14743cd7bf00ceb7a3773486f40993925d2354d2;0aceb8aa9606b0e4381e1ce5afc099c8914a3ef1;f743d0f9bec6e673cdd09dfd4554172aaa9b01c7;e3ecdd2e3624bcea972a77edd30b1818b99b66f8;ae08c612abdc47bea1af5ec485a27e91cc31c1f9		documentation-symbol-and-link-check	changed-since-review	inspect-path-change-sequence-against-review-claims
work-makefile-define-install-pair-449377484755	history-changed-since-review-configure-build-and-artifact-check-5235eb9d38d3	build-infra/Makefile	define install pair	1	1	1	0	0	1	1	present	2	263c9e82cb8efb475d1866a0e5566ba060a4ed12;abc5b075722040427bd5c78623a0019da55905be		configure-build-and-artifact-check	changed-since-review	inspect-path-change-sequence-against-review-claims
work-pkgbuild-source-pkgname-git-https-github-com-oichkatzelesfrettschen-mesa-9d9ada369fd1	history-unchanged-since-review-repository-native-focused-check-1a8e66ee9c0c	build-infra/packaging/mesa-gororoba/PKGBUILD	source pkgname git https github com oichkatzelesfrettschen mesa 26 goror	1	1	1	0	1	0	1	present	0			repository-native-focused-check	unchanged-since-review	compare-current-code-with-review-claim
work-device-c-drm-shim-inherited-identity-locator-char-instance-33-c57e25e753d8	history-unchanged-since-review-warning-clean-build-and-focused-test-c4a5a2a1ae7d	src/drm-shim/device.c	drm shim inherited identity locator char instance 33	1	1	1	0	1	0	1	present	0			warning-clean-build-and-focused-test	unchanged-since-review	compare-current-code-with-review-claim
work-action-frontier-tsv-drm-shim-state-token-exec-locator-p2-cd4fb6779795	history-unchanged-since-review-schema-generator-and-mutation-check-3537c9f4744f	build-infra/docs/review-thread-classifications/merged-thread-frontier-after-WhUFS/action-frontier.tsv	drm shim state token exec locator p2 drm shim state token exec locator acceptanc	1	1	1	0	1	0	1	present	0			schema-generator-and-mutation-check	unchanged-since-review	compare-current-code-with-review-claim
work-r300-tcl-bypass-triangle-c-r300-tcl-bypass-triangle-multi-6ad4bc2b3fe4	history-unchanged-since-review-warning-clean-driver-build-and-focused-test-386e4ec442e6	src/amd/r300/common/r300_tcl_bypass_triangle.c	r300 tcl bypass triangle multi pass reference count	1	1	1	0	1	0	1	present	0			warning-clean-driver-build-and-focused-test	unchanged-since-review	compare-current-code-with-review-claim
