corpus_rank	thread_id	path_group_id	source_group_id	claim_group_id	work_group_id
1	PRRT_kwDOR3YK5M6CWWKm	path-terakan-draw-c-30429cbb5cb7	source-terakan-draw-c-terakan-cmddraw-vkcommandbuffer-const-commandbuffer-uint3-900f68a6fb22	claim-terakan-draw-c-update-attachment-layer-state-inside-each-multiview-5dc61846dc82	work-terakan-draw-c-terakan-cmddraw-vkcommandbuffer-const-commandbuffer-uint3-900f68a6fb22
2	PRRT_kwDOR3YK5M6ChBF4	path-terakan-nir-lower-abi-c-3913a45c9c93	source-terakan-nir-lower-abi-c-terakan-nir-binding-mutable-resource-93b555541a7e	claim-terakan-nir-lower-abi-c-index-dynamic-robustness-loads-by-da1688ace24c	work-terakan-nir-lower-abi-c-terakan-nir-binding-mutable-resource-93b555541a7e
3	PRRT_kwDOR3YK5M6C_gYg	path-terakan-dmabuf-carrier-c-de1f6b9a2e9e	source-terakan-dmabuf-carrier-c-static-const-struct-terakan-carrier-policy-b84601ff7ee9	claim-terakan-dmabuf-carrier-c-the-carrier-policy-reason-string-claims-d9296ec16780	work-terakan-dmabuf-carrier-c-static-const-struct-terakan-carrier-policy-b84601ff7ee9
4	PRRT_kwDOR3YK5M6LaOsk	path-vl-h264-slice-parser-test-c-b47a9f295c16	source-vl-h264-slice-parser-test-c-original-line-87-43283acd7a1b	claim-vl-h264-slice-parser-test-c-trim-the-next-annex-9b09d7cf1c98	work-vl-h264-slice-parser-test-c-original-line-87-43283acd7a1b
5	PRRT_kwDOR3YK5M6LaOsq	path-vl-h264-slice-parser-c-029a68afaf11	source-vl-h264-slice-parser-c-original-line-201-66c947bbe1e8	claim-vl-h264-slice-parser-c-use-the-va-supplied-active-330b8d3755f4	work-vl-h264-slice-parser-c-original-line-201-66c947bbe1e8
6	PRRT_kwDOR3YK5M6L_w9G	path-vl-h264-cavlc-tables-h-675604af1748	source-vl-h264-cavlc-tables-h-original-line-7-5cb04185aaf6	claim-vl-h264-cavlc-tables-h-keep-cavlc-table-generation-inside-e566dc085f4b	work-vl-h264-cavlc-tables-h-original-line-7-5cb04185aaf6
7	PRRT_kwDOR3YK5M6L_w9U	path-vl-h264-mb-decode-c-1f56ade5002f	source-vl-h264-mb-decode-c-original-line-212-e3e3d014fc2d	claim-vl-h264-mb-decode-c-copy-slice-deblock-controls-into-1d6c98e89203	work-vl-h264-mb-decode-c-original-line-212-e3e3d014fc2d
8	PRRT_kwDOR3YK5M6L_w9Y	path-vl-h264-mb-decode-c-1f56ade5002f	source-vl-h264-mb-decode-c-original-line-212-e3e3d014fc2d	claim-vl-h264-mb-decode-c-mark-native-intra-macroblocks-with-8747ce5b0f45	work-vl-h264-mb-decode-c-original-line-212-e3e3d014fc2d
9	PRRT_kwDOR3YK5M6L_w9c	path-vl-h264-slice-parser-c-029a68afaf11	source-vl-h264-slice-parser-c-original-line-187-97c53e0beb1e	claim-vl-h264-slice-parser-c-reject-field-coded-slices-before-65f86ebd211a	work-vl-h264-slice-parser-c-original-line-187-97c53e0beb1e
10	PRRT_kwDOR3YK5M6X3byR	path-terakan-softfp64-lifetime-contract-test-py-ce8b73f40fab	source-terakan-softfp64-lifetime-contract-test-py-original-line-58-fec8187937aa	claim-terakan-softfp64-lifetime-contract-test-py-verify-that-wsi-failures-d6afb68a4b08	work-terakan-softfp64-lifetime-contract-test-py-original-line-58-fec8187937aa
11	PRRT_kwDOR3YK5M6X3lYa	path-terakan-softfp64-lifetime-contract-test-py-ce8b73f40fab	source-terakan-softfp64-lifetime-contract-test-py-def-verify-contract-source-e5c30b962861	claim-terakan-softfp64-lifetime-contract-test-py-reject-exits-that-precede-42c2ac97d6f3	work-terakan-softfp64-lifetime-contract-test-py-def-verify-contract-source-e5c30b962861
12	PRRT_kwDOR3YK5M6Yb3vf	path-r300-r2vb-c-cac34ca6739e	source-r300-r2vb-c-bool-r300-r2vb-producer-interface-init-gated-849223324227	claim-r300-r2vb-c-add-symbol-discovery-provenance-to-the-psc-4d87b2be9075	work-r300-r2vb-c-bool-r300-r2vb-producer-interface-init-gated-849223324227
13	PRRT_kwDOR3YK5M6YcP8D	path-r3v-native-loader-sweep-c-6d196241247b	source-r3v-native-loader-sweep-c-child-exit-status-int-body-aab625dc6025	claim-r3v-native-loader-sweep-c-retry-waitpid-when-a-signal-39012ad2992a	work-r3v-native-loader-sweep-c-child-exit-status-int-body-aab625dc6025
14	PRRT_kwDOR3YK5M6YckKP	path-run-under-xvfb-sh-eea017156855	source-run-under-xvfb-sh-cleanup-dir-e982551a07c5	claim-run-under-xvfb-sh-terminate-the-wrapped-command-s-descendants-bb5f95045b92	work-run-under-xvfb-sh-cleanup-dir-e982551a07c5
15	PRRT_kwDOR3YK5M6YckKT	path-run-under-xvfb-sh-eea017156855	source-run-under-xvfb-sh-exec-8-237c75aee3c0	claim-run-under-xvfb-sh-preserve-stdin-when-backgrounding-the-command-b3bf1543ee22	work-run-under-xvfb-sh-exec-8-237c75aee3c0
16	PRRT_kwDOR3YK5M6YcmNY	path-r3v-native-entrypoint-audit-py-a00131502f00	source-r3v-native-entrypoint-audit-py-def-populated-slot-1e39abd228f4	claim-r3v-native-entrypoint-audit-py-track-the-pointer-that-guards-cd0aca9952d6	work-r3v-native-entrypoint-audit-py-def-populated-slot-1e39abd228f4
17	PRRT_kwDOR3YK5M6YcmNc	path-meson-build-90733826a0f8	source-meson-build-if-get-option-r3v-native-backend-d69517bd1b58	claim-meson-build-calibrate-the-extra-slot-failure-in-isolation-6adff3daf531	work-meson-build-if-get-option-r3v-native-backend-d69517bd1b58
18	PRRT_kwDOR3YK5M6Yc3Z1	path-r3v-native-cell-c-682ac189865c	source-r3v-native-cell-c-record-triangle-cell-tail-struct-r3v-c74bba439f15	claim-r3v-native-cell-c-detect-aliases-of-the-same-gem-af5fb75a1847	work-r3v-native-cell-c-record-triangle-cell-tail-struct-r3v-c74bba439f15
19	PRRT_kwDOR3YK5M6Yc3Z4	path-r3v-native-cell-c-682ac189865c	source-r3v-native-cell-c-r3v-native-cmd-buffer-execute-deferred-558fd7da81a3	claim-r3v-native-cell-c-remove-the-internal-source-path-from-f41dfd5e9666	work-r3v-native-cell-c-r3v-native-cmd-buffer-execute-deferred-558fd7da81a3
20	PRRT_kwDOR3YK5M6Yc3Z7	path-r3v-native-vertex-carrier-harness-c-78a0596fd057	source-r3v-native-vertex-carrier-harness-c-main-void-f81d93989ed9	claim-r3v-native-vertex-carrier-harness-c-bind-the-byte-fixture-e582c151856b	work-r3v-native-vertex-carrier-harness-c-main-void-f81d93989ed9
21	PRRT_kwDOR3YK5M6Yc3Z9	path-r3v-native-vertex-carrier-harness-c-78a0596fd057	source-r3v-native-vertex-carrier-harness-c-main-void-f81d93989ed9	claim-r3v-native-vertex-carrier-harness-c-attach-a-discovery-source-fdc664fd4498	work-r3v-native-vertex-carrier-harness-c-main-void-f81d93989ed9
22	PRRT_kwDOR3YK5M6Yc3Z_	path-r3v-native-vertex-carrier-harness-c-78a0596fd057	source-r3v-native-vertex-carrier-harness-c-main-void-f81d93989ed9	claim-r3v-native-vertex-carrier-harness-c-state-the-alias-test-3d8dc6383b67	work-r3v-native-vertex-carrier-harness-c-main-void-f81d93989ed9
23	PRRT_kwDOR3YK5M6YiLxm	path-r300-state-inlines-h-98459dec529f	source-r300-state-inlines-h-r300-blend-factor-for-target-enum-edee58be3c28	claim-r300-state-inlines-h-preserve-src-alpha-saturate-on-intensity-d8ee4b74c7c6	work-r300-state-inlines-h-r300-blend-factor-for-target-enum-edee58be3c28
24	PRRT_kwDOR3YK5M6YiPRn	path-r3v-native-arming-test-c-c80f9e5675b2	source-r3v-native-arming-test-c-test-each-factor-refuses-void-71c4ce255bd6	claim-r3v-native-arming-test-c-reserve-space-for-the-attempt-60a3d26979e4	work-r3v-native-arming-test-c-test-each-factor-refuses-void-71c4ce255bd6
25	PRRT_kwDOR3YK5M6YiliQ	path-r3v-native-attended-cell-procedure-md-1e1b252382ea	source-r3v-native-attended-cell-procedure-md-the-run-proceeds-only-c56b8e9956ab	claim-r3v-native-attended-cell-procedure-md-point-the-variable-at-275dfcdf48d6	work-r3v-native-attended-cell-procedure-md-the-run-proceeds-only-c56b8e9956ab
26	PRRT_kwDOR3YK5M6Yimy3	path-r300-reg-h-9d0ed9a60fa0	source-r300-reg-h-enum-14beab4c6967	claim-r300-reg-h-replace-the-survey-name-with-the-measured-50336023425b	work-r300-reg-h-enum-14beab4c6967
27	PRRT_kwDOR3YK5M6Ym2kE	path-r300-r2vb-c-cac34ca6739e	source-r300-r2vb-c-void-r300-emit-rs482-r2vb-compute-loop-8eb5af635ade	claim-r300-r2vb-c-validate-the-new-c1c-packet-on-rs482-ca33414ca9bf	work-r300-r2vb-c-void-r300-emit-rs482-r2vb-compute-loop-8eb5af635ade
28	PRRT_kwDOR3YK5M6ZICHm	path-r3v-source-header-audit-py-7f341bb8a1ee	source-r3v-source-header-audit-py-original-line-43-a0f216c648c1	claim-r3v-source-header-audit-py-scope-the-upstream-holder-exception-fac85f6a8299	work-r3v-source-header-audit-py-original-line-43-a0f216c648c1
29	PRRT_kwDOR3YK5M6ZIGc_	path-r300-delivery-route-h-86dd02661fcd	source-r300-delivery-route-h-enum-r300-delivery-route-580d304dbc59	claim-r300-delivery-route-h-ground-the-position-space-contract-in-fee564bec6bc	work-r300-delivery-route-h-enum-r300-delivery-route-580d304dbc59
30	PRRT_kwDOR3YK5M6ZIX10	path-r300-r2vb-producer-manifest-check-py-8d858fc88263	source-r300-r2vb-producer-manifest-check-py-def-validate-outdir-path-bfd931d37bd4	claim-r300-r2vb-producer-manifest-check-py-validate-the-exact-compiled-17657b82272d	work-r300-r2vb-producer-manifest-check-py-def-validate-outdir-path-bfd931d37bd4
31	PRRT_kwDOR3YK5M6ZIX14	path-r300-r2vb-producer-manifest-c-95bf6cc446ba	source-r300-r2vb-producer-manifest-c-main-int-argc-char-argv-5d7a41403dd9	claim-r300-r2vb-producer-manifest-c-replay-the-generated-64-byte-5b0f35c52570	work-r300-r2vb-producer-manifest-c-main-int-argc-char-argv-5d7a41403dd9
32	PRRT_kwDOR3YK5M6ZIX2A	path-r300-r2vb-producer-pass-c-42a1f63df1ef	source-r300-r2vb-producer-pass-c-int-3d9d833517b2	claim-r300-r2vb-producer-pass-c-reject-fragment-binaries-that-are-f68dabe473fe	work-r300-r2vb-producer-pass-c-int-3d9d833517b2
33	PRRT_kwDOR3YK5M6ZIX2C	path-r300-r2vb-producer-manifest-check-py-8d858fc88263	source-r300-r2vb-producer-manifest-check-py-def-validate-outdir-path-bfd931d37bd4	claim-r300-r2vb-producer-manifest-check-py-bound-the-poison-value-75ec7c879979	work-r300-r2vb-producer-manifest-check-py-def-validate-outdir-path-bfd931d37bd4
34	PRRT_kwDOR3YK5M6ZIj8E	path-r3v-native-attended-producer-procedure-md-ea2d7540f002	source-r3v-native-attended-producer-procedure-md-original-line-53-ee6f9ff6087b	claim-r3v-native-attended-producer-procedure-md-preserve-partial-poison-as-b62ecdab895d	work-r3v-native-attended-producer-procedure-md-original-line-53-ee6f9ff6087b
35	PRRT_kwDOR3YK5M6ZIj8I	path-r3v-native-attended-producer-procedure-md-ea2d7540f002	source-r3v-native-attended-producer-procedure-md-original-line-38-592b332c4c53	claim-r3v-native-attended-producer-procedure-md-replay-the-exact-producer-0a5fad9c589c	work-r3v-native-attended-producer-procedure-md-original-line-38-592b332c4c53
36	PRRT_kwDOR3YK5M6ZIj8L	path-r3v-native-attended-producer-procedure-md-ea2d7540f002	source-r3v-native-attended-producer-procedure-md-original-line-56-9913e54a1b70	claim-r3v-native-attended-producer-procedure-md-describe-the-tail-as-a6f024d41b70	work-r3v-native-attended-producer-procedure-md-original-line-56-9913e54a1b70
37	PRRT_kwDOR3YK5M6ZIj8P	path-r3v-native-attended-producer-procedure-md-ea2d7540f002	source-r3v-native-attended-producer-procedure-md-original-line-67-9ceedfd0aab8	claim-r3v-native-attended-producer-procedure-md-keep-parser-acceptance-out-8836e3965281	work-r3v-native-attended-producer-procedure-md-original-line-67-9ceedfd0aab8
38	PRRT_kwDOR3YK5M6ZIlCB	path-r3v-native-attended-producer-c-0c2449a4a89a	source-r3v-native-attended-producer-c-original-line-365-138a10357fc1	claim-r3v-native-attended-producer-c-classify-non-poison-carrier-mismatches-22b5078c32b5	work-r3v-native-attended-producer-c-original-line-365-138a10357fc1
39	PRRT_kwDOR3YK5M6ZIlCE	path-r3v-native-attended-producer-c-0c2449a4a89a	source-r3v-native-attended-producer-c-original-line-2-322788f83112	claim-r3v-native-attended-producer-c-add-real-copyright-lines-to-01518ca88919	work-r3v-native-attended-producer-c-original-line-2-322788f83112
40	PRRT_kwDOR3YK5M6ZIlCG	path-r3v-native-attended-producer-c-0c2449a4a89a	source-r3v-native-attended-producer-c-original-line-324-d7af9151b924	claim-r3v-native-attended-producer-c-preflight-runner-artifacts-before-the-6346297a8bf0	work-r3v-native-attended-producer-c-original-line-324-d7af9151b924
41	PRRT_kwDOR3YK5M6ZIlCJ	path-r3v-native-cell-c-682ac189865c	source-r3v-native-cell-c-r3v-native-record-direct-write-vkcommandbuffer-a4f0332c89b9	claim-r3v-native-cell-c-update-the-implementation-boundary-for-live-81fa28323684	work-r3v-native-cell-c-r3v-native-record-direct-write-vkcommandbuffer-a4f0332c89b9
42	PRRT_kwDOR3YK5M6ZIlCL	path-meson-build-90733826a0f8	source-meson-build-if-get-option-r3v-native-backend-d69517bd1b58	claim-meson-build-add-the-producer-hardware-authorization-procedure-657805a87d18	work-meson-build-if-get-option-r3v-native-backend-d69517bd1b58
43	PRRT_kwDOR3YK5M6ZI5HF	path-r3v-memory-properties-contract-test-c-3eab17ad48bd	source-r3v-memory-properties-contract-test-c-original-line-10-48af69cc2b19	claim-r3v-memory-properties-contract-test-c-keep-contract-checks-live-dd4b240eb42c	work-r3v-memory-properties-contract-test-c-original-line-10-48af69cc2b19
44	PRRT_kwDOR3YK5M6ZI5HJ	path-r3v-memory-properties-contract-h-499110461e23	source-r3v-memory-properties-contract-h-original-line-2-10360bcf6406	claim-r3v-memory-properties-contract-h-add-a-real-copyright-line-b69e13a69cbf	work-r3v-memory-properties-contract-h-original-line-2-10360bcf6406
45	PRRT_kwDOR3YK5M6ZI5HM	path-r3v-memory-properties-contract-test-c-3eab17ad48bd	source-r3v-memory-properties-contract-test-c-original-line-2-3e3b0e7aab3c	claim-r3v-memory-properties-contract-test-c-add-a-real-copyright-3a3984dd676d	work-r3v-memory-properties-contract-test-c-original-line-2-3e3b0e7aab3c
46	PRRT_kwDOR3YK5M6ZI5HP	path-r3v-memory-properties-contract-h-499110461e23	source-r3v-memory-properties-contract-h-original-line-28-838defddb661	claim-r3v-memory-properties-contract-h-ground-the-enforced-rs48x-ceiling-093301f596ac	work-r3v-memory-properties-contract-h-original-line-28-838defddb661
47	PRRT_kwDOR3YK5M6ZI5HR	path-r3v-memory-properties-contract-h-499110461e23	source-r3v-memory-properties-contract-h-original-line-102-4da9a63a7d1e	claim-r3v-memory-properties-contract-h-add-discovery-locations-for-the-1e08fcd94066	work-r3v-memory-properties-contract-h-original-line-102-4da9a63a7d1e
48	PRRT_kwDOR3YK5M6ZI7ua	path-radeon-noop-drm-shim-c-4342746b3182	source-radeon-noop-drm-shim-c-test-fd-identity-fallback-int-e13ba3089bd0	claim-radeon-noop-drm-shim-c-avoid-requiring-o-tmpfile-support-e7ea02375558	work-radeon-noop-drm-shim-c-test-fd-identity-fallback-int-e13ba3089bd0
49	PRRT_kwDOR3YK5M6ZJDFI	path-meson-build-eb1c71ade26a	source-meson-build-if-with-tests-and-cc-get-define-cc12c9010c0c	claim-meson-build-add-symbol-discovery-provenance-to-the-fd-alias-5544b0594ed4	work-meson-build-if-with-tests-and-cc-get-define-cc12c9010c0c
50	PRRT_kwDOR3YK5M6ZJHqE	path-r3v-native-producer-cell-harness-c-17d9dbe4aeb8	source-r3v-native-producer-cell-harness-c-original-line-2-24aa25c7d589	claim-r3v-native-producer-cell-harness-c-add-a-real-copyright-18f7c6366d35	work-r3v-native-producer-cell-harness-c-original-line-2-24aa25c7d589
51	PRRT_kwDOR3YK5M6ZJHqJ	path-r3v-native-producer-cell-harness-c-17d9dbe4aeb8	source-r3v-native-producer-cell-harness-c-original-line-561-aa6960905b4e	claim-r3v-native-producer-cell-harness-c-guard-the-retained-ib-85883e833298	work-r3v-native-producer-cell-harness-c-original-line-561-aa6960905b4e
52	PRRT_kwDOR3YK5M6ZJHqM	path-r3v-native-producer-cell-harness-c-17d9dbe4aeb8	source-r3v-native-producer-cell-harness-c-original-line-193-3a7b2ba42b7b	claim-r3v-native-producer-cell-harness-c-reject-manifest-roots-that-8776748fcbc6	work-r3v-native-producer-cell-harness-c-original-line-193-3a7b2ba42b7b
53	PRRT_kwDOR3YK5M6ZJHqN	path-r3v-native-producer-cell-harness-c-17d9dbe4aeb8	source-r3v-native-producer-cell-harness-c-original-line-334-c38a65a30c96	claim-r3v-native-producer-cell-harness-c-stop-after-an-oversized-a5dccc8ed84e	work-r3v-native-producer-cell-harness-c-original-line-334-c38a65a30c96
54	PRRT_kwDOR3YK5M6ZJHqP	path-r3v-native-producer-cell-harness-c-17d9dbe4aeb8	source-r3v-native-producer-cell-harness-c-original-line-175-5b56169b5d10	claim-r3v-native-producer-cell-harness-c-clear-inherited-shim-fault-8fe6b848b58e	work-r3v-native-producer-cell-harness-c-original-line-175-5b56169b5d10
55	PRRT_kwDOR3YK5M6ZJHqT	path-r3v-native-producer-cell-harness-c-17d9dbe4aeb8	source-r3v-native-producer-cell-harness-c-original-line-10-1831b5e000fc	claim-r3v-native-producer-cell-harness-c-add-discovery-locations-to-dfb9340775d9	work-r3v-native-producer-cell-harness-c-original-line-10-1831b5e000fc
56	PRRT_kwDOR3YK5M6ZJrla	path-drm-shim-c-8ab5e6fa5292	source-drm-shim-c-direct-synthetic-path-map-at-int-dirfd-4849143fceb5	claim-drm-shim-c-classify-the-resolved-namespace-rather-than-the-1118b2c8e73a	work-drm-shim-c-direct-synthetic-path-map-at-int-dirfd-4849143fceb5
57	PRRT_kwDOR3YK5M6ZJrld	path-drm-shim-c-8ab5e6fa5292	source-drm-shim-c-copy-open-how-argument-const-struct-open-0ef18f8ff812	claim-drm-shim-c-restrict-eagain-retries-to-scoped-resolution-races-d805b31c311a	work-drm-shim-c-copy-open-how-argument-const-struct-open-0ef18f8ff812
58	PRRT_kwDOR3YK5M6ZJrlf	path-drm-shim-c-8ab5e6fa5292	source-drm-shim-c-external-synthetic-transition-at-alloc-int-dirfd-8965b43e7535	claim-drm-shim-c-preserve-passthrough-when-procfs-cannot-name-the-6dd748e3ae2a	work-drm-shim-c-external-synthetic-transition-at-alloc-int-dirfd-8965b43e7535
59	PRRT_kwDOR3YK5M6ZJ2Bq	path-radeon-noop-drm-shim-residue-check-py-6341f362f5b6	source-radeon-noop-drm-shim-residue-check-py-original-line-37-cd8d22bf43df	claim-radeon-noop-drm-shim-residue-check-py-parse-the-multiline-3bf7ddd55764	work-radeon-noop-drm-shim-residue-check-py-original-line-37-cd8d22bf43df
60	PRRT_kwDOR3YK5M6ZJ2Bv	path-radeon-noop-drm-shim-residue-check-selftest-py-0927f9b00466	source-radeon-noop-drm-shim-residue-check-selftest-py-original-line-c503f34a2d86	claim-radeon-noop-drm-shim-residue-check-selftest-py-make-the-42b17a547f10	work-radeon-noop-drm-shim-residue-check-selftest-py-original-line-c503f34a2d86
61	PRRT_kwDOR3YK5M6ZJ2Bw	path-radeon-noop-drm-shim-residue-check-selftest-py-0927f9b00466	source-radeon-noop-drm-shim-residue-check-selftest-py-original-line-6ce9526488d6	claim-radeon-noop-drm-shim-residue-check-selftest-py-keep-calibration-c5e090dfb017	work-radeon-noop-drm-shim-residue-check-selftest-py-original-line-6ce9526488d6
62	PRRT_kwDOR3YK5M6ZMYw7	path-meson-build-90733826a0f8	source-meson-build-if-get-option-r3v-native-backend-d69517bd1b58	claim-meson-build-move-the-arming-runner-outside-the-drm-shim-dfe8cebbd385	work-meson-build-if-get-option-r3v-native-backend-d69517bd1b58
63	PRRT_kwDOR3YK5M6ZMYxA	path-r3v-native-producer-arming-runner-check-py-322380b850f9	source-r3v-native-producer-arming-runner-check-py-original-line-38-bd421692ef25	claim-r3v-native-producer-arming-runner-check-py-calibrate-the-producer-e7f695270a0e	work-r3v-native-producer-arming-runner-check-py-original-line-38-bd421692ef25
64	PRRT_kwDOR3YK5M6ZMYxC	path-r3v-native-producer-arming-runner-c-b06b8033d8d0	source-r3v-native-producer-arming-runner-c-original-line-2-783a9535fddd	claim-r3v-native-producer-arming-runner-c-add-required-copyright-attribution-ab8c4568e4de	work-r3v-native-producer-arming-runner-c-original-line-2-783a9535fddd
65	PRRT_kwDOR3YK5M6ZMYxG	path-r3v-native-producer-arming-runner-c-b06b8033d8d0	source-r3v-native-producer-arming-runner-c-original-line-82-a9d6eeeed803	claim-r3v-native-producer-arming-runner-c-reject-malformed-pci-identity-8474cccb7cb2	work-r3v-native-producer-arming-runner-c-original-line-82-a9d6eeeed803
66	PRRT_kwDOR3YK5M6ZMYxH	path-r3v-native-producer-arming-runner-c-b06b8033d8d0	source-r3v-native-producer-arming-runner-c-original-line-28-6f1c1632a879	claim-r3v-native-producer-arming-runner-c-add-symbol-discovery-provenance-290c40c9edbd	work-r3v-native-producer-arming-runner-c-original-line-28-6f1c1632a879
67	PRRT_kwDOR3YK5M6ZTCO9	path-r3v-native-cell-c-682ac189865c	source-r3v-native-cell-c-r3v-native-producer-cell-install-struct-845eaa0bae88	claim-r3v-native-cell-c-maintainability-code-quality-minor-quick-win-430081048baa	work-r3v-native-cell-c-r3v-native-producer-cell-install-struct-845eaa0bae88
68	PRRT_kwDOR3YK5M6ZTCOk	path-r3v-native-attended-producer-procedure-md-ea2d7540f002	source-r3v-native-attended-producer-procedure-md-carrier-expected-extent-compar-3d67ef27ff9b	claim-r3v-native-attended-producer-procedure-md-maintainability-code-quality-m-e08114df3666	work-r3v-native-attended-producer-procedure-md-carrier-expected-extent-compar-3d67ef27ff9b
69	PRRT_kwDOR3YK5M6ZTCPO	path-r3v-native-producer-arming-runner-check-py-322380b850f9	source-r3v-native-producer-arming-runner-check-py-def-main-f7ee8f3da7d5	claim-r3v-native-producer-arming-runner-check-py-functional-correctness-minor-a58f435917b5	work-r3v-native-producer-arming-runner-check-py-def-main-f7ee8f3da7d5
70	PRRT_kwDOR3YK5M6ZTDHJ	path-r3v-native-attended-producer-procedure-md-ea2d7540f002	source-r3v-native-attended-producer-procedure-md-carrier-expected-extent-compar-3d67ef27ff9b	claim-r3v-native-attended-producer-procedure-md-mark-the-executed-run-a5b01c14c0b4	work-r3v-native-attended-producer-procedure-md-carrier-expected-extent-compar-3d67ef27ff9b
71	PRRT_kwDOR3YK5M6ZTDHW	path-r3v-native-attended-producer-procedure-md-ea2d7540f002	source-r3v-native-attended-producer-procedure-md-carrier-expected-extent-compar-3d67ef27ff9b	claim-r3v-native-attended-producer-procedure-md-replace-the-host-local-9582e930f085	work-r3v-native-attended-producer-procedure-md-carrier-expected-extent-compar-3d67ef27ff9b
72	PRRT_kwDOR3YK5M6ZTDHn	path-meson-build-5b7b4a1137c9	source-meson-build-test-a354f458a42e	claim-meson-build-validate-the-sweep-manifest-artifacts-4219717a35f8	work-meson-build-test-a354f458a42e
73	PRRT_kwDOR3YK5M6ZTDHx	path-r3v-native-producer-arming-runner-check-py-322380b850f9	source-r3v-native-producer-arming-runner-check-py-def-main-f7ee8f3da7d5	claim-r3v-native-producer-arming-runner-check-py-calibrate-an-armed-a2eb1caab3d1	work-r3v-native-producer-arming-runner-check-py-def-main-f7ee8f3da7d5
74	PRRT_kwDOR3YK5M6ZTeB4	path-run-r2vb-reingest-replay-sh-91fb733d9268	source-run-r2vb-reingest-replay-sh-original-line-49-c06a8f960330	claim-run-r2vb-reingest-replay-sh-validate-the-generated-re-ingest-918a8ed6ebae	work-run-r2vb-reingest-replay-sh-original-line-49-c06a8f960330
75	PRRT_kwDOR3YK5M6ZTeBt	path-r3v-native-reingest-arming-runner-check-py-aa1352f60eac	source-r3v-native-reingest-arming-runner-check-py-original-line-82-bb6c9241aa72	claim-r3v-native-reingest-arming-runner-check-py-add-a-known-606d7c0d0bd4	work-r3v-native-reingest-arming-runner-check-py-original-line-82-bb6c9241aa72
76	PRRT_kwDOR3YK5M6ZTeBy	path-r300-r2vb-reingest-manifest-c-a2b250209476	source-r300-r2vb-reingest-manifest-c-original-line-2-97a3387e4ac7	claim-r300-r2vb-reingest-manifest-c-add-real-copyright-lines-to-927fa729bd9b	work-r300-r2vb-reingest-manifest-c-original-line-2-97a3387e4ac7
77	PRRT_kwDOR3YK5M6ZZIY3	path-r3v-native-attended-reingest-c-7d1ab100fe71	source-r3v-native-attended-reingest-c-main-int-argc-char-argv-83f7735b3455	claim-r3v-native-attended-reingest-c-retain-the-poison-count-in-74801100e7a2	work-r3v-native-attended-reingest-c-main-int-argc-char-argv-83f7735b3455
78	PRRT_kwDOR3YK5M6ZZIYq	path-r3v-native-attended-producer-procedure-md-ea2d7540f002	source-r3v-native-attended-producer-procedure-md-tail-disturbed-0-slot-323ffa4a129d	claim-r3v-native-attended-producer-procedure-md-remove-target-local-paths-46b0c43e48bd	work-r3v-native-attended-producer-procedure-md-tail-disturbed-0-slot-323ffa4a129d
79	PRRT_kwDOR3YK5M6ZZIYz	path-r3v-native-attended-producer-procedure-md-ea2d7540f002	source-r3v-native-attended-producer-procedure-md-tail-disturbed-0-slot-323ffa4a129d	claim-r3v-native-attended-producer-procedure-md-bound-the-known-claim-3d3a39b84dd7	work-r3v-native-attended-producer-procedure-md-tail-disturbed-0-slot-323ffa4a129d
80	PRRT_kwDOR3YK5M6ZZ5qL	path-r300-r2vb-producer-pass-c-42a1f63df1ef	source-r300-r2vb-producer-pass-c-r300-r2vb-producer-fp24-sweep-4da87facc12f	claim-r300-r2vb-producer-pass-c-state-the-measured-fp24-property-cf94f89c771b	work-r300-r2vb-producer-pass-c-r300-r2vb-producer-fp24-sweep-4da87facc12f
81	PRRT_kwDOR3YK5M6ZbztH	path-r300-us-source-read-h-a80e299dedfe	source-r300-us-source-read-h-enum-r300-source-read-model-6087a25848e2	claim-r300-us-source-read-h-keep-the-r2vb-ceiling-out-1987590fdc37	work-r300-us-source-read-h-enum-r300-source-read-model-6087a25848e2
82	PRRT_kwDOR3YK5M6ZbztK	path-r3v-native-attended-producer-procedure-md-ea2d7540f002	source-r3v-native-attended-producer-procedure-md-exact-wrong-pattern-falsifies-c2af32add322	claim-r3v-native-attended-producer-procedure-md-use-the-mesa-ai-08c506e7a2c4	work-r3v-native-attended-producer-procedure-md-exact-wrong-pattern-falsifies-c2af32add322
83	PRRT_kwDOR3YK5M6Zc7p4	path-r300-r2vb-float2-tuple-pass-c-b09f74cd9274	source-r300-r2vb-float2-tuple-pass-c-original-line-1-bee14b100205	claim-r300-r2vb-float2-tuple-pass-c-add-copyright-lines-to-f2e7e10d386a	work-r300-r2vb-float2-tuple-pass-c-original-line-1-bee14b100205
84	PRRT_kwDOR3YK5M6Zc7p6	path-run-r2vb-float2-tuple-replay-sh-4c55fabe30cc	source-run-r2vb-float2-tuple-replay-sh-original-line-53-896422cadf63	claim-run-r2vb-float2-tuple-replay-sh-validate-tuple-artifacts-before-cc949686c55b	work-run-r2vb-float2-tuple-replay-sh-original-line-53-896422cadf63
85	PRRT_kwDOR3YK5M6Zc7p9	path-r300-r2vb-float2-tuple-pass-c-b09f74cd9274	source-r300-r2vb-float2-tuple-pass-c-original-line-323-468f7ae24050	claim-r300-r2vb-float2-tuple-pass-c-reset-the-lower-vertex-f1fe3c1ac00c	work-r300-r2vb-float2-tuple-pass-c-original-line-323-468f7ae24050
86	PRRT_kwDOR3YK5M6Zdt0h	path-r3v-native-float2-tuple-arming-runner-check-py-b35c8aa0c28b	source-r3v-native-float2-tuple-arming-runner-check-py-original-line-a97abc06db8a	claim-r3v-native-float2-tuple-arming-runner-check-py-calibrate-the-842281d429a4	work-r3v-native-float2-tuple-arming-runner-check-py-original-line-a97abc06db8a
87	PRRT_kwDOR3YK5M6Zdt0i	path-meson-build-90733826a0f8	source-meson-build-if-get-option-r3v-native-backend-d69517bd1b58	claim-meson-build-include-the-tuple-tests-in-the-qualification-inventory-c8ff30cf946a	work-meson-build-if-get-option-r3v-native-backend-d69517bd1b58
88	PRRT_kwDOR3YK5M6Zdt0k	path-r3v-native-attended-float2-tuple-procedure-md-4699494e3bcf	source-r3v-native-attended-float2-tuple-procedure-md-original-line-25-85f30a8c16f8	claim-r3v-native-attended-float2-tuple-procedure-md-replace-the-inherited-8800eb96726c	work-r3v-native-attended-float2-tuple-procedure-md-original-line-25-85f30a8c16f8
89	PRRT_kwDOR3YK5M6Zdt0l	path-r3v-native-attended-float2-tuple-c-63dcb8c1df30	source-r3v-native-attended-float2-tuple-c-original-line-2-a73dd8e05433	claim-r3v-native-attended-float2-tuple-c-add-real-copyright-lines-9dad13d4cf77	work-r3v-native-attended-float2-tuple-c-original-line-2-a73dd8e05433
90	PRRT_kwDOR3YK5M6Zdt0n	path-r3v-native-attended-float2-tuple-c-63dcb8c1df30	source-r3v-native-attended-float2-tuple-c-original-line-356-2f2d868ef5b3	claim-r3v-native-attended-float2-tuple-c-reserve-every-readback-artifact-f88840fbb343	work-r3v-native-attended-float2-tuple-c-original-line-356-2f2d868ef5b3
91	PRRT_kwDOR3YK5M6ZjF1o	path-r3v-native-float2-tuple-cell-harness-c-8871d0377b29	source-r3v-native-float2-tuple-cell-harness-c-original-line-240-b0f277bf9f68	claim-r3v-native-float2-tuple-cell-harness-c-respect-the-configured-c9b8a14923c9	work-r3v-native-float2-tuple-cell-harness-c-original-line-240-b0f277bf9f68
92	PRRT_kwDOR3YK5M6Zjitu	path-r300-pm4-builder-c-2fcc98e5386a	source-r300-pm4-builder-c-r300-pm4-reloc-nop-struct-r300-9487ac93309d	claim-r300-pm4-builder-c-accept-the-full-24-bit-vertex-9b833dc817b3	work-r300-pm4-builder-c-r300-pm4-reloc-nop-struct-r300-9487ac93309d
93	PRRT_kwDOR3YK5M6Zj7c7	path-r300-r2vb-fetch-pass-c-cc28224170cc	source-r300-r2vb-fetch-pass-c-original-line-52-4e6657b531ac	claim-r300-r2vb-fetch-pass-c-reject-65-536-vertices-before-5f6aa9b1919a	work-r300-r2vb-fetch-pass-c-original-line-52-4e6657b531ac
94	PRRT_kwDOR3YK5M6Zj8uP	path-r300-r2vb-target-state-c-cba8ddcf0355	source-r300-r2vb-target-state-c-original-line-14-b8fea61266c7	claim-r300-r2vb-target-state-c-accept-the-full-13-bit-a564c84514ad	work-r300-r2vb-target-state-c-original-line-14-b8fea61266c7
95	PRRT_kwDOR3YK5M6Zj9sd	path-r300-pm4-compose-c-b2d9ec8cf1cb	source-r300-pm4-compose-c-original-line-57-db468d44f692	claim-r300-pm4-compose-c-reject-writers-aliased-through-the-role-7dcc2117af38	work-r300-pm4-compose-c-original-line-57-db468d44f692
96	PRRT_kwDOR3YK5M6Zj9sf	path-r300-pm4-compose-c-b2d9ec8cf1cb	source-r300-pm4-compose-c-original-line-82-a347fdb08ae0	claim-r300-pm4-compose-c-reject-relocation-indexes-that-overflow-the-00e77acde955	work-r300-pm4-compose-c-original-line-82-a347fdb08ae0
97	PRRT_kwDOR3YK5M6Zj9sg	path-r300-pm4-compose-h-5cacaa647d2d	source-r300-pm4-compose-h-original-line-37-c0b032443e4c	claim-r300-pm4-compose-h-ground-the-kernel-resolution-claim-in-2b5527ef7dfc	work-r300-pm4-compose-h-original-line-37-c0b032443e4c
98	PRRT_kwDOR3YK5M6Zj9si	path-r300-pm4-compose-c-b2d9ec8cf1cb	source-r300-pm4-compose-c-original-line-45-23691b3cb161	claim-r300-pm4-compose-c-reject-duplicate-descriptors-for-one-relocation-399210707065	work-r300-pm4-compose-c-original-line-45-23691b3cb161
99	PRRT_kwDOR3YK5M6ZkBxx	path-r300-r2vb-reingest-compose-parity-test-c-6bc2c65c58a4	source-r300-r2vb-reingest-compose-parity-test-c-original-line-109-a8e7ea9893ff	claim-r300-r2vb-reingest-compose-parity-test-c-compare-relocation-domains-c07b87024086	work-r300-r2vb-reingest-compose-parity-test-c-original-line-109-a8e7ea9893ff
100	PRRT_kwDOR3YK5M6ZkUvF	path-r3v-native-attended-float2-tuple-procedure-md-4699494e3bcf	source-r3v-native-attended-float2-tuple-procedure-md-producer-cell-host-00f279c830ed	claim-r3v-native-attended-float2-tuple-procedure-md-correct-the-three-9056204044c9	work-r3v-native-attended-float2-tuple-procedure-md-producer-cell-host-00f279c830ed
101	PRRT_kwDOR3YK5M6Zm_Mk	path-r300-r2vb-reingest-compose-parity-test-c-6bc2c65c58a4	source-r300-r2vb-reingest-compose-parity-test-c-main-void-0663bcaf5282	claim-r300-r2vb-reingest-compose-parity-test-c-replace-the-deictic-c2a46214d4a4	work-r300-r2vb-reingest-compose-parity-test-c-main-void-0663bcaf5282
102	PRRT_kwDOR3YK5M6ZpvmL	path-r3v-native-status-load-machine-c-b444867b6534	source-r3v-native-status-load-machine-c-original-line-92-4881287da589	claim-r3v-native-status-load-machine-c-reuse-the-failed-sequence-fb82c670e436	work-r3v-native-status-load-machine-c-original-line-92-4881287da589
103	PRRT_kwDOR3YK5M6ZpvmN	path-r3v-native-status-load-machine-c-b444867b6534	source-r3v-native-status-load-machine-c-original-line-219-e4798369535b	claim-r3v-native-status-load-machine-c-require-a-fresh-enter-1e87c3c98b06	work-r3v-native-status-load-machine-c-original-line-219-e4798369535b
104	PRRT_kwDOR3YK5M6ZpvmP	path-r3v-native-status-load-machine-c-b444867b6534	source-r3v-native-status-load-machine-c-original-line-24-2cdddcdbd68b	claim-r3v-native-status-load-machine-c-reject-malformed-json-fields-91abb2df5d37	work-r3v-native-status-load-machine-c-original-line-24-2cdddcdbd68b
105	PRRT_kwDOR3YK5M6ZpvmS	path-r3v-native-status-load-machine-test-c-a3b5859a92a9	source-r3v-native-status-load-machine-test-c-original-line-368-e6de72baa5db	claim-r3v-native-status-load-machine-test-c-fail-calibration-when-988783d2eba0	work-r3v-native-status-load-machine-test-c-original-line-368-e6de72baa5db
106	PRRT_kwDOR3YK5M6ZpvmV	path-r3v-native-status-load-machine-c-b444867b6534	source-r3v-native-status-load-machine-c-original-line-253-9a501207c2af	claim-r3v-native-status-load-machine-c-retain-the-carrier-before-acf23e9e1d0b	work-r3v-native-status-load-machine-c-original-line-253-9a501207c2af
107	PRRT_kwDOR3YK5M6Zpwd7	path-r300-screen-c-3a89e03d7bcd	source-r300-screen-c-static-void-r300-query-memory-info-struct-c8fd947a65f3	claim-r300-screen-c-record-discovery-for-the-callback-flow-claim-6c24371b52cc	work-r300-screen-c-static-void-r300-query-memory-info-struct-c8fd947a65f3
108	PRRT_kwDOR3YK5M6ZqoN-	path-r3v-native-attended-status-load-float2-tuple-c-8db51e4758a9	source-r3v-native-attended-status-load-float2-tuple-c-original-line-c7a0c9cb6543	claim-r3v-native-attended-status-load-float2-tuple-c-preserve-evidence-4262f7c68f20	work-r3v-native-attended-status-load-float2-tuple-c-original-line-c7a0c9cb6543
109	PRRT_kwDOR3YK5M6ZqoN_	path-r3v-native-attended-status-load-float2-tuple-c-8db51e4758a9	source-r3v-native-attended-status-load-float2-tuple-c-original-line-df8de5c5816b	claim-r3v-native-attended-status-load-float2-tuple-c-validate-the-023e5dc230b2	work-r3v-native-attended-status-load-float2-tuple-c-original-line-df8de5c5816b
110	PRRT_kwDOR3YK5M6ZqoOA	path-r3v-native-attended-status-load-float2-tuple-c-8db51e4758a9	source-r3v-native-attended-status-load-float2-tuple-c-original-line-f54e01d99599	claim-r3v-native-attended-status-load-float2-tuple-c-gate-the-2ec54e8b6e37	work-r3v-native-attended-status-load-float2-tuple-c-original-line-f54e01d99599
111	PRRT_kwDOR3YK5M6ZrX1D	path-r3v-native-serial-cell-harness-c-b198f0d3b00f	source-r3v-native-serial-cell-harness-c-original-line-127-041f3de92859	claim-r3v-native-serial-cell-harness-c-derive-the-harness-directory-9eef7ea1bebb	work-r3v-native-serial-cell-harness-c-original-line-127-041f3de92859
112	PRRT_kwDOR3YK5M6ZrX1F	path-r3v-native-queue-c-e0cf9a2c7d04	source-r3v-native-queue-c-r3v-native-queue-submit-struct-vk-606161d6cc8c	claim-r3v-native-queue-c-attach-symbol-discovery-to-the-arming-b5c34623c9d7	work-r3v-native-queue-c-r3v-native-queue-submit-struct-vk-606161d6cc8c
113	PRRT_kwDOR3YK5M6ZrX1I	path-r3v-native-queue-c-e0cf9a2c7d04	source-r3v-native-queue-c-r3v-native-queue-submit-struct-vk-606161d6cc8c	claim-r3v-native-queue-c-bind-semantic-retention-to-the-submitted-bb8535b61bf7	work-r3v-native-queue-c-r3v-native-queue-submit-struct-vk-606161d6cc8c
114	PRRT_kwDOR3YK5M6ZrX1K	path-r3v-native-queue-c-e0cf9a2c7d04	source-r3v-native-queue-c-r3v-native-queue-submit-struct-vk-606161d6cc8c	claim-r3v-native-queue-c-distinguish-refused-attempts-from-admissions-9d1cf6f33f03	work-r3v-native-queue-c-r3v-native-queue-submit-struct-vk-606161d6cc8c
115	PRRT_kwDOR3YK5M6Zsg50	path-r3v-native-attended-status-load-float2-tuple-c-8db51e4758a9	source-r3v-native-attended-status-load-float2-tuple-c-main-int-fb54988b9c3c	claim-r3v-native-attended-status-load-float2-tuple-c-stop-waiting-6166a9701973	work-r3v-native-attended-status-load-float2-tuple-c-main-int-fb54988b9c3c
116	PRRT_kwDOR3YK5M6Zsg5y	path-r3v-native-attended-status-load-float2-tuple-c-8db51e4758a9	source-r3v-native-attended-status-load-float2-tuple-c-main-int-fb54988b9c3c	claim-r3v-native-attended-status-load-float2-tuple-c-place-the-a5fe9c3d18d2	work-r3v-native-attended-status-load-float2-tuple-c-main-int-fb54988b9c3c
117	PRRT_kwDOR3YK5M6Zs0iX	path-r3v-native-attended-status-load-float2-tuple-c-8db51e4758a9	source-r3v-native-attended-status-load-float2-tuple-c-main-int-fb54988b9c3c	claim-r3v-native-attended-status-load-float2-tuple-c-verify-the-1c6ed8cab50e	work-r3v-native-attended-status-load-float2-tuple-c-main-int-fb54988b9c3c
118	PRRT_kwDOR3YK5M6Zs0iZ	path-r3v-native-attended-status-load-float2-tuple-c-8db51e4758a9	source-r3v-native-attended-status-load-float2-tuple-c-main-int-fb54988b9c3c	claim-r3v-native-attended-status-load-float2-tuple-c-synchronize-both-e8f1dd30fc31	work-r3v-native-attended-status-load-float2-tuple-c-main-int-fb54988b9c3c
119	PRRT_kwDOR3YK5M6Z6OR5	path-r300-r2vb-c-cac34ca6739e	source-r300-r2vb-c-original-line-1-894922fba941	claim-r300-r2vb-c-restore-the-truncated-gallium-r300-r2vb-source-64d68c746163	work-r300-r2vb-c-original-line-1-894922fba941
120	PRRT_kwDOR3YK5M6Z6OR9	path-r3v-pipeline-c-5f53a3a19dcb	source-r3v-pipeline-c-original-line-1-4d2bfd508529	claim-r3v-pipeline-c-restore-the-truncated-r3v-pipeline-source-3e2b02790c8b	work-r3v-pipeline-c-original-line-1-4d2bfd508529
121	PRRT_kwDOR3YK5M6Z6OSA	path-gitlab-ci-inc-yml-52955bc1b302	source-gitlab-ci-inc-yml-original-line-16-5815e441adad	claim-gitlab-ci-inc-yml-include-the-relocated-gallium-tests-in-9a1c9574de08	work-gitlab-ci-inc-yml-original-line-16-5815e441adad
122	PRRT_kwDOR3YK5M6aUhQv	path-r300-r2vb-nir-c-072af698b2ea	source-r300-r2vb-nir-c-original-line-186-2ed3671830cd	claim-r300-r2vb-nir-c-restore-the-restager-symbol-discovery-record-f7adbacd784e	work-r300-r2vb-nir-c-original-line-186-2ed3671830cd
123	PRRT_kwDOR3YK5M6aUw6Y	path-r300-pm4-builder-c-2fcc98e5386a	source-r300-pm4-builder-c-r300-pm4-emit-vertex-index-range-a7bc10050f7d	claim-r300-pm4-builder-c-reserve-the-complete-immediate-draw-before-7d2e41c26120	work-r300-pm4-builder-c-r300-pm4-emit-vertex-index-range-a7bc10050f7d
124	PRRT_kwDOR3YK5M6aV-cR	path-r3v-native-queue-c-e0cf9a2c7d04	source-r3v-native-queue-c-r3v-native-queue-submit-struct-vk-606161d6cc8c	claim-r3v-native-queue-c-keep-transcript-i-o-outside-timed-f5ad1352ca0f	work-r3v-native-queue-c-r3v-native-queue-submit-struct-vk-606161d6cc8c
125	PRRT_kwDOR3YK5M6aV-cS	path-r3v-native-attended-status-load-float2-tuple-c-8db51e4758a9	source-r3v-native-attended-status-load-float2-tuple-c-op-submit-ab0e3d2c2bb8	claim-r3v-native-attended-status-load-float2-tuple-c-perform-the-dc41b51dd3cd	work-r3v-native-attended-status-load-float2-tuple-c-op-submit-ab0e3d2c2bb8
126	PRRT_kwDOR3YK5M6aV-cU	path-r3v-native-attended-status-load-float2-tuple-c-8db51e4758a9	source-r3v-native-attended-status-load-float2-tuple-c-sampler-pump-2feaeee9dae6	claim-r3v-native-attended-status-load-float2-tuple-c-validate-protocol-fd00574ae8a2	work-r3v-native-attended-status-load-float2-tuple-c-sampler-pump-2feaeee9dae6
127	PRRT_kwDOR3YK5M6aftQZ	path-r300-cpu-vertex-job-c-8f8545c4acdd	source-r300-cpu-vertex-job-c-original-line-179-04739a373024	claim-r300-cpu-vertex-job-c-force-separate-dp4-multiply-and-ffc9975d5249	work-r300-cpu-vertex-job-c-original-line-179-04739a373024
128	PRRT_kwDOR3YK5M6aftQk	path-r300-cpu-vertex-job-c-8f8545c4acdd	source-r300-cpu-vertex-job-c-original-line-21-3526a313bbf5	claim-r300-cpu-vertex-job-c-decode-gathered-lanes-from-little-2daf631f16da	work-r300-cpu-vertex-job-c-original-line-21-3526a313bbf5
129	PRRT_kwDOR3YK5M6aftQu	path-r300-cpu-vertex-job-c-8f8545c4acdd	source-r300-cpu-vertex-job-c-original-line-129-b538663f8fb5	claim-r300-cpu-vertex-job-c-preserve-64-bit-vertex-indices-510cf338abc1	work-r300-cpu-vertex-job-c-original-line-129-b538663f8fb5
130	PRRT_kwDOR3YK5M6agIl-	path-r300-vertex-job-nir-h-c670b849738a	source-r300-vertex-job-nir-h-original-line-19-07943736b651	claim-r300-vertex-job-nir-h-add-the-discovery-method-for-33646d64b47d	work-r300-vertex-job-nir-h-original-line-19-07943736b651
131	PRRT_kwDOR3YK5M6agIl4	path-r300-vertex-job-nir-c-caadb0c8e4e2	source-r300-vertex-job-nir-c-original-line-203-e67db47e2dc1	claim-r300-vertex-job-nir-c-preserve-fused-semantics-when-lowering-551e7d11f312	work-r300-vertex-job-nir-c-original-line-203-e67db47e2dc1
132	PRRT_kwDOR3YK5M6agImF	path-r3v-native-cell-c-682ac189865c	source-r3v-native-cell-c-r3v-native-cmd-buffer-execute-deferred-558fd7da81a3	claim-r3v-native-cell-c-describe-computed-positions-in-the-viewport-4aa68f6af8c3	work-r3v-native-cell-c-r3v-native-cmd-buffer-execute-deferred-558fd7da81a3
133	PRRT_kwDOR3YK5M6ahapL	path-r300-cpu-vertex-job-c-8f8545c4acdd	source-r300-cpu-vertex-job-c-int-r300-cpu-vertex-job-0740e4669a9f	claim-r300-cpu-vertex-job-c-define-nan-propagation-before-asserting-21fcbf636716	work-r300-cpu-vertex-job-c-int-r300-cpu-vertex-job-0740e4669a9f
134	PRRT_kwDOR3YK5M6ahkG-	path-r3v-native-attended-status-load-float2-tuple-c-8db51e4758a9	source-r3v-native-attended-status-load-float2-tuple-c-main-int-fb54988b9c3c	claim-r3v-native-attended-status-load-float2-tuple-c-cite-the-d82ddb1013d6	work-r3v-native-attended-status-load-float2-tuple-c-main-int-fb54988b9c3c
135	PRRT_kwDOR3YK5M6ahkHF	path-r3v-native-attended-status-load-float2-tuple-c-8db51e4758a9	source-r3v-native-attended-status-load-float2-tuple-c-main-int-fb54988b9c3c	claim-r3v-native-attended-status-load-float2-tuple-c-validate-the-e9bbc0328701	work-r3v-native-attended-status-load-float2-tuple-c-main-int-fb54988b9c3c
136	PRRT_kwDOR3YK5M6ahkHN	path-r3v-native-attended-status-load-float2-tuple-c-8db51e4758a9	source-r3v-native-attended-status-load-float2-tuple-c-main-int-fb54988b9c3c	claim-r3v-native-attended-status-load-float2-tuple-c-retain-preparation-e36b1378819e	work-r3v-native-attended-status-load-float2-tuple-c-main-int-fb54988b9c3c
137	PRRT_kwDOR3YK5M6ajnPC	path-r3v-native-burst-cell-harness-c-92829bee55a8	source-r3v-native-burst-cell-harness-c-main-void-4d21aa527654	claim-r3v-native-burst-cell-harness-c-derive-the-evidence-directory-2d24a234cdde	work-r3v-native-burst-cell-harness-c-main-void-4d21aa527654
138	PRRT_kwDOR3YK5M6ajnPI	path-r300-r2vb-float2-tuple-pass-c-b09f74cd9274	source-r300-r2vb-float2-tuple-pass-c-static-const-uint32-t-722f21945261	claim-r300-r2vb-float2-tuple-pass-c-add-discovery-provenance-to-a8ec50c2f56b	work-r300-r2vb-float2-tuple-pass-c-static-const-uint32-t-722f21945261
139	PRRT_kwDOR3YK5M6ajnPN	path-run-r2vb-float2-tuple-burst-replay-sh-eb3f95f29f87	source-run-r2vb-float2-tuple-burst-replay-sh-bundle-bd82899929f0	claim-run-r2vb-float2-tuple-burst-replay-sh-rename-the-replay-cd0da95ac70c	work-run-r2vb-float2-tuple-burst-replay-sh-bundle-bd82899929f0
140	PRRT_kwDOR3YK5M6ao044	path-r3v-native-queue-c-e0cf9a2c7d04	source-r3v-native-queue-c-r3v-native-queue-submit-struct-vk-606161d6cc8c	claim-r3v-native-queue-c-mark-the-transport-completed-before-returning-67e9db6d78a2	work-r3v-native-queue-c-r3v-native-queue-submit-struct-vk-606161d6cc8c
141	PRRT_kwDOR3YK5M6ao04o	path-r3v-native-cell-c-682ac189865c	source-r3v-native-cell-c-r3v-native-cmd-buffer-execute-deferred-558fd7da81a3	claim-r3v-native-cell-c-apply-the-viewport-transform-before-emitting-ed43111ec73e	work-r3v-native-cell-c-r3v-native-cmd-buffer-execute-deferred-558fd7da81a3
142	PRRT_kwDOR3YK5M6ao04s	path-r3v-native-cell-c-682ac189865c	source-r3v-native-cell-c-r3v-native-cmd-buffer-execute-deferred-558fd7da81a3	claim-r3v-native-cell-c-defer-command-buffer-mutation-until-carrier-e11c9f01a3e5	work-r3v-native-cell-c-r3v-native-cmd-buffer-execute-deferred-558fd7da81a3
143	PRRT_kwDOR3YK5M6ao04y	path-r3v-native-cell-c-682ac189865c	source-r3v-native-cell-c-r3v-native-cmd-buffer-execute-deferred-558fd7da81a3	claim-r3v-native-cell-c-propagate-observed-carrier-retention-failures-47996825d590	work-r3v-native-cell-c-r3v-native-cmd-buffer-execute-deferred-558fd7da81a3
144	PRRT_kwDOR3YK5M6ao71I	path-meson-build-90733826a0f8	source-meson-build-if-get-option-r3v-native-backend-d69517bd1b58	claim-meson-build-include-every-native-header-in-the-source-audit-ffbed2385858	work-meson-build-if-get-option-r3v-native-backend-d69517bd1b58
145	PRRT_kwDOR3YK5M6ao71J	path-r3v-native-separation-audit-py-0f0edb80acc6	source-r3v-native-separation-audit-py-original-line-72-99117368a48a	claim-r3v-native-separation-audit-py-handle-elif-when-tracking-native-0151f8bad4d3	work-r3v-native-separation-audit-py-original-line-72-99117368a48a
146	PRRT_kwDOR3YK5M6ao71M	path-r3v-native-separation-audit-py-0f0edb80acc6	source-r3v-native-separation-audit-py-original-line-150-d4ef891140af	claim-r3v-native-separation-audit-py-parse-split-include-directory-arguments-834f218b5ca2	work-r3v-native-separation-audit-py-original-line-150-d4ef891140af
147	PRRT_kwDOR3YK5M6ao71N	path-r3v-native-separation-audit-py-0f0edb80acc6	source-r3v-native-separation-audit-py-original-line-180-0030b932fdbd	claim-r3v-native-separation-audit-py-reject-artifacts-without-a-dynamic-ca1197104275	work-r3v-native-separation-audit-py-original-line-180-0030b932fdbd
148	PRRT_kwDOR3YK5M6ao71O	path-r3v-physical-device-c-0d800b1649e2	source-r3v-physical-device-c-original-line-30-3678a66b20b4	claim-r3v-physical-device-c-attach-a-discovery-method-to-the-8a67ab3ca790	work-r3v-physical-device-c-original-line-30-3678a66b20b4
149	PRRT_kwDOR3YK5M6ao71S	path-meson-build-90733826a0f8	source-meson-build-if-get-option-r3v-native-backend-d69517bd1b58	claim-meson-build-give-the-pipe-format-provenance-one-canonical-home-f89f7a8dd3db	work-meson-build-if-get-option-r3v-native-backend-d69517bd1b58
150	PRRT_kwDOR3YK5M6apYcc	path-r3v-implementation-boundaries-md-4bec8bd4770e	source-r3v-implementation-boundaries-md-r2vb-migration-follows-the-fixed-triang-7784fa8affab	claim-r3v-implementation-boundaries-md-suggestion-typo-consider-adding-that-af-91c99e700a1a	work-r3v-implementation-boundaries-md-r2vb-migration-follows-the-fixed-triang-7784fa8affab
151	PRRT_kwDOR3YK5M6apbJD	path-r3v-implementation-boundaries-md-4bec8bd4770e	source-r3v-implementation-boundaries-md-r2vb-migration-follows-the-fixed-triang-7784fa8affab	claim-r3v-implementation-boundaries-md-describe-observed-byte-retention-as-bes-1965a0e28958	work-r3v-implementation-boundaries-md-r2vb-migration-follows-the-fixed-triang-7784fa8affab
152	PRRT_kwDOR3YK5M6apbJF	path-r3v-implementation-boundaries-md-4bec8bd4770e	source-r3v-implementation-boundaries-md-r2vb-migration-follows-the-fixed-triang-7784fa8affab	claim-r3v-implementation-boundaries-md-update-the-roadmap-to-match-the-cee65da5e516	work-r3v-implementation-boundaries-md-r2vb-migration-follows-the-fixed-triang-7784fa8affab
153	PRRT_kwDOR3YK5M6apbJH	path-r3v-implementation-boundaries-md-4bec8bd4770e	source-r3v-implementation-boundaries-md-r2vb-migration-follows-the-fixed-triang-7784fa8affab	claim-r3v-implementation-boundaries-md-add-the-new-route-to-the-dc544fc9f9e0	work-r3v-implementation-boundaries-md-r2vb-migration-follows-the-fixed-triang-7784fa8affab
154	PRRT_kwDOR3YK5M6apbJJ	path-r3v-implementation-boundaries-md-4bec8bd4770e	source-r3v-implementation-boundaries-md-r2vb-migration-follows-the-fixed-triang-7784fa8affab	claim-r3v-implementation-boundaries-md-name-both-exact-opt-in-gates-4e7a45224859	work-r3v-implementation-boundaries-md-r2vb-migration-follows-the-fixed-triang-7784fa8affab
155	PRRT_kwDOR3YK5M6arxS9	path-r3v-native-attended-public-gpu-producer-c-84e8b00f3b4e	source-r3v-native-attended-public-gpu-producer-c-original-line-660-8f50a3dc25da	claim-r3v-native-attended-public-gpu-producer-c-classify-submission-refusals-fdb9ffa3d021	work-r3v-native-attended-public-gpu-producer-c-original-line-660-8f50a3dc25da
156	PRRT_kwDOR3YK5M6arxTA	path-r3v-native-public-gpu-producer-arming-runner-check-py-510b7c8f80d9	source-r3v-native-public-gpu-producer-arming-runner-check-py-original-3b3b94ad9cd0	claim-r3v-native-public-gpu-producer-arming-runner-check-py-calibrate-b0ba26c328ce	work-r3v-native-public-gpu-producer-arming-runner-check-py-original-3b3b94ad9cd0
157	PRRT_kwDOR3YK5M6arxTB	path-r3v-native-cell-c-682ac189865c	source-r3v-native-cell-c-r3v-native-deferred-draw-admit-gpu-6dd3e8545a1b	claim-r3v-native-cell-c-propagate-carrier-retention-failures-ddbd913c1ac4	work-r3v-native-cell-c-r3v-native-deferred-draw-admit-gpu-6dd3e8545a1b
158	PRRT_kwDOR3YK5M6arxTE	path-r3v-native-attended-public-gpu-producer-c-84e8b00f3b4e	source-r3v-native-attended-public-gpu-producer-c-original-line-706-04c4fad575d9	claim-r3v-native-attended-public-gpu-producer-c-destroy-bound-resources-aa90ab3cce00	work-r3v-native-attended-public-gpu-producer-c-original-line-706-04c4fad575d9
159	PRRT_kwDOR3YK5M6ar7bc	path-r3v-native-attended-public-gpu-producer-c-84e8b00f3b4e	source-r3v-native-attended-public-gpu-producer-c-main-int-argc-912f341d9dd8	claim-r3v-native-attended-public-gpu-producer-c-add-the-discovery-1b5e4501e1a1	work-r3v-native-attended-public-gpu-producer-c-main-int-argc-912f341d9dd8
160	PRRT_kwDOR3YK5M6ar7bd	path-r3v-native-attended-public-gpu-producer-procedure-md-5540cd69ada6	source-r3v-native-attended-public-gpu-producer-procedure-md-this-document-6cca234cd89c	claim-r3v-native-attended-public-gpu-producer-procedure-md-describe-record-835322291e36	work-r3v-native-attended-public-gpu-producer-procedure-md-this-document-6cca234cd89c
161	PRRT_kwDOR3YK5M6atMbC	path-claude-md-ca7e1b73d032	source-claude-md-original-line-7-fcdb94b0b1ef	claim-claude-md-keep-shared-build-doctrine-in-agents-md-72837870f11d	work-claude-md-original-line-7-fcdb94b0b1ef
162	PRRT_kwDOR3YK5M6atdGL	path-r3v-native-object-c-fd0e82eefd63	source-r3v-native-object-c-r3v-native-validate-mapped-ranges-struct-fb8313134b68	claim-r3v-native-object-c-add-discovery-provenance-to-the-memory-cea174f77ddd	work-r3v-native-object-c-r3v-native-validate-mapped-ranges-struct-fb8313134b68
163	PRRT_kwDOR3YK5M6a5hLJ	path-r300-cpu-vertex-job-bench-c-d81da6fa5bb9	source-r300-cpu-vertex-job-bench-c-original-line-488-ae49204e157d	claim-r300-cpu-vertex-job-bench-c-qualify-the-tl-66-6c89d48317ca	work-r300-cpu-vertex-job-bench-c-original-line-488-ae49204e157d
164	PRRT_kwDOR3YK5M6a5hLN	path-meson-build-b36392d85973	source-meson-build-if-with-tests-0d619494ec18	claim-meson-build-gate-the-registered-k8-test-on-runtime-sse3-f07aed66196d	work-meson-build-if-with-tests-0d619494ec18
165	PRRT_kwDOR3YK5M6a9Q3q	path-r3v-native-public-surface-harness-c-e344b97295b2	source-r3v-native-public-surface-harness-c-main-void-9ef80fd09665	claim-r3v-native-public-surface-harness-c-assert-the-carrier-bo-5f50cb303fa1	work-r3v-native-public-surface-harness-c-main-void-9ef80fd09665
166	PRRT_kwDOR3YK5M6a98_4	path-r300-cpu-vertex-job-c-8f8545c4acdd	source-r300-cpu-vertex-job-c-static-uint32-t-float-result-20a5f2f9a401	claim-r300-cpu-vertex-job-c-apply-the-fixed-environment-during-112b6c51d2d4	work-r300-cpu-vertex-job-c-static-uint32-t-float-result-20a5f2f9a401
167	PRRT_kwDOR3YK5M6a-G-3	path-r3v-native-zb-depth-control-harness-c-bee69f3188d7	source-r3v-native-zb-depth-control-harness-c-original-line-373-846e8cc0585c	claim-r3v-native-zb-depth-control-harness-c-exercise-the-distinct-9d294dd95cf4	work-r3v-native-zb-depth-control-harness-c-original-line-373-846e8cc0585c
168	PRRT_kwDOR3YK5M6a-G-6	path-r3v-native-zb-depth-control-harness-c-bee69f3188d7	source-r3v-native-zb-depth-control-harness-c-original-line-195-b9bf1276c6ed	claim-r3v-native-zb-depth-control-harness-c-derive-the-harness-50681775240a	work-r3v-native-zb-depth-control-harness-c-original-line-195-b9bf1276c6ed
169	PRRT_kwDOR3YK5M6a-G-u	path-r3v-native-attended-zb-depth-control-c-ed4ad4014f28	source-r3v-native-attended-zb-depth-control-c-original-line-382-a96e9cae3dc6	claim-r3v-native-attended-zb-depth-control-c-prove-the-far-c005d26fbbd8	work-r3v-native-attended-zb-depth-control-c-original-line-382-a96e9cae3dc6
170	PRRT_kwDOR3YK5M6a-G-x	path-r3v-native-attended-zb-depth-control-c-ed4ad4014f28	source-r3v-native-attended-zb-depth-control-c-original-line-12-7ad42ef8f055	claim-r3v-native-attended-zb-depth-control-c-remove-b14-run-4a5f0cd86c48	work-r3v-native-attended-zb-depth-control-c-original-line-12-7ad42ef8f055
171	PRRT_kwDOR3YK5M6a-G_A	path-run-zb-depth-control-replay-sh-82b79577609f	source-run-zb-depth-control-replay-sh-original-line-68-79ff64cf2289	claim-run-zb-depth-control-replay-sh-keep-the-replay-footprints-669d034313d7	work-run-zb-depth-control-replay-sh-original-line-68-79ff64cf2289
172	PRRT_kwDOR3YK5M6a-G_F	path-r300-zb-depth-control-cell-h-be52fa5e4476	source-r300-zb-depth-control-cell-h-original-line-103-2bdd7fa80890	claim-r300-zb-depth-control-cell-h-attach-discovery-locations-to-08338e3f410b	work-r300-zb-depth-control-cell-h-original-line-103-2bdd7fa80890
173	PRRT_kwDOR3YK5M6a-G_L	path-r3v-native-attended-zb-depth-control-c-ed4ad4014f28	source-r3v-native-attended-zb-depth-control-c-original-line-126-fcc45122f8cb	claim-r3v-native-attended-zb-depth-control-c-gate-the-live-5f05e7ae62e0	work-r3v-native-attended-zb-depth-control-c-original-line-126-fcc45122f8cb
174	PRRT_kwDOR3YK5M6a_7y4	path-r3v-native-attended-route-dispatch-timing-c-acaa5cdfe669	source-r3v-native-attended-route-dispatch-timing-c-original-line-713-530ee31cd823	claim-r3v-native-attended-route-dispatch-timing-c-exclude-durable-evidence-c2e3dc914986	work-r3v-native-attended-route-dispatch-timing-c-original-line-713-530ee31cd823
175	PRRT_kwDOR3YK5M6a_7y7	path-r3v-native-attended-route-dispatch-timing-c-acaa5cdfe669	source-r3v-native-attended-route-dispatch-timing-c-original-line-774-9c134032c702	claim-r3v-native-attended-route-dispatch-timing-c-classify-pre-ioctl-9efae1adc2c3	work-r3v-native-attended-route-dispatch-timing-c-original-line-774-9c134032c702
176	PRRT_kwDOR3YK5M6a_7y9	path-meson-build-90733826a0f8	source-meson-build-if-get-option-r3v-native-backend-d69517bd1b58	claim-meson-build-add-known-bad-calibration-for-the-timing-verdict-7b31543b037a	work-meson-build-if-get-option-r3v-native-backend-d69517bd1b58
177	PRRT_kwDOR3YK5M6bAJeM	path-pkgbuild-9c88948c340c	source-pkgbuild-link-into-usr-05754d71c4ad	claim-pkgbuild-run-the-package-inventory-in-qualification-mode-5b8cda0bd5b4	work-pkgbuild-link-into-usr-05754d71c4ad
178	PRRT_kwDOR3YK5M6bAJeQ	path-r3v-native-attended-route-dispatch-timing-c-acaa5cdfe669	source-r3v-native-attended-route-dispatch-timing-c-main-int-argc-a96b4aadbee5	claim-r3v-native-attended-route-dispatch-timing-c-represent-a-refused-5b06f598e858	work-r3v-native-attended-route-dispatch-timing-c-main-int-argc-a96b4aadbee5
179	PRRT_kwDOR3YK5M6bAJeS	path-pkgbuild-9c88948c340c	source-pkgbuild-link-into-usr-05754d71c4ad	claim-pkgbuild-bind-the-audited-source-tree-to-the-staged-build-15b46cfcc7a0	work-pkgbuild-link-into-usr-05754d71c4ad
180	PRRT_kwDOR3YK5M6bAK9Z	path-r3v-qualification-inventory-py-66b74ddd3438	source-r3v-qualification-inventory-py-def-evaluate-registered-set-str-options-3f7d4c7e2fb6	claim-r3v-qualification-inventory-py-require-the-packaged-gallium-backend-3d5ccacf2d58	work-r3v-qualification-inventory-py-def-evaluate-registered-set-str-options-3f7d4c7e2fb6
181	PRRT_kwDOR3YK5M6bAK9e	path-pkgbuild-9c88948c340c	source-pkgbuild-check-9c1cc6d665fe	claim-pkgbuild-bind-the-audit-to-the-packaged-build-identity-9b97f465614a	work-pkgbuild-check-9c1cc6d665fe
182	PRRT_kwDOR3YK5M6bASKQ	path-r3v-native-attended-route-dispatch-timing-c-acaa5cdfe669	source-r3v-native-attended-route-dispatch-timing-c-main-int-argc-a96b4aadbee5	claim-r3v-native-attended-route-dispatch-timing-c-cite-the-defining-8c5f1ad27cfd	work-r3v-native-attended-route-dispatch-timing-c-main-int-argc-a96b4aadbee5
183	PRRT_kwDOR3YK5M6bAUDt	path-r3v-native-burst-cell-harness-c-92829bee55a8	source-r3v-native-burst-cell-harness-c-run-burst-leg-vkinstance-aa8bd4a0156f	claim-r3v-native-burst-cell-harness-c-create-the-pool-with-1ec635ac75cf	work-r3v-native-burst-cell-harness-c-run-burst-leg-vkinstance-aa8bd4a0156f
184	PRRT_kwDOR3YK5M6bAUD1	path-rs482-native-delivery-route-admission-and-oracle-model-md-a4d98de13b7b	source-rs482-native-delivery-route-admission-and-oracle-model-md-original-9c6fce4e46a2	claim-rs482-native-delivery-route-admission-and-oracle-model-md-document-b56a0dedd9c4	work-rs482-native-delivery-route-admission-and-oracle-model-md-original-9c6fce4e46a2
185	PRRT_kwDOR3YK5M6bAUDz	path-rs482-native-delivery-route-admission-and-oracle-model-md-a4d98de13b7b	source-rs482-native-delivery-route-admission-and-oracle-model-md-original-f7fda9046382	claim-rs482-native-delivery-route-admission-and-oracle-model-md-define-9a1db8dd2887	work-rs482-native-delivery-route-admission-and-oracle-model-md-original-f7fda9046382
186	PRRT_kwDOR3YK5M6bAatc	path-r3v-native-cell-c-682ac189865c	source-r3v-native-cell-c-r3v-native-deferred-draw-verify-gpu-399e0b9192ec	claim-r3v-native-cell-c-track-completed-admission-instead-of-producer-e04ee4a79832	work-r3v-native-cell-c-r3v-native-deferred-draw-verify-gpu-399e0b9192ec
187	PRRT_kwDOR3YK5M6bAatf	path-rs482-native-delivery-route-admission-and-oracle-model-md-a4d98de13b7b	source-rs482-native-delivery-route-admission-and-oracle-model-md-make-6339d9ba4cbf	claim-rs482-native-delivery-route-admission-and-oracle-model-md-replace-e2a72eb55dcb	work-rs482-native-delivery-route-admission-and-oracle-model-md-make-6339d9ba4cbf
188	PRRT_kwDOR3YK5M6bAath	path-rs482-native-delivery-route-admission-and-oracle-model-md-a4d98de13b7b	source-rs482-native-delivery-route-admission-and-oracle-model-md-make-6339d9ba4cbf	claim-rs482-native-delivery-route-admission-and-oracle-model-md-rebuild-535971654fd1	work-rs482-native-delivery-route-admission-and-oracle-model-md-make-6339d9ba4cbf
189	PRRT_kwDOR3YK5M6bAatl	path-r3v-implementation-boundaries-md-4bec8bd4770e	source-r3v-implementation-boundaries-md-exit-status-0c0ea6485e2f	claim-r3v-implementation-boundaries-md-scope-the-pre-seed-claim-to-82fb8b1fbc32	work-r3v-implementation-boundaries-md-exit-status-0c0ea6485e2f
190	PRRT_kwDOR3YK5M6bD2er	path-r300-delivery-route-h-86dd02661fcd	source-r300-delivery-route-h-original-line-23-0fccff7a8f49	claim-r300-delivery-route-h-issue-recheck-the-0-1077-ratio-3bb9d615fe1e	work-r300-delivery-route-h-original-line-23-0fccff7a8f49
191	PRRT_kwDOR3YK5M6bD747	path-r300-delivery-route-h-86dd02661fcd	source-r300-delivery-route-h-original-line-19-d5afc944939e	claim-r300-delivery-route-h-include-the-cpu-gather-in-the-ff8b7b197f21	work-r300-delivery-route-h-original-line-19-d5afc944939e
192	PRRT_kwDOR3YK5M6bD75B	path-r300-delivery-route-h-86dd02661fcd	source-r300-delivery-route-h-original-line-23-0fccff7a8f49	claim-r300-delivery-route-h-keep-capture-statistics-in-the-evidence-0483c4726d2d	work-r300-delivery-route-h-original-line-23-0fccff7a8f49
193	PRRT_kwDOR3YK5M6bD75G	path-r300-delivery-route-h-86dd02661fcd	source-r300-delivery-route-h-original-line-16-4811b05294ac	claim-r300-delivery-route-h-close-the-matching-route-default-research-75e2ad6f7f66	work-r300-delivery-route-h-original-line-16-4811b05294ac
194	PRRT_kwDOR3YK5M6bD75O	path-r300-delivery-route-h-86dd02661fcd	source-r300-delivery-route-h-original-line-19-d5afc944939e	claim-r300-delivery-route-h-identify-the-measured-silicon-by-pci-26e3fd051a35	work-r300-delivery-route-h-original-line-19-d5afc944939e
195	PRRT_kwDOR3YK5M6bEYn2	path-r3v-implementation-boundaries-md-4bec8bd4770e	source-r3v-implementation-boundaries-md-symbol-aa6b666dbb62	claim-r3v-implementation-boundaries-md-name-the-va-frontend-instead-of-eb403cee2a1b	work-r3v-implementation-boundaries-md-symbol-aa6b666dbb62
196	PRRT_kwDOR3YK5M6bEYn6	path-r3v-implementation-boundaries-md-4bec8bd4770e	source-r3v-implementation-boundaries-md-symbol-aa6b666dbb62	claim-r3v-implementation-boundaries-md-separate-encode-requirements-from-decod-2185b72ddbd1	work-r3v-implementation-boundaries-md-symbol-aa6b666dbb62
197	PRRT_kwDOR3YK5M6bEYn8	path-r3v-implementation-boundaries-md-4bec8bd4770e	source-r3v-implementation-boundaries-md-symbol-aa6b666dbb62	claim-r3v-implementation-boundaries-md-preserve-the-distinct-packed-format-enc-60f1e1371516	work-r3v-implementation-boundaries-md-symbol-aa6b666dbb62
198	PRRT_kwDOR3YK5M6bEYoD	path-r3v-implementation-boundaries-md-4bec8bd4770e	source-r3v-implementation-boundaries-md-symbol-aa6b666dbb62	claim-r3v-implementation-boundaries-md-remove-the-unreachable-bridge-from-the-4532d7183a76	work-r3v-implementation-boundaries-md-symbol-aa6b666dbb62
199	PRRT_kwDOR3YK5M6bF0Bc	path-r300-cpu-compute-job-c-9fc8c1c86591	source-r300-cpu-compute-job-c-original-line-52-c7f087d76583	claim-r300-cpu-compute-job-c-preserve-the-shader-s-x-81e8474164a1	work-r300-cpu-compute-job-c-original-line-52-c7f087d76583
200	PRRT_kwDOR3YK5M6bF0Bg	path-r3v-native-compute-c-1129a69f6424	source-r3v-native-compute-c-original-line-503-ed6b565eff37	claim-r3v-native-compute-c-keep-recorded-dispatches-executable-after-submissio-9b46f2c39f30	work-r3v-native-compute-c-original-line-503-ed6b565eff37
201	PRRT_kwDOR3YK5M6bF0Bl	path-r3v-native-compute-c-1129a69f6424	source-r3v-native-compute-c-original-line-429-3ab72980ee73	claim-r3v-native-compute-c-resolve-descriptor-contents-at-submission-time-3abd6378a4bc	work-r3v-native-compute-c-original-line-429-3ab72980ee73
202	PRRT_kwDOR3YK5M6bF0Bq	path-r300-cpu-compute-job-c-9fc8c1c86591	source-r300-cpu-compute-job-c-original-line-39-8e7a32b31e5b	claim-r300-cpu-compute-job-c-accept-zero-sized-dispatches-as-ee98962de933	work-r300-cpu-compute-job-c-original-line-39-8e7a32b31e5b
203	PRRT_kwDOR3YK5M6bF0B-	path-r3v-native-compute-c-1129a69f6424	source-r3v-native-compute-c-original-line-188-dbd566cd59dd	claim-r3v-native-compute-c-clear-rolled-back-descriptor-handles-on-d7bdc6ada8c9	work-r3v-native-compute-c-original-line-188-dbd566cd59dd
204	PRRT_kwDOR3YK5M6bF0B2	path-r3v-native-compute-c-1129a69f6424	source-r3v-native-compute-c-original-line-172-ddf5f8614090	claim-r3v-native-compute-c-enforce-descriptor-count-capacity-during-allocation-dbe1e45f8972	work-r3v-native-compute-c-original-line-172-ddf5f8614090
205	PRRT_kwDOR3YK5M6bF0B5	path-r300-compute-spirv-c-903de179950f	source-r300-compute-spirv-c-original-line-456-65bb4cd79ca7	claim-r300-compute-spirv-c-check-instruction-length-before-reading-operands-f4916c36c29b	work-r300-compute-spirv-c-original-line-456-65bb4cd79ca7
206	PRRT_kwDOR3YK5M6bF0Bw	path-r300-cpu-compute-job-c-9fc8c1c86591	source-r300-cpu-compute-job-c-original-line-81-940bc1d9c460	claim-r300-cpu-compute-job-c-permit-identical-input-and-output-78d66f29eaeb	work-r300-cpu-compute-job-c-original-line-81-940bc1d9c460
207	PRRT_kwDOR3YK5M6bF0CE	path-r3v-implementation-boundaries-md-4bec8bd4770e	source-r3v-implementation-boundaries-md-symbol-aa6b666dbb62	claim-r3v-implementation-boundaries-md-update-the-remaining-native-compute-sta-f2e7d888e98e	work-r3v-implementation-boundaries-md-symbol-aa6b666dbb62
208	PRRT_kwDOR3YK5M6bGNq5	path-r300-vertex-spirv-c-1e8a514bf220	source-r300-vertex-spirv-c-original-line-716-80ba25f94641	claim-r300-vertex-spirv-c-keep-the-position-store-as-the-2652a81fada6	work-r300-vertex-spirv-c-original-line-716-80ba25f94641
209	PRRT_kwDOR3YK5M6bGNq9	path-r3v-qualification-inventory-py-66b74ddd3438	source-r3v-qualification-inventory-py-original-line-138-3c76e5fafff2	claim-r3v-qualification-inventory-py-make-the-parity-requirement-conditional-f-6a9f13e05411	work-r3v-qualification-inventory-py-original-line-138-3c76e5fafff2
210	PRRT_kwDOR3YK5M6bGNqz	path-r300-vertex-spirv-c-1e8a514bf220	source-r300-vertex-spirv-c-original-line-333-847ec89c12bd	claim-r300-vertex-spirv-c-validate-instruction-length-before-reading-operands-782282aadbbf	work-r300-vertex-spirv-c-original-line-333-847ec89c12bd
211	PRRT_kwDOR3YK5M6bGb9D	path-r300-vertex-spirv-c-1e8a514bf220	source-r300-vertex-spirv-c-original-line-359-1243ed43fc17	claim-r300-vertex-spirv-c-match-opentrypoint-s-name-before-admitting-5cc47a9a8aeb	work-r300-vertex-spirv-c-original-line-359-1243ed43fc17
212	PRRT_kwDOR3YK5M6bGb9I	path-r3v-physical-device-c-0d800b1649e2	source-r3v-physical-device-c-r3v-physical-device-init-features-struct-bd2d88b13b70	claim-r3v-physical-device-c-honor-robust-vertex-fetches-before-advertising-f0bd49d98e74	work-r3v-physical-device-c-r3v-physical-device-init-features-struct-bd2d88b13b70
213	PRRT_kwDOR3YK5M6bTm1P	path-r3v-physical-device-c-0d800b1649e2	source-r3v-physical-device-c-r3v-hybrid-compute-enabled-void-9458755a9117	claim-r3v-physical-device-c-base-the-multiview-blocker-on-the-ad2b8e10c508	work-r3v-physical-device-c-r3v-hybrid-compute-enabled-void-9458755a9117
214	PRRT_kwDOR3YK5M6bTq4D	path-vk-physical-device-features-gen-py-2dbb4bb4ad92	source-vk-physical-device-features-gen-py-def-condition-self-physical-ce2951e59c7b	claim-vk-physical-device-features-gen-py-issue-broader-impact-the-880fa21cdb32	work-vk-physical-device-features-gen-py-def-condition-self-physical-ce2951e59c7b
215	PRRT_kwDOR3YK5M6bTtKR	path-vk-physical-device-features-gen-py-2dbb4bb4ad92	source-vk-physical-device-features-gen-py-def-condition-self-physical-ce2951e59c7b	claim-vk-physical-device-features-gen-py-correct-the-unsupported-feature-2576ace98d83	work-vk-physical-device-features-gen-py-def-condition-self-physical-ce2951e59c7b
216	PRRT_kwDOR3YK5M6bTtKT	path-vk-physical-device-features-gen-py-2dbb4bb4ad92	source-vk-physical-device-features-gen-py-def-condition-self-physical-ce2951e59c7b	claim-vk-physical-device-features-gen-py-remove-the-orphaned-condition-74a3d2b56d95	work-vk-physical-device-features-gen-py-def-condition-self-physical-ce2951e59c7b
217	PRRT_kwDOR3YK5M6bUqtT	path-r3v-identity-map-c-8de44e99c77c	source-r3v-identity-map-c-r3v-const-fill-dispatch-replay-struct-09476c60a722	claim-r3v-identity-map-c-honor-descriptor-ranges-during-gather-replay-a22cf16f2739	work-r3v-identity-map-c-r3v-const-fill-dispatch-replay-struct-09476c60a722
218	PRRT_kwDOR3YK5M6bUqtU	path-r3v-queue-c-466a4232c63a	source-r3v-queue-c-r3v-replay-dispatch-struct-r3v-device-device-bb0c1d8647e5	claim-r3v-queue-c-exempt-cpu-only-gathers-from-the-raster-9f188c565421	work-r3v-queue-c-r3v-replay-dispatch-struct-r3v-device-device-bb0c1d8647e5
219	PRRT_kwDOR3YK5M6bUqtW	path-r3v-identity-map-c-8de44e99c77c	source-r3v-identity-map-c-r3v-const-fill-dispatch-replay-struct-09476c60a722	claim-r3v-identity-map-c-replay-null-ubo-descriptors-as-zero-7102932e6a8e	work-r3v-identity-map-c-r3v-const-fill-dispatch-replay-struct-09476c60a722
220	PRRT_kwDOR3YK5M6bUqtY	path-r3v-identity-map-c-8de44e99c77c	source-r3v-identity-map-c-r3v-const-fill-dispatch-replay-struct-09476c60a722	claim-r3v-identity-map-c-preserve-load-ordering-for-aliased-gather-55339abd5de1	work-r3v-identity-map-c-r3v-const-fill-dispatch-replay-struct-09476c60a722
221	PRRT_kwDOR3YK5M6bXPWi	path-r300-common-boundary-audit-py-c25f7fdd28e2	source-r300-common-boundary-audit-py-original-line-67-71807bec458c	claim-r300-common-boundary-audit-py-reject-the-r300-compiler-s-1f94ba818b00	work-r300-common-boundary-audit-py-original-line-67-71807bec458c
222	PRRT_kwDOR3YK5M6bXPWk	path-meson-build-90733826a0f8	source-meson-build-if-get-option-r3v-native-backend-d69517bd1b58	claim-meson-build-derive-the-native-header-census-from-the-source-b0e28bc68a67	work-meson-build-if-get-option-r3v-native-backend-d69517bd1b58
223	PRRT_kwDOR3YK5M6bXPWn	path-r300-common-boundary-audit-py-c25f7fdd28e2	source-r300-common-boundary-audit-py-original-line-28-c66244332c63	claim-r300-common-boundary-audit-py-reject-sibling-relative-layer-includes-7c4eec0f1fe3	work-r300-common-boundary-audit-py-original-line-28-c66244332c63
224	PRRT_kwDOR3YK5M6bXPWo	path-r300-common-boundary-known-bad-object-c-dec8ffdbd406	source-r300-common-boundary-known-bad-object-c-original-line-8-bea2dbe3e603	claim-r300-common-boundary-known-bad-object-c-declare-the-known-ef97a34b402f	work-r300-common-boundary-known-bad-object-c-original-line-8-bea2dbe3e603
225	PRRT_kwDOR3YK5M6bXYQs	path-readme-md-cd9f014b2bcb	source-readme-md-original-line-8-0f7910eed4ac	claim-readme-md-name-the-legacy-cutover-instead-of-p2-85f0d08b499b	work-readme-md-original-line-8-0f7910eed4ac
226	PRRT_kwDOR3YK5M6bXYQt	path-r300-common-consumer-census-py-fe73d34538f2	source-r300-common-consumer-census-py-original-line-119-3d25326bbd82	claim-r300-common-consumer-census-py-exclude-commented-tests-from-proof-17d59f7bd1a6	work-r300-common-consumer-census-py-original-line-119-3d25326bbd82
227	PRRT_kwDOR3YK5M6bXyZt	path-r3v-gallium-ownership-disposition-py-7f25b1ff09dc	source-r3v-gallium-ownership-disposition-py-original-line-369-da7704d31223	claim-r3v-gallium-ownership-disposition-py-verify-that-each-basis-consumes-1a2997c13108	work-r3v-gallium-ownership-disposition-py-original-line-369-da7704d31223
228	PRRT_kwDOR3YK5M6bXyZv	path-r3v-gallium-ownership-disposition-py-7f25b1ff09dc	source-r3v-gallium-ownership-disposition-py-original-line-224-cfd7e61ffee3	claim-r3v-gallium-ownership-disposition-py-include-shared-loader-files-in-d2ff39f6a911	work-r3v-gallium-ownership-disposition-py-original-line-224-cfd7e61ffee3
229	PRRT_kwDOR3YK5M6bXyZy	path-meson-build-90733826a0f8	source-meson-build-if-with-tests-0d695476f279	claim-meson-build-replace-the-p2-label-with-the-ownership-mechanism-9467459f94ce	work-meson-build-if-with-tests-0d695476f279
230	PRRT_kwDOR3YK5M6bY2TX	path-r3v-native-burst-cell-harness-c-92829bee55a8	source-r3v-native-burst-cell-harness-c-main-void-4d21aa527654	claim-r3v-native-burst-cell-harness-c-set-burst-authorization-before-aeea8667d6df	work-r3v-native-burst-cell-harness-c-main-void-4d21aa527654
231	PRRT_kwDOR3YK5M6bbUz7	path-r3v-native-burst-cell-harness-c-92829bee55a8	source-r3v-native-burst-cell-harness-c-main-void-4d21aa527654	claim-r3v-native-burst-cell-harness-c-propagate-lifetime-leg-setup-dc6debf1c02a	work-r3v-native-burst-cell-harness-c-main-void-4d21aa527654
232	PRRT_kwDOR3YK5M6bbUz8	path-r3v-native-burst-cell-harness-c-92829bee55a8	source-r3v-native-burst-cell-harness-c-struct-burst-leg-0708f4f187e0	claim-r3v-native-burst-cell-harness-c-observe-resources-in-prepared-b50cec3407ef	work-r3v-native-burst-cell-harness-c-struct-burst-leg-0708f4f187e0
233	PRRT_kwDOR3YK5M6bbUz_	path-readme-md-ea0e6e57f1f6	source-readme-md-in-particular-ca665b7b1344	claim-readme-md-retain-coverage-for-the-live-gallium-lifetime-helper-487bc208a948	work-readme-md-in-particular-ca665b7b1344
234	PRRT_kwDOR3YK5M6bbWV0	path-r300-vertex-job-nir-c-caadb0c8e4e2	source-r300-vertex-job-nir-c-r300-vertex-job-spirv-to-4357e0030c4e	claim-r300-vertex-job-nir-c-add-the-required-discovery-method-49c70168f3f0	work-r300-vertex-job-nir-c-r300-vertex-job-spirv-to-4357e0030c4e
235	PRRT_kwDOR3YK5M6bbXi-	path-r3v-native-descriptor-test-c-14fa0915e1ea	source-r3v-native-descriptor-test-c-original-line-375-3161df917648	claim-r3v-native-descriptor-test-c-restore-the-live-gallium-immutable-745fc230b082	work-r3v-native-descriptor-test-c-original-line-375-3161df917648
236	PRRT_kwDOR3YK5M6bbXi7	path-r3v-native-descriptor-test-c-14fa0915e1ea	source-r3v-native-descriptor-test-c-original-line-513-5d430b95f01e	claim-r3v-native-descriptor-test-c-isolate-the-vk-whole-size-5acea28f4c9e	work-r3v-native-descriptor-test-c-original-line-513-5d430b95f01e
237	PRRT_kwDOR3YK5M6bbXi9	path-r3v-native-descriptor-test-c-14fa0915e1ea	source-r3v-native-descriptor-test-c-original-line-8-6b039b02d892	claim-r3v-native-descriptor-test-c-add-symbol-discovery-locations-to-17ca0fa721dc	work-r3v-native-descriptor-test-c-original-line-8-6b039b02d892
238	PRRT_kwDOR3YK5M6bbXjB	path-r3v-native-descriptor-test-c-14fa0915e1ea	source-r3v-native-descriptor-test-c-original-line-356-959cc9e3f3d8	claim-r3v-native-descriptor-test-c-restore-the-live-gallium-ubo-bf09c13e40fa	work-r3v-native-descriptor-test-c-original-line-356-959cc9e3f3d8
239	PRRT_kwDOR3YK5M6bbXjE	path-r3v-native-descriptor-test-c-14fa0915e1ea	source-r3v-native-descriptor-test-c-original-line-268-60abce9b7060	claim-r3v-native-descriptor-test-c-verify-the-advertised-alignment-is-1ac91647fe20	work-r3v-native-descriptor-test-c-original-line-268-60abce9b7060
240	PRRT_kwDOR3YK5M6bbawY	path-r300-r2vb-typed-route-oracle-test-c-1c8d3ace689d	source-r300-r2vb-typed-route-oracle-test-c-original-line-15-69cedd691702	claim-r300-r2vb-typed-route-oracle-test-c-replace-test-history-bf822f197f65	work-r300-r2vb-typed-route-oracle-test-c-original-line-15-69cedd691702
241	PRRT_kwDOR3YK5M6bbawb	path-r300-r2vb-typed-route-oracle-test-c-1c8d3ace689d	source-r300-r2vb-typed-route-oracle-test-c-original-line-25-98904491ae8e	claim-r300-r2vb-typed-route-oracle-test-c-add-discovery-methods-155d76e84d49	work-r300-r2vb-typed-route-oracle-test-c-original-line-25-98904491ae8e
242	PRRT_kwDOR3YK5M6bbawf	path-meson-build-6943b3d0a559	source-meson-build-if-with-tests-71b7dca6bbb7	claim-meson-build-keep-spir-v-warnings-visible-in-the-oracle-6264fd99b973	work-meson-build-if-with-tests-71b7dca6bbb7
243	PRRT_kwDOR3YK5M6bbd_I	path-meson-build-90733826a0f8	source-meson-build-if-get-option-r3v-native-backend-d69517bd1b58	claim-meson-build-require-the-synthetic-calibration-in-native-only-qualificati-254c2dfbb795	work-meson-build-if-get-option-r3v-native-backend-d69517bd1b58
244	PRRT_kwDOR3YK5M6bbfYK	path-r300-typed-carry-reference-sha256-119fc82149a5	source-r300-typed-carry-reference-sha256-original-line-7-b412b6377dd1	claim-r300-typed-carry-reference-sha256-move-the-retained-bundle-id-df818e6205d3	work-r300-typed-carry-reference-sha256-original-line-7-b412b6377dd1
245	PRRT_kwDOR3YK5M6bbfYM	path-r300-typed-carry-reference-check-py-c08aaca1b6cf	source-r300-typed-carry-reference-check-py-original-line-97-4e5214c49c2b	claim-r300-typed-carry-reference-check-py-normalize-text-fixtures-before-ab7d00e26a8a	work-r300-typed-carry-reference-check-py-original-line-97-4e5214c49c2b
246	PRRT_kwDOR3YK5M6bbfYO	path-r300-typed-carry-reference-check-py-c08aaca1b6cf	source-r300-typed-carry-reference-check-py-original-line-78-38c20705741e	claim-r300-typed-carry-reference-check-py-require-every-source-fixture-28fd4cb6f1b7	work-r300-typed-carry-reference-check-py-original-line-78-38c20705741e
247	PRRT_kwDOR3YK5M6bbfvI	path-r300-vertex-front-end-parity-manifest-d436bd1c3fdf	source-r300-vertex-front-end-parity-manifest-original-line-1-697a7b4c2e43	claim-r300-vertex-front-end-parity-manifest-add-the-required-spdx-8a0e903faed1	work-r300-vertex-front-end-parity-manifest-original-line-1-697a7b4c2e43
248	PRRT_kwDOR3YK5M6bbfvK	path-r300-vertex-front-end-parity-test-c-b2114c4d5102	source-r300-vertex-front-end-parity-test-c-static-void-test-72006ada2107	claim-r300-vertex-front-end-parity-test-c-reject-trailing-columns-2698485c3d95	work-r300-vertex-front-end-parity-test-c-static-void-test-72006ada2107
249	PRRT_kwDOR3YK5M6bblRq	path-meson-options-7286353e3582	source-meson-options-option-cf4f4737a530	claim-meson-options-enable-the-surviving-backend-in-every-ati-r300-a763a8e3097f	work-meson-options-option-cf4f4737a530
250	PRRT_kwDOR3YK5M6bblR1	path-r3v-dp4-fs-nir-c-4b73c88d51a1	source-r3v-dp4-fs-nir-c-original-line-54-4347a71260e5	claim-r3v-dp4-fs-nir-c-retire-the-compiler-hooks-whose-1fce305fd3e2	work-r3v-dp4-fs-nir-c-original-line-54-4347a71260e5
251	PRRT_kwDOR3YK5M6bblR3	path-r3v-qualification-inventory-py-66b74ddd3438	source-r3v-qualification-inventory-py-original-line-206-f8a335e9bde5	claim-r3v-qualification-inventory-py-restore-the-removed-inventory-self-test-fc4a408b0e18	work-r3v-qualification-inventory-py-original-line-206-f8a335e9bde5
252	PRRT_kwDOR3YK5M6bblRu	path-meson-build-90733826a0f8	source-meson-build-if-with-tests-0d695476f279	claim-meson-build-retarget-activation-to-the-surviving-native-manifest-245916d39abf	work-meson-build-if-with-tests-0d695476f279
253	PRRT_kwDOR3YK5M6bblRw	path-3-r300-full-debug-optimized-x86-64v1-clang22-distcc-cache-07a182632247	source-3-r300-full-debug-optimized-x86-64v1-clang22-distcc-cache-e11f7468afe9	claim-3-r300-full-debug-optimized-x86-64v1-clang22-distcc-cache-fb782e0fc411	work-3-r300-full-debug-optimized-x86-64v1-clang22-distcc-cache-e11f7468afe9
254	PRRT_kwDOR3YK5M6bblRz	path-readme-md-ea0e6e57f1f6	source-readme-md-rs480-family-integrated-graphics-processors-33f187f923d6	claim-readme-md-rewrite-the-remaining-gallium-backed-status-section-67d1aeb0c87c	work-readme-md-rs480-family-integrated-graphics-processors-33f187f923d6
255	PRRT_kwDOR3YK5M6bbmu0	path-meson-build-90733826a0f8	source-meson-build-if-with-tests-0d695476f279	claim-meson-build-align-the-source-audit-with-the-actual-preprocessor-89b9830e83ed	work-meson-build-if-with-tests-0d695476f279
256	PRRT_kwDOR3YK5M6bbmu1	path-meson-build-90733826a0f8	source-meson-build-if-with-tests-0d695476f279	claim-meson-build-update-the-canonical-native-boundary-build-identity-ff7bcaaa9c63	work-meson-build-if-with-tests-0d695476f279
257	PRRT_kwDOR3YK5M6bbmu4	path-pkgbuild-9c88948c340c	source-pkgbuild-link-into-usr-05754d71c4ad	claim-pkgbuild-keep-the-native-icd-behind-the-native-launcher-84f092b95749	work-pkgbuild-link-into-usr-05754d71c4ad
258	PRRT_kwDOR3YK5M6bbmu5	path-makefile-55668cc0d77e	source-makefile-artifact-check-source-root-check-vostro-prefix-check-7f7d1809db78	claim-makefile-detect-the-superseded-native-icd-after-incremental-installs-f2569ec3f048	work-makefile-artifact-check-source-root-check-vostro-prefix-check-7f7d1809db78
259	PRRT_kwDOR3YK5M6bbmu7	path-r3v-physical-device-c-0d800b1649e2	source-r3v-physical-device-c-r3v-physical-device-init-properties-struct-087d6f8518c2	claim-r3v-physical-device-c-rebaseline-the-conformance-harness-for-the-dcf959875192	work-r3v-physical-device-c-r3v-physical-device-init-properties-struct-087d6f8518c2
260	PRRT_kwDOR3YK5M6bbmuz	path-meson-build-90733826a0f8	source-meson-build-if-with-tests-0d695476f279	claim-meson-build-keep-the-meson-identity-change-free-of-mass-51a75ee3ea16	work-meson-build-if-with-tests-0d695476f279
261	PRRT_kwDOR3YK5M6bboN8	path-r3v-rename-ratchet-py-81d6aa0cb291	source-r3v-rename-ratchet-py-original-line-122-4879ede8fa40	claim-r3v-rename-ratchet-py-ratchet-each-survivor-occurrence-bde128f6ffe1	work-r3v-rename-ratchet-py-original-line-122-4879ede8fa40
262	PRRT_kwDOR3YK5M6bboN9	path-r3v-rename-ratchet-py-81d6aa0cb291	source-r3v-rename-ratchet-py-original-line-71-bdd5f6f80b13	claim-r3v-rename-ratchet-py-scan-every-textual-source-type-f80ec7f405fa	work-r3v-rename-ratchet-py-original-line-71-bdd5f6f80b13
263	PRRT_kwDOR3YK5M6bboN-	path-r3v-rename-ratchet-py-81d6aa0cb291	source-r3v-rename-ratchet-py-original-line-38-c4f30cf20c32	claim-r3v-rename-ratchet-py-match-every-standalone-r3v-native-identity-308541cf0cb5	work-r3v-rename-ratchet-py-original-line-38-c4f30cf20c32
264	PRRT_kwDOR3YK5M6bboN_	path-r3v-rename-ratchet-py-81d6aa0cb291	source-r3v-rename-ratchet-py-original-line-118-a64276270e43	claim-r3v-rename-ratchet-py-reject-additions-to-the-finite-ledger-ce3f3bbbbc4d	work-r3v-rename-ratchet-py-original-line-118-a64276270e43
265	PRRT_kwDOR3YK5M6bboOA	path-r3v-rename-ratchet-py-81d6aa0cb291	source-r3v-rename-ratchet-py-original-line-88-12c30eebeffb	claim-r3v-rename-ratchet-py-include-path-names-in-the-rename-e6878a5a9823	work-r3v-rename-ratchet-py-original-line-88-12c30eebeffb
266	PRRT_kwDOR3YK5M6bboOB	path-r3v-rename-allowlist-txt-e1af5bcf2472	source-r3v-rename-allowlist-txt-original-line-14-40a92d3cde2c	claim-r3v-rename-allowlist-txt-use-the-canonical-steinmarder-evidence-path-388d3a2114cf	work-r3v-rename-allowlist-txt-original-line-14-40a92d3cde2c
267	PRRT_kwDOR3YK5M6bbo3R	path-mesa-profile-sh-35076b0baf85	source-mesa-profile-sh-original-line-4-3b40fa3bf7e7	claim-mesa-profile-sh-keep-the-staged-icd-out-of-automatically-76c3bc95085e	work-mesa-profile-sh-original-line-4-3b40fa3bf7e7
268	PRRT_kwDOR3YK5M6bbo3U	path-pkgbuild-082e95ad28f5	source-pkgbuild-build-b8fcb98748bd	claim-pkgbuild-stop-providing-vulkan-after-hiding-the-only-64-bit-cbaef1288e21	work-pkgbuild-build-b8fcb98748bd
269	PRRT_kwDOR3YK5M6bbo3X	path-driver-root-audit-py-c0c8ebccd406	source-driver-root-audit-py-original-line-35-d582aea61d41	claim-driver-root-audit-py-audit-the-top-level-amd-entry-2a854d1fec15	work-driver-root-audit-py-original-line-35-d582aea61d41
270	PRRT_kwDOR3YK5M6bbo3Y	path-pkgbuild-9c88948c340c	source-pkgbuild-install-pkgname-install-d2078529a9e0	claim-pkgbuild-preserve-the-native-launcher-s-forced-icd-selection-4f48223b68ef	work-pkgbuild-install-pkgname-install-d2078529a9e0
271	PRRT_kwDOR3YK5M6bbo3Z	path-pkgbuild-082e95ad28f5	source-pkgbuild-build-b8fcb98748bd	claim-pkgbuild-update-the-gbm-package-fixture-for-the-staged-manifest-60e25b8dc893	work-pkgbuild-build-b8fcb98748bd
272	PRRT_kwDOR3YK5M6bbr42	path-r3v-implementation-boundaries-md-4bec8bd4770e	source-r3v-implementation-boundaries-md-rg-n-fixed-strings-e-r3v-83347987e20b	claim-r3v-implementation-boundaries-md-scope-job-identity-to-the-identity-a13687b680dc	work-r3v-implementation-boundaries-md-rg-n-fixed-strings-e-r3v-83347987e20b
273	PRRT_kwDOR3YK5M6bbr45	path-r3v-implementation-boundaries-md-4bec8bd4770e	source-r3v-implementation-boundaries-md-and-drm-shim-evidence-rather-than-0f646a640c77	claim-r3v-implementation-boundaries-md-document-the-legacy-compute-opt-in-1854b649896d	work-r3v-implementation-boundaries-md-and-drm-shim-evidence-rather-than-0f646a640c77
274	PRRT_kwDOR3YK5M6bbr48	path-r3v-implementation-boundaries-md-4bec8bd4770e	source-r3v-implementation-boundaries-md-owned-bo-under-an-explicit-unsnooped-2732e4c47964	claim-r3v-implementation-boundaries-md-attribute-fragment-binary-ownership-to--e02dc1e2070a	work-r3v-implementation-boundaries-md-owned-bo-under-an-explicit-unsnooped-2732e4c47964
275	PRRT_kwDOR3YK5M6bbr4y	path-r3v-implementation-boundaries-md-4bec8bd4770e	source-r3v-implementation-boundaries-md-native-initializer-fc6b69c1932e	claim-r3v-implementation-boundaries-md-require-each-icd-identity-pattern-separ-7636d8b28416	work-r3v-implementation-boundaries-md-native-initializer-fc6b69c1932e
276	PRRT_kwDOR3YK5M6bbr4z	path-readme-md-ea0e6e57f1f6	source-readme-md-gallium-draw-software-tcl-because-mesa-classifies-the-d11e6446f556	claim-readme-md-split-cpu-dispatch-from-the-pm4-submission-path-6e5e99439b9a	work-readme-md-gallium-draw-software-tcl-because-mesa-classifies-the-d11e6446f556
277	PRRT_kwDOR3YK5M6bbuo0	path-r3v-physical-device-c-0d800b1649e2	source-r3v-physical-device-c-r3v-get-image-format-properties-3dc19611b8c7	claim-r3v-physical-device-c-cite-the-image-mechanism-by-symbol-6a3eda0337e3	work-r3v-physical-device-c-r3v-get-image-format-properties-3dc19611b8c7
278	PRRT_kwDOR3YK5M6bbuo2	path-r3v-physical-device-c-0d800b1649e2	source-r3v-physical-device-c-r3v-get-image-format-properties-3dc19611b8c7	claim-r3v-physical-device-c-preserve-the-explicit-conformance-gap-classificati-e1542fc808b9	work-r3v-physical-device-c-r3v-get-image-format-properties-3dc19611b8c7
279	PRRT_kwDOR3YK5M6bbuo3	path-r3v-physical-device-c-0d800b1649e2	source-r3v-physical-device-c-r3v-get-image-format-properties-3dc19611b8c7	claim-r3v-physical-device-c-name-the-actual-family-specific-extent-fbc4d9155f3d	work-r3v-physical-device-c-r3v-get-image-format-properties-3dc19611b8c7
280	PRRT_kwDOR3YK5M6bbxrl	path-r3v-native-queue-c-e0cf9a2c7d04	source-r3v-native-queue-c-r3v-native-queue-submit-struct-vk-606161d6cc8c	claim-r3v-native-queue-c-move-the-deferred-draw-past-the-dd32885156d1	work-r3v-native-queue-c-r3v-native-queue-submit-struct-vk-606161d6cc8c
281	PRRT_kwDOR3YK5M6bb0RX	path-r3v-native-submit-order-harness-c-30e2fe04d57b	source-r3v-native-submit-order-harness-c-original-line-229-be77caafb553	claim-r3v-native-submit-order-harness-c-derive-the-manifest-fixture-14f87c588bc0	work-r3v-native-submit-order-harness-c-original-line-229-be77caafb553
282	PRRT_kwDOR3YK5M6bb0RZ	path-r3v-native-submit-order-harness-c-30e2fe04d57b	source-r3v-native-submit-order-harness-c-original-line-236-d596cce2f069	claim-r3v-native-submit-order-harness-c-inject-retention-failure-independently-0e00629cad8a	work-r3v-native-submit-order-harness-c-original-line-236-d596cce2f069
283	PRRT_kwDOR3YK5M6bb0Ra	path-r3v-native-submit-order-harness-c-30e2fe04d57b	source-r3v-native-submit-order-harness-c-original-line-727-abaa3d9a6943	claim-r3v-native-submit-order-harness-c-assert-the-closed-gate-470625add539	work-r3v-native-submit-order-harness-c-original-line-727-abaa3d9a6943
284	PRRT_kwDOR3YK5M6bb1Y1	path-r300-retained-route-digests-h-b09bf9e0b3db	source-r300-retained-route-digests-h-original-line-21-1cc15cd19e5e	claim-r300-retained-route-digests-h-make-the-shared-cpu-digest-9ec50c83bb65	work-r300-retained-route-digests-h-original-line-21-1cc15cd19e5e
285	PRRT_kwDOR3YK5M6bb1Y3	path-r3v-native-route-timing-digest-test-c-960a9ea070cf	source-r3v-native-route-timing-digest-test-c-main-void-34efd76d8d3c	claim-r3v-native-route-timing-digest-test-c-isolate-the-cpu-7e806cecd6de	work-r3v-native-route-timing-digest-test-c-main-void-34efd76d8d3c
286	PRRT_kwDOR3YK5M6bb35C	path-r300-vertex-spirv-c-1e8a514bf220	source-r300-vertex-spirv-c-admit-module-const-uint32-t-words-6bb0947e38d3	claim-r300-vertex-spirv-c-decode-entry-names-in-spir-v-07d7a0d1859c	work-r300-vertex-spirv-c-admit-module-const-uint32-t-words-6bb0947e38d3
287	PRRT_kwDOR3YK5M6bb7Gl	path-r300-cpu-vertex-c-2626ae0ee568	source-r300-cpu-vertex-c-r300-cpu-vertex-gather-baseline-ba812ac4b422	claim-r300-cpu-vertex-c-keep-the-vertex-index-wide-across-b30d382f63af	work-r300-cpu-vertex-c-r300-cpu-vertex-gather-baseline-ba812ac4b422
288	PRRT_kwDOR3YK5M6bb7Gp	path-r3v-native-submit-order-harness-c-30e2fe04d57b	source-r3v-native-submit-order-harness-c-run-arm-enum-arm-e2b8586c7be2	claim-r3v-native-submit-order-harness-c-clip-robust-zero-w-c1dffbf749b3	work-r3v-native-submit-order-harness-c-run-arm-enum-arm-e2b8586c7be2
289	PRRT_kwDOR3YK5M6bb7Gt	path-r300-vertex-stream-h-caf59b475767	source-r300-vertex-stream-h-struct-r300-vertex-stream-7a2a30d0e690	claim-r300-vertex-stream-h-bind-the-shared-robust-record-contract-3f08ac8e8e76	work-r300-vertex-stream-h-struct-r300-vertex-stream-7a2a30d0e690
290	PRRT_kwDOR3YK5M6bcdSF	path-r300-delivery-route-c-754f9a32f377	source-r300-delivery-route-c-r300-delivery-route-resolve-const-char-1a2bae6d8781	claim-r300-delivery-route-c-transform-fetched-positions-before-marking-them-50e3b7a82e53	work-r300-delivery-route-c-r300-delivery-route-resolve-const-char-1a2bae6d8781
291	PRRT_kwDOR3YK5M6bcfKQ	path-r3v-native-fetched-gpu-producer-arming-runner-check-py-daf7e256918f	source-r3v-native-fetched-gpu-producer-arming-runner-check-py-original-5cbe87912df9	claim-r3v-native-fetched-gpu-producer-arming-runner-check-py-exercise-2d58a153865d	work-r3v-native-fetched-gpu-producer-arming-runner-check-py-original-5cbe87912df9
292	PRRT_kwDOR3YK5M6bcfKS	path-r3v-native-attended-fetched-gpu-producer-procedure-md-f2ac141bb395	source-r3v-native-attended-fetched-gpu-producer-procedure-md-original-line-d14af10c5b7a	claim-r3v-native-attended-fetched-gpu-producer-procedure-md-correct-the-762951a7d3b1	work-r3v-native-attended-fetched-gpu-producer-procedure-md-original-line-d14af10c5b7a
293	PRRT_kwDOR3YK5M6bcf4J	path-r3v-native-cell-c-682ac189865c	source-r3v-native-cell-c-admit-fetched-producer-struct-r3v-native-0049d6bdab02	claim-r3v-native-cell-c-describe-the-vbpntr-pointer-as-a-06903bee1f75	work-r3v-native-cell-c-admit-fetched-producer-struct-r3v-native-0049d6bdab02
294	PRRT_kwDOR3YK5M6bdQpE	path-r3v-native-attended-cell-procedure-md-1e1b252382ea	source-r3v-native-attended-cell-procedure-md-the-run-proceeds-only-c56b8e9956ab	claim-r3v-native-attended-cell-procedure-md-nitpick-the-statement-that-b1336e070893	work-r3v-native-attended-cell-procedure-md-the-run-proceeds-only-c56b8e9956ab
295	PRRT_kwDOR3YK5M6bdRyV	path-rs482-native-delivery-route-admission-and-oracle-model-md-a4d98de13b7b	source-rs482-native-delivery-route-admission-and-oracle-model-md-format-8e166018fb84	claim-rs482-native-delivery-route-admission-and-oracle-model-md-use-12d6d344d44f	work-rs482-native-delivery-route-admission-and-oracle-model-md-format-8e166018fb84
296	PRRT_kwDOR3YK5M6bdRyX	path-rs482-native-delivery-route-admission-and-oracle-model-md-a4d98de13b7b	source-rs482-native-delivery-route-admission-and-oracle-model-md-format-8e166018fb84	claim-rs482-native-delivery-route-admission-and-oracle-model-md-correct-081c4d019112	work-rs482-native-delivery-route-admission-and-oracle-model-md-format-8e166018fb84
297	PRRT_kwDOR3YK5M6bdRyY	path-rs482-native-delivery-route-admission-and-oracle-model-md-a4d98de13b7b	source-rs482-native-delivery-route-admission-and-oracle-model-md-format-8e166018fb84	claim-rs482-native-delivery-route-admission-and-oracle-model-md-rename-04fc169bb033	work-rs482-native-delivery-route-admission-and-oracle-model-md-format-8e166018fb84
298	PRRT_kwDOR3YK5M6bddHc	path-r300-delivery-route-h-86dd02661fcd	source-r300-delivery-route-h-enum-r300-delivery-route-580d304dbc59	claim-r300-delivery-route-h-correct-the-unsupported-per-width-silicon-75a4b3191b88	work-r300-delivery-route-h-enum-r300-delivery-route-580d304dbc59
299	PRRT_kwDOR3YK5M6bdhiV	path-r300-fetched-route-digests-h-c4419c87b91d	source-r300-fetched-route-digests-h-original-line-11-46dc65000f0e	claim-r300-fetched-route-digests-h-move-retained-bundle-names-out-bfda7ad8cbd4	work-r300-fetched-route-digests-h-original-line-11-46dc65000f0e
300	PRRT_kwDOR3YK5M6bdlO7	path-r3v-native-route-timing-digest-test-c-960a9ea070cf	source-r3v-native-route-timing-digest-test-c-main-int-argc-d160cbadb9e4	claim-r3v-native-route-timing-digest-test-c-check-the-cpu-e74305095bc7	work-r3v-native-route-timing-digest-test-c-main-int-argc-d160cbadb9e4
301	PRRT_kwDOR3YK5M6bduD0	path-r300-delivery-route-h-86dd02661fcd	source-r300-delivery-route-h-original-line-36-ee6de2cf8d04	claim-r300-delivery-route-h-nitpick-the-new-resolver-header-states-d9eb1688d061	work-r300-delivery-route-h-original-line-36-ee6de2cf8d04
302	PRRT_kwDOR3YK5M6bdux7	path-r300-delivery-route-h-86dd02661fcd	source-r300-delivery-route-h-original-line-35-1cd594729aa6	claim-r300-delivery-route-h-reconcile-the-completed-timing-result-with-5568f68cbed2	work-r300-delivery-route-h-original-line-35-1cd594729aa6
303	PRRT_kwDOR3YK5M6bd5Hs	path-r300-tcl-bypass-triangle-c-315952faddd2	source-r300-tcl-bypass-triangle-c-original-line-35-47d27cd7183b	claim-r300-tcl-bypass-triangle-c-record-the-varying-vector-claim-a212cc97fff0	work-r300-tcl-bypass-triangle-c-original-line-35-47d27cd7183b
304	PRRT_kwDOR3YK5M6bd5Hx	path-r3v-native-attended-varying-triangle-c-e5626815a6ff	source-r3v-native-attended-varying-triangle-c-original-line-42-fdc13499674f	claim-r3v-native-attended-varying-triangle-c-implement-or-remove-the-0ef112b3a40c	work-r3v-native-attended-varying-triangle-c-original-line-42-fdc13499674f
305	PRRT_kwDOR3YK5M6bd9aZ	path-r300-varying-cell-digests-h-8a8db712a593	source-r300-varying-cell-digests-h-original-line-11-b5a9ecf3c0af	claim-r300-varying-cell-digests-h-remove-the-retained-bundle-name-b0370cb3d68d	work-r300-varying-cell-digests-h-original-line-11-b5a9ecf3c0af
306	PRRT_kwDOR3YK5M6beGfr	path-r3v-native-cell-c-682ac189865c	source-r3v-native-cell-c-r3v-native-cmd-buffer-execute-deferred-558fd7da81a3	claim-r3v-native-cell-c-execute-zero-input-vertex-jobs-before-80db40fe412b	work-r3v-native-cell-c-r3v-native-cmd-buffer-execute-deferred-558fd7da81a3
307	PRRT_kwDOR3YK5M6beOn6	path-r3v-native-draw-c-14764b5e3e5f	source-r3v-native-draw-c-r3v-cmddraw-vkcommandbuffer-commandbuffer-uint32-t-3b03554923a2	claim-r3v-native-draw-c-limit-the-alias-check-to-the-f0b2b3a23e0b	work-r3v-native-draw-c-r3v-cmddraw-vkcommandbuffer-commandbuffer-uint32-t-3b03554923a2
308	PRRT_kwDOR3YK5M6beOn7	path-r3v-native-submit-order-harness-c-30e2fe04d57b	source-r3v-native-submit-order-harness-c-run-arm-enum-arm-e2b8586c7be2	claim-r3v-native-submit-order-harness-c-make-the-oob-arm-e46f9ec1729f	work-r3v-native-submit-order-harness-c-run-arm-enum-arm-e2b8586c7be2
309	PRRT_kwDOR3YK5M6beOn9	path-r3v-native-cell-c-682ac189865c	source-r3v-native-cell-c-r3v-native-cmd-buffer-execute-deferred-558fd7da81a3	claim-r3v-native-cell-c-invalidate-a-freshly-mapped-index-allocation-d8a0ba2494d3	work-r3v-native-cell-c-r3v-native-cmd-buffer-execute-deferred-558fd7da81a3
310	PRRT_kwDOR3YK5M6beiHT	path-r300-cpu-vertex-job-c-8f8545c4acdd	source-r300-cpu-vertex-job-c-static-inline-uint32-t-vertex-3c4811258b28	claim-r300-cpu-vertex-job-c-reject-draw-dimensions-before-the-5a07bc37435d	work-r300-cpu-vertex-job-c-static-inline-uint32-t-vertex-3c4811258b28
311	PRRT_kwDOR3YK5M6beiHU	path-r300-triangle-manifest-c-83d05fd6ee66	source-r300-triangle-manifest-c-main-int-argc-char-argv-f7cd5813dd0c	claim-r300-triangle-manifest-c-size-the-manifest-vertex-bo-for-9f9cefb2b9cd	work-r300-triangle-manifest-c-main-int-argc-char-argv-f7cd5813dd0c
312	PRRT_kwDOR3YK5M6beiHX	path-r300-triangle-manifest-c-83d05fd6ee66	source-r300-triangle-manifest-c-main-int-argc-char-argv-f7cd5813dd0c	claim-r300-triangle-manifest-c-preserve-the-varying-shape-in-the-e63aa3db4ad5	work-r300-triangle-manifest-c-main-int-argc-char-argv-f7cd5813dd0c
313	PRRT_kwDOR3YK5M6beiHa	path-r300-cpu-vertex-job-c-8f8545c4acdd	source-r300-cpu-vertex-job-c-int-r300-cpu-vertex-job-7958d484ed2d	claim-r300-cpu-vertex-job-c-preserve-zero-stride-streams-across-ad7b341ac61b	work-r300-cpu-vertex-job-c-int-r300-cpu-vertex-job-7958d484ed2d
314	PRRT_kwDOR3YK5M6bepfT	path-r300-compute-identity-carrier-c-2ed269c6f5bc	source-r300-compute-identity-carrier-c-original-line-57-dbbde9690099	claim-r300-compute-identity-carrier-c-reject-output-offsets-beyond-the-806a616cc406	work-r300-compute-identity-carrier-c-original-line-57-dbbde9690099
315	PRRT_kwDOR3YK5M6bepfU	path-r3v-native-queue-c-e0cf9a2c7d04	source-r3v-native-queue-c-enum-r3v-native-observed-route-bac9b09ccbb5	claim-r3v-native-queue-c-clear-compute-route-classification-on-host-9419f15bc0cf	work-r3v-native-queue-c-enum-r3v-native-observed-route-bac9b09ccbb5
316	PRRT_kwDOR3YK5M6bepfV	path-r3v-native-queue-c-e0cf9a2c7d04	source-r3v-native-queue-c-r3v-native-queue-submit-struct-vk-606161d6cc8c	claim-r3v-native-queue-c-count-deferred-gpu-dispatches-before-executing-a02c7fedfdc4	work-r3v-native-queue-c-r3v-native-queue-submit-struct-vk-606161d6cc8c
317	PRRT_kwDOR3YK5M6bepfW	path-r3v-native-compute-c-1129a69f6424	source-r3v-native-compute-c-r3v-native-cmd-buffer-execute-deferred-c0ced8e843f8	claim-r3v-native-compute-c-invalidate-a-freshly-mapped-input-before-d64578d64990	work-r3v-native-compute-c-r3v-native-cmd-buffer-execute-deferred-c0ced8e843f8
318	PRRT_kwDOR3YK5M6bepfX	path-r3v-qualification-inventory-py-66b74ddd3438	source-r3v-qualification-inventory-py-original-line-115-b7998f1a8b6c	claim-r3v-qualification-inventory-py-require-the-carrier-replay-in-qualificati-d9ec90d38096	work-r3v-qualification-inventory-py-original-line-115-b7998f1a8b6c
319	PRRT_kwDOR3YK5M6bepfY	path-r3v-native-compute-c-1129a69f6424	source-r3v-native-compute-c-r3v-native-cmd-buffer-execute-deferred-c0ced8e843f8	claim-r3v-native-compute-c-surface-failures-while-retaining-gpu-oracle-07d749b5a481	work-r3v-native-compute-c-r3v-native-cmd-buffer-execute-deferred-c0ced8e843f8
320	PRRT_kwDOR3YK5M6ber32	path-r3v-native-arming-runner-c-357567283953	source-r3v-native-arming-runner-c-main-int-argc-char-argv-c11be7853cf4	claim-r3v-native-arming-runner-c-check-route-gates-before-reporting-cc83f2eb0bfe	work-r3v-native-arming-runner-c-main-int-argc-char-argv-c11be7853cf4
321	PRRT_kwDOR3YK5M6ber33	path-r3v-native-attended-compute-identity-procedure-md-f41f8b4c868f	source-r3v-native-attended-compute-identity-procedure-md-original-line-70-d474a4319fec	claim-r3v-native-attended-compute-identity-procedure-md-keep-pre-admission-732a4d25d569	work-r3v-native-attended-compute-identity-procedure-md-original-line-70-d474a4319fec
322	PRRT_kwDOR3YK5M6ber34	path-r3v-native-attended-compute-identity-c-33cb2e459a8b	source-r3v-native-attended-compute-identity-c-original-line-509-453dca74e074	claim-r3v-native-attended-compute-identity-c-mark-readback-unavailable-after-18d17f336d69	work-r3v-native-attended-compute-identity-c-original-line-509-453dca74e074
323	PRRT_kwDOR3YK5M6ber36	path-r3v-native-attended-compute-identity-procedure-md-f41f8b4c868f	source-r3v-native-attended-compute-identity-procedure-md-original-line-28-4ff061f7aae3	claim-r3v-native-attended-compute-identity-procedure-md-hash-the-compute-6a194026dc7f	work-r3v-native-attended-compute-identity-procedure-md-original-line-28-4ff061f7aae3
324	PRRT_kwDOR3YK5M6bgkg8	path-r300-compute-identity-carrier-digests-h-577f071c1d3f	source-r300-compute-identity-carrier-digests-h-original-line-12-35ea05cbc68d	claim-r300-compute-identity-carrier-digests-h-move-the-retained-bundle-997e00c95eaf	work-r300-compute-identity-carrier-digests-h-original-line-12-35ea05cbc68d
325	PRRT_kwDOR3YK5M6bgkg9	path-r3v-implementation-boundaries-md-4bec8bd4770e	source-r3v-implementation-boundaries-md-reference-pass-offline-kernel-parser-re-c3000375a3dc	claim-r3v-implementation-boundaries-md-update-the-completion-matrix-for-the-84c531dc1b08	work-r3v-implementation-boundaries-md-reference-pass-offline-kernel-parser-re-c3000375a3dc
326	PRRT_kwDOR3YK5M6bgkhA	path-r3v-implementation-boundaries-md-4bec8bd4770e	source-r3v-implementation-boundaries-md-reference-pass-offline-kernel-parser-re-c3000375a3dc	claim-r3v-implementation-boundaries-md-use-an-audit-that-covers-the-e42d682e5de3	work-r3v-implementation-boundaries-md-reference-pass-offline-kernel-parser-re-c3000375a3dc
327	PRRT_kwDOR3YK5M6biIrY	path-meson-build-5b7b4a1137c9	source-meson-build-test-a354f458a42e	claim-meson-build-add-an-oracle-for-the-registry-export-test-15e280b13c7a	work-meson-build-test-a354f458a42e
328	PRRT_kwDOR3YK5M6biIrZ	path-r300-compute-verb-c-60e3801ba8dc	source-r300-compute-verb-c-r300-compute-verb-rows-valid-const-fb88b09d2bae	claim-r300-compute-verb-c-reject-host-executor-evidence-when-the-c61568e7e32a	work-r300-compute-verb-c-r300-compute-verb-rows-valid-const-fb88b09d2bae
329	PRRT_kwDOR3YK5M6biIrb	path-r300-numeric-domain-c-802c49e887c8	source-r300-numeric-domain-c-const-struct-r300-virtual-op-info-1d6e693ef6e2	claim-r300-numeric-domain-c-keep-and-and-or-pending-until-34c773850001	work-r300-numeric-domain-c-const-struct-r300-virtual-op-info-1d6e693ef6e2
330	PRRT_kwDOR3YK5M6biIrd	path-r300-compute-verb-h-2b3a44e2ccb6	source-r300-compute-verb-h-enum-r300-compute-verb-2d9ca2088e13	claim-r300-compute-verb-h-update-the-r3v-boundary-contract-for-7fa9d2194314	work-r300-compute-verb-h-enum-r300-compute-verb-2d9ca2088e13
331	PRRT_kwDOR3YK5M6biNXI	path-r300-common-liveness-census-py-923521408f84	source-r300-common-liveness-census-py-original-line-432-6ba43bd5cb0e	claim-r300-common-liveness-census-py-preserve-elf-symbol-names-reported-3002043c1440	work-r300-common-liveness-census-py-original-line-432-6ba43bd5cb0e
332	PRRT_kwDOR3YK5M6biQDN	path-agents-md-a54ff182c7e8	source-agents-md-source-comments-name-durable-mechanisms-exact-chip-isa-d2c3912f060e	claim-agents-md-reconcile-the-mechanism-split-criteria-10926e348d1d	work-agents-md-source-comments-name-durable-mechanisms-exact-chip-isa-d2c3912f060e
333	PRRT_kwDOR3YK5M6biQDP	path-agents-md-a54ff182c7e8	source-agents-md-emitting-after-issuing-the-prefetch-the-one-wait-8af6c430f1a2	claim-agents-md-preserve-the-documented-sentence-boundary-options-360175e00e03	work-agents-md-emitting-after-issuing-the-prefetch-the-one-wait-8af6c430f1a2
334	PRRT_kwDOR3YK5M6biWGm	path-r3v-native-memory-c-3f7387603237	source-r3v-native-memory-c-r3v-getbuffermemoryrequirements2-vkdevice-device-3b76262aa4d2	claim-r3v-native-memory-c-make-batch-buffer-binding-atomic-on-6660c31419b7	work-r3v-native-memory-c-r3v-getbuffermemoryrequirements2-vkdevice-device-3b76262aa4d2
335	PRRT_kwDOR3YK5M6biXQN	path-r3v-native-transfer-ops-test-c-d9c28ec87446	source-r3v-native-transfer-ops-test-c-original-line-169-8a9f3e2f621e	claim-r3v-native-transfer-ops-test-c-nitpick-testing-the-update-c50669c463e1	work-r3v-native-transfer-ops-test-c-original-line-169-8a9f3e2f621e
336	PRRT_kwDOR3YK5M6biZso	path-r3v-native-cell-c-682ac189865c	source-r3v-native-cell-c-r3v-native-cmd-buffer-execute-deferred-558fd7da81a3	claim-r3v-native-cell-c-map-the-target-before-applying-either-3dc6e5d15b01	work-r3v-native-cell-c-r3v-native-cmd-buffer-execute-deferred-558fd7da81a3
337	PRRT_kwDOR3YK5M6biZ2B	path-r3v-native-recording-c-ff6785f9b4a9	source-r3v-native-recording-c-r3v-cmdfillbuffer-00c7cf77fb22	claim-r3v-native-recording-c-reject-transfers-recorded-after-a-deferred-f1b8b4d3d172	work-r3v-native-recording-c-r3v-cmdfillbuffer-00c7cf77fb22
338	PRRT_kwDOR3YK5M6biZ2D	path-r3v-native-recording-c-ff6785f9b4a9	source-r3v-native-recording-c-r3v-cmdfillbuffer-00c7cf77fb22	claim-r3v-native-recording-c-accept-a-whole-size-fill-that-6d9e8497d353	work-r3v-native-recording-c-r3v-cmdfillbuffer-00c7cf77fb22
339	PRRT_kwDOR3YK5M6biZ2F	path-r3v-native-recording-c-ff6785f9b4a9	source-r3v-native-recording-c-r3v-cmdbeginquery-f57553b30383	claim-r3v-native-recording-c-close-up-the-spaced-double-hyphen-ce2493b51251	work-r3v-native-recording-c-r3v-cmdbeginquery-f57553b30383
340	PRRT_kwDOR3YK5M6biZ2J	path-r3v-native-recording-c-ff6785f9b4a9	source-r3v-native-recording-c-r3v-cmdblitimage-0a4212bf4b12	claim-r3v-native-recording-c-align-the-format-feature-table-with-53a7ba5158d2	work-r3v-native-recording-c-r3v-cmdblitimage-0a4212bf4b12
341	PRRT_kwDOR3YK5M6biZ2M	path-r3v-native-transfer-ops-test-c-d9c28ec87446	source-r3v-native-transfer-ops-test-c-original-line-344-9f612a985544	claim-r3v-native-transfer-ops-test-c-transition-the-test-images-9c34a635b747	work-r3v-native-transfer-ops-test-c-original-line-344-9f612a985544
342	PRRT_kwDOR3YK5M6biZ2P	path-r3v-native-recording-c-ff6785f9b4a9	source-r3v-native-recording-c-r3v-cmdbeginquery-f57553b30383	claim-r3v-native-recording-c-add-the-required-symbol-discovery-locator-33b4e393cf5a	work-r3v-native-recording-c-r3v-cmdbeginquery-f57553b30383
343	PRRT_kwDOR3YK5M6bibVq	path-r3v-native-compute-c-1129a69f6424	source-r3v-native-compute-c-r3v-cmdbinddescriptorsets-vkcommandbuffer-commandbu-c29168f34ac1	claim-r3v-native-compute-c-accept-compatible-layouts-with-later-descriptor-65a59fa41453	work-r3v-native-compute-c-r3v-cmdbinddescriptorsets-vkcommandbuffer-commandbu-c29168f34ac1
344	PRRT_kwDOR3YK5M6bibVr	path-r3v-native-compute-c-1129a69f6424	source-r3v-native-compute-c-r3v-cmdbinddescriptorsets-vkcommandbuffer-commandbu-c29168f34ac1	claim-r3v-native-compute-c-include-push-constant-ranges-in-layout-d2e75acf3a27	work-r3v-native-compute-c-r3v-cmdbinddescriptorsets-vkcommandbuffer-commandbu-c29168f34ac1
345	PRRT_kwDOR3YK5M6bibVs	path-r3v-native-descriptor-test-c-14fa0915e1ea	source-r3v-native-descriptor-test-c-check-update-poison-const-struct-de0168abcf31	claim-r3v-native-descriptor-test-c-bind-job-descriptors-before-testing-80208d217f80	work-r3v-native-descriptor-test-c-check-update-poison-const-struct-de0168abcf31
346	PRRT_kwDOR3YK5M6bibVu	path-r3v-native-descriptor-test-c-14fa0915e1ea	source-r3v-native-descriptor-test-c-check-update-poison-const-struct-de0168abcf31	claim-r3v-native-descriptor-test-c-report-a-command-pool-reset-adcbdfc51cf4	work-r3v-native-descriptor-test-c-check-update-poison-const-struct-de0168abcf31
347	PRRT_kwDOR3YK5M6bibVw	path-r3v-native-descriptor-test-c-14fa0915e1ea	source-r3v-native-descriptor-test-c-check-update-poison-const-struct-de0168abcf31	claim-r3v-native-descriptor-test-c-isolate-the-bind-time-compatibility-32ba3988db1b	work-r3v-native-descriptor-test-c-check-update-poison-const-struct-de0168abcf31
348	PRRT_kwDOR3YK5M6bicrk	path-r3v-native-h-7172b5bed566	source-r3v-native-h-struct-r3v-native-vertex-stream-desc-48564f5af6d1	claim-r3v-native-h-remove-the-unused-stream-vertex-count-98162bae7332	work-r3v-native-h-struct-r3v-native-vertex-stream-desc-48564f5af6d1
349	PRRT_kwDOR3YK5M6bifSP	path-r3v-native-cell-c-682ac189865c	source-r3v-native-cell-c-r3v-native-cmd-buffer-execute-deferred-558fd7da81a3	claim-r3v-native-cell-c-reverse-the-window-space-winding-test-224c34c42d83	work-r3v-native-cell-c-r3v-native-cmd-buffer-execute-deferred-558fd7da81a3
350	PRRT_kwDOR3YK5M6bigfg	path-r3v-native-pipeline-c-4b4479ffcb37	source-r3v-native-pipeline-c-fixed-state-matches-cell-const-vkgraphicspipelinec-e421fcd80050	claim-r3v-native-pipeline-c-avoid-dereferencing-ignored-depth-stencil-state-1856fa9f132f	work-r3v-native-pipeline-c-fixed-state-matches-cell-const-vkgraphicspipelinec-e421fcd80050
351	PRRT_kwDOR3YK5M6big3F	path-r3v-private-h-c9f7edc5e9b5	source-r3v-private-h-extern-c-63a21abce17b	claim-r3v-private-h-contain-the-1x-only-vulkan-1-0-4fe7c3f9e921	work-r3v-private-h-extern-c-63a21abce17b
352	PRRT_kwDOR3YK5M6big3I	path-r3v-native-cell-c-682ac189865c	source-r3v-native-cell-c-r3v-native-deferred-draw-admit-gpu-6dd3e8545a1b	claim-r3v-native-cell-c-honor-zero-coverage-on-gpu-producer-f80c3e4bd8e8	work-r3v-native-cell-c-r3v-native-deferred-draw-admit-gpu-6dd3e8545a1b
353	PRRT_kwDOR3YK5M6biiPI	path-r3v-native-public-surface-harness-c-e344b97295b2	source-r3v-native-public-surface-harness-c-main-void-9ef80fd09665	claim-r3v-native-public-surface-harness-c-enable-the-logicop-feature-f687e8a8ab5f	work-r3v-native-public-surface-harness-c-main-void-9ef80fd09665
354	PRRT_kwDOR3YK5M6biiPK	path-r3v-native-public-surface-harness-c-e344b97295b2	source-r3v-native-public-surface-harness-c-main-void-9ef80fd09665	claim-r3v-native-public-surface-harness-c-advertise-blend-support-before-7fafdf9f8f85	work-r3v-native-public-surface-harness-c-main-void-9ef80fd09665
355	PRRT_kwDOR3YK5M6bij-h	path-r3v-native-object-c-fd0e82eefd63	source-r3v-native-object-c-r3v-resetevent-vkdevice-device-vkevent-event-010649ed9072	claim-r3v-native-object-c-honor-wait-while-query-execution-is-73031b5907ad	work-r3v-native-object-c-r3v-resetevent-vkdevice-device-vkevent-event-010649ed9072
356	PRRT_kwDOR3YK5M6bij-i	path-r3v-native-queue-c-e0cf9a2c7d04	source-r3v-native-queue-c-r3v-native-queue-submit-struct-vk-606161d6cc8c	claim-r3v-native-queue-c-synchronize-query-availability-between-queue-and-1f40e9bb05ec	work-r3v-native-queue-c-r3v-native-queue-submit-struct-vk-606161d6cc8c
357	PRRT_kwDOR3YK5M6bij-j	path-r3v-native-recording-c-ff6785f9b4a9	source-r3v-native-recording-c-r3v-native-copy-buffer-range-ok-218308edec53	claim-r3v-native-recording-c-grow-the-query-op-list-instead-f323fab891c0	work-r3v-native-recording-c-r3v-native-copy-buffer-range-ok-218308edec53
358	PRRT_kwDOR3YK5M6bij-k	path-r3v-native-recording-c-ff6785f9b4a9	source-r3v-native-recording-c-r3v-cmdresetevent-b71a8165ef41	claim-r3v-native-recording-c-restrict-reset-rejection-to-the-active-f803b510d131	work-r3v-native-recording-c-r3v-cmdresetevent-b71a8165ef41
359	PRRT_kwDOR3YK5M6bij-l	path-r3v-native-object-c-fd0e82eefd63	source-r3v-native-object-c-r3v-resetevent-vkdevice-device-vkevent-event-010649ed9072	claim-r3v-native-object-c-write-32-bit-availability-in-host-359e345747dc	work-r3v-native-object-c-r3v-resetevent-vkdevice-device-vkevent-event-010649ed9072
360	PRRT_kwDOR3YK5M6bij-p	path-r3v-native-object-lifetime-test-c-22c665f87493	source-r3v-native-object-lifetime-test-c-check-sampler-use-fail-988552c6abb0	claim-r3v-native-object-lifetime-test-c-reset-the-query-before-34ca24801124	work-r3v-native-object-lifetime-test-c-check-sampler-use-fail-988552c6abb0
361	PRRT_kwDOR3YK5M6bij-s	path-r3v-native-queue-c-e0cf9a2c7d04	source-r3v-native-queue-c-r3v-native-queue-submit-struct-vk-606161d6cc8c	claim-r3v-native-queue-c-apply-query-transitions-on-prepared-submissions-57957598d9f1	work-r3v-native-queue-c-r3v-native-queue-submit-struct-vk-606161d6cc8c
362	PRRT_kwDOR3YK5M6bikcH	path-r3v-native-recording-c-ff6785f9b4a9	source-r3v-native-recording-c-r3v-cmdendquery-290ec3676967	claim-r3v-native-recording-c-reject-secondaries-containing-deferred-dispatches-eda3ae9975ba	work-r3v-native-recording-c-r3v-cmdendquery-290ec3676967
363	PRRT_kwDOR3YK5M6bikcK	path-r3v-native-object-lifetime-test-c-22c665f87493	source-r3v-native-object-lifetime-test-c-check-query-zero-span-2e2a1a740763	claim-r3v-native-object-lifetime-test-c-reset-the-primary-through-f02ec2e8d8a9	work-r3v-native-object-lifetime-test-c-check-query-zero-span-2e2a1a740763
364	PRRT_kwDOR3YK5M6bikcL	path-r3v-native-recording-c-ff6785f9b4a9	source-r3v-native-recording-c-r3v-cmdendquery-290ec3676967	claim-r3v-native-recording-c-reject-secondary-buffers-that-are-not-8a9b2ab16e13	work-r3v-native-recording-c-r3v-cmdendquery-290ec3676967
365	PRRT_kwDOR3YK5M6bilH6	path-r3v-native-object-lifetime-test-c-22c665f87493	source-r3v-native-object-lifetime-test-c-check-host-events-const-3759cddb8cfb	claim-r3v-native-object-lifetime-test-c-bound-fence-waits-to-4221aa00ef47	work-r3v-native-object-lifetime-test-c-check-host-events-const-3759cddb8cfb
366	PRRT_kwDOR3YK5M6bilH7	path-r3v-native-object-lifetime-test-c-22c665f87493	source-r3v-native-object-lifetime-test-c-check-host-events-const-3759cddb8cfb	claim-r3v-native-object-lifetime-test-c-calibrate-the-semaphore-wait-7cf27ceb08b7	work-r3v-native-object-lifetime-test-c-check-host-events-const-3759cddb8cfb
367	PRRT_kwDOR3YK5M6bilH9	path-r3v-native-object-lifetime-test-c-22c665f87493	source-r3v-native-object-lifetime-test-c-check-host-events-const-3759cddb8cfb	claim-r3v-native-object-lifetime-test-c-anchor-the-synchronous-submission-b65b1715709b	work-r3v-native-object-lifetime-test-c-check-host-events-const-3759cddb8cfb
368	PRRT_kwDOR3YK5M6bimU0	path-r3v-native-object-c-fd0e82eefd63	source-r3v-native-object-c-r3v-destroyquerypool-vkdevice-device-vkquerypool-poo-5750f88c4dc1	claim-r3v-native-object-c-use-atomic-storage-for-the-host-d2856a1a3a2e	work-r3v-native-object-c-r3v-destroyquerypool-vkdevice-device-vkquerypool-poo-5750f88c4dc1
369	PRRT_kwDOR3YK5M6bimU2	path-r3v-native-h-7172b5bed566	source-r3v-native-h-struct-r3v-native-query-pool-0d4140e72d67	claim-r3v-native-h-remove-the-16-operation-event-recording-ceiling-de6e4a65133f	work-r3v-native-h-struct-r3v-native-query-pool-0d4140e72d67
370	PRRT_kwDOR3YK5M6bimU5	path-r3v-native-queue-c-e0cf9a2c7d04	source-r3v-native-queue-c-r3v-native-queue-submit-struct-vk-606161d6cc8c	claim-r3v-native-queue-c-handle-event-operations-on-prepared-submissions-89d988dd88f5	work-r3v-native-queue-c-r3v-native-queue-submit-struct-vk-606161d6cc8c
371	PRRT_kwDOR3YK5M6bimU6	path-r3v-native-entrypoint-audit-py-a00131502f00	source-r3v-native-entrypoint-audit-py-original-line-117-96d316a099a4	claim-r3v-native-entrypoint-audit-py-classify-the-newly-live-event-e2e85724dfc3	work-r3v-native-entrypoint-audit-py-original-line-117-96d316a099a4
372	PRRT_kwDOR3YK5M6bimUs	path-r3v-native-queue-c-e0cf9a2c7d04	source-r3v-native-queue-c-r3v-native-queue-submit-struct-vk-606161d6cc8c	claim-r3v-native-queue-c-keep-unsignaled-event-waits-pending-ff5752199554	work-r3v-native-queue-c-r3v-native-queue-submit-struct-vk-606161d6cc8c
373	PRRT_kwDOR3YK5M6bimUu	path-r3v-native-queue-c-e0cf9a2c7d04	source-r3v-native-queue-c-r3v-native-queue-submit-struct-vk-606161d6cc8c	claim-r3v-native-queue-c-preserve-event-positions-relative-to-deferred-7fede49237ad	work-r3v-native-queue-c-r3v-native-queue-submit-struct-vk-606161d6cc8c
374	PRRT_kwDOR3YK5M6bimUw	path-r3v-native-recording-c-ff6785f9b4a9	source-r3v-native-recording-c-r3v-native-copy-buffer-range-ok-218308edec53	claim-r3v-native-recording-c-reject-or-replay-event-operations-from-726910a91cd9	work-r3v-native-recording-c-r3v-native-copy-buffer-range-ok-218308edec53
375	PRRT_kwDOR3YK5M6bimgL	path-r3v-native-advertised-surface-audit-py-ed9b515375ef	source-r3v-native-advertised-surface-audit-py-original-line-91-1843d1bc339f	claim-r3v-native-advertised-surface-audit-py-validate-the-resolved-limit-77e4f38a7ee4	work-r3v-native-advertised-surface-audit-py-original-line-91-1843d1bc339f
376	PRRT_kwDOR3YK5M6bimgN	path-r3v-native-advertised-surface-audit-py-ed9b515375ef	source-r3v-native-advertised-surface-audit-py-original-line-88-8875412fb5af	claim-r3v-native-advertised-surface-audit-py-enforce-the-named-test-7b28662e17ee	work-r3v-native-advertised-surface-audit-py-original-line-88-8875412fb5af
377	PRRT_kwDOR3YK5M6bimgO	path-r3v-physical-device-c-0d800b1649e2	source-r3v-physical-device-c-r3v-physical-device-init-limits-struct-45aed731754b	claim-r3v-physical-device-c-replace-the-stale-vulkan-floor-explanation-615e6af43651	work-r3v-physical-device-c-r3v-physical-device-init-limits-struct-45aed731754b
378	PRRT_kwDOR3YK5M6biyBH	path-r300-chip-identity-c-ceec68cab542	source-r300-chip-identity-c-r300-chip-identity-lookup-uint16-t-a4c6ad918548	claim-r300-chip-identity-c-restrict-measured-facts-to-the-rs482-b2b89a228165	work-r300-chip-identity-c-r300-chip-identity-lookup-uint16-t-a4c6ad918548
379	PRRT_kwDOR3YK5M6biyBL	path-r300-chip-identity-c-ceec68cab542	source-r300-chip-identity-c-r300-die-class-from-family-enum-682ed9ff8ce5	claim-r300-chip-identity-c-distinguish-alu-slots-from-total-us-b0bcff06945a	work-r300-chip-identity-c-r300-die-class-from-family-enum-682ed9ff8ce5
380	PRRT_kwDOR3YK5M6biyBP	path-r300-chip-identity-h-ba262f0b277d	source-r300-chip-identity-h-enum-r300-die-class-5504e961d82f	claim-r300-chip-identity-h-keep-die-fact-provenance-in-the-c962cc46821d	work-r300-chip-identity-h-enum-r300-die-class-5504e961d82f
381	PRRT_kwDOR3YK5M6bjpd0	path-r300-common-boundary-audit-py-c25f7fdd28e2	source-r300-common-boundary-audit-py-def-strip-outer-parentheses-expression-f1a75268c1d1	claim-r300-common-boundary-audit-py-remove-the-parser-helpers-orphaned-e86beaef8203	work-r300-common-boundary-audit-py-def-strip-outer-parentheses-expression-f1a75268c1d1
382	PRRT_kwDOR3YK5M6bjpd1	path-makefile-55668cc0d77e	source-makefile-artifact-check-source-root-check-vostro-prefix-check-7f7d1809db78	claim-makefile-update-the-artifact-check-help-after-removing-the-warning-48427d83aac0	work-makefile-artifact-check-source-root-check-vostro-prefix-check-7f7d1809db78
383	PRRT_kwDOR3YK5M6bjpdz	path-r300-common-boundary-audit-py-c25f7fdd28e2	source-r300-common-boundary-audit-py-def-strip-outer-parentheses-expression-f1a75268c1d1	claim-r300-common-boundary-audit-py-ground-the-whole-file-scan-b5bcc66b6cce	work-r300-common-boundary-audit-py-def-strip-outer-parentheses-expression-f1a75268c1d1
384	PRRT_kwDOR3YK5M6bwiW6	path-r3v-vulkan-memory-model-over-radeon-drm-md-ad34edc8f652	source-r3v-vulkan-memory-model-over-radeon-drm-md-original-line-abcb566c316c	claim-r3v-vulkan-memory-model-over-radeon-drm-md-preserve-render-678e7b6a4b02	work-r3v-vulkan-memory-model-over-radeon-drm-md-original-line-abcb566c316c
385	PRRT_kwDOR3YK5M6bwiWv	path-r3v-vulkan-memory-model-over-radeon-drm-md-ad34edc8f652	source-r3v-vulkan-memory-model-over-radeon-drm-md-original-line-5a67a3d2cc77	claim-r3v-vulkan-memory-model-over-radeon-drm-md-add-the-0f20f60efca1	work-r3v-vulkan-memory-model-over-radeon-drm-md-original-line-5a67a3d2cc77
386	PRRT_kwDOR3YK5M6bwiXB	path-r3v-vulkan-memory-model-over-radeon-drm-md-ad34edc8f652	source-r3v-vulkan-memory-model-over-radeon-drm-md-original-line-82ad985edbbf	claim-r3v-vulkan-memory-model-over-radeon-drm-md-mark-prime-9eb6f026e486	work-r3v-vulkan-memory-model-over-radeon-drm-md-original-line-82ad985edbbf
387	PRRT_kwDOR3YK5M6bwiXJ	path-r3v-vulkan-memory-model-over-radeon-drm-md-ad34edc8f652	source-r3v-vulkan-memory-model-over-radeon-drm-md-original-line-8a25174be548	claim-r3v-vulkan-memory-model-over-radeon-drm-md-document-the-40430a978091	work-r3v-vulkan-memory-model-over-radeon-drm-md-original-line-8a25174be548
388	PRRT_kwDOR3YK5M6bwiXS	path-r3v-vulkan-memory-model-over-radeon-drm-md-ad34edc8f652	source-r3v-vulkan-memory-model-over-radeon-drm-md-original-line-2290898a0779	claim-r3v-vulkan-memory-model-over-radeon-drm-md-document-the-e4b8171b672e	work-r3v-vulkan-memory-model-over-radeon-drm-md-original-line-2290898a0779
389	PRRT_kwDOR3YK5M6bwo0P	path-r3v-native-memory-model-harness-c-174e58145856	source-r3v-native-memory-model-harness-c-original-line-387-b9a95739acdd	claim-r3v-native-memory-model-harness-c-map-the-allocation-in-deb73c40d149	work-r3v-native-memory-model-harness-c-original-line-387-b9a95739acdd
390	PRRT_kwDOR3YK5M6bwo0V	path-r3v-native-memory-model-harness-c-174e58145856	source-r3v-native-memory-model-harness-c-original-line-242-369a732053be	claim-r3v-native-memory-model-harness-c-stop-requiring-virtual-address-63b9fcdad8db	work-r3v-native-memory-model-harness-c-original-line-242-369a732053be
391	PRRT_kwDOR3YK5M6bwo0W	path-r3v-native-memory-model-harness-c-174e58145856	source-r3v-native-memory-model-harness-c-original-line-213-e6db7aab47eb	claim-r3v-native-memory-model-harness-c-verify-the-failed-allocation-6be5454f2ded	work-r3v-native-memory-model-harness-c-original-line-213-e6db7aab47eb
392	PRRT_kwDOR3YK5M6bwo0Y	path-r3v-native-memory-model-harness-c-174e58145856	source-r3v-native-memory-model-harness-c-original-line-302-89a27d094337	claim-r3v-native-memory-model-harness-c-verify-rejected-binds-preserve-59bb5183fc0e	work-r3v-native-memory-model-harness-c-original-line-302-89a27d094337
393	PRRT_kwDOR3YK5M6bwo0b	path-r3v-native-memory-model-harness-c-174e58145856	source-r3v-native-memory-model-harness-c-original-line-361-affd671ba30d	claim-r3v-native-memory-model-harness-c-remove-the-commitment-query-8432fe8b1448	work-r3v-native-memory-model-harness-c-original-line-361-affd671ba30d
394	PRRT_kwDOR3YK5M6bwr41	path-r3v-native-memory-concurrency-harness-c-f201cd91b443	source-r3v-native-memory-concurrency-harness-c-original-line-220-b952813920e9	claim-r3v-native-memory-concurrency-harness-c-synchronize-workers-before-measu-235776e6ca17	work-r3v-native-memory-concurrency-harness-c-original-line-220-b952813920e9
395	PRRT_kwDOR3YK5M6bwr45	path-r3v-native-memory-concurrency-harness-c-f201cd91b443	source-r3v-native-memory-concurrency-harness-c-original-line-93-bb3681ff1108	claim-r3v-native-memory-concurrency-harness-c-exercise-shareable-handles-befor-ab353871084d	work-r3v-native-memory-concurrency-harness-c-original-line-93-bb3681ff1108
396	PRRT_kwDOR3YK5M6bwr49	path-r3v-native-memory-concurrency-harness-c-f201cd91b443	source-r3v-native-memory-concurrency-harness-c-original-line-315-8887f7a2c1d4	claim-r3v-native-memory-concurrency-harness-c-track-free-publications-per-bd3f701e1c33	work-r3v-native-memory-concurrency-harness-c-original-line-315-8887f7a2c1d4
397	PRRT_kwDOR3YK5M6bwr4w	path-r3v-native-memory-concurrency-harness-c-f201cd91b443	source-r3v-native-memory-concurrency-harness-c-original-line-332-386d51d1a0a3	claim-r3v-native-memory-concurrency-harness-c-exercise-a-transport-reaching-dc2547ad9ef4	work-r3v-native-memory-concurrency-harness-c-original-line-332-386d51d1a0a3
398	PRRT_kwDOR3YK5M6bwuq0	path-r3v-kernel-memory-contract-pins-tsv-8f7e121d1fc5	source-r3v-kernel-memory-contract-pins-tsv-original-line-10-dfc01d1e71ea	claim-r3v-kernel-memory-contract-pins-tsv-pin-the-two-gtt-8a311f8adaf9	work-r3v-kernel-memory-contract-pins-tsv-original-line-10-dfc01d1e71ea
399	PRRT_kwDOR3YK5M6bwuq4	path-meson-build-90733826a0f8	source-meson-build-if-with-tests-and-with-tools-contains-drm-1eebd483b0f6	claim-meson-build-register-the-pin-outside-the-drm-shim-only-a0571f87947a	work-meson-build-if-with-tests-and-with-tools-contains-drm-1eebd483b0f6
400	PRRT_kwDOR3YK5M6bwuq9	path-r3v-kernel-memory-contract-pin-py-8d5347300d52	source-r3v-kernel-memory-contract-pin-py-original-line-79-defbd1c3718e	claim-r3v-kernel-memory-contract-pin-py-keep-calibration-checks-active-1d6cbe11192d	work-r3v-kernel-memory-contract-pin-py-original-line-79-defbd1c3718e
401	PRRT_kwDOR3YK5M6bwurA	path-r3v-kernel-memory-contract-pin-py-8d5347300d52	source-r3v-kernel-memory-contract-pin-py-original-line-56-c8a8dc4fa107	claim-r3v-kernel-memory-contract-pin-py-reject-duplicate-contract-row-88a22715efce	work-r3v-kernel-memory-contract-pin-py-original-line-56-c8a8dc4fa107
402	PRRT_kwDOR3YK5M6bwurH	path-r3v-kernel-memory-contract-pin-py-8d5347300d52	source-r3v-kernel-memory-contract-pin-py-original-line-56-c8a8dc4fa107	claim-r3v-kernel-memory-contract-pin-py-pin-the-contract-schema-6c8a8481c74b	work-r3v-kernel-memory-contract-pin-py-original-line-56-c8a8dc4fa107
403	PRRT_kwDOR3YK5M6b1DP0	path-r3v-vulkan10-requirement-inventory-py-deba61da7867	source-r3v-vulkan10-requirement-inventory-py-original-line-146-d5a99589e107	claim-r3v-vulkan10-requirement-inventory-py-reject-additional-queue-families-a-279fa1f1157a	work-r3v-vulkan10-requirement-inventory-py-original-line-146-d5a99589e107
404	PRRT_kwDOR3YK5M6b1DP6	path-r3v-vulkan10-requirement-inventory-py-deba61da7867	source-r3v-vulkan10-requirement-inventory-py-original-line-87-64d65c7174d2	claim-r3v-vulkan10-requirement-inventory-py-reject-unparsed-extension-initiali-cd48c95e3baf	work-r3v-vulkan10-requirement-inventory-py-original-line-87-64d65c7174d2
405	PRRT_kwDOR3YK5M6b1DP_	path-r3v-vulkan10-requirement-inventory-py-deba61da7867	source-r3v-vulkan10-requirement-inventory-py-original-line-104-79cb6ccf9de5	claim-r3v-vulkan10-requirement-inventory-py-ignore-commented-out-api-version-446bc4a68913	work-r3v-vulkan10-requirement-inventory-py-original-line-104-79cb6ccf9de5
406	PRRT_kwDOR3YK5M6b1DQD	path-r3v-vulkan10-requirement-inventory-py-deba61da7867	source-r3v-vulkan10-requirement-inventory-py-original-line-256-3885d5d5fb51	claim-r3v-vulkan10-requirement-inventory-py-include-enum-aliases-in-the-25276ccf0f03	work-r3v-vulkan10-requirement-inventory-py-original-line-256-3885d5d5fb51
407	PRRT_kwDOR3YK5M6b1VSg	path-meson-build-90733826a0f8	source-meson-build-if-with-tests-0d695476f279	claim-meson-build-gate-the-audit-with-the-tests-named-by-93ea98813768	work-meson-build-if-with-tests-0d695476f279
408	PRRT_kwDOR3YK5M6b1VSk	path-r3v-advertised-surface-deqp-binding-tsv-4875b9cf8e78	source-r3v-advertised-surface-deqp-binding-tsv-original-line-8-9b9190c10f30	claim-r3v-advertised-surface-deqp-binding-tsv-exercise-the-xlib-route-0d4ce5625e25	work-r3v-advertised-surface-deqp-binding-tsv-original-line-8-9b9190c10f30
409	PRRT_kwDOR3YK5M6b1VSo	path-r3v-advertised-surface-deqp-binding-py-5ed1b4bede90	source-r3v-advertised-surface-deqp-binding-py-original-line-110-4e7f62c15c6a	claim-r3v-advertised-surface-deqp-binding-py-restrict-matching-to-the-44d49b7235eb	work-r3v-advertised-surface-deqp-binding-py-original-line-110-4e7f62c15c6a
410	PRRT_kwDOR3YK5M6b1VSr	path-r3v-native-object-lifetime-test-c-22c665f87493	source-r3v-native-object-lifetime-test-c-check-buffer-binding-const-414936dceb58	claim-r3v-native-object-lifetime-test-c-add-discovery-provenance-to-e5c54891a3a4	work-r3v-native-object-lifetime-test-c-check-buffer-binding-const-414936dceb58
411	PRRT_kwDOR3YK5M6b1g0H	path-r3v-native-compute-c-1129a69f6424	source-r3v-native-compute-c-r3v-updatedescriptorsets-vkdevice-device-uint32-t-08f2e8c91222	claim-r3v-native-compute-c-continue-descriptor-updates-across-compatible-bindi-236a96b1a55b	work-r3v-native-compute-c-r3v-updatedescriptorsets-vkdevice-device-uint32-t-08f2e8c91222
412	PRRT_kwDOR3YK5M6b1g0M	path-r3v-native-compute-c-1129a69f6424	source-r3v-native-compute-c-r3v-createdescriptorsetlayout-vkdevice-device-f637baf936e2	claim-r3v-native-compute-c-account-for-admitted-dynamic-descriptors-at-ee8f151af8a3	work-r3v-native-compute-c-r3v-createdescriptorsetlayout-vkdevice-device-f637baf936e2
413	PRRT_kwDOR3YK5M6b1g0R	path-r3v-native-compute-c-1129a69f6424	source-r3v-native-compute-c-r3v-cmddispatch-vkcommandbuffer-commandbuffer-uint3-ab9e110639fe	claim-r3v-native-compute-c-ignore-stage-visibility-when-comparing-compatible-8d55136f71b7	work-r3v-native-compute-c-r3v-cmddispatch-vkcommandbuffer-commandbuffer-uint3-ab9e110639fe
414	PRRT_kwDOR3YK5M6b1pYE	path-r3v-native-recording-c-ff6785f9b4a9	source-r3v-native-recording-c-r3v-cmdclearcolorimage-64444ff4dc3d	claim-r3v-native-recording-c-support-clears-for-every-admitted-destination-d516633a2f27	work-r3v-native-recording-c-r3v-cmdclearcolorimage-64444ff4dc3d
415	PRRT_kwDOR3YK5M6b1p5-	path-r3v-conformance-runner-py-8edd259f1d68	source-r3v-conformance-runner-py-original-line-480-db9770ec16d2	claim-r3v-conformance-runner-py-refuse-to-grade-mismatched-source-identities-72d0df1d85b6	work-r3v-conformance-runner-py-original-line-480-db9770ec16d2
416	PRRT_kwDOR3YK5M6b1p6C	path-r3v-conformance-runner-py-8edd259f1d68	source-r3v-conformance-runner-py-original-line-389-986d8425236a	claim-r3v-conformance-runner-py-fail-runs-that-report-a-late-36b6ffef8754	work-r3v-conformance-runner-py-original-line-389-986d8425236a
417	PRRT_kwDOR3YK5M6b1p6J	path-r3v-conformance-runner-py-8edd259f1d68	source-r3v-conformance-runner-py-original-line-312-ed542a491718	claim-r3v-conformance-runner-py-keep-incomplete-case-records-non-passing-de0232b3b28a	work-r3v-conformance-runner-py-original-line-312-ed542a491718
418	PRRT_kwDOR3YK5M6b1p6O	path-r3v-conformance-runner-py-8edd259f1d68	source-r3v-conformance-runner-py-original-line-435-f7fbe186c089	claim-r3v-conformance-runner-py-require-a-fresh-output-directory-before-bda1f4be8092	work-r3v-conformance-runner-py-original-line-435-f7fbe186c089
419	PRRT_kwDOR3YK5M6b1p6S	path-r3v-conformance-runner-fixture-info-qpa-e586f362a617	source-r3v-conformance-runner-fixture-info-qpa-original-line-8-69ebb996569c	claim-r3v-conformance-runner-fixture-info-qpa-remove-the-local-absolute-15a75b07361b	work-r3v-conformance-runner-fixture-info-qpa-original-line-8-69ebb996569c
420	PRRT_kwDOR3YK5M6b1p6V	path-r3v-conformance-runner-py-8edd259f1d68	source-r3v-conformance-runner-py-original-line-233-89aeb9bc6035	claim-r3v-conformance-runner-py-verify-that-the-drm-shim-preload-31421c671041	work-r3v-conformance-runner-py-original-line-233-89aeb9bc6035
421	PRRT_kwDOR3YK5M6b1p6Z	path-r3v-conformance-runner-py-8edd259f1d68	source-r3v-conformance-runner-py-original-line-292-7b84d11cd052	claim-r3v-conformance-runner-py-reject-duplicate-case-records-in-the-1897cc6315b3	work-r3v-conformance-runner-py-original-line-292-7b84d11cd052
422	PRRT_kwDOR3YK5M6b1p6h	path-r3v-conformance-nonpass-ledger-tsv-884d40ae52c4	source-r3v-conformance-nonpass-ledger-tsv-original-line-2-eb6786ee734c	claim-r3v-conformance-nonpass-ledger-tsv-restrict-accepted-notsupported-result-6dafa8cad76b	work-r3v-conformance-nonpass-ledger-tsv-original-line-2-eb6786ee734c
423	PRRT_kwDOR3YK5M6b1p6m	path-r3v-conformance-runner-py-8edd259f1d68	source-r3v-conformance-runner-py-original-line-71-fd38879168a2	claim-r3v-conformance-runner-py-record-environment-variables-that-select-runti-7b1046db75b9	work-r3v-conformance-runner-py-original-line-71-fd38879168a2
424	PRRT_kwDOR3YK5M6b1p6r	path-r3v-conformance-runner-py-8edd259f1d68	source-r3v-conformance-runner-py-original-line-257-dfe379ae9ad8	claim-r3v-conformance-runner-py-preserve-repeated-dmesg-events-in-the-3a256fa80541	work-r3v-conformance-runner-py-original-line-257-dfe379ae9ad8
425	PRRT_kwDOR3YK5M6b1p6x	path-r3v-conformance-runner-py-8edd259f1d68	source-r3v-conformance-runner-py-original-line-541-2012bc3e8353	claim-r3v-conformance-runner-py-require-the-qpa-session-identity-fields-1135543bfbb8	work-r3v-conformance-runner-py-original-line-541-2012bc3e8353
426	PRRT_kwDOR3YK5M6b1vLd	path-rs482-composed-surface-campaign-md-e26970987514	source-rs482-composed-surface-campaign-md-mechanisms-sharing-one-radix-i-90605bf41617	claim-rs482-composed-surface-campaign-md-preserve-an-exact-finding-identifier-b4100c1389c8	work-rs482-composed-surface-campaign-md-mechanisms-sharing-one-radix-i-90605bf41617
427	PRRT_kwDOR3YK5M6b1yx3	path-rs482-composed-surface-campaign-md-e26970987514	source-rs482-composed-surface-campaign-md-original-line-91-0eec86493025	claim-rs482-composed-surface-campaign-md-raise-the-viewport-limits-in-9fb38cf1232a	work-rs482-composed-surface-campaign-md-original-line-91-0eec86493025
428	PRRT_kwDOR3YK5M6b1yx8	path-rs482-composed-surface-campaign-md-e26970987514	source-rs482-composed-surface-campaign-md-original-line-121-49413c777376	claim-rs482-composed-surface-campaign-md-keep-sampled-image-masks-closed-79c371f0c323	work-rs482-composed-surface-campaign-md-original-line-121-49413c777376
429	PRRT_kwDOR3YK5M6b1yyE	path-rs482-composed-surface-campaign-md-e26970987514	source-rs482-composed-surface-campaign-md-original-line-66-34cc4deb44f1	claim-rs482-composed-surface-campaign-md-express-colorpitch-in-pixels-rather-7ff1f1b53351	work-rs482-composed-surface-campaign-md-original-line-66-34cc4deb44f1
430	PRRT_kwDOR3YK5M6b1yyH	path-rs482-composed-surface-campaign-md-e26970987514	source-rs482-composed-surface-campaign-md-original-line-69-aff02bb65584	claim-rs482-composed-surface-campaign-md-scale-the-pretransformed-vertices-for-230a2d6527b6	work-rs482-composed-surface-campaign-md-original-line-69-aff02bb65584
431	PRRT_kwDOR3YK5M6b1yyP	path-rs482-composed-surface-campaign-md-e26970987514	source-rs482-composed-surface-campaign-md-original-line-89-6451ba7fd79a	claim-rs482-composed-surface-campaign-md-make-the-seam-oracle-expose-660c338ee55d	work-rs482-composed-surface-campaign-md-original-line-89-6451ba7fd79a
432	PRRT_kwDOR3YK5M6b1yyU	path-rs482-composed-surface-campaign-md-e26970987514	source-rs482-composed-surface-campaign-md-original-line-103-36dcd5bb4583	claim-rs482-composed-surface-campaign-md-add-the-three-chart-cover-ff7a02d3fa7b	work-rs482-composed-surface-campaign-md-original-line-103-36dcd5bb4583
433	PRRT_kwDOR3YK5M6b1yyX	path-rs482-composed-surface-campaign-md-e26970987514	source-rs482-composed-surface-campaign-md-original-line-100-95c52e577bd3	claim-rs482-composed-surface-campaign-md-preserve-the-16-sampler-contract-82626dc299c6	work-rs482-composed-surface-campaign-md-original-line-100-95c52e577bd3
434	PRRT_kwDOR3YK5M6b1yye	path-rs482-composed-surface-campaign-md-e26970987514	source-rs482-composed-surface-campaign-md-original-line-112-73094d075525	claim-rs482-composed-surface-campaign-md-program-vulkan-standard-4x-sample-d8a10e29da49	work-rs482-composed-surface-campaign-md-original-line-112-73094d075525
435	PRRT_kwDOR3YK5M6b10J2	path-r3v-native-attended-compute-identity-c-33cb2e459a8b	source-r3v-native-attended-compute-identity-c-main-int-argc-char-738f8cf99079	claim-r3v-native-attended-compute-identity-c-use-the-canonical-macro-e3c19bb275e1	work-r3v-native-attended-compute-identity-c-main-int-argc-char-738f8cf99079
436	PRRT_kwDOR3YK5M6b10Jt	path-r3v-vulkan10-requirement-inventory-py-deba61da7867	source-r3v-vulkan10-requirement-inventory-py-def-parse-granted-features-physica-6d6e7cac2131	claim-r3v-vulkan10-requirement-inventory-py-verify-the-ledger-derivation-befor-50da3d4b94dc	work-r3v-vulkan10-requirement-inventory-py-def-parse-granted-features-physica-6d6e7cac2131
437	PRRT_kwDOR3YK5M6b10Jz	path-r3v-physical-device-c-0d800b1649e2	source-r3v-physical-device-c-r3v-getphysicaldevicequeuefamilyproperties2-vkphys-19ae2db7502b	claim-r3v-physical-device-c-record-the-discovery-method-for-the-9b95b856109e	work-r3v-physical-device-c-r3v-getphysicaldevicequeuefamilyproperties2-vkphys-19ae2db7502b
438	PRRT_kwDOR3YK5M6b1-TO	path-r3v-native-compute-c-1129a69f6424	source-r3v-native-compute-c-r3v-updatedescriptorsets-vkdevice-device-uint32-t-08f2e8c91222	claim-r3v-native-compute-c-preserve-array-elements-for-later-descriptor-7c009855cb2f	work-r3v-native-compute-c-r3v-updatedescriptorsets-vkdevice-device-uint32-t-08f2e8c91222
439	PRRT_kwDOR3YK5M6b1-TQ	path-r3v-conformance-nonpass-ledger-tsv-884d40ae52c4	source-r3v-conformance-nonpass-ledger-tsv-waiver-waiver-deqp-vk-accepted-23f46c206294	claim-r3v-conformance-nonpass-ledger-tsv-keep-immutable-sampler-refusals-in-426f067dc492	work-r3v-conformance-nonpass-ledger-tsv-waiver-waiver-deqp-vk-accepted-23f46c206294
440	PRRT_kwDOR3YK5M6b1-TU	path-meson-build-90733826a0f8	source-meson-build-if-with-tests-and-with-tools-contains-drm-1eebd483b0f6	claim-meson-build-add-the-typed-pool-calibration-to-qualification-inventory-f4d6be418871	work-meson-build-if-with-tests-and-with-tools-contains-drm-1eebd483b0f6
441	PRRT_kwDOR3YK5M6b2Bd-	path-r300-compute-verb-c-60e3801ba8dc	source-r300-compute-verb-c-static-const-struct-r300-compute-verb-e298b05a31e3	claim-r300-compute-verb-c-keep-finite-verb-coverage-behind-the-6831790a8858	work-r300-compute-verb-c-static-const-struct-r300-compute-verb-e298b05a31e3
442	PRRT_kwDOR3YK5M6b2BeE	path-r300-compute-verb-c-60e3801ba8dc	source-r300-compute-verb-c-static-const-struct-r300-compute-verb-e298b05a31e3	claim-r300-compute-verb-c-reject-truncated-tables-in-the-conformance-139b70d29549	work-r300-compute-verb-c-static-const-struct-r300-compute-verb-e298b05a31e3
443	PRRT_kwDOR3YK5M6b3cjS	path-r3v-conformance-runner-py-8edd259f1d68	source-r3v-conformance-runner-py-class-runnerrefusal-exception-2f5da6707149	claim-r3v-conformance-runner-py-enforce-each-slice-s-required-evidence-84a3a0e232a9	work-r3v-conformance-runner-py-class-runnerrefusal-exception-2f5da6707149
444	PRRT_kwDOR3YK5M6b3cjY	path-r3v-conformance-partition-py-c7ff54a736a4	source-r3v-conformance-partition-py-original-line-245-a2f69a5dda2b	claim-r3v-conformance-partition-py-validate-executable-state-against-the-parti-9e14bae2a194	work-r3v-conformance-partition-py-original-line-245-a2f69a5dda2b
445	PRRT_kwDOR3YK5M6b3cja	path-r3v-conformance-partition-py-c7ff54a736a4	source-r3v-conformance-partition-py-original-line-216-0809d4e66236	claim-r3v-conformance-partition-py-restrict-slice-names-to-output-safe-b43c8b8bb791	work-r3v-conformance-partition-py-original-line-216-0809d4e66236
446	PRRT_kwDOR3YK5M6b3tnM	path-r3v-conformance-partition-py-c7ff54a736a4	source-r3v-conformance-partition-py-original-line-275-68a4353107c2	claim-r3v-conformance-partition-py-validate-required-evidence-before-opening-t-f738f4f0fb6f	work-r3v-conformance-partition-py-original-line-275-68a4353107c2
447	PRRT_kwDOR3YK5M6b3tnP	path-r3v-conformance-partition-py-c7ff54a736a4	source-r3v-conformance-partition-py-original-line-291-37b2735fbe75	claim-r3v-conformance-partition-py-reconcile-pilot-coverage-with-the-corpus-9368b22d1520	work-r3v-conformance-partition-py-original-line-291-37b2735fbe75
448	PRRT_kwDOR3YK5M6b3tnS	path-r3v-conformance-partition-py-c7ff54a736a4	source-r3v-conformance-partition-py-original-line-255-2d1db908f12d	claim-r3v-conformance-partition-py-reserve-the-uncovered-artifact-name-a10999b93c71	work-r3v-conformance-partition-py-original-line-255-2d1db908f12d
449	PRRT_kwDOR3YK5M6b3ziV	path-r3v-conformance-runner-py-8edd259f1d68	source-r3v-conformance-runner-py-class-runnerrefusal-exception-2f5da6707149	claim-r3v-conformance-runner-py-require-hazard-identity-before-launching-an-faee116b1654	work-r3v-conformance-runner-py-class-runnerrefusal-exception-2f5da6707149
450	PRRT_kwDOR3YK5M6b3zid	path-r3v-conformance-runner-py-8edd259f1d68	source-r3v-conformance-runner-py-class-runnerrefusal-exception-2f5da6707149	claim-r3v-conformance-runner-py-bind-the-deqp-executable-to-the-df2832d7fd0e	work-r3v-conformance-runner-py-class-runnerrefusal-exception-2f5da6707149
451	PRRT_kwDOR3YK5M6b3zih	path-r3v-conformance-runner-py-8edd259f1d68	source-r3v-conformance-runner-py-def-execute-args-9396c0cd229d	claim-r3v-conformance-runner-py-record-one-consistent-caselist-digest-in-d9e2c258bc3b	work-r3v-conformance-runner-py-def-execute-args-9396c0cd229d
452	PRRT_kwDOR3YK5M6b3zio	path-r3v-conformance-runner-py-8edd259f1d68	source-r3v-conformance-runner-py-def-execute-args-9396c0cd229d	claim-r3v-conformance-runner-py-clear-stale-artifacts-before-recording-a-7067de2cdb5c	work-r3v-conformance-runner-py-def-execute-args-9396c0cd229d
453	PRRT_kwDOR3YK5M6b35q0	path-readme-md-ea0e6e57f1f6	source-readme-md-hazard-is-assigned-from-the-cts-sources-a-d9bc20366441	claim-readme-md-require-verified-provenance-before-verified-result-runs-cafeaf399cdc	work-readme-md-hazard-is-assigned-from-the-cts-sources-a-d9bc20366441
454	PRRT_kwDOR3YK5M6b35q3	path-r3v-deqp-provision-py-d47877b398da	source-r3v-deqp-provision-py-original-line-183-dd6d57c61a47	claim-r3v-deqp-provision-py-bind-the-cmake-cache-to-the-63167f356a44	work-r3v-deqp-provision-py-original-line-183-dd6d57c61a47
455	PRRT_kwDOR3YK5M6b35q5	path-r3v-deqp-provision-py-d47877b398da	source-r3v-deqp-provision-py-original-line-260-64f2e1c7fb24	claim-r3v-deqp-provision-py-verify-that-the-transported-binary-remains-f6a0ae897377	work-r3v-deqp-provision-py-original-line-260-64f2e1c7fb24
456	PRRT_kwDOR3YK5M6b35q_	path-r3v-deqp-provision-py-d47877b398da	source-r3v-deqp-provision-py-original-line-215-a5f1f069cc06	claim-r3v-deqp-provision-py-reject-bundle-destinations-nested-under-copied-fd7ddb23b258	work-r3v-deqp-provision-py-original-line-215-a5f1f069cc06
457	PRRT_kwDOR3YK5M6b35qr	path-r3v-deqp-provision-py-d47877b398da	source-r3v-deqp-provision-py-original-line-90-12aa6145e207	claim-r3v-deqp-provision-py-cover-every-instruction-above-the-k8-6c8dcf529bf5	work-r3v-deqp-provision-py-original-line-90-12aa6145e207
458	PRRT_kwDOR3YK5M6b35qu	path-r3v-deqp-provision-py-d47877b398da	source-r3v-deqp-provision-py-original-line-215-a5f1f069cc06	claim-r3v-deqp-provision-py-validate-the-copied-corpus-against-the-a62d0a29f860	work-r3v-deqp-provision-py-original-line-215-a5f1f069cc06
459	PRRT_kwDOR3YK5M6b35qx	path-r3v-deqp-provision-py-d47877b398da	source-r3v-deqp-provision-py-original-line-248-26cd482aca03	claim-r3v-deqp-provision-py-reject-dirty-provenance-during-bundle-verification-fa143092e86d	work-r3v-deqp-provision-py-original-line-248-26cd482aca03
460	PRRT_kwDOR3YK5M6b35rF	path-r3v-deqp-provision-py-d47877b398da	source-r3v-deqp-provision-py-original-line-253-383ae0516d5c	claim-r3v-deqp-provision-py-reject-unsupported-provenance-schema-versions-b07fac299c85	work-r3v-deqp-provision-py-original-line-253-383ae0516d5c
461	PRRT_kwDOR3YK5M6b38W2	path-r3v-native-plan-c-3aede8fb3a0d	source-r3v-native-plan-c-original-line-287-b2bdf50b42c4	claim-r3v-native-plan-c-reject-a-trailing-relocation-column-24babb85c7df	work-r3v-native-plan-c-original-line-287-b2bdf50b42c4
462	PRRT_kwDOR3YK5M6b38W8	path-r3v-native-plan-c-3aede8fb3a0d	source-r3v-native-plan-c-original-line-590-5952f7e1a4a1	claim-r3v-native-plan-c-keep-undersized-output-buffers-untouched-a1fedbe08da3	work-r3v-native-plan-c-original-line-590-5952f7e1a4a1
463	PRRT_kwDOR3YK5M6b38Wk	path-r3v-native-plan-c-3aede8fb3a0d	source-r3v-native-plan-c-original-line-308-47b1f8227465	claim-r3v-native-plan-c-reject-invalid-relocation-directions-before-sealing-e96e86aa27a3	work-r3v-native-plan-c-original-line-308-47b1f8227465
464	PRRT_kwDOR3YK5M6b38Wt	path-r3v-native-plan-c-3aede8fb3a0d	source-r3v-native-plan-c-original-line-431-4f0b80b4d69f	claim-r3v-native-plan-c-enforce-the-referenced-byte-ceiling-while-8b5777b386e4	work-r3v-native-plan-c-original-line-431-4f0b80b4d69f
465	PRRT_kwDOR3YK5M6b38XE	path-r3v-native-plan-c-3aede8fb3a0d	source-r3v-native-plan-c-original-line-648-18f45218d96c	claim-r3v-native-plan-c-bind-the-live-evidence-directory-path-00348b42e65c	work-r3v-native-plan-c-original-line-648-18f45218d96c
466	PRRT_kwDOR3YK5M6b38XI	path-r3v-native-plan-c-3aede8fb3a0d	source-r3v-native-plan-c-original-line-220-0649dd453d54	claim-r3v-native-plan-c-allow-the-full-kernel-release-abi-0b77013bcd60	work-r3v-native-plan-c-original-line-220-0649dd453d54
467	PRRT_kwDOR3YK5M6b38XO	path-r3v-native-plan-c-3aede8fb3a0d	source-r3v-native-plan-c-original-line-768-aa07e5b0c2af	claim-r3v-native-plan-c-check-the-deadline-when-finishing-the-da6e55988abc	work-r3v-native-plan-c-original-line-768-aa07e5b0c2af
468	PRRT_kwDOR3YK5M6b38XR	path-meson-build-90733826a0f8	source-meson-build-r3v-native-files-files-ddc0c86c5189	claim-meson-build-add-the-plan-header-to-native-boundary-audits-8774517f5481	work-meson-build-r3v-native-files-files-ddc0c86c5189
469	PRRT_kwDOR3YK5M6b4ObY	path-r3v-native-queue-c-e0cf9a2c7d04	source-r3v-native-queue-c-r3v-native-queue-submit-struct-vk-606161d6cc8c	claim-r3v-native-queue-c-remove-entries-whose-submissions-do-not-a2bbe286c3e4	work-r3v-native-queue-c-r3v-native-queue-submit-struct-vk-606161d6cc8c
470	PRRT_kwDOR3YK5M6b4Obe	path-r3v-native-plan-tool-c-e780e6d05b6f	source-r3v-native-plan-tool-c-original-line-159-58fd0e8c71d0	claim-r3v-native-plan-tool-c-preserve-the-dso-identity-observed-2e3841014a15	work-r3v-native-plan-tool-c-original-line-159-58fd0e8c71d0
471	PRRT_kwDOR3YK5M6b4Obj	path-r3v-native-plan-tool-c-e780e6d05b6f	source-r3v-native-plan-tool-c-original-line-160-c2c13e092f29	claim-r3v-native-plan-tool-c-reject-overlong-identity-arguments-instead-b9aacdb7ee0b	work-r3v-native-plan-tool-c-original-line-160-c2c13e092f29
472	PRRT_kwDOR3YK5M6b4Obl	path-r3v-native-plan-capture-c-7a47ff198a0e	source-r3v-native-plan-capture-c-original-line-204-9ee85ce5ffdf	claim-r3v-native-plan-capture-c-create-the-capture-temporary-file-4c53e7e645f7	work-r3v-native-plan-capture-c-original-line-204-9ee85ce5ffdf
473	PRRT_kwDOR3YK5M6b4Obo	path-r3v-native-plan-c-3aede8fb3a0d	source-r3v-native-plan-c-original-line-645-2f165e1c6db7	claim-r3v-native-plan-c-reject-plans-whose-entries-exceed-the-6a388dab9d00	work-r3v-native-plan-c-original-line-645-2f165e1c6db7
474	PRRT_kwDOR3YK5M6b4Obs	path-r3v-native-plan-capture-c-7a47ff198a0e	source-r3v-native-plan-capture-c-original-line-53-360eccac05d3	claim-r3v-native-plan-capture-c-verify-the-capture-parent-is-caa4c6d37361	work-r3v-native-plan-capture-c-original-line-53-360eccac05d3
475	PRRT_kwDOR3YK5M6b4SN3	path-r3v-deqp-provision-py-d47877b398da	source-r3v-deqp-provision-py-original-line-121-ad99ea2f09e8	claim-r3v-deqp-provision-py-verify-target-symbol-version-compatibility-0d46afee02e4	work-r3v-deqp-provision-py-original-line-121-ad99ea2f09e8
476	PRRT_kwDOR3YK5M6b4SN5	path-r3v-deqp-provision-py-d47877b398da	source-r3v-deqp-provision-py-original-line-366-363308104d08	claim-r3v-deqp-provision-py-isolate-synthetic-commits-from-global-signing-3dae6eaed203	work-r3v-deqp-provision-py-original-line-366-363308104d08
477	PRRT_kwDOR3YK5M6b4SNq	path-r3v-deqp-provision-py-d47877b398da	source-r3v-deqp-provision-py-original-line-119-4209beb1f50e	claim-r3v-deqp-provision-py-reject-non-x86-64-deqp-executables-c9b0c071c150	work-r3v-deqp-provision-py-original-line-119-4209beb1f50e
478	PRRT_kwDOR3YK5M6b4SNv	path-r3v-deqp-provision-py-d47877b398da	source-r3v-deqp-provision-py-original-line-253-383ae0516d5c	claim-r3v-deqp-provision-py-preserve-non-isa-gnu-properties-while-1c8689fac464	work-r3v-deqp-provision-py-original-line-253-383ae0516d5c
479	PRRT_kwDOR3YK5M6b4SNx	path-r3v-deqp-provision-py-d47877b398da	source-r3v-deqp-provision-py-original-line-305-0b7c8909fa6b	claim-r3v-deqp-provision-py-check-every-feature-required-by-each-4a06eac97e55	work-r3v-deqp-provision-py-original-line-305-0b7c8909fa6b
480	PRRT_kwDOR3YK5M6b4UK-	path-r3v-conformance-runner-py-8edd259f1d68	source-r3v-conformance-runner-py-def-seal-receipt-e4e20bebf64e	claim-r3v-conformance-runner-py-match-runtime-events-to-the-current-e2e342721e9f	work-r3v-conformance-runner-py-def-seal-receipt-e4e20bebf64e
481	PRRT_kwDOR3YK5M6b4UK1	path-r3v-conformance-runner-py-8edd259f1d68	source-r3v-conformance-runner-py-def-execute-args-9396c0cd229d	claim-r3v-conformance-runner-py-compare-the-declared-caselist-against-its-7d85e0d7bd91	work-r3v-conformance-runner-py-def-execute-args-9396c0cd229d
482	PRRT_kwDOR3YK5M6b4UK3	path-r3v-conformance-runner-py-8edd259f1d68	source-r3v-conformance-runner-py-def-selftest-fixture-qpa-b5b9f885426e	claim-r3v-conformance-runner-py-preserve-the-receipt-path-used-by-0c67b238524d	work-r3v-conformance-runner-py-def-selftest-fixture-qpa-b5b9f885426e
483	PRRT_kwDOR3YK5M6b4UK5	path-r3v-conformance-runner-py-8edd259f1d68	source-r3v-conformance-runner-py-def-execute-args-9396c0cd229d	claim-r3v-conformance-runner-py-downgrade-identity-mismatches-from-verified-re-fd97905c39a5	work-r3v-conformance-runner-py-def-execute-args-9396c0cd229d
484	PRRT_kwDOR3YK5M6b4UK8	path-r3v-conformance-runner-py-8edd259f1d68	source-r3v-conformance-runner-py-original-line-78-36dc564ad672	claim-r3v-conformance-runner-py-isolate-home-from-user-installed-vulkan-7d41bb527ec1	work-r3v-conformance-runner-py-original-line-78-36dc564ad672
485	PRRT_kwDOR3YK5M6b4UKy	path-r3v-conformance-runner-py-8edd259f1d68	source-r3v-conformance-runner-py-def-seal-receipt-e4e20bebf64e	claim-r3v-conformance-runner-py-drain-child-output-while-supervising-deqp-0db21f565c12	work-r3v-conformance-runner-py-def-seal-receipt-e4e20bebf64e
486	PRRT_kwDOR3YK5M6b4ULB	path-r3v-conformance-runner-py-8edd259f1d68	source-r3v-conformance-runner-py-def-seal-receipt-e4e20bebf64e	claim-r3v-conformance-runner-py-start-the-case-deadline-only-after-5c8cd876a469	work-r3v-conformance-runner-py-def-seal-receipt-e4e20bebf64e
487	PRRT_kwDOR3YK5M6b4Vuk	path-r3v-native-plan-c-3aede8fb3a0d	source-r3v-native-plan-c-original-line-798-94ac79451ec6	claim-r3v-native-plan-c-bind-contamination-to-immutable-device-gate-962c5973df23	work-r3v-native-plan-c-original-line-798-94ac79451ec6
488	PRRT_kwDOR3YK5M6b4Vum	path-r3v-native-plan-c-3aede8fb3a0d	source-r3v-native-plan-c-original-line-869-afb1b60350bc	claim-r3v-native-plan-c-consume-each-plan-across-all-replay-4d277e782dee	work-r3v-native-plan-c-original-line-869-afb1b60350bc
489	PRRT_kwDOR3YK5M6b4Vup	path-r3v-native-plan-c-3aede8fb3a0d	source-r3v-native-plan-c-original-line-724-94f47181c2dd	claim-r3v-native-plan-c-reject-overflowing-body-sizes-before-sealing-cf272bac2b50	work-r3v-native-plan-c-original-line-724-94f47181c2dd
490	PRRT_kwDOR3YK5M6b4Vuq	path-r3v-native-plan-c-3aede8fb3a0d	source-r3v-native-plan-c-original-line-889-d8dc75faa956	claim-r3v-native-plan-c-reject-unplanned-zero-ib-command-buffers-fe8b280eef1a	work-r3v-native-plan-c-original-line-889-d8dc75faa956
491	PRRT_kwDOR3YK5M6b4WuG	path-r3v-native-plan-capture-c-7a47ff198a0e	source-r3v-native-plan-capture-c-original-line-55-0073ba97075a	claim-r3v-native-plan-capture-c-reserve-the-capture-destination-at-993ec86e8ab9	work-r3v-native-plan-capture-c-original-line-55-0073ba97075a
492	PRRT_kwDOR3YK5M6b4WuI	path-r3v-native-plan-tool-c-e780e6d05b6f	source-r3v-native-plan-tool-c-original-line-27-2f0c3494a7e5	claim-r3v-native-plan-tool-c-reject-seek-failures-before-parsing-de80ffb59472	work-r3v-native-plan-tool-c-original-line-27-2f0c3494a7e5
493	PRRT_kwDOR3YK5M6b4WuJ	path-r3v-native-plan-tool-c-e780e6d05b6f	source-r3v-native-plan-tool-c-original-line-127-833318f47b14	claim-r3v-native-plan-tool-c-parse-numeric-authorization-options-strictly-f3ed13346b38	work-r3v-native-plan-tool-c-original-line-127-833318f47b14
494	PRRT_kwDOR3YK5M6b4WuM	path-r3v-native-plan-capture-c-7a47ff198a0e	source-r3v-native-plan-capture-c-original-line-30-7cdeb8742e88	claim-r3v-native-plan-capture-c-verify-that-the-active-drm-2be6e50fd6dc	work-r3v-native-plan-capture-c-original-line-30-7cdeb8742e88
495	PRRT_kwDOR3YK5M6b4WuO	path-r3v-native-device-c-dfd6f41a2ff9	source-r3v-native-device-c-r3v-createdevice-vkphysicaldevice-physicaldevice-61cd5ee7eac7	claim-r3v-native-device-c-exclude-attended-manifest-retention-from-capture-06dbef59d320	work-r3v-native-device-c-r3v-createdevice-vkphysicaldevice-physicaldevice-61cd5ee7eac7
496	PRRT_kwDOR3YK5M6b4WuS	path-r3v-native-plan-capture-c-7a47ff198a0e	source-r3v-native-plan-capture-c-original-line-214-fff6accafec8	claim-r3v-native-plan-capture-c-sync-the-capture-directory-after-f572a1a3515d	work-r3v-native-plan-capture-c-original-line-214-fff6accafec8
497	PRRT_kwDOR3YK5M6b4Xou	path-r3v-deqp-provision-py-d47877b398da	source-r3v-deqp-provision-py-original-line-251-911b8cf27c11	claim-r3v-deqp-provision-py-keep-bundle-output-outside-the-source-a97ecd78e91d	work-r3v-deqp-provision-py-original-line-251-911b8cf27c11
498	PRRT_kwDOR3YK5M6b4Xoz	path-r3v-deqp-provision-py-d47877b398da	source-r3v-deqp-provision-py-original-line-407-3c29da419aea	claim-r3v-deqp-provision-py-calibrate-the-elevated-isa-note-path-e0b8575c3321	work-r3v-deqp-provision-py-original-line-407-3c29da419aea
499	PRRT_kwDOR3YK5M6b4bt0	path-r3v-native-queue-claim-report-c-63f58b914e71	source-r3v-native-queue-claim-report-c-original-line-41-ee265c7456b9	claim-r3v-native-queue-claim-report-c-include-all-verb-row-fc39640d877f	work-r3v-native-queue-claim-report-c-original-line-41-ee265c7456b9
500	PRRT_kwDOR3YK5M6b4bt2	path-r3v-conformance-runner-py-8edd259f1d68	source-r3v-conformance-runner-py-def-seal-receipt-e4e20bebf64e	claim-r3v-conformance-runner-py-bind-runtime-events-to-the-current-15f99e8864de	work-r3v-conformance-runner-py-def-seal-receipt-e4e20bebf64e
501	PRRT_kwDOR3YK5M6b4bt5	path-r3v-conformance-runner-py-8edd259f1d68	source-r3v-conformance-runner-py-def-execute-args-9396c0cd229d	claim-r3v-conformance-runner-py-clear-verified-result-when-an-expected-75a4ea94e1ee	work-r3v-conformance-runner-py-def-execute-args-9396c0cd229d
502	PRRT_kwDOR3YK5M6b4btr	path-r3v-conformance-runner-py-8edd259f1d68	source-r3v-conformance-runner-py-def-seal-receipt-e4e20bebf64e	claim-r3v-conformance-runner-py-drain-child-output-while-supervising-deqp-0db21f565c12	work-r3v-conformance-runner-py-def-seal-receipt-e4e20bebf64e
503	PRRT_kwDOR3YK5M6b4btv	path-r3v-conformance-runner-py-8edd259f1d68	source-r3v-conformance-runner-py-def-execute-args-9396c0cd229d	claim-r3v-conformance-runner-py-compare-the-declared-caselist-digest-using-05721a6b6fbf	work-r3v-conformance-runner-py-def-execute-args-9396c0cd229d
504	PRRT_kwDOR3YK5M6b4btz	path-r3v-conformance-runner-py-8edd259f1d68	source-r3v-conformance-runner-py-def-seal-receipt-e4e20bebf64e	claim-r3v-conformance-runner-py-reject-queue-reports-without-the-required-80c58586302e	work-r3v-conformance-runner-py-def-seal-receipt-e4e20bebf64e
505	PRRT_kwDOR3YK5M6b4bt-	path-r3v-conformance-runner-py-8edd259f1d68	source-r3v-conformance-runner-py-def-read-caselist-path-52440271595e	claim-r3v-conformance-runner-py-make-partition-slices-compatible-with-the-c95ddf20d4e9	work-r3v-conformance-runner-py-def-read-caselist-path-52440271595e
506	PRRT_kwDOR3YK5M6b4bt6	path-r3v-conformance-runner-py-8edd259f1d68	source-r3v-conformance-runner-py-def-host-identity-d85b49352e99	claim-r3v-conformance-runner-py-record-every-declared-environment-value-in-e6169d0df281	work-r3v-conformance-runner-py-def-host-identity-d85b49352e99
507	PRRT_kwDOR3YK5M6b4buA	path-r3v-native-queue-claim-report-c-63f58b914e71	source-r3v-native-queue-claim-report-c-original-line-56-6b391a7659c3	claim-r3v-native-queue-claim-report-c-bind-the-queue-report-67bf5adaaa07	work-r3v-native-queue-claim-report-c-original-line-56-6b391a7659c3
508	PRRT_kwDOR3YK5M6b4buF	path-r3v-conformance-runner-py-8edd259f1d68	source-r3v-conformance-runner-py-def-seal-receipt-e4e20bebf64e	claim-r3v-conformance-runner-py-track-case-markers-rather-than-raw-ee60e656f884	work-r3v-conformance-runner-py-def-seal-receipt-e4e20bebf64e
509	PRRT_kwDOR3YK5M6b4gaf	path-r3v-native-plan-capture-c-7a47ff198a0e	source-r3v-native-plan-capture-c-original-line-277-326fa3d6036c	claim-r3v-native-plan-capture-c-refuse-capture-when-dso-identity-4f61612025c3	work-r3v-native-plan-capture-c-original-line-277-326fa3d6036c
510	PRRT_kwDOR3YK5M6b4gah	path-r3v-native-plan-capture-c-7a47ff198a0e	source-r3v-native-plan-capture-c-original-line-57-967f09bcf8f6	claim-r3v-native-plan-capture-c-preserve-all-four-fetched-cell-736f800232a8	work-r3v-native-plan-capture-c-original-line-57-967f09bcf8f6
511	PRRT_kwDOR3YK5M6b4gam	path-r3v-native-plan-tool-c-e780e6d05b6f	source-r3v-native-plan-tool-c-original-line-178-160af0631ffc	claim-r3v-native-plan-tool-c-require-a-captured-transcript-shape-a4c5bff41b52	work-r3v-native-plan-tool-c-original-line-178-160af0631ffc
512	PRRT_kwDOR3YK5M6b4gap	path-r3v-native-plan-capture-c-7a47ff198a0e	source-r3v-native-plan-capture-c-original-line-122-9c894559b7c5	claim-r3v-native-plan-capture-c-allow-capture-files-directly-under-9fb49cd08a8e	work-r3v-native-plan-capture-c-original-line-122-9c894559b7c5
513	PRRT_kwDOR3YK5M6b4pyo	path-r3v-native-plan-capture-c-7a47ff198a0e	source-r3v-native-plan-capture-c-original-line-100-811188037f75	claim-r3v-native-plan-capture-c-add-semantic-roles-for-the-99abaf4bb902	work-r3v-native-plan-capture-c-original-line-100-811188037f75
514	PRRT_kwDOR3YK5M6b4pyr	path-r3v-native-queue-c-e0cf9a2c7d04	source-r3v-native-queue-c-r3v-native-queue-submit-struct-vk-606161d6cc8c	claim-r3v-native-queue-c-mark-completed-transport-before-reporting-capture-8a66c3a2a7cf	work-r3v-native-queue-c-r3v-native-queue-submit-struct-vk-606161d6cc8c
515	PRRT_kwDOR3YK5M6b4pyv	path-r3v-native-plan-tool-c-e780e6d05b6f	source-r3v-native-plan-tool-c-original-line-135-3d36412216ac	claim-r3v-native-plan-tool-c-reject-an-unpaired-final-compose-0baa6a680b3e	work-r3v-native-plan-tool-c-original-line-135-3d36412216ac
516	PRRT_kwDOR3YK5M6b4qNU	path-r3v-physical-device-c-0d800b1649e2	source-r3v-physical-device-c-r3v-get-format-properties-const-struct-9f2e5eccc034	claim-r3v-physical-device-c-advertise-texel-buffer-features-only-with-33aae94a3845	work-r3v-physical-device-c-r3v-get-format-properties-const-struct-9f2e5eccc034
517	PRRT_kwDOR3YK5M6b4qNX	path-r3v-native-object-c-fd0e82eefd63	source-r3v-native-object-c-r3v-createbufferview-vkdevice-device-fba9f34bec3f	claim-r3v-native-object-c-accept-partial-texel-tails-for-vk-39dac1525ec4	work-r3v-native-object-c-r3v-createbufferview-vkdevice-device-fba9f34bec3f
518	PRRT_kwDOR3YK5M6b4qNe	path-r3v-native-object-c-fd0e82eefd63	source-r3v-native-object-c-r3v-createbufferview-vkdevice-device-fba9f34bec3f	claim-r3v-native-object-c-update-the-entrypoint-behavior-audit-for-1e96e6626477	work-r3v-native-object-c-r3v-createbufferview-vkdevice-device-fba9f34bec3f
519	PRRT_kwDOR3YK5M6b4qNh	path-r3v-native-object-c-fd0e82eefd63	source-r3v-native-object-c-original-line-42-d096d31c657b	claim-r3v-native-object-c-add-discovery-locators-to-the-new-c10ae73c1f88	work-r3v-native-object-c-original-line-42-d096d31c657b
520	PRRT_kwDOR3YK5M6b4si1	path-r3v-host-model-fail-decomposition-md-adf475473343	source-r3v-host-model-fail-decomposition-md-original-line-112-d51947035e19	claim-r3v-host-model-fail-decomposition-md-validate-buffer-views-against-41bb74cd8570	work-r3v-host-model-fail-decomposition-md-original-line-112-d51947035e19
521	PRRT_kwDOR3YK5M6b4si3	path-r3v-host-model-fail-decomposition-md-adf475473343	source-r3v-host-model-fail-decomposition-md-original-line-113-1cf10e0e8580	claim-r3v-host-model-fail-decomposition-md-map-opnot-to-the-477c8769a3b1	work-r3v-host-model-fail-decomposition-md-original-line-113-1cf10e0e8580
522	PRRT_kwDOR3YK5M6b4si6	path-r3v-host-model-fail-decomposition-md-adf475473343	source-r3v-host-model-fail-decomposition-md-original-line-115-29f277b9a1e0	claim-r3v-host-model-fail-decomposition-md-avoid-claiming-the-fixed-b16ec06c5676	work-r3v-host-model-fail-decomposition-md-original-line-115-29f277b9a1e0
523	PRRT_kwDOR3YK5M6b4si8	path-r3v-host-model-fail-decomposition-md-adf475473343	source-r3v-host-model-fail-decomposition-md-original-line-143-3b95da54c56d	claim-r3v-host-model-fail-decomposition-md-mark-the-extension-enumeration-f80c6baff05f	work-r3v-host-model-fail-decomposition-md-original-line-143-3b95da54c56d
524	PRRT_kwDOR3YK5M6b4si_	path-r3v-host-model-fail-decomposition-md-adf475473343	source-r3v-host-model-fail-decomposition-md-original-line-113-1cf10e0e8580	claim-r3v-host-model-fail-decomposition-md-classify-compute-content-validation-249d5aab9e6f	work-r3v-host-model-fail-decomposition-md-original-line-113-1cf10e0e8580
525	PRRT_kwDOR3YK5M6b4sio	path-r3v-host-model-fail-decomposition-md-adf475473343	source-r3v-host-model-fail-decomposition-md-original-line-110-df794fa7aea7	claim-r3v-host-model-fail-decomposition-md-trace-image-usage-before-618eb2f7a912	work-r3v-host-model-fail-decomposition-md-original-line-110-df794fa7aea7
526	PRRT_kwDOR3YK5M6b4siu	path-r3v-host-model-fail-decomposition-md-adf475473343	source-r3v-host-model-fail-decomposition-md-original-line-120-56b3447c1c07	claim-r3v-host-model-fail-decomposition-md-treat-refusal-counts-as-498bbacacbfd	work-r3v-host-model-fail-decomposition-md-original-line-120-56b3447c1c07
527	PRRT_kwDOR3YK5M6b4six	path-r3v-host-model-fail-decomposition-md-adf475473343	source-r3v-host-model-fail-decomposition-md-original-line-59-0ad00db77310	claim-r3v-host-model-fail-decomposition-md-record-discovery-methods-for-95beaa29f617	work-r3v-host-model-fail-decomposition-md-original-line-59-0ad00db77310
528	PRRT_kwDOR3YK5M6b4sjB	path-r3v-host-model-fail-decomposition-md-adf475473343	source-r3v-host-model-fail-decomposition-md-original-line-36-38f5e2919d65	claim-r3v-host-model-fail-decomposition-md-replace-task-local-provenance-6bebdb153c9b	work-r3v-host-model-fail-decomposition-md-original-line-36-38f5e2919d65
529	PRRT_kwDOR3YK5M6b4tFW	path-r3v-conformance-runner-py-8edd259f1d68	source-r3v-conformance-runner-py-def-read-caselist-path-52440271595e	claim-r3v-conformance-runner-py-start-kernel-log-capture-before-the-ca531a7da2c4	work-r3v-conformance-runner-py-def-read-caselist-path-52440271595e
530	PRRT_kwDOR3YK5M6b4tFc	path-r3v-conformance-partition-py-c7ff54a736a4	source-r3v-conformance-partition-py-def-verify-manifest-path-f96dbd258557	claim-r3v-conformance-partition-py-verify-that-shards-concatenate-to-the-b84b025b55d4	work-r3v-conformance-partition-py-def-verify-manifest-path-f96dbd258557
531	PRRT_kwDOR3YK5M6b4tFj	path-r3v-conformance-runner-py-8edd259f1d68	source-r3v-conformance-runner-py-def-seal-receipt-e4e20bebf64e	claim-r3v-conformance-runner-py-reject-non-object-runtime-event-json-1b932e43fd6b	work-r3v-conformance-runner-py-def-seal-receipt-e4e20bebf64e
532	PRRT_kwDOR3YK5M6b4tFo	path-r3v-native-queue-claim-report-c-63f58b914e71	source-r3v-native-queue-claim-report-c-original-line-82-b14fa0d01cf4	claim-r3v-native-queue-claim-report-c-reject-incomplete-physical-device-9e800a256d7d	work-r3v-native-queue-claim-report-c-original-line-82-b14fa0d01cf4
533	PRRT_kwDOR3YK5M6b4wC-	path-r3v-native-queue-c-e0cf9a2c7d04	source-r3v-native-queue-c-r3v-native-queue-submit-struct-vk-606161d6cc8c	claim-r3v-native-queue-c-preserve-the-relocation-count-before-cleanup-c4c30ee92ddf	work-r3v-native-queue-c-r3v-native-queue-submit-struct-vk-606161d6cc8c
534	PRRT_kwDOR3YK5M6b4wDC	path-meson-build-90733826a0f8	source-meson-build-r3v-native-files-files-ddc0c86c5189	claim-meson-build-link-plan-capture-consumers-with-libdl-6761e64a672a	work-meson-build-r3v-native-files-files-ddc0c86c5189
535	PRRT_kwDOR3YK5M6b4wDD	path-r3v-native-plan-tool-c-e780e6d05b6f	source-r3v-native-plan-tool-c-original-line-67-80c2362b87dc	claim-r3v-native-plan-tool-c-handle-plan-serialization-allocation-failure-b0b9f2e0ff8e	work-r3v-native-plan-tool-c-original-line-67-80c2362b87dc
536	PRRT_kwDOR3YK5M6b4wiC	path-r3v-cs-ioctl-trace-py-e7cfa07aa91b	source-r3v-cs-ioctl-trace-py-original-line-337-eb540049487e	claim-r3v-cs-ioctl-trace-py-refuse-harness-calibration-without-a-d1621442da8e	work-r3v-cs-ioctl-trace-py-original-line-337-eb540049487e
537	PRRT_kwDOR3YK5M6b4wiD	path-r3v-cs-ioctl-trace-py-e7cfa07aa91b	source-r3v-cs-ioctl-trace-py-original-line-215-9da48a767794	claim-r3v-cs-ioctl-trace-py-refuse-traces-whose-command-did-6d2aa762014f	work-r3v-cs-ioctl-trace-py-original-line-215-9da48a767794
538	PRRT_kwDOR3YK5M6b4wiI	path-r3v-cs-ioctl-trace-py-e7cfa07aa91b	source-r3v-cs-ioctl-trace-py-original-line-70-92a9c4008f00	claim-r3v-cs-ioctl-trace-py-exclude-info-from-the-gem-f7a851e3880b	work-r3v-cs-ioctl-trace-py-original-line-70-92a9c4008f00
539	PRRT_kwDOR3YK5M6b4wiN	path-r3v-cs-ioctl-trace-py-e7cfa07aa91b	source-r3v-cs-ioctl-trace-py-original-line-364-4af5e24282f2	claim-r3v-cs-ioctl-trace-py-fail-shim-calibration-on-every-e0c8355718f6	work-r3v-cs-ioctl-trace-py-original-line-364-4af5e24282f2
540	PRRT_kwDOR3YK5M6b4wiQ	path-r3v-cs-ioctl-trace-py-e7cfa07aa91b	source-r3v-cs-ioctl-trace-py-original-line-149-d773199db045	claim-r3v-cs-ioctl-trace-py-attribute-cs-requests-to-the-00cee2288a6d	work-r3v-cs-ioctl-trace-py-original-line-149-d773199db045
541	PRRT_kwDOR3YK5M6b4wpg	path-r3v-conformance-partition-py-c7ff54a736a4	source-r3v-conformance-partition-py-def-verify-manifest-path-f96dbd258557	claim-r3v-conformance-partition-py-reconcile-shard-contents-with-the-full-d37fbf958ae5	work-r3v-conformance-partition-py-def-verify-manifest-path-f96dbd258557
542	PRRT_kwDOR3YK5M6b4wph	path-readme-md-ea0e6e57f1f6	source-readme-md-default-context-requires-a-graphics-compute-queue-and-9d9747f10970	claim-readme-md-enforce-the-documented-queue-claim-report-116b377ff3b6	work-readme-md-default-context-requires-a-graphics-compute-queue-and-9d9747f10970
543	PRRT_kwDOR3YK5M6b40le	path-r3v-wsi-denominator-md-5727197ff257	source-r3v-wsi-denominator-md-original-line-19-50f883532fc8	claim-r3v-wsi-denominator-md-make-the-wsi-backend-inventory-configuration-b4edbc532065	work-r3v-wsi-denominator-md-original-line-19-50f883532fc8
544	PRRT_kwDOR3YK5M6b40lk	path-r3v-wsi-denominator-md-5727197ff257	source-r3v-wsi-denominator-md-original-line-138-b19a8511c65c	claim-r3v-wsi-denominator-md-distinguish-unsupported-results-from-unexecuted-w-fbff2276f80d	work-r3v-wsi-denominator-md-original-line-138-b19a8511c65c
545	PRRT_kwDOR3YK5M6b40ln	path-r3v-physical-device-c-0d800b1649e2	source-r3v-physical-device-c-r3v-wsi-proc-addr-vkphysicaldevice-physicaldevice-1a4fbf89acfd	claim-r3v-physical-device-c-account-for-the-common-wsi-software-ecc0c056bba0	work-r3v-physical-device-c-r3v-wsi-proc-addr-vkphysicaldevice-physicaldevice-1a4fbf89acfd
546	PRRT_kwDOR3YK5M6b40lp	path-r3v-physical-device-c-0d800b1649e2	source-r3v-physical-device-c-r3v-wsi-proc-addr-vkphysicaldevice-physicaldevice-1a4fbf89acfd	claim-r3v-physical-device-c-limit-the-wants-linear-claim-to-6b85f84497b3	work-r3v-physical-device-c-r3v-wsi-proc-addr-vkphysicaldevice-physicaldevice-1a4fbf89acfd
547	PRRT_kwDOR3YK5M6b40lr	path-r3v-wsi-denominator-md-5727197ff257	source-r3v-wsi-denominator-md-original-line-57-24d592afa114	claim-r3v-wsi-denominator-md-include-the-missing-wsi-device-dispatch-9a632821f315	work-r3v-wsi-denominator-md-original-line-57-24d592afa114
548	PRRT_kwDOR3YK5M6b40lt	path-r3v-wsi-denominator-md-5727197ff257	source-r3v-wsi-denominator-md-original-line-195-468c903955ec	claim-r3v-wsi-denominator-md-use-a-real-meson-platform-option-b01b0f51529f	work-r3v-wsi-denominator-md-original-line-195-468c903955ec
549	PRRT_kwDOR3YK5M6b40lv	path-r3v-wsi-denominator-md-5727197ff257	source-r3v-wsi-denominator-md-original-line-172-f4bde9741e21	claim-r3v-wsi-denominator-md-make-the-comment-parity-check-inspect-14a17e7f725f	work-r3v-wsi-denominator-md-original-line-172-f4bde9741e21
550	PRRT_kwDOR3YK5M6b40lw	path-r3v-wsi-denominator-md-5727197ff257	source-r3v-wsi-denominator-md-original-line-184-fedd90c38949	claim-r3v-wsi-denominator-md-model-the-actual-common-wsi-image-405ab8bf918f	work-r3v-wsi-denominator-md-original-line-184-fedd90c38949
551	PRRT_kwDOR3YK5M6b40ly	path-r3v-physical-device-c-0d800b1649e2	source-r3v-physical-device-c-r3v-wsi-proc-addr-vkphysicaldevice-physicaldevice-1a4fbf89acfd	claim-r3v-physical-device-c-document-the-non-shm-software-presentation-c8c072d1977f	work-r3v-physical-device-c-r3v-wsi-proc-addr-vkphysicaldevice-physicaldevice-1a4fbf89acfd
552	PRRT_kwDOR3YK5M6b41T8	path-r3v-conformance-runner-py-8edd259f1d68	source-r3v-conformance-runner-py-def-execute-args-9396c0cd229d	claim-r3v-conformance-runner-py-require-the-queue-report-digest-for-953ee04e5f4a	work-r3v-conformance-runner-py-def-execute-args-9396c0cd229d
553	PRRT_kwDOR3YK5M6b41UE	path-r3v-conformance-runner-py-8edd259f1d68	source-r3v-conformance-runner-py-def-execute-args-9396c0cd229d	claim-r3v-conformance-runner-py-bump-the-receipt-schema-for-mandatory-eb5d8e9e7458	work-r3v-conformance-runner-py-def-execute-args-9396c0cd229d
554	PRRT_kwDOR3YK5M6b49hM	path-r3v-host-model-fail-decomposition-md-adf475473343	source-r3v-host-model-fail-decomposition-md-original-line-136-b5478e38a1d5	claim-r3v-host-model-fail-decomposition-md-include-format-query-support-7ddb6ebc6fe2	work-r3v-host-model-fail-decomposition-md-original-line-136-b5478e38a1d5
555	PRRT_kwDOR3YK5M6b49hP	path-r3v-host-model-fail-decomposition-md-adf475473343	source-r3v-host-model-fail-decomposition-md-original-line-6-7e8c1ae5769c	claim-r3v-host-model-fail-decomposition-md-use-repository-relative-conformance-e9c2ab6daa1b	work-r3v-host-model-fail-decomposition-md-original-line-6-7e8c1ae5769c
556	PRRT_kwDOR3YK5M6b49hR	path-r3v-host-model-fail-decomposition-md-adf475473343	source-r3v-host-model-fail-decomposition-md-original-line-68-57e4a7d2d814	claim-r3v-host-model-fail-decomposition-md-reconcile-the-reported-classes-33cbcf90a354	work-r3v-host-model-fail-decomposition-md-original-line-68-57e4a7d2d814
557	PRRT_kwDOR3YK5M6b4-FQ	path-r3v-native-plan-replay-c-3d8b72785ba9	source-r3v-native-plan-replay-c-original-line-173-03437ad4361f	claim-r3v-native-plan-replay-c-scan-for-contaminating-gates-after-3fcce968dcce	work-r3v-native-plan-replay-c-original-line-173-03437ad4361f
558	PRRT_kwDOR3YK5M6b4-FT	path-r3v-native-plan-replay-c-3d8b72785ba9	source-r3v-native-plan-replay-c-original-line-219-49acd3381f01	claim-r3v-native-plan-replay-c-claim-the-evidence-directory-atomically-ca5697831928	work-r3v-native-plan-replay-c-original-line-219-49acd3381f01
559	PRRT_kwDOR3YK5M6b4-FX	path-r3v-native-queue-c-e0cf9a2c7d04	source-r3v-native-queue-c-r3v-native-queue-submit-struct-vk-606161d6cc8c	claim-r3v-native-queue-c-mark-every-post-admission-failure-terminal-c4d7148c1502	work-r3v-native-queue-c-r3v-native-queue-submit-struct-vk-606161d6cc8c
560	PRRT_kwDOR3YK5M6b4-FY	path-r3v-native-plan-replay-c-3d8b72785ba9	source-r3v-native-plan-replay-c-original-line-274-587e41f6d3b6	claim-r3v-native-plan-replay-c-include-the-complete-submission-entry-7eb7b7af507f	work-r3v-native-plan-replay-c-original-line-274-587e41f6d3b6
561	PRRT_kwDOR3YK5M6b4-Fc	path-r3v-native-plan-replay-c-3d8b72785ba9	source-r3v-native-plan-replay-c-original-line-107-8b2d831b5391	claim-r3v-native-plan-replay-c-accept-every-plan-permitted-by-e3cc1ba1788e	work-r3v-native-plan-replay-c-original-line-107-8b2d831b5391
562	PRRT_kwDOR3YK5M6b4-Fg	path-r3v-native-plan-replay-c-3d8b72785ba9	source-r3v-native-plan-replay-c-original-line-368-a68022de1ed1	claim-r3v-native-plan-replay-c-preserve-the-terminal-failure-detail-c16eaec1e2fd	work-r3v-native-plan-replay-c-original-line-368-a68022de1ed1
563	PRRT_kwDOR3YK5M6b4-Fh	path-r3v-native-plan-replay-c-3d8b72785ba9	source-r3v-native-plan-replay-c-original-line-261-24e27a0deed0	claim-r3v-native-plan-replay-c-sync-directories-after-publishing-replay-da71328da526	work-r3v-native-plan-replay-c-original-line-261-24e27a0deed0
564	PRRT_kwDOR3YK5M6b4-8-	path-r3v-physical-device-c-0d800b1649e2	source-r3v-physical-device-c-r3v-wsi-proc-addr-vkphysicaldevice-physicaldevice-1a4fbf89acfd	claim-r3v-physical-device-c-account-for-host-memory-import-on-a624954f28d2	work-r3v-physical-device-c-r3v-wsi-proc-addr-vkphysicaldevice-physicaldevice-1a4fbf89acfd
565	PRRT_kwDOR3YK5M6b4-89	path-r3v-wsi-denominator-md-5727197ff257	source-r3v-wsi-denominator-md-original-line-203-895cbb0cd6d1	claim-r3v-wsi-denominator-md-exclude-the-unconditionally-registered-wrapper-te-9a835568a8c1	work-r3v-wsi-denominator-md-original-line-203-895cbb0cd6d1
566	PRRT_kwDOR3YK5M6b5AJe	path-r3v-cs-ioctl-trace-py-e7cfa07aa91b	source-r3v-cs-ioctl-trace-py-original-line-234-4bae53841330	claim-r3v-cs-ioctl-trace-py-inspect-the-tracee-s-effective-f08094d17b86	work-r3v-cs-ioctl-trace-py-original-line-234-4bae53841330
567	PRRT_kwDOR3YK5M6b5AJf	path-r3v-cs-ioctl-trace-py-e7cfa07aa91b	source-r3v-cs-ioctl-trace-py-original-line-251-a004c60852f0	claim-r3v-cs-ioctl-trace-py-reject-colliding-trace-and-summary-1ff04303e821	work-r3v-cs-ioctl-trace-py-original-line-251-a004c60852f0
568	PRRT_kwDOR3YK5M6b5AeL	path-r3v-native-object-lifetime-test-c-22c665f87493	source-r3v-native-object-lifetime-test-c-check-buffer-view-refusal-d0443dcccacc	claim-r3v-native-object-lifetime-test-c-remove-the-review-finding-247077120d9b	work-r3v-native-object-lifetime-test-c-check-buffer-view-refusal-d0443dcccacc
569	PRRT_kwDOR3YK5M6b5AeN	path-r3v-native-object-lifetime-test-c-22c665f87493	source-r3v-native-object-lifetime-test-c-check-buffer-view-refusal-d0443dcccacc	claim-r3v-native-object-lifetime-test-c-bind-the-negative-case-6625060888f8	work-r3v-native-object-lifetime-test-c-check-buffer-view-refusal-d0443dcccacc
570	PRRT_kwDOR3YK5M6b5AeQ	path-r3v-advertised-surface-deqp-binding-py-5ed1b4bede90	source-r3v-advertised-surface-deqp-binding-py-class-bindingfailure-exception-2d95445df36c	claim-r3v-advertised-surface-deqp-binding-py-include-the-format-property-232d880abb11	work-r3v-advertised-surface-deqp-binding-py-class-bindingfailure-exception-2d95445df36c
571	PRRT_kwDOR3YK5M6b5DPM	path-r3v-native-plan-replay-c-3d8b72785ba9	source-r3v-native-plan-replay-c-original-line-173-03437ad4361f	claim-r3v-native-plan-replay-c-validate-the-gates-cached-on-e5fc926be15e	work-r3v-native-plan-replay-c-original-line-173-03437ad4361f
572	PRRT_kwDOR3YK5M6b5DPR	path-r3v-native-plan-replay-c-3d8b72785ba9	source-r3v-native-plan-replay-c-original-line-312-f82b45a60da4	claim-r3v-native-plan-replay-c-bind-host-side-operations-into-88264268d71f	work-r3v-native-plan-replay-c-original-line-312-f82b45a60da4
573	PRRT_kwDOR3YK5M6b5DPT	path-r3v-native-plan-replay-c-3d8b72785ba9	source-r3v-native-plan-replay-c-original-line-337-b827ec677364	claim-r3v-native-plan-replay-c-persist-the-consumed-index-after-d4de1e3eeebc	work-r3v-native-plan-replay-c-original-line-337-b827ec677364
574	PRRT_kwDOR3YK5M6b5DPW	path-r3v-native-device-c-dfd6f41a2ff9	source-r3v-native-device-c-r3v-createdevice-vkphysicaldevice-physicaldevice-61cd5ee7eac7	claim-r3v-native-device-c-check-replay-before-consuming-the-capture-e9903c4ba415	work-r3v-native-device-c-r3v-createdevice-vkphysicaldevice-physicaldevice-61cd5ee7eac7
575	PRRT_kwDOR3YK5M6b5JqG	path-r3v-native-plan-replay-c-3d8b72785ba9	source-r3v-native-plan-replay-c-original-line-445-daef06a017b1	claim-r3v-native-plan-replay-c-fail-closed-when-the-final-1b92ffd2c327	work-r3v-native-plan-replay-c-original-line-445-daef06a017b1
576	PRRT_kwDOR3YK5M6b5JqL	path-r3v-native-plan-replay-c-3d8b72785ba9	source-r3v-native-plan-replay-c-original-line-439-c1cf6d11df95	claim-r3v-native-plan-replay-c-enforce-the-runtime-ceiling-when-223cc94286c5	work-r3v-native-plan-replay-c-original-line-439-c1cf6d11df95
577	PRRT_kwDOR3YK5M6b5JqO	path-r3v-native-device-c-dfd6f41a2ff9	source-r3v-native-device-c-r3v-createdevice-vkphysicaldevice-physicaldevice-61cd5ee7eac7	claim-r3v-native-device-c-return-vulkan-oom-for-replay-allocation-2feb2ba9a7d3	work-r3v-native-device-c-r3v-createdevice-vkphysicaldevice-physicaldevice-61cd5ee7eac7
578	PRRT_kwDOR3YK5M6b5QBD	path-r3v-native-transfer-ops-test-c-d9c28ec87446	source-r3v-native-transfer-ops-test-c-check-texel-formats-const-8da4f5f6f360	claim-r3v-native-transfer-ops-test-c-skip-the-abort-oracle-822c527dd174	work-r3v-native-transfer-ops-test-c-check-texel-formats-const-8da4f5f6f360
579	PRRT_kwDOR3YK5M6b5amq	path-r3v-rename-ratchet-py-81d6aa0cb291	source-r3v-rename-ratchet-py-original-line-66-e836827155a4	claim-r3v-rename-ratchet-py-initialize-the-self-test-fixture-as-05b4f977213f	work-r3v-rename-ratchet-py-original-line-66-e836827155a4
580	PRRT_kwDOR3YK5M6b5dEI	path-r3v-host-model-fail-decomposition-md-adf475473343	source-r3v-host-model-fail-decomposition-md-pr-sized-rung-and-f176e3226d5a	claim-r3v-host-model-fail-decomposition-md-remove-the-workspace-local-417f3e4072c5	work-r3v-host-model-fail-decomposition-md-pr-sized-rung-and-f176e3226d5a
581	PRRT_kwDOR3YK5M6b5dEM	path-r3v-host-model-fail-decomposition-md-adf475473343	source-r3v-host-model-fail-decomposition-md-population-plausibly-does-9c7c6af223b6	claim-r3v-host-model-fail-decomposition-md-update-the-refusal-row-65f8d5bec43d	work-r3v-host-model-fail-decomposition-md-population-plausibly-does-9c7c6af223b6
582	PRRT_kwDOR3YK5M6b5dEO	path-r3v-native-transfer-ops-test-c-d9c28ec87446	source-r3v-native-transfer-ops-test-c-check-texel-formats-const-8da4f5f6f360	claim-r3v-native-transfer-ops-test-c-transition-the-image-before-59b65da10087	work-r3v-native-transfer-ops-test-c-check-texel-formats-const-8da4f5f6f360
583	PRRT_kwDOR3YK5M6b5dEP	path-r3v-host-model-fail-decomposition-md-adf475473343	source-r3v-host-model-fail-decomposition-md-pr-sized-rung-and-f176e3226d5a	claim-r3v-host-model-fail-decomposition-md-remove-the-private-pr-3ceec3007e59	work-r3v-host-model-fail-decomposition-md-pr-sized-rung-and-f176e3226d5a
584	PRRT_kwDOR3YK5M6b5dEU	path-r3v-native-image-c-4faaae6d0fa8	source-r3v-native-image-c-r3v-createimage-vkdevice-device-const-vkimagecreatein-9e4f03d70557	claim-r3v-native-image-c-add-the-required-discovery-method-to-e60780463118	work-r3v-native-image-c-r3v-createimage-vkdevice-device-const-vkimagecreatein-9e4f03d70557
585	PRRT_kwDOR3YK5M6b6xcP	path-r3v-conformance-runner-py-8edd259f1d68	source-r3v-conformance-runner-py-def-execute-args-9396c0cd229d	claim-r3v-conformance-runner-py-derive-the-caselist-digest-and-cases-190d8838fffd	work-r3v-conformance-runner-py-def-execute-args-9396c0cd229d
586	PRRT_kwDOR3YK5M6b6xcT	path-r3v-conformance-runner-py-8edd259f1d68	source-r3v-conformance-runner-py-def-run-mode-expect-dmesg-after-a8998dfa7053	claim-r3v-conformance-runner-py-keep-the-byte-digest-rationale-in-7c38d053a579	work-r3v-conformance-runner-py-def-run-mode-expect-dmesg-after-a8998dfa7053
587	PRRT_kwDOR3YK5M6b7H--	path-readme-md-ea0e6e57f1f6	source-readme-md-passes-timeout-the-receipt-keeps-the-exit-code-df650aaceb7c	claim-readme-md-bind-the-timeout-recipe-to-its-measurement-evidence-57757dbc2f04	work-readme-md-passes-timeout-the-receipt-keeps-the-exit-code-df650aaceb7c
588	PRRT_kwDOR3YK5M6b7H-5	path-readme-md-ea0e6e57f1f6	source-readme-md-passes-timeout-the-receipt-keeps-the-exit-code-df650aaceb7c	claim-readme-md-require-the-classified-nonpass-exit-specifically-a51228c196cd	work-readme-md-passes-timeout-the-receipt-keeps-the-exit-code-df650aaceb7c
589	PRRT_kwDOR3YK5M6b7Ma-	path-r3v-host-model-fail-decomposition-md-adf475473343	source-r3v-host-model-fail-decomposition-md-before-deqp-vk-memory-2207c737ccd3	claim-r3v-host-model-fail-decomposition-md-split-framebuffer-failures-from-0076c8e8cd25	work-r3v-host-model-fail-decomposition-md-before-deqp-vk-memory-2207c737ccd3
590	PRRT_kwDOR3YK5M6b7Ma6	path-r3v-conformance-nonpass-ledger-tsv-884d40ae52c4	source-r3v-conformance-nonpass-ledger-tsv-compatibility-warning-compatibilitywa-11f73e62f22b	claim-r3v-conformance-nonpass-ledger-tsv-restrict-classifications-to-the-obser-c6936d3ee249	work-r3v-conformance-nonpass-ledger-tsv-compatibility-warning-compatibilitywa-11f73e62f22b
591	PRRT_kwDOR3YK5M6b7Ma9	path-r3v-host-model-fail-decomposition-md-adf475473343	source-r3v-host-model-fail-decomposition-md-before-deqp-vk-memory-2207c737ccd3	claim-r3v-host-model-fail-decomposition-md-remove-the-host-specific-b36e73ee5885	work-r3v-host-model-fail-decomposition-md-before-deqp-vk-memory-2207c737ccd3
592	PRRT_kwDOR3YK5M6b7Ma_	path-r3v-host-model-fail-decomposition-md-adf475473343	source-r3v-host-model-fail-decomposition-md-before-deqp-vk-memory-2207c737ccd3	claim-r3v-host-model-fail-decomposition-md-base-the-pipeline-barrier-91ef2903670f	work-r3v-host-model-fail-decomposition-md-before-deqp-vk-memory-2207c737ccd3
593	PRRT_kwDOR3YK5M6b7MbC	path-r3v-host-model-fail-decomposition-md-adf475473343	source-r3v-host-model-fail-decomposition-md-before-deqp-vk-memory-2207c737ccd3	claim-r3v-host-model-fail-decomposition-md-remove-the-concurrent-pr-c575aac0311d	work-r3v-host-model-fail-decomposition-md-before-deqp-vk-memory-2207c737ccd3
594	PRRT_kwDOR3YK5M6b8BBs	path-rs482-gpu-compute-substrate-atlas-md-1d0f6a2f0e63	source-rs482-gpu-compute-substrate-atlas-md-original-line-619-c998804756c8	claim-rs482-gpu-compute-substrate-atlas-md-describe-the-executing-identity-637fceaf601e	work-rs482-gpu-compute-substrate-atlas-md-original-line-619-c998804756c8
595	PRRT_kwDOR3YK5M6b8BBv	path-rs482-gpu-compute-substrate-atlas-md-1d0f6a2f0e63	source-rs482-gpu-compute-substrate-atlas-md-original-line-711-8d2c603623ed	claim-rs482-gpu-compute-substrate-atlas-md-count-all-fourteen-absent-8597263364a3	work-rs482-gpu-compute-substrate-atlas-md-original-line-711-8d2c603623ed
596	PRRT_kwDOR3YK5M6b8BBz	path-r300-compute-verb-c-60e3801ba8dc	source-r300-compute-verb-c-original-line-8-3ba8d99dcd64	claim-r300-compute-verb-c-add-the-required-symbol-discovery-method-b5eaa1b55415	work-r300-compute-verb-c-original-line-8-3ba8d99dcd64
597	PRRT_kwDOR3YK5M6b8BB1	path-rs482-gpu-compute-substrate-atlas-md-1d0f6a2f0e63	source-rs482-gpu-compute-substrate-atlas-md-original-line-517-e8c56b550af3	claim-rs482-gpu-compute-substrate-atlas-md-reconcile-the-authoritative-bitwise-a6045c4b5ade	work-rs482-gpu-compute-substrate-atlas-md-original-line-517-e8c56b550af3
598	PRRT_kwDOR3YK5M6b8BB5	path-rs482-gpu-compute-substrate-atlas-md-1d0f6a2f0e63	source-rs482-gpu-compute-substrate-atlas-md-original-line-247-d7bee3fa451e	claim-rs482-gpu-compute-substrate-atlas-md-identify-the-fifth-validated-edf34dec2786	work-rs482-gpu-compute-substrate-atlas-md-original-line-247-d7bee3fa451e
599	PRRT_kwDOR3YK5M6b8BB6	path-rs482-gpu-compute-substrate-atlas-md-1d0f6a2f0e63	source-rs482-gpu-compute-substrate-atlas-md-original-line-736-33d2d9e2f1c0	claim-rs482-gpu-compute-substrate-atlas-md-apply-the-identity-carrier-1d66988c4d57	work-rs482-gpu-compute-substrate-atlas-md-original-line-736-33d2d9e2f1c0
600	PRRT_kwDOR3YK5M6b8BCA	path-rs482-gpu-compute-substrate-atlas-md-1d0f6a2f0e63	source-rs482-gpu-compute-substrate-atlas-md-original-line-701-2a4f32eebe97	claim-rs482-gpu-compute-substrate-atlas-md-restrict-the-fp16-round-4482803f386c	work-rs482-gpu-compute-substrate-atlas-md-original-line-701-2a4f32eebe97
601	PRRT_kwDOR3YK5M6b8JK0	path-rs482-gpu-compute-substrate-atlas-md-1d0f6a2f0e63	source-rs482-gpu-compute-substrate-atlas-md-original-line-496-e2251cc15561	claim-rs482-gpu-compute-substrate-atlas-md-include-bit-14-in-395ade63cc54	work-rs482-gpu-compute-substrate-atlas-md-original-line-496-e2251cc15561
602	PRRT_kwDOR3YK5M6b8JK1	path-rs482-gpu-compute-substrate-atlas-md-1d0f6a2f0e63	source-rs482-gpu-compute-substrate-atlas-md-original-line-618-7ec56d7c989e	claim-rs482-gpu-compute-substrate-atlas-md-remove-the-resolved-depth-041b60440e11	work-rs482-gpu-compute-substrate-atlas-md-original-line-618-7ec56d7c989e
603	PRRT_kwDOR3YK5M6b8JKd	path-rs482-gpu-compute-substrate-atlas-md-1d0f6a2f0e63	source-rs482-gpu-compute-substrate-atlas-md-original-line-308-dbee20dcaea1	claim-rs482-gpu-compute-substrate-atlas-md-qualify-sampler-delivery-by-3c015ef07078	work-rs482-gpu-compute-substrate-atlas-md-original-line-308-dbee20dcaea1
604	PRRT_kwDOR3YK5M6b8JKg	path-rs482-gpu-compute-substrate-atlas-md-1d0f6a2f0e63	source-rs482-gpu-compute-substrate-atlas-md-original-line-627-75d1854ef9fc	claim-rs482-gpu-compute-substrate-atlas-md-include-render-to-texture-a58f9c8ec21d	work-rs482-gpu-compute-substrate-atlas-md-original-line-627-75d1854ef9fc
605	PRRT_kwDOR3YK5M6b8JKi	path-rs482-gpu-compute-substrate-atlas-md-1d0f6a2f0e63	source-rs482-gpu-compute-substrate-atlas-md-original-line-818-4272033268ec	claim-rs482-gpu-compute-substrate-atlas-md-reconcile-the-completed-mrt-7a3258a53263	work-rs482-gpu-compute-substrate-atlas-md-original-line-818-4272033268ec
606	PRRT_kwDOR3YK5M6b8JKk	path-rs482-gpu-compute-substrate-atlas-md-1d0f6a2f0e63	source-rs482-gpu-compute-substrate-atlas-md-original-line-92-14f428ed3e5a	claim-rs482-gpu-compute-substrate-atlas-md-scope-the-do-not-d90a7747ed94	work-rs482-gpu-compute-substrate-atlas-md-original-line-92-14f428ed3e5a
607	PRRT_kwDOR3YK5M6b8JKl	path-rs482-gpu-compute-substrate-atlas-md-1d0f6a2f0e63	source-rs482-gpu-compute-substrate-atlas-md-original-line-113-eed1c540ee22	claim-rs482-gpu-compute-substrate-atlas-md-treat-cs-track-bounds-553d74a11dec	work-rs482-gpu-compute-substrate-atlas-md-original-line-113-eed1c540ee22
608	PRRT_kwDOR3YK5M6b8JKp	path-rs482-gpu-compute-substrate-atlas-md-1d0f6a2f0e63	source-rs482-gpu-compute-substrate-atlas-md-original-line-269-c4e6a6daf118	claim-rs482-gpu-compute-substrate-atlas-md-prove-non-power-of-ff492a537f51	work-rs482-gpu-compute-substrate-atlas-md-original-line-269-c4e6a6daf118
609	PRRT_kwDOR3YK5M6b8JKt	path-rs482-gpu-compute-substrate-atlas-md-1d0f6a2f0e63	source-rs482-gpu-compute-substrate-atlas-md-original-line-552-fcd27aa8590b	claim-rs482-gpu-compute-substrate-atlas-md-include-the-16-bit-4ccbe554d1f5	work-rs482-gpu-compute-substrate-atlas-md-original-line-552-fcd27aa8590b
610	PRRT_kwDOR3YK5M6b8JKw	path-rs482-gpu-compute-substrate-atlas-md-1d0f6a2f0e63	source-rs482-gpu-compute-substrate-atlas-md-original-line-445-b1e4555148b3	claim-rs482-gpu-compute-substrate-atlas-md-use-the-rs480-r400-2b38b1cc1b6b	work-rs482-gpu-compute-substrate-atlas-md-original-line-445-b1e4555148b3
611	PRRT_kwDOR3YK5M6b8Mgh	path-r3v-conformance-runner-py-8edd259f1d68	source-r3v-conformance-runner-py-def-read-caselist-path-52440271595e	claim-r3v-conformance-runner-py-propagate-per-case-shutdown-deadlines-to-9919b5ab6a21	work-r3v-conformance-runner-py-def-read-caselist-path-52440271595e
612	PRRT_kwDOR3YK5M6b8Mgk	path-r3v-conformance-runner-py-8edd259f1d68	source-r3v-conformance-runner-py-def-read-caselist-path-52440271595e	claim-r3v-conformance-runner-py-require-every-per-case-qpa-session-e80241c4347a	work-r3v-conformance-runner-py-def-read-caselist-path-52440271595e
613	PRRT_kwDOR3YK5M6b8Mgm	path-r3v-native-plan-compose-shard-py-d3178c750ff1	source-r3v-native-plan-compose-shard-py-original-line-66-37f563bfa65c	claim-r3v-native-plan-compose-shard-py-bind-transcript-filenames-to-639adb91d174	work-r3v-native-plan-compose-shard-py-original-line-66-37f563bfa65c
614	PRRT_kwDOR3YK5M6b8Mgn	path-r3v-conformance-runner-py-8edd259f1d68	source-r3v-conformance-runner-py-def-read-caselist-path-52440271595e	claim-r3v-conformance-runner-py-reject-nonce-reuse-across-replay-cases-44d9bbb1dca3	work-r3v-conformance-runner-py-def-read-caselist-path-52440271595e
615	PRRT_kwDOR3YK5M6b8cX2	path-r3v-native-plan-compose-shard-py-d3178c750ff1	source-r3v-native-plan-compose-shard-py-original-line-160-77fe4067abcc	claim-r3v-native-plan-compose-shard-py-reject-an-empty-evidence-d2a6156cdf73	work-r3v-native-plan-compose-shard-py-original-line-160-77fe4067abcc
616	PRRT_kwDOR3YK5M6b8cX4	path-r3v-conformance-runner-py-8edd259f1d68	source-r3v-conformance-runner-py-def-read-caselist-path-52440271595e	claim-r3v-conformance-runner-py-bound-per-case-directory-components-before-70c4cbfd79d1	work-r3v-conformance-runner-py-def-read-caselist-path-52440271595e
617	PRRT_kwDOR3YK5M6b8cXr	path-r3v-conformance-runner-py-8edd259f1d68	source-r3v-conformance-runner-py-def-read-caselist-path-52440271595e	claim-r3v-conformance-runner-py-preserve-nonzero-child-exits-in-the-d5c4c7750d3f	work-r3v-conformance-runner-py-def-read-caselist-path-52440271595e
618	PRRT_kwDOR3YK5M6b8cXw	path-r3v-conformance-runner-py-8edd259f1d68	source-r3v-conformance-runner-py-def-execute-args-9396c0cd229d	claim-r3v-conformance-runner-py-require-an-active-per-case-capture-c0b4dacdd2bf	work-r3v-conformance-runner-py-def-execute-args-9396c0cd229d
619	PRRT_kwDOR3YK5M6b8cXz	path-r3v-conformance-runner-py-8edd259f1d68	source-r3v-conformance-runner-py-def-execute-args-9396c0cd229d	claim-r3v-conformance-runner-py-stop-the-shard-when-kernel-log-b6d99343c484	work-r3v-conformance-runner-py-def-execute-args-9396c0cd229d
620	PRRT_kwDOR3YK5M6b9gLj	path-r3v-native-plan-compose-shard-py-d3178c750ff1	source-r3v-native-plan-compose-shard-py-def-sha256-file-path-9331d57f9284	claim-r3v-native-plan-compose-shard-py-refuse-incomplete-transcript-staging-264889185ee5	work-r3v-native-plan-compose-shard-py-def-sha256-file-path-9331d57f9284
621	PRRT_kwDOR3YK5M6b9gLm	path-r3v-native-plan-compose-shard-py-d3178c750ff1	source-r3v-native-plan-compose-shard-py-def-entry-count-tool-c557cafbe139	claim-r3v-native-plan-compose-shard-py-remove-stale-plans-when-68fc5be8106b	work-r3v-native-plan-compose-shard-py-def-entry-count-tool-c557cafbe139
622	PRRT_kwDOR3YK5M6b9gLt	path-r3v-native-plan-capture-c-7a47ff198a0e	source-r3v-native-plan-capture-c-r3v-native-plan-capture-init-846f23753340	claim-r3v-native-plan-capture-c-record-ordinal-transcript-members-in-2cd44c47a75b	work-r3v-native-plan-capture-c-r3v-native-plan-capture-init-846f23753340
623	PRRT_kwDOR3YK5M6b9gLw	path-r3v-native-plan-compose-shard-py-d3178c750ff1	source-r3v-native-plan-compose-shard-py-def-sha256-file-path-9331d57f9284	claim-r3v-native-plan-compose-shard-py-reject-ordinals-outside-the-9dd0af47d0ed	work-r3v-native-plan-compose-shard-py-def-sha256-file-path-9331d57f9284
624	PRRT_kwDOR3YK5M6b9gLy	path-r3v-native-plan-capture-harness-c-b10164420c47	source-r3v-native-plan-capture-harness-c-main-int-argc-char-48d17a9f3e1f	claim-r3v-native-plan-capture-harness-c-describe-the-command-buffer-f05c519b6956	work-r3v-native-plan-capture-harness-c-main-int-argc-char-48d17a9f3e1f
625	PRRT_kwDOR3YK5M6b_C-B	path-readme-md-ea0e6e57f1f6	source-readme-md-records-shader-admission-r300-command-stream-construction-drm-8227acc0ac61	claim-readme-md-attribute-queue-claim-refusal-to-the-report-runner-d4482c441e59	work-readme-md-records-shader-admission-r300-command-stream-construction-drm-8227acc0ac61
626	PRRT_kwDOR3YK5M6b_C-H	path-r3v-current-program-status-md-086580537fc8	source-r3v-current-program-status-md-original-line-108-a474b61b681a	claim-r3v-current-program-status-md-preserve-verified-result-host-model-866da30dc6b1	work-r3v-current-program-status-md-original-line-108-a474b61b681a
627	PRRT_kwDOR3YK5M6b_C-N	path-r3v-current-program-status-md-086580537fc8	source-r3v-current-program-status-md-original-line-16-84f2eee6f540	claim-r3v-current-program-status-md-identify-the-actual-mesa-revision-d2165e1c40e7	work-r3v-current-program-status-md-original-line-16-84f2eee6f540
628	PRRT_kwDOR3YK5M6b_C96	path-readme-md-ea0e6e57f1f6	source-readme-md-records-shader-admission-r300-command-stream-construction-drm-8227acc0ac61	claim-readme-md-remove-duplicated-queue-claim-mode-definitions-0638326ffe36	work-readme-md-records-shader-admission-r300-command-stream-construction-drm-8227acc0ac61
629	PRRT_kwDOR3YK5M6b_6o-	path-r3v-host-model-fail-decomposition-md-adf475473343	source-r3v-host-model-fail-decomposition-md-above-and-a-concurrent-5791d88e78d1	claim-r3v-host-model-fail-decomposition-md-treat-the-r8-draw-29690c867530	work-r3v-host-model-fail-decomposition-md-above-and-a-concurrent-5791d88e78d1
630	PRRT_kwDOR3YK5M6b_6o0	path-r3v-host-model-fail-decomposition-md-adf475473343	source-r3v-host-model-fail-decomposition-md-above-and-a-concurrent-5791d88e78d1	claim-r3v-host-model-fail-decomposition-md-expand-the-decomposition-s-69e081974715	work-r3v-host-model-fail-decomposition-md-above-and-a-concurrent-5791d88e78d1
631	PRRT_kwDOR3YK5M6b_6on	path-readme-md-ea0e6e57f1f6	source-readme-md-an-ib-and-r3v-native-plan-capture-record-ca987136b886	claim-readme-md-replace-copied-run-totals-with-a-status-document-c5f194056c84	work-readme-md-an-ib-and-r3v-native-plan-capture-record-ca987136b886
632	PRRT_kwDOR3YK5M6b_6os	path-r3v-host-model-fail-decomposition-md-adf475473343	source-r3v-host-model-fail-decomposition-md-above-and-a-concurrent-5791d88e78d1	claim-r3v-host-model-fail-decomposition-md-attach-a-receipt-or-f32014fd3df0	work-r3v-host-model-fail-decomposition-md-above-and-a-concurrent-5791d88e78d1
633	PRRT_kwDOR3YK5M6b_6pG	path-r3v-host-model-fail-decomposition-md-adf475473343	source-r3v-host-model-fail-decomposition-md-above-and-a-concurrent-5791d88e78d1	claim-r3v-host-model-fail-decomposition-md-reclassify-the-mixed-usage-48dc4abd242d	work-r3v-host-model-fail-decomposition-md-above-and-a-concurrent-5791d88e78d1
634	PRRT_kwDOR3YK5M6cFWo2	path-r3v-conformance-runner-py-8edd259f1d68	source-r3v-conformance-runner-py-def-evidence-class-env-host-icd-80efb943b220	claim-r3v-conformance-runner-py-resolve-the-declared-tracer-before-changing-f99ddddb989f	work-r3v-conformance-runner-py-def-evidence-class-env-host-icd-80efb943b220
635	PRRT_kwDOR3YK5M6cFWo7	path-r3v-conformance-runner-py-8edd259f1d68	source-r3v-conformance-runner-py-def-hazard-probe-e018b4523c20	claim-r3v-conformance-runner-py-let-the-kernel-hazard-outrank-the-5453ae7ae154	work-r3v-conformance-runner-py-def-hazard-probe-e018b4523c20
636	PRRT_kwDOR3YK5M6cFWoh	path-r3v-conformance-runner-py-8edd259f1d68	source-r3v-conformance-runner-py-def-evidence-class-env-host-icd-80efb943b220	claim-r3v-conformance-runner-py-reject-transcripts-that-predate-the-planning-75e80a0f5e2d	work-r3v-conformance-runner-py-def-evidence-class-env-host-icd-80efb943b220
637	PRRT_kwDOR3YK5M6cFWou	path-r3v-conformance-runner-py-8edd259f1d68	source-r3v-conformance-runner-py-def-hazard-probe-e018b4523c20	claim-r3v-conformance-runner-py-require-every-shard-case-in-the-417e91229eb4	work-r3v-conformance-runner-py-def-hazard-probe-e018b4523c20
638	PRRT_kwDOR3YK5M6cFWpC	path-r3v-conformance-runner-py-8edd259f1d68	source-r3v-conformance-runner-py-original-line-155-92c9b29cafd6	claim-r3v-conformance-runner-py-record-the-discovery-method-for-the-16bb1d4dc710	work-r3v-conformance-runner-py-original-line-155-92c9b29cafd6
639	PRRT_kwDOR3YK5M6cFWpP	path-r3v-current-program-status-md-086580537fc8	source-r3v-current-program-status-md-the-first-eleven-by-hazard-d9273b4bf88d	claim-r3v-current-program-status-md-replace-the-workspace-specific-evidence-c68643108481	work-r3v-current-program-status-md-the-first-eleven-by-hazard-d9273b4bf88d
640	PRRT_kwDOR3YK5M6cFjZ6	path-r3v-conformance-partition-tsv-108f2056a37f	source-r3v-conformance-partition-tsv-order-slice-groups-hazard-required-evidenc-c3ade32f15e8	claim-r3v-conformance-partition-tsv-rename-the-newly-classified-submission-sli-ae96d6d4650e	work-r3v-conformance-partition-tsv-order-slice-groups-hazard-required-evidenc-c3ade32f15e8
641	PRRT_kwDOR3YK5M6cFjaC	path-r3v-conformance-partition-tsv-108f2056a37f	source-r3v-conformance-partition-tsv-order-slice-groups-hazard-required-evidenc-c3ade32f15e8	claim-r3v-conformance-partition-tsv-require-silicon-for-the-newly-unblocked-9dfb7e10aea2	work-r3v-conformance-partition-tsv-order-slice-groups-hazard-required-evidenc-c3ade32f15e8
642	PRRT_kwDOR3YK5M6cFxp-	path-r3v-wsi-registration-gate-audit-py-a50bfc5306d3	source-r3v-wsi-registration-gate-audit-py-original-line-103-5149fc4d28ae	claim-r3v-wsi-registration-gate-audit-py-validate-the-guard-s-832f7e871be7	work-r3v-wsi-registration-gate-audit-py-original-line-103-5149fc4d28ae
643	PRRT_kwDOR3YK5M6cFxqD	path-r3v-wsi-init-comment-parity-audit-py-f66fefe5b7f2	source-r3v-wsi-init-comment-parity-audit-py-original-line-79-98b239906a2b	claim-r3v-wsi-init-comment-parity-audit-py-check-r3v-wsi-c99e4ef13881	work-r3v-wsi-init-comment-parity-audit-py-original-line-79-98b239906a2b
644	PRRT_kwDOR3YK5M6cFxqM	path-meson-build-90733826a0f8	source-meson-build-if-with-tests-0d695476f279	claim-meson-build-do-not-report-full-absence-when-nm-is-41e266eba94c	work-meson-build-if-with-tests-0d695476f279
645	PRRT_kwDOR3YK5M6cFxqP	path-r3v-native-swapchain-absence-audit-py-6af51e2ecd2a	source-r3v-native-swapchain-absence-audit-py-original-line-32-300936af5b0e	claim-r3v-native-swapchain-absence-audit-py-audit-the-wsi-dispatch-eaeffd8c610f	work-r3v-native-swapchain-absence-audit-py-original-line-32-300936af5b0e
646	PRRT_kwDOR3YK5M6cFxqU	path-r3v-native-transfer-ops-test-c-d9c28ec87446	source-r3v-native-transfer-ops-test-c-check-optimal-tiling-const-e6548268d754	claim-r3v-native-transfer-ops-test-c-assert-the-documented-image-5650e1663146	work-r3v-native-transfer-ops-test-c-check-optimal-tiling-const-e6548268d754
647	PRRT_kwDOR3YK5M6cF4uB	path-r3v-conformance-runner-py-8edd259f1d68	source-r3v-conformance-runner-py-def-planning-tracer-declared-3ff18605778c	claim-r3v-conformance-runner-py-accept-only-markers-created-by-the-16eade3ea5f2	work-r3v-conformance-runner-py-def-planning-tracer-declared-3ff18605778c
648	PRRT_kwDOR3YK5M6cF4uH	path-r3v-conformance-runner-py-8edd259f1d68	source-r3v-conformance-runner-py-def-planning-tracer-declared-3ff18605778c	claim-r3v-conformance-runner-py-require-every-capture-device-to-report-e857cd83df3a	work-r3v-conformance-runner-py-def-planning-tracer-declared-3ff18605778c
649	PRRT_kwDOR3YK5M6cGMdg	path-r3v-wsi-registration-gate-audit-py-a50bfc5306d3	source-r3v-wsi-registration-gate-audit-py-original-line-91-25a86dd0e819	claim-r3v-wsi-registration-gate-audit-py-reject-registrations-placed-in-a9cde0e6e941	work-r3v-wsi-registration-gate-audit-py-original-line-91-25a86dd0e819
650	PRRT_kwDOR3YK5M6cGMdn	path-r3v-wsi-init-comment-parity-audit-py-f66fefe5b7f2	source-r3v-wsi-init-comment-parity-audit-py-original-line-117-4f503f728f3a	claim-r3v-wsi-init-comment-parity-audit-py-validate-the-comment-2b3e593c1f3b	work-r3v-wsi-init-comment-parity-audit-py-original-line-117-4f503f728f3a
651	PRRT_kwDOR3YK5M6cGMdw	path-r3v-wsi-registration-gate-audit-py-a50bfc5306d3	source-r3v-wsi-registration-gate-audit-py-original-line-110-7b5384ca653d	claim-r3v-wsi-registration-gate-audit-py-inspect-every-occurrence-of-46bf1bd0ef28	work-r3v-wsi-registration-gate-audit-py-original-line-110-7b5384ca653d
652	PRRT_kwDOR3YK5M6cGMeD	path-r3v-wsi-init-comment-parity-audit-py-f66fefe5b7f2	source-r3v-wsi-init-comment-parity-audit-py-original-line-111-9993064f4b80	claim-r3v-wsi-init-comment-parity-audit-py-fail-when-an-b6f3ee801643	work-r3v-wsi-init-comment-parity-audit-py-original-line-111-9993064f4b80
653	PRRT_kwDOR3YK5M6cGMeN	path-r3v-wsi-registration-gate-audit-py-a50bfc5306d3	source-r3v-wsi-registration-gate-audit-py-original-line-149-b786dd04e2af	claim-r3v-wsi-registration-gate-audit-py-reject-any-conditional-wrapper-728f049f5412	work-r3v-wsi-registration-gate-audit-py-original-line-149-b786dd04e2af
654	PRRT_kwDOR3YK5M6cGMeY	path-r3v-native-transfer-ops-test-c-d9c28ec87446	source-r3v-native-transfer-ops-test-c-check-optimal-tiling-const-e6548268d754	claim-r3v-native-transfer-ops-test-c-include-the-symbol-discovery-b8a81695f606	work-r3v-native-transfer-ops-test-c-check-optimal-tiling-const-e6548268d754
655	PRRT_kwDOR3YK5M6cGMel	path-r3v-wsi-denominator-md-5727197ff257	source-r3v-wsi-denominator-md-alone-would-not-open-slice-18-37139362050a	claim-r3v-wsi-denominator-md-classify-the-drm-shim-result-as-7e69f5f2ce54	work-r3v-wsi-denominator-md-alone-would-not-open-slice-18-37139362050a
656	PRRT_kwDOR3YK5M6cGRyz	path-r3v-current-program-status-md-086580537fc8	source-r3v-current-program-status-md-the-preceding-receipts-are-r3v-68f2e1c7131b	claim-r3v-current-program-status-md-update-the-pinned-evidence-repository-8427a9d0d560	work-r3v-current-program-status-md-the-preceding-receipts-are-r3v-68f2e1c7131b
657	PRRT_kwDOR3YK5M6cGRzE	path-r3v-current-program-status-md-086580537fc8	source-r3v-current-program-status-md-the-preceding-receipts-are-r3v-68f2e1c7131b	claim-r3v-current-program-status-md-advance-the-mesa-head-past-c6001bc2283a	work-r3v-current-program-status-md-the-preceding-receipts-are-r3v-68f2e1c7131b
658	PRRT_kwDOR3YK5M6cGRzN	path-r3v-current-program-status-md-086580537fc8	source-r3v-current-program-status-md-the-preceding-receipts-are-r3v-68f2e1c7131b	claim-r3v-current-program-status-md-correct-the-second-device-count-a8145fff51c8	work-r3v-current-program-status-md-the-preceding-receipts-are-r3v-68f2e1c7131b
659	PRRT_kwDOR3YK5M6cIUnI	path-r3v-kernel-deployment-reconcile-py-271df568554e	source-r3v-kernel-deployment-reconcile-py-original-line-123-8bc5de8920b6	claim-r3v-kernel-deployment-reconcile-py-refuse-deployed-checkpoints-missing-a-e0ed46302075	work-r3v-kernel-deployment-reconcile-py-original-line-123-8bc5de8920b6
660	PRRT_kwDOR3YK5M6cIUnQ	path-r3v-kernel-deployment-reconcile-py-271df568554e	source-r3v-kernel-deployment-reconcile-py-original-line-160-9313bacf33b1	claim-r3v-kernel-deployment-reconcile-py-separate-head-pin-failures-from-5dda6c2864d0	work-r3v-kernel-deployment-reconcile-py-original-line-160-9313bacf33b1
661	PRRT_kwDOR3YK5M6cIUnX	path-r3v-kernel-deployment-reconcile-py-271df568554e	source-r3v-kernel-deployment-reconcile-py-original-line-172-90a721b08006	claim-r3v-kernel-deployment-reconcile-py-record-the-actual-pin-source-0194387f4e0e	work-r3v-kernel-deployment-reconcile-py-original-line-172-90a721b08006
662	PRRT_kwDOR3YK5M6cIUnb	path-r3v-kernel-deployment-reconcile-py-271df568554e	source-r3v-kernel-deployment-reconcile-py-original-line-144-1b74a1753ba8	claim-r3v-kernel-deployment-reconcile-py-require-classification-of-kernel-path-53949a87f2f5	work-r3v-kernel-deployment-reconcile-py-original-line-144-1b74a1753ba8
663	PRRT_kwDOR3YK5M6cIUng	path-r3v-conformance-partition-py-c7ff54a736a4	source-r3v-conformance-partition-py-def-slice-for-caselist-manifest-caselist-fe13771f9f25	claim-r3v-conformance-partition-py-reject-subset-cases-owned-by-more-50c8318cbc45	work-r3v-conformance-partition-py-def-slice-for-caselist-manifest-caselist-fe13771f9f25
664	PRRT_kwDOR3YK5M6cIUnm	path-r3v-current-program-status-md-086580537fc8	source-r3v-current-program-status-md-commit-whose-state-a-revision-44bc7b5223a5	claim-r3v-current-program-status-md-reconcile-the-mesa-head-with-556be611f0f8	work-r3v-current-program-status-md-commit-whose-state-a-revision-44bc7b5223a5
665	PRRT_kwDOR3YK5M6cJt9j	path-r3v-current-program-status-md-086580537fc8	source-r3v-current-program-status-md-p1-host-model-rungs-that-66618ed7e3a7	claim-r3v-current-program-status-md-keep-architecture-facts-in-their-b93475b3dc8a	work-r3v-current-program-status-md-p1-host-model-rungs-that-66618ed7e3a7
666	PRRT_kwDOR3YK5M6cJt-F	path-r3v-current-program-status-md-086580537fc8	source-r3v-current-program-status-md-p1-host-model-rungs-that-66618ed7e3a7	claim-r3v-current-program-status-md-name-the-structurally-unsupported-format-9ec7553ad61b	work-r3v-current-program-status-md-p1-host-model-rungs-that-66618ed7e3a7
667	PRRT_kwDOR3YK5M6cJt9-	path-r3v-current-program-status-md-086580537fc8	source-r3v-current-program-status-md-p1-host-model-rungs-that-66618ed7e3a7	claim-r3v-current-program-status-md-define-how-removal-satisfies-the-cfff6bb6b157	work-r3v-current-program-status-md-p1-host-model-rungs-that-66618ed7e3a7
668	PRRT_kwDOR3YK5M6cJt91	path-r3v-current-program-status-md-086580537fc8	source-r3v-current-program-status-md-p1-host-model-rungs-that-66618ed7e3a7	claim-r3v-current-program-status-md-admit-a-baseline-sampled-image-98cbbd4e0446	work-r3v-current-program-status-md-p1-host-model-rungs-that-66618ed7e3a7
669	PRRT_kwDOR3YK5M6cJt96	path-r3v-current-program-status-md-086580537fc8	source-r3v-current-program-status-md-p1-host-model-rungs-that-66618ed7e3a7	claim-r3v-current-program-status-md-align-the-intermediate-framebuffer-limit-943e4add1c7a	work-r3v-current-program-status-md-p1-host-model-rungs-that-66618ed7e3a7
670	PRRT_kwDOR3YK5M6cJt9q	path-r3v-current-program-status-md-086580537fc8	source-r3v-current-program-status-md-p1-host-model-rungs-that-66618ed7e3a7	claim-r3v-current-program-status-md-name-the-wsi-prerequisite-instead-7e1c22ba0e43	work-r3v-current-program-status-md-p1-host-model-rungs-that-66618ed7e3a7
671	PRRT_kwDOR3YK5M6cJt9w	path-r3v-current-program-status-md-086580537fc8	source-r3v-current-program-status-md-p1-host-model-rungs-that-66618ed7e3a7	claim-r3v-current-program-status-md-qualify-the-radeontool-package-path-1ce40d285181	work-r3v-current-program-status-md-p1-host-model-rungs-that-66618ed7e3a7
672	PRRT_kwDOR3YK5M6cKCuE	path-r3v-current-program-status-md-086580537fc8	source-r3v-current-program-status-md-p0-blocks-the-next-target-4f7f3b702150	claim-r3v-current-program-status-md-keep-the-constant-row-open-1d8b49f030b6	work-r3v-current-program-status-md-p0-blocks-the-next-target-4f7f3b702150
673	PRRT_kwDOR3YK5M6cKCuK	path-r300-tcl-bypass-triangle-c-315952faddd2	source-r300-tcl-bypass-triangle-c-const-float-r300-tcl-bypass-2e978e9a8673	claim-r300-tcl-bypass-triangle-c-reject-multi-triangle-shapes-until-4d742f29fe24	work-r300-tcl-bypass-triangle-c-const-float-r300-tcl-bypass-2e978e9a8673
674	PRRT_kwDOR3YK5M6cKCuP	path-r3v-current-program-status-md-086580537fc8	source-r3v-current-program-status-md-p0-blocks-the-next-target-4f7f3b702150	claim-r3v-current-program-status-md-reconcile-the-silicon-evidence-classificat-b1558545b711	work-r3v-current-program-status-md-p0-blocks-the-next-target-4f7f3b702150
675	PRRT_kwDOR3YK5M6cKCuS	path-r300-tcl-bypass-triangle-test-c-3e60071ddcc0	source-r300-tcl-bypass-triangle-test-c-test-family-emit-deviates-329e7c6d469b	claim-r300-tcl-bypass-triangle-test-c-calibrate-the-oracle-with-4fa7f3f07172	work-r300-tcl-bypass-triangle-test-c-test-family-emit-deviates-329e7c6d469b
676	PRRT_kwDOR3YK5M6cKMC_	path-r3v-native-attended-render-shape-c-11e5bdc4c00b	source-r3v-native-attended-render-shape-c-original-line-70-84c21d05d93e	claim-r3v-native-attended-render-shape-c-publish-the-readback-with-8ad6aac436c5	work-r3v-native-attended-render-shape-c-original-line-70-84c21d05d93e
677	PRRT_kwDOR3YK5M6cKMDE	path-r3v-native-cell-c-682ac189865c	source-r3v-native-cell-c-r3v-native-record-tcl-bypass-triangle-c4d5801dfde2	claim-r3v-native-cell-c-limit-the-sentinel-fill-to-the-198b5da3da22	work-r3v-native-cell-c-r3v-native-record-tcl-bypass-triangle-c4d5801dfde2
678	PRRT_kwDOR3YK5M6cKMDK	path-r3v-native-render-shape-args-h-62d0db1fc3ff	source-r3v-native-render-shape-args-h-original-line-72-de3bcb6b478a	claim-r3v-native-render-shape-args-h-reject-shapes-the-oracle-223e154b036f	work-r3v-native-render-shape-args-h-original-line-72-de3bcb6b478a
679	PRRT_kwDOR3YK5M6cKMDR	path-r3v-native-cell-c-682ac189865c	source-r3v-native-cell-c-r3v-native-record-tcl-bypass-triangle-c4d5801dfde2	claim-r3v-native-cell-c-reject-multi-triangle-shapes-or-initialize-5eec4ca0d61a	work-r3v-native-cell-c-r3v-native-record-tcl-bypass-triangle-c4d5801dfde2
680	PRRT_kwDOR3YK5M6cKMDV	path-r3v-native-attended-render-shape-procedure-md-fd19bd0b843d	source-r3v-native-attended-render-shape-procedure-md-original-line-99-8d494363904b	claim-r3v-native-attended-render-shape-procedure-md-describe-the-token-aaaebe837d7b	work-r3v-native-attended-render-shape-procedure-md-original-line-99-8d494363904b
681	PRRT_kwDOR3YK5M6cLUoL	path-r3v-native-attended-render-shape-procedure-md-fd19bd0b843d	source-r3v-native-attended-render-shape-procedure-md-deviation-there-names-4ce16313f5e1	claim-r3v-native-attended-render-shape-procedure-md-correct-the-asymmetric-7185b6ec5f64	work-r3v-native-attended-render-shape-procedure-md-deviation-there-names-4ce16313f5e1
682	PRRT_kwDOR3YK5M6cLUoP	path-r300-tcl-bypass-triangle-h-ad9f94ebab59	source-r300-tcl-bypass-triangle-h-struct-r300-triangle-render-shape-e3e5869b4880	claim-r300-tcl-bypass-triangle-h-record-the-pitch-claim-s-48e8a9027d04	work-r300-tcl-bypass-triangle-h-struct-r300-triangle-render-shape-e3e5869b4880
683	PRRT_kwDOR3YK5M6cLUoS	path-r300-tcl-bypass-triangle-c-315952faddd2	source-r300-tcl-bypass-triangle-c-r300-tcl-bypass-triangle-render-4a749849e3b6	claim-r300-tcl-bypass-triangle-c-report-the-new-eight-pixel-4e9fe129cb06	work-r300-tcl-bypass-triangle-c-r300-tcl-bypass-triangle-render-4a749849e3b6
684	PRRT_kwDOR3YK5M6cLUoW	path-r300-tcl-bypass-triangle-c-315952faddd2	source-r300-tcl-bypass-triangle-c-uint32-t-a0d6f71fa214	claim-r300-tcl-bypass-triangle-c-use-the-canary-row-constant-5bbac0ac1957	work-r300-tcl-bypass-triangle-c-uint32-t-a0d6f71fa214
685	PRRT_kwDOR3YK5M6cLYDU	path-r3v-current-program-status-md-086580537fc8	source-r3v-current-program-status-md-p0-blocks-the-next-target-4f7f3b702150	claim-r3v-current-program-status-md-keep-the-evidence-gate-closed-aecb78580b4a	work-r3v-current-program-status-md-p0-blocks-the-next-target-4f7f3b702150
686	PRRT_kwDOR3YK5M6cL5w0	path-r3v-native-image-c-4faaae6d0fa8	source-r3v-native-image-c-r3v-createimage-vkdevice-device-const-vkimagecreatein-9e4f03d70557	claim-r3v-native-image-c-use-the-target-row-pitch-for-bf170578a778	work-r3v-native-image-c-r3v-createimage-vkdevice-device-const-vkimagecreatein-9e4f03d70557
687	PRRT_kwDOR3YK5M6cL5w6	path-r3v-native-h-7172b5bed566	source-r3v-native-h-vk-define-nondisp-handle-casts-r3v-native-87e5ad9b1dec	claim-r3v-native-h-pack-attachment-clears-in-the-image-s-a0a53ae95ef9	work-r3v-native-h-vk-define-nondisp-handle-casts-r3v-native-87e5ad9b1dec
688	PRRT_kwDOR3YK5M6cL5wo	path-r3v-native-cell-c-682ac189865c	source-r3v-native-cell-c-emit-and-install-triangle-cell-struct-030f25fb3088	claim-r3v-native-cell-c-preserve-admitted-constants-on-the-reference-15358acf82e9	work-r3v-native-cell-c-emit-and-install-triangle-cell-struct-030f25fb3088
689	PRRT_kwDOR3YK5M6cL5wu	path-r3v-native-recording-c-ff6785f9b4a9	source-r3v-native-recording-c-static-bool-b6982d51509f	claim-r3v-native-recording-c-execute-render-readbacks-after-the-draw-0004efde1d4d	work-r3v-native-recording-c-static-bool-b6982d51509f
690	PRRT_kwDOR3YK5M6cL7kB	path-r3v-current-program-status-md-086580537fc8	source-r3v-current-program-status-md-p0-blocks-the-next-target-4f7f3b702150	claim-r3v-current-program-status-md-update-the-authoritative-latest-receipt-5389c0dfa626	work-r3v-current-program-status-md-p0-blocks-the-next-target-4f7f3b702150
691	PRRT_kwDOR3YK5M6cL7kJ	path-r3v-current-program-status-md-086580537fc8	source-r3v-current-program-status-md-p0-blocks-the-next-target-4f7f3b702150	claim-r3v-current-program-status-md-include-host-clear-addressing-in-ef98e4918859	work-r3v-current-program-status-md-p0-blocks-the-next-target-4f7f3b702150
692	PRRT_kwDOR3YK5M6cL7kM	path-r3v-current-program-status-md-086580537fc8	source-r3v-current-program-status-md-p0-blocks-the-next-target-4f7f3b702150	claim-r3v-current-program-status-md-describe-the-full-reference-target-6dcadc359a36	work-r3v-current-program-status-md-p0-blocks-the-next-target-4f7f3b702150
693	PRRT_kwDOR3YK5M6cL7kT	path-r3v-current-program-status-md-086580537fc8	source-r3v-current-program-status-md-p0-blocks-the-next-target-4f7f3b702150	claim-r3v-current-program-status-md-reconcile-the-fragment-constant-task-57df97fd392a	work-r3v-current-program-status-md-p0-blocks-the-next-target-4f7f3b702150
694	PRRT_kwDOR3YK5M6cL7kW	path-r3v-current-program-status-md-086580537fc8	source-r3v-current-program-status-md-p0-blocks-the-next-target-4f7f3b702150	claim-r3v-current-program-status-md-advance-the-recorded-mesa-repository-a58a7adf53c8	work-r3v-current-program-status-md-p0-blocks-the-next-target-4f7f3b702150
695	PRRT_kwDOR3YK5M6cL7ke	path-r3v-current-program-status-md-086580537fc8	source-r3v-current-program-status-md-p0-blocks-the-next-target-4f7f3b702150	claim-r3v-current-program-status-md-qualify-the-non-reference-lowering-961168bb4487	work-r3v-current-program-status-md-p0-blocks-the-next-target-4f7f3b702150
696	PRRT_kwDOR3YK5M6cOnQO	path-r3v-native-image-c-4faaae6d0fa8	source-r3v-native-image-c-r3v-bindimagememory-vkdevice-device-vkimage-image-381756219a61	claim-r3v-native-image-c-clear-the-dedicated-requirement-before-accepting-595ab36073fc	work-r3v-native-image-c-r3v-bindimagememory-vkdevice-device-vkimage-image-381756219a61
697	PRRT_kwDOR3YK5M6cOnQT	path-r3v-native-cell-c-682ac189865c	source-r3v-native-cell-c-emit-and-install-triangle-cell-struct-030f25fb3088	claim-r3v-native-cell-c-carry-offsets-through-varying-and-multi-1df203cbaf4d	work-r3v-native-cell-c-emit-and-install-triangle-cell-struct-030f25fb3088
698	PRRT_kwDOR3YK5M6cOwlq	path-r3v-native-draw-c-14764b5e3e5f	source-r3v-native-draw-c-r3v-cmdbeginrenderpass-vkcommandbuffer-commandbuffer-612e6bf76415	claim-r3v-native-draw-c-store-load-op-clear-texels-in-545c1089b7a8	work-r3v-native-draw-c-r3v-cmdbeginrenderpass-vkcommandbuffer-commandbuffer-612e6bf76415
699	PRRT_kwDOR3YK5M6cPVUK	path-r3v-native-queue-c-e0cf9a2c7d04	source-r3v-native-queue-c-r3v-native-queue-submit-struct-vk-606161d6cc8c	claim-r3v-native-queue-c-admit-the-gpu-producer-against-post-8d3c0bb5bf73	work-r3v-native-queue-c-r3v-native-queue-submit-struct-vk-606161d6cc8c
700	PRRT_kwDOR3YK5M6cPdS1	path-agents-md-a54ff182c7e8	source-agents-md-original-line-5-78b52c499aa1	claim-agents-md-add-the-transcript-record-promised-by-this-commit-c17adaeeb399	work-agents-md-original-line-5-78b52c499aa1
701	PRRT_kwDOR3YK5M6cPeND	path-r3v-native-draw-c-14764b5e3e5f	source-r3v-native-draw-c-r3v-cmdbeginrenderpass-vkcommandbuffer-commandbuffer-612e6bf76415	claim-r3v-native-draw-c-reject-copy-backed-passes-when-a-db5b8da1a2d7	work-r3v-native-draw-c-r3v-cmdbeginrenderpass-vkcommandbuffer-commandbuffer-612e6bf76415
702	PRRT_kwDOR3YK5M6cPnEh	path-agents-md-a54ff182c7e8	source-agents-md-original-line-16-e0b824ae042e	claim-agents-md-align-the-claimed-doctrine-source-with-gemini-md-0ed74ad20d45	work-agents-md-original-line-16-e0b824ae042e
703	PRRT_kwDOR3YK5M6cPnEl	path-r3v-current-program-status-md-086580537fc8	source-r3v-current-program-status-md-p0-blocks-the-next-target-4f7f3b702150	claim-r3v-current-program-status-md-keep-the-open-receipt-fact-b7fe4f9da36d	work-r3v-current-program-status-md-p0-blocks-the-next-target-4f7f3b702150
704	PRRT_kwDOR3YK5M6cPnEp	path-r3v-current-program-status-md-086580537fc8	source-r3v-current-program-status-md-p0-blocks-the-next-target-4f7f3b702150	claim-r3v-current-program-status-md-name-the-retained-transcript-bundle-b5a9f732fb36	work-r3v-current-program-status-md-p0-blocks-the-next-target-4f7f3b702150
705	PRRT_kwDOR3YK5M6cPnEu	path-r3v-current-program-status-md-086580537fc8	source-r3v-current-program-status-md-p0-blocks-the-next-target-4f7f3b702150	claim-r3v-current-program-status-md-cite-the-vulkan-rule-for-2bb3bba256f3	work-r3v-current-program-status-md-p0-blocks-the-next-target-4f7f3b702150
706	PRRT_kwDOR3YK5M6cTcXg	path-r3v-current-program-status-md-086580537fc8	source-r3v-current-program-status-md-first-real-submission-waits-on-09d7084a5cba	claim-r3v-current-program-status-md-reconcile-the-head-with-the-3d6aeccaf74e	work-r3v-current-program-status-md-first-real-submission-waits-on-09d7084a5cba
707	PRRT_kwDOR3YK5M6cTcXk	path-r3v-current-program-status-md-086580537fc8	source-r3v-current-program-status-md-bit-the-ledger-claim-and-a771b43a4e04	claim-r3v-current-program-status-md-remove-completed-work-from-the-06244b48baf5	work-r3v-current-program-status-md-bit-the-ledger-claim-and-a771b43a4e04
708	PRRT_kwDOR3YK5M6cTcXq	path-r3v-current-program-status-md-086580537fc8	source-r3v-current-program-status-md-first-real-submission-waits-on-09d7084a5cba	claim-r3v-current-program-status-md-limit-the-refutation-to-the-434203e0ea4c	work-r3v-current-program-status-md-first-real-submission-waits-on-09d7084a5cba
709	PRRT_kwDOR3YK5M6cTcXu	path-r3v-current-program-status-md-086580537fc8	source-r3v-current-program-status-md-first-real-submission-waits-on-09d7084a5cba	claim-r3v-current-program-status-md-name-the-transcript-bearing-planning-b8ed3248fc6f	work-r3v-current-program-status-md-first-real-submission-waits-on-09d7084a5cba
710	PRRT_kwDOR3YK5M6cTquQ	path-r3v-native-recording-c-ff6785f9b4a9	source-r3v-native-recording-c-r3v-cmdexecutecommands-a0885c858438	claim-r3v-native-recording-c-deep-copy-replayed-update-payloads-0d3f6e783dc1	work-r3v-native-recording-c-r3v-cmdexecutecommands-a0885c858438
711	PRRT_kwDOR3YK5M6cTquT	path-r3v-native-recording-c-ff6785f9b4a9	source-r3v-native-recording-c-r3v-cmdexecutecommands-a0885c858438	claim-r3v-native-recording-c-preserve-cross-type-secondary-operation-order-6327dc088345	work-r3v-native-recording-c-r3v-cmdexecutecommands-a0885c858438
712	PRRT_kwDOR3YK5M6cTquX	path-r3v-native-recording-c-ff6785f9b4a9	source-r3v-native-recording-c-r3v-cmdexecutecommands-a0885c858438	claim-r3v-native-recording-c-reject-nonempty-replay-after-a-pending-f5bf72c3686d	work-r3v-native-recording-c-r3v-cmdexecutecommands-a0885c858438
713	PRRT_kwDOR3YK5M6cT_6U	path-r3v-native-recording-c-ff6785f9b4a9	source-r3v-native-recording-c-r3v-cmdblitimage-0a4212bf4b12	claim-r3v-native-recording-c-advertise-the-formats-accepted-by-the-fa3c30a2b12a	work-r3v-native-recording-c-r3v-cmdblitimage-0a4212bf4b12
714	PRRT_kwDOR3YK5M6cT_6Y	path-r3v-conformance-nonpass-ledger-tsv-884d40ae52c4	source-r3v-conformance-nonpass-ledger-tsv-waiver-waiver-deqp-vk-accepted-23f46c206294	claim-r3v-conformance-nonpass-ledger-tsv-remove-the-closed-scaling-blit-145e6ffbcb86	work-r3v-conformance-nonpass-ledger-tsv-waiver-waiver-deqp-vk-accepted-23f46c206294
715	PRRT_kwDOR3YK5M6cT_6c	path-r3v-native-object-lifetime-test-c-22c665f87493	source-r3v-native-object-lifetime-test-c-check-empty-secondary-execution-9717b63e587c	claim-r3v-native-object-lifetime-test-c-keep-the-replayed-secondary-ef3c93a46225	work-r3v-native-object-lifetime-test-c-check-empty-secondary-execution-9717b63e587c
716	PRRT_kwDOR3YK5M6cUAYV	path-r3v-native-recording-c-ff6785f9b4a9	source-r3v-native-recording-c-r3v-cmdblitimage-0a4212bf4b12	claim-r3v-native-recording-c-advertise-the-newly-supported-blit-format-faf2f13a1b9f	work-r3v-native-recording-c-r3v-cmdblitimage-0a4212bf4b12
717	PRRT_kwDOR3YK5M6cUAYX	path-r3v-native-object-lifetime-test-c-22c665f87493	source-r3v-native-object-lifetime-test-c-check-empty-secondary-execution-9717b63e587c	claim-r3v-native-object-lifetime-test-c-keep-the-replayed-secondary-1ef448792a24	work-r3v-native-object-lifetime-test-c-check-empty-secondary-execution-9717b63e587c
718	PRRT_kwDOR3YK5M6cUAYY	path-r3v-native-transfer-c-136784ee61a3	source-r3v-native-transfer-c-execute-copy-struct-r3v-native-device-173a4d8cd8e0	claim-r3v-native-transfer-c-name-the-vulkan-section-governing-nearest-75b0fd68ca34	work-r3v-native-transfer-c-execute-copy-struct-r3v-native-device-173a4d8cd8e0
719	PRRT_kwDOR3YK5M6cUCrg	path-r3v-current-program-status-md-086580537fc8	source-r3v-current-program-status-md-conformance-expands-by-executed-mechanism-e641571280bf	claim-r3v-current-program-status-md-refresh-the-canonical-status-when-8589b8228178	work-r3v-current-program-status-md-conformance-expands-by-executed-mechanism-e641571280bf
720	PRRT_kwDOR3YK5M6cUCrh	path-r3v-current-program-status-md-086580537fc8	source-r3v-current-program-status-md-conformance-expands-by-executed-mechanism-e641571280bf	claim-r3v-current-program-status-md-qualify-the-secondary-replay-ordering-1abe89f22034	work-r3v-current-program-status-md-conformance-expands-by-executed-mechanism-e641571280bf
721	PRRT_kwDOR3YK5M6cUCrj	path-r3v-current-program-status-md-086580537fc8	source-r3v-current-program-status-md-conformance-expands-by-executed-mechanism-e641571280bf	claim-r3v-current-program-status-md-name-the-vulkan-blit-rule-b4f87dc7aeda	work-r3v-current-program-status-md-conformance-expands-by-executed-mechanism-e641571280bf
722	PRRT_kwDOR3YK5M6cUCrr	path-r3v-current-program-status-md-086580537fc8	source-r3v-current-program-status-md-conformance-expands-by-executed-mechanism-e641571280bf	claim-r3v-current-program-status-md-separate-rung-1-movement-from-44164d5f855d	work-r3v-current-program-status-md-conformance-expands-by-executed-mechanism-e641571280bf
723	PRRT_kwDOR3YK5M6cUGdH	path-r300-tcl-bypass-triangle-c-315952faddd2	source-r300-tcl-bypass-triangle-c-r300-tcl-bypass-triangle-emit-cc69b2030358	claim-r300-tcl-bypass-triangle-c-program-all-four-texture-component-2e80332068c1	work-r300-tcl-bypass-triangle-c-r300-tcl-bypass-triangle-emit-cc69b2030358
724	PRRT_kwDOR3YK5M6cUGdO	path-r300-tcl-bypass-triangle-c-315952faddd2	source-r300-tcl-bypass-triangle-c-r300-tcl-bypass-triangle-emit-cc69b2030358	claim-r300-tcl-bypass-triangle-c-reject-pitches-that-exceed-the-2df522db7c75	work-r300-tcl-bypass-triangle-c-r300-tcl-bypass-triangle-emit-cc69b2030358
725	PRRT_kwDOR3YK5M6cUGdR	path-r300-tcl-bypass-triangle-c-315952faddd2	source-r300-tcl-bypass-triangle-c-r300-tcl-bypass-triangle-emit-cc69b2030358	claim-r300-tcl-bypass-triangle-c-add-the-required-source-trace-6dfc9e27ecfc	work-r300-tcl-bypass-triangle-c-r300-tcl-bypass-triangle-emit-cc69b2030358
726	PRRT_kwDOR3YK5M6cVXXR	path-r3v-physical-device-c-0d800b1649e2	source-r3v-physical-device-c-r3v-get-format-properties-const-struct-9f2e5eccc034	claim-r3v-physical-device-c-include-sampled-usage-in-image-format-aeb2aaeae533	work-r3v-physical-device-c-r3v-get-format-properties-const-struct-9f2e5eccc034
727	PRRT_kwDOR3YK5M6cVXXY	path-r3v-native-draw-c-14764b5e3e5f	source-r3v-native-draw-c-record-draw-vkcommandbuffer-commandbuffer-const-struct-f597fcf01c71	claim-r3v-native-draw-c-resolve-sampled-descriptors-when-submission-executes-89e206927477	work-r3v-native-draw-c-record-draw-vkcommandbuffer-commandbuffer-const-struct-f597fcf01c71
728	PRRT_kwDOR3YK5M6cVXXd	path-r3v-native-draw-c-14764b5e3e5f	source-r3v-native-draw-c-record-draw-vkcommandbuffer-commandbuffer-const-struct-f597fcf01c71	claim-r3v-native-draw-c-free-the-carrier-on-sampled-descriptor-4ebb99431c3b	work-r3v-native-draw-c-record-draw-vkcommandbuffer-commandbuffer-const-struct-f597fcf01c71
729	PRRT_kwDOR3YK5M6cVYAf	path-r3v-native-attended-sampled-c-bb262e14e89a	source-r3v-native-attended-sampled-c-original-line-13-ef672bb7fad3	claim-r3v-native-attended-sampled-c-provide-a-sampled-cell-arming-b0dc3a238a2e	work-r3v-native-attended-sampled-c-original-line-13-ef672bb7fad3
730	PRRT_kwDOR3YK5M6cVYAi	path-r3v-native-attended-sampled-c-bb262e14e89a	source-r3v-native-attended-sampled-c-original-line-711-d29bc3d73708	claim-r3v-native-attended-sampled-c-require-the-full-render-shape-5685ff2c3a29	work-r3v-native-attended-sampled-c-original-line-711-d29bc3d73708
731	PRRT_kwDOR3YK5M6cVYAj	path-r3v-native-attended-sampled-c-bb262e14e89a	source-r3v-native-attended-sampled-c-original-line-356-1257407f4067	claim-r3v-native-attended-sampled-c-transition-the-host-written-texture-ec18be3403bf	work-r3v-native-attended-sampled-c-original-line-356-1257407f4067
732	PRRT_kwDOR3YK5M6cVYAp	path-r3v-native-attended-sampled-c-bb262e14e89a	source-r3v-native-attended-sampled-c-original-line-10-2839b27ef503	claim-r3v-native-attended-sampled-c-use-texture-data-that-discriminates-d07947c523c3	work-r3v-native-attended-sampled-c-original-line-10-2839b27ef503
733	PRRT_kwDOR3YK5M6cVYAs	path-r3v-native-attended-sampled-c-bb262e14e89a	source-r3v-native-attended-sampled-c-original-line-67-9ab5ce311974	claim-r3v-native-attended-sampled-c-use-the-durable-evidence-writer-d2fc1807a015	work-r3v-native-attended-sampled-c-original-line-67-9ab5ce311974
734	PRRT_kwDOR3YK5M6cVr2b	path-r300-tcl-bypass-triangle-c-315952faddd2	source-r300-tcl-bypass-triangle-c-r300-tcl-bypass-triangle-emit-cc69b2030358	claim-r300-tcl-bypass-triangle-c-record-silicon-validation-before-landing-88ec039ca425	work-r300-tcl-bypass-triangle-c-r300-tcl-bypass-triangle-emit-cc69b2030358
735	PRRT_kwDOR3YK5M6cVr2e	path-r300-tcl-bypass-triangle-c-315952faddd2	source-r300-tcl-bypass-triangle-c-r300-tcl-bypass-triangle-emit-cc69b2030358	claim-r300-tcl-bypass-triangle-c-attach-the-selector-claim-to-081bb3efe67d	work-r300-tcl-bypass-triangle-c-r300-tcl-bypass-triangle-emit-cc69b2030358
736	PRRT_kwDOR3YK5M6cV3bi	path-r3v-current-program-status-md-086580537fc8	source-r3v-current-program-status-md-p0-blocks-the-next-target-4f7f3b702150	claim-r3v-current-program-status-md-do-not-promote-sampled-cts-bed065c2f76c	work-r3v-current-program-status-md-p0-blocks-the-next-target-4f7f3b702150
737	PRRT_kwDOR3YK5M6cV9mj	path-r3v-native-image-c-4faaae6d0fa8	source-r3v-native-image-c-r3v-createimage-vkdevice-device-const-vkimagecreatein-9e4f03d70557	claim-r3v-native-image-c-admit-sampled-images-in-the-format-59f3241fbba2	work-r3v-native-image-c-r3v-createimage-vkdevice-device-const-vkimagecreatein-9e4f03d70557
738	PRRT_kwDOR3YK5M6cWDMj	path-r3v-current-program-status-md-086580537fc8	source-r3v-current-program-status-md-above-is-rung-zero-the-7c5726e21378	claim-r3v-current-program-status-md-state-the-silicon-observation-positively-f57635561c92	work-r3v-current-program-status-md-above-is-rung-zero-the-7c5726e21378
739	PRRT_kwDOR3YK5M6cWI8k	path-r3v-native-attended-sampled-c-bb262e14e89a	source-r3v-native-attended-sampled-c-main-int-argc-char-argv-6d3d4dc94d7f	claim-r3v-native-attended-sampled-c-use-a-split-aware-oracle-eac4f19aea26	work-r3v-native-attended-sampled-c-main-int-argc-char-argv-6d3d4dc94d7f
740	PRRT_kwDOR3YK5M6cWPv1	path-r3v-current-program-status-md-086580537fc8	source-r3v-current-program-status-md-above-is-rung-zero-the-7c5726e21378	claim-r3v-current-program-status-md-keep-nearest-and-clamp-semantics-7b5113ce2a11	work-r3v-current-program-status-md-above-is-rung-zero-the-7c5726e21378
741	PRRT_kwDOR3YK5M6cWPv6	path-r3v-current-program-status-md-086580537fc8	source-r3v-current-program-status-md-above-is-rung-zero-the-7c5726e21378	claim-r3v-current-program-status-md-retain-s-axis-addressing-as-b130eff765a5	work-r3v-current-program-status-md-above-is-rung-zero-the-7c5726e21378
742	PRRT_kwDOR3YK5M6cWPvu	path-r3v-current-program-status-md-086580537fc8	source-r3v-current-program-status-md-above-is-rung-zero-the-7c5726e21378	claim-r3v-current-program-status-md-bound-the-receipt-to-half-5a2d3c4f39aa	work-r3v-current-program-status-md-above-is-rung-zero-the-7c5726e21378
743	PRRT_kwDOR3YK5M6cWTLd	path-r3v-current-program-status-md-086580537fc8	source-r3v-current-program-status-md-above-is-rung-zero-the-7c5726e21378	claim-r3v-current-program-status-md-name-the-layered-image-ledger-b3eeadec2c36	work-r3v-current-program-status-md-above-is-rung-zero-the-7c5726e21378
744	PRRT_kwDOR3YK5M6cWTLh	path-r3v-current-program-status-md-086580537fc8	source-r3v-current-program-status-md-above-is-rung-zero-the-7c5726e21378	claim-r3v-current-program-status-md-scope-the-layered-route-gate-454679423985	work-r3v-current-program-status-md-above-is-rung-zero-the-7c5726e21378
745	PRRT_kwDOR3YK5M6cWTLl	path-r3v-current-program-status-md-086580537fc8	source-r3v-current-program-status-md-above-is-rung-zero-the-7c5726e21378	claim-r3v-current-program-status-md-require-both-routes-before-admitting-06826af3e98a	work-r3v-current-program-status-md-above-is-rung-zero-the-7c5726e21378
746	PRRT_kwDOR3YK5M6cWUtT	path-r3v-host-model-fail-decomposition-md-adf475473343	source-r3v-host-model-fail-decomposition-md-itself-admit-imagetype-1d-cd6d6e43e0e3	claim-r3v-host-model-fail-decomposition-md-preserve-the-five-distinct-b69d8f40a097	work-r3v-host-model-fail-decomposition-md-itself-admit-imagetype-1d-cd6d6e43e0e3
747	PRRT_kwDOR3YK5M6cWUtX	path-r3v-current-program-status-md-086580537fc8	source-r3v-current-program-status-md-above-is-rung-zero-the-7c5726e21378	claim-r3v-current-program-status-md-scope-the-zero-movement-claim-c78fb58c7dd1	work-r3v-current-program-status-md-above-is-rung-zero-the-7c5726e21378
748	PRRT_kwDOR3YK5M6cWUta	path-r3v-current-program-status-md-086580537fc8	source-r3v-current-program-status-md-above-is-rung-zero-the-7c5726e21378	claim-r3v-current-program-status-md-add-the-promised-sampler-state-2cab0305b625	work-r3v-current-program-status-md-above-is-rung-zero-the-7c5726e21378
749	PRRT_kwDOR3YK5M6cWUtc	path-r3v-host-model-fail-decomposition-md-adf475473343	source-r3v-host-model-fail-decomposition-md-itself-admit-imagetype-1d-cd6d6e43e0e3	claim-r3v-host-model-fail-decomposition-md-stop-assigning-the-retired-780f19846d1b	work-r3v-host-model-fail-decomposition-md-itself-admit-imagetype-1d-cd6d6e43e0e3
750	PRRT_kwDOR3YK5M6cWtVL	path-r3v-conformance-nonpass-ledger-tsv-884d40ae52c4	source-r3v-conformance-nonpass-ledger-tsv-compatibility-warning-compatibilitywa-11f73e62f22b	claim-r3v-conformance-nonpass-ledger-tsv-update-the-documented-ledger-row-84b84c524919	work-r3v-conformance-nonpass-ledger-tsv-compatibility-warning-compatibilitywa-11f73e62f22b
751	PRRT_kwDOR3YK5M6cWv21	path-r3v-native-image-c-4faaae6d0fa8	source-r3v-native-image-c-r3v-createimage-vkdevice-device-const-vkimagecreatein-9e4f03d70557	claim-r3v-native-image-c-reject-sampled-color-role-aliasing-before-b76c0350575c	work-r3v-native-image-c-r3v-createimage-vkdevice-device-const-vkimagecreatein-9e4f03d70557
752	PRRT_kwDOR3YK5M6cWv24	path-r3v-native-draw-c-14764b5e3e5f	source-r3v-native-draw-c-record-draw-vkcommandbuffer-commandbuffer-const-struct-f597fcf01c71	claim-r3v-native-draw-c-preserve-nonzero-target-offsets-in-varying-67af2595a3dd	work-r3v-native-draw-c-record-draw-vkcommandbuffer-commandbuffer-const-struct-f597fcf01c71
753	PRRT_kwDOR3YK5M6cWv2p	path-r3v-native-image-c-4faaae6d0fa8	source-r3v-native-image-c-r3v-createimage-vkdevice-device-const-vkimagecreatein-9e4f03d70557	claim-r3v-native-image-c-carry-array-layers-through-transfer-commands-2dcf5f0c0c68	work-r3v-native-image-c-r3v-createimage-vkdevice-device-const-vkimagecreatein-9e4f03d70557
754	PRRT_kwDOR3YK5M6cWv2t	path-r3v-physical-device-c-0d800b1649e2	source-r3v-physical-device-c-r3v-get-image-format-properties-3dc19611b8c7	claim-r3v-physical-device-c-withhold-1d-sampled-support-until-shaders-d214e36c463e	work-r3v-physical-device-c-r3v-get-image-format-properties-3dc19611b8c7
755	PRRT_kwDOR3YK5M6cWv2z	path-r3v-physical-device-c-0d800b1649e2	source-r3v-physical-device-c-r3v-get-image-format-properties-3dc19611b8c7	claim-r3v-physical-device-c-cap-render-layer-offsets-at-the-47cc5cb79ba1	work-r3v-physical-device-c-r3v-get-image-format-properties-3dc19611b8c7
756	PRRT_kwDOR3YK5M6cW12I	path-r3v-current-program-status-md-086580537fc8	source-r3v-current-program-status-md-above-is-rung-zero-the-7c5726e21378	claim-r3v-current-program-status-md-keep-the-render-to-sample-b056b5eb41ce	work-r3v-current-program-status-md-above-is-rung-zero-the-7c5726e21378
757	PRRT_kwDOR3YK5M6cW12N	path-r3v-current-program-status-md-086580537fc8	source-r3v-current-program-status-md-above-is-rung-zero-the-7c5726e21378	claim-r3v-current-program-status-md-reconcile-rung-7-with-the-725f76644514	work-r3v-current-program-status-md-above-is-rung-zero-the-7c5726e21378
758	PRRT_kwDOR3YK5M6cW12R	path-r3v-current-program-status-md-086580537fc8	source-r3v-current-program-status-md-above-is-rung-zero-the-7c5726e21378	claim-r3v-current-program-status-md-require-vram-placement-rather-than-765fffe6f7f4	work-r3v-current-program-status-md-above-is-rung-zero-the-7c5726e21378
759	PRRT_kwDOR3YK5M6cW12U	path-r3v-current-program-status-md-086580537fc8	source-r3v-current-program-status-md-above-is-rung-zero-the-7c5726e21378	claim-r3v-current-program-status-md-make-the-first-msaa-arm-306cc5eea7ba	work-r3v-current-program-status-md-above-is-rung-zero-the-7c5726e21378
760	PRRT_kwDOR3YK5M6cW-e_	path-r3v-current-program-status-md-086580537fc8	source-r3v-current-program-status-md-above-is-rung-zero-the-7c5726e21378	claim-r3v-current-program-status-md-record-the-composed-cell-s-ad5b36b0c32a	work-r3v-current-program-status-md-above-is-rung-zero-the-7c5726e21378
761	PRRT_kwDOR3YK5M6cW-fF	path-r3v-current-program-status-md-086580537fc8	source-r3v-current-program-status-md-above-is-rung-zero-the-7c5726e21378	claim-r3v-current-program-status-md-add-the-discovery-method-to-5900f0fba13f	work-r3v-current-program-status-md-above-is-rung-zero-the-7c5726e21378
762	PRRT_kwDOR3YK5M6cW-fI	path-r3v-current-program-status-md-086580537fc8	source-r3v-current-program-status-md-above-is-rung-zero-the-7c5726e21378	claim-r3v-current-program-status-md-close-the-em-dash-substitute-353825e745fa	work-r3v-current-program-status-md-above-is-rung-zero-the-7c5726e21378
763	PRRT_kwDOR3YK5M6cW_f5	path-r3v-native-arming-c-12e36a444192	source-r3v-native-arming-c-r3v-native-arming-evaluate-const-struct-91b8d5b84bc0	claim-r3v-native-arming-c-add-the-composed-kind-to-the-a2b7ee1bc357	work-r3v-native-arming-c-r3v-native-arming-evaluate-const-struct-91b8d5b84bc0
764	PRRT_kwDOR3YK5M6cW_fi	path-r300-tcl-bypass-triangle-c-315952faddd2	source-r300-tcl-bypass-triangle-c-r300-tcl-bypass-triangle-render-ec50480f6203	claim-r300-tcl-bypass-triangle-c-reuse-one-relocation-slot-for-d8b8cc431c08	work-r300-tcl-bypass-triangle-c-r300-tcl-bypass-triangle-render-ec50480f6203
765	PRRT_kwDOR3YK5M6cW_fu	path-r3v-native-arming-runner-c-357567283953	source-r3v-native-arming-runner-c-main-int-argc-char-argv-c11be7853cf4	claim-r3v-native-arming-runner-c-reject-malformed-composed-offsets-before-9d635dc31991	work-r3v-native-arming-runner-c-main-int-argc-char-argv-c11be7853cf4
766	PRRT_kwDOR3YK5M6cXCto	path-r3v-native-h-7172b5bed566	source-r3v-native-h-r3v-native-image-layer-pitch-bytes-uint32-1822efd8d81b	claim-r3v-native-h-add-the-required-symbol-discovery-method-9b7a5bb18e19	work-r3v-native-h-r3v-native-image-layer-pitch-bytes-uint32-1822efd8d81b
767	PRRT_kwDOR3YK5M6cXXTc	path-r300-tcl-bypass-triangle-c-315952faddd2	source-r300-tcl-bypass-triangle-c-r300-tcl-bypass-triangle-varying-9f7d196918b1	claim-r300-tcl-bypass-triangle-c-preserve-the-sentinel-in-the-94a4d8d44ec1	work-r300-tcl-bypass-triangle-c-r300-tcl-bypass-triangle-varying-9f7d196918b1
768	PRRT_kwDOR3YK5M6cXXTj	path-r300-tcl-bypass-triangle-c-315952faddd2	source-r300-tcl-bypass-triangle-c-r300-tcl-bypass-triangle-varying-9f7d196918b1	claim-r300-tcl-bypass-triangle-c-compare-analytic-membership-at-every-eead22d34a54	work-r300-tcl-bypass-triangle-c-r300-tcl-bypass-triangle-varying-9f7d196918b1
769	PRRT_kwDOR3YK5M6cXXTo	path-r300-tcl-bypass-triangle-c-315952faddd2	source-r300-tcl-bypass-triangle-c-r300-tcl-bypass-triangle-varying-9f7d196918b1	claim-r300-tcl-bypass-triangle-c-refuse-empty-analytic-footprints-4ca98f3395d3	work-r300-tcl-bypass-triangle-c-r300-tcl-bypass-triangle-varying-9f7d196918b1
770	PRRT_kwDOR3YK5M6cXcoV	path-r300-tcl-bypass-triangle-h-ad9f94ebab59	source-r300-tcl-bypass-triangle-h-int-r300-tcl-bypass-triangle-45b11f238036	claim-r300-tcl-bypass-triangle-h-add-the-required-discovery-location-9541b0749ff0	work-r300-tcl-bypass-triangle-h-int-r300-tcl-bypass-triangle-45b11f238036
771	PRRT_kwDOR3YK5M6cXcoc	path-r300-tcl-bypass-triangle-c-315952faddd2	source-r300-tcl-bypass-triangle-c-composed-sample-emit-const-struct-97cb1c3402f9	claim-r300-tcl-bypass-triangle-c-enforce-the-documented-double-bind-09ef2e577831	work-r300-tcl-bypass-triangle-c-composed-sample-emit-const-struct-97cb1c3402f9
772	PRRT_kwDOR3YK5M6cXe3W	path-r3v-current-program-status-md-086580537fc8	source-r3v-current-program-status-md-above-is-rung-zero-the-7c5726e21378	claim-r3v-current-program-status-md-add-discovery-locations-to-the-e13421de4b3d	work-r3v-current-program-status-md-above-is-rung-zero-the-7c5726e21378
773	PRRT_kwDOR3YK5M6cXe3b	path-r3v-current-program-status-md-086580537fc8	source-r3v-current-program-status-md-above-is-rung-zero-the-7c5726e21378	claim-r3v-current-program-status-md-account-for-the-fifth-payload-f29e7f1b7e44	work-r3v-current-program-status-md-above-is-rung-zero-the-7c5726e21378
774	PRRT_kwDOR3YK5M6cXmVY	path-r3v-native-attended-sampled-c-bb262e14e89a	source-r3v-native-attended-sampled-c-pfn-vkvoidfunction-vk-icdgetinstanceprocad-de26af02ffc4	claim-r3v-native-attended-sampled-c-cite-the-vertex-path-the-db2a190f2ef2	work-r3v-native-attended-sampled-c-pfn-vkvoidfunction-vk-icdgetinstanceprocad-de26af02ffc4
775	PRRT_kwDOR3YK5M6cXmVc	path-r300-tcl-bypass-triangle-c-315952faddd2	source-r300-tcl-bypass-triangle-c-r300-tcl-bypass-triangle-coverage-82f24546ba77	claim-r300-tcl-bypass-triangle-c-stop-reading-the-admitted-set-7eadf78cec14	work-r300-tcl-bypass-triangle-c-r300-tcl-bypass-triangle-coverage-82f24546ba77
776	PRRT_kwDOR3YK5M6cXpKj	path-r3v-current-program-status-md-086580537fc8	source-r3v-current-program-status-md-above-is-rung-zero-the-7c5726e21378	claim-r3v-current-program-status-md-remove-the-unsupported-recorder-calibratio-6ee141f720ab	work-r3v-current-program-status-md-above-is-rung-zero-the-7c5726e21378
777	PRRT_kwDOR3YK5M6cXpKo	path-r3v-current-program-status-md-086580537fc8	source-r3v-current-program-status-md-above-is-rung-zero-the-7c5726e21378	claim-r3v-current-program-status-md-record-the-composed-kind-s-841f0b04869a	work-r3v-current-program-status-md-above-is-rung-zero-the-7c5726e21378
778	PRRT_kwDOR3YK5M6cXsrS	path-r3v-native-cell-c-682ac189865c	source-r3v-native-cell-c-r3v-native-record-r2vb-status-load-324b7eb7452c	claim-r3v-native-cell-c-admit-the-composed-kind-through-the-0f93874b8fff	work-r3v-native-cell-c-r3v-native-record-r2vb-status-load-324b7eb7452c
779	PRRT_kwDOR3YK5M6cXsrV	path-r3v-native-cell-c-682ac189865c	source-r3v-native-cell-c-r3v-native-record-r2vb-status-load-324b7eb7452c	claim-r3v-native-cell-c-validate-composed-buffer-footprints-before-installatio-43851ea177da	work-r3v-native-cell-c-r3v-native-record-r2vb-status-load-324b7eb7452c
780	PRRT_kwDOR3YK5M6cXsrY	path-r3v-native-cell-c-682ac189865c	source-r3v-native-cell-c-r3v-native-record-r2vb-status-load-324b7eb7452c	claim-r3v-native-cell-c-bind-the-composed-arming-runner-s-dfc0f6bdba39	work-r3v-native-cell-c-r3v-native-record-r2vb-status-load-324b7eb7452c
781	PRRT_kwDOR3YK5M6cXsrc	path-r3v-native-cell-c-682ac189865c	source-r3v-native-cell-c-r3v-native-record-r2vb-status-load-324b7eb7452c	claim-r3v-native-cell-c-add-the-composed-kind-to-the-57c44c277a5f	work-r3v-native-cell-c-r3v-native-record-r2vb-status-load-324b7eb7452c
782	PRRT_kwDOR3YK5M6cX5F9	path-r3v-native-arming-runner-c-357567283953	source-r3v-native-arming-runner-c-cell-emit-struct-r300-tcl-c3e3e1b947b2	claim-r3v-native-arming-runner-c-update-the-program-status-with-b219a820b2e8	work-r3v-native-arming-runner-c-cell-emit-struct-r300-tcl-c3e3e1b947b2
783	PRRT_kwDOR3YK5M6cX5GE	path-r3v-native-queue-c-e0cf9a2c7d04	source-r3v-native-queue-c-cell-geometry-unfrozen-const-struct-r3v-46aa1a5d835b	claim-r3v-native-queue-c-reject-undersized-bos-before-admitting-composed-264ad0af8105	work-r3v-native-queue-c-cell-geometry-unfrozen-const-struct-r3v-46aa1a5d835b
784	PRRT_kwDOR3YK5M6cX8PA	path-r300-tcl-bypass-triangle-c-315952faddd2	source-r300-tcl-bypass-triangle-c-const-float-r300-tcl-bypass-2e978e9a8673	claim-r300-tcl-bypass-triangle-c-ground-normalized-tex0-copying-in-a07948d42a41	work-r300-tcl-bypass-triangle-c-const-float-r300-tcl-bypass-2e978e9a8673
785	PRRT_kwDOR3YK5M6cYkQA	path-r3v-native-attended-composed-c-a323f5702e7e	source-r3v-native-attended-composed-c-original-line-303-f86bde5686f7	claim-r3v-native-attended-composed-c-seed-the-two-targets-with-c46d9dcd5c49	work-r3v-native-attended-composed-c-original-line-303-f86bde5686f7
786	PRRT_kwDOR3YK5M6cYkQD	path-r3v-native-attended-composed-c-a323f5702e7e	source-r3v-native-attended-composed-c-original-line-12-9ea983fc473f	claim-r3v-native-attended-composed-c-add-the-composed-runner-to-b1cf5a896a44	work-r3v-native-attended-composed-c-original-line-12-9ea983fc473f
787	PRRT_kwDOR3YK5M6cYkQF	path-r3v-native-attended-composed-c-a323f5702e7e	source-r3v-native-attended-composed-c-original-line-354-bb0f4c3e1d38	claim-r3v-native-attended-composed-c-retain-outcomes-after-an-accepted-d6c59a1ca0ca	work-r3v-native-attended-composed-c-original-line-354-bb0f4c3e1d38
788	PRRT_kwDOR3YK5M6cYkQJ	path-r3v-native-attended-composed-c-a323f5702e7e	source-r3v-native-attended-composed-c-original-line-142-2123e448c49f	claim-r3v-native-attended-composed-c-print-the-complete-authorized-cell-4381f98d28c2	work-r3v-native-attended-composed-c-original-line-142-2123e448c49f
789	PRRT_kwDOR3YK5M6cYkQM	path-r300-tcl-bypass-triangle-test-c-3e60071ddcc0	source-r300-tcl-bypass-triangle-test-c-test-varying-shape-vertices-68107db2efe0	claim-r300-tcl-bypass-triangle-test-c-resume-the-register-scan-6e2c33dd6915	work-r300-tcl-bypass-triangle-test-c-test-varying-shape-vertices-68107db2efe0
790	PRRT_kwDOR3YK5M6cYl82	path-r3v-native-attended-composed-render-sample-procedure-md-bfaa505b24bd	source-r3v-native-attended-composed-render-sample-procedure-md-original-line-c916e554b009	claim-r3v-native-attended-composed-render-sample-procedure-md-state-that-3b544a398c9f	work-r3v-native-attended-composed-render-sample-procedure-md-original-line-c916e554b009
791	PRRT_kwDOR3YK5M6cYl8v	path-r3v-native-attended-composed-c-a323f5702e7e	source-r3v-native-attended-composed-c-main-int-argc-char-argv-59d94baeaac5	claim-r3v-native-attended-composed-c-separate-an-untouched-target-from-6eea92a7e7d3	work-r3v-native-attended-composed-c-main-int-argc-char-argv-59d94baeaac5
792	PRRT_kwDOR3YK5M6cYl8z	path-r3v-native-attended-composed-render-sample-procedure-md-bfaa505b24bd	source-r3v-native-attended-composed-render-sample-procedure-md-original-line-e6f65c326ae9	claim-r3v-native-attended-composed-render-sample-procedure-md-override-the-6303d9f2994d	work-r3v-native-attended-composed-render-sample-procedure-md-original-line-e6f65c326ae9
793	PRRT_kwDOR3YK5M6cY3aN	path-r3v-current-program-status-md-086580537fc8	source-r3v-current-program-status-md-above-is-rung-zero-the-7c5726e21378	claim-r3v-current-program-status-md-retain-an-edge-oracle-before-231d3a511326	work-r3v-current-program-status-md-above-is-rung-zero-the-7c5726e21378
794	PRRT_kwDOR3YK5M6cY5SD	path-r300-tcl-bypass-triangle-c-315952faddd2	source-r300-tcl-bypass-triangle-c-r300-tcl-bypass-triangle-coverage-55a18c466e94	claim-r300-tcl-bypass-triangle-c-make-the-resolve-oracle-sample-b7bcab56183d	work-r300-tcl-bypass-triangle-c-r300-tcl-bypass-triangle-coverage-55a18c466e94
795	PRRT_kwDOR3YK5M6chLnN	path-r3v-native-attended-composed-c-a323f5702e7e	source-r3v-native-attended-composed-c-report-const-char-label-const-dbf0d79f3f80	claim-r3v-native-attended-composed-c-ignore-manifest-state-in-record-b0f3ab842815	work-r3v-native-attended-composed-c-report-const-char-label-const-dbf0d79f3f80
796	PRRT_kwDOR3YK5M6chLnU	path-meson-build-90733826a0f8	source-meson-build-if-with-tests-and-with-tools-contains-drm-1eebd483b0f6	claim-meson-build-make-wrong-runner-bindings-fail-the-calibration-d5e051ff7d0c	work-meson-build-if-with-tests-and-with-tools-contains-drm-1eebd483b0f6
797	PRRT_kwDOR3YK5M6chXH3	path-r300-tcl-bypass-triangle-h-ad9f94ebab59	source-r300-tcl-bypass-triangle-h-void-r300-tcl-bypass-triangle-ff19f7842a70	claim-r300-tcl-bypass-triangle-h-restrict-the-oracle-contract-to-513844df74e9	work-r300-tcl-bypass-triangle-h-void-r300-tcl-bypass-triangle-ff19f7842a70
798	PRRT_kwDOR3YK5M6chXH7	path-r300-tcl-bypass-triangle-c-315952faddd2	source-r300-tcl-bypass-triangle-c-r300-tcl-bypass-triangle-interior-b52bc335f53d	claim-r300-tcl-bypass-triangle-c-record-the-symbol-discovery-method-f3b3fcd49d78	work-r300-tcl-bypass-triangle-c-r300-tcl-bypass-triangle-interior-b52bc335f53d
799	PRRT_kwDOR3YK5M6chXIA	path-r3v-current-program-status-md-086580537fc8	source-r3v-current-program-status-md-above-is-rung-zero-the-7c5726e21378	claim-r3v-current-program-status-md-keep-resolve-semantics-marked-as-6d7cf894585d	work-r3v-current-program-status-md-above-is-rung-zero-the-7c5726e21378
800	PRRT_kwDOR3YK5M6chXun	path-r3v-current-program-status-md-086580537fc8	source-r3v-current-program-status-md-above-is-rung-zero-the-7c5726e21378	claim-r3v-current-program-status-md-add-discovery-methods-to-the-2e5fe2164540	work-r3v-current-program-status-md-above-is-rung-zero-the-7c5726e21378
801	PRRT_kwDOR3YK5M6chXuo	path-r3v-current-program-status-md-086580537fc8	source-r3v-current-program-status-md-above-is-rung-zero-the-7c5726e21378	claim-r3v-current-program-status-md-reconcile-the-fragment-color-outcomes-1c620d0dabf5	work-r3v-current-program-status-md-above-is-rung-zero-the-7c5726e21378
802	PRRT_kwDOR3YK5M6chXur	path-r3v-current-program-status-md-086580537fc8	source-r3v-current-program-status-md-above-is-rung-zero-the-7c5726e21378	claim-r3v-current-program-status-md-base-the-allocation-claim-on-7192ce59fd75	work-r3v-current-program-status-md-above-is-rung-zero-the-7c5726e21378
803	PRRT_kwDOR3YK5M6ckBQ7	path-agents-md-a54ff182c7e8	source-agents-md-structure-agent-loaded-markdown-documents-with-clean-predictab-65dc76c1fb17	claim-agents-md-limit-the-closure-rule-to-typographic-dash-substitutes-44d969b5df49	work-agents-md-structure-agent-loaded-markdown-documents-with-clean-predictab-65dc76c1fb17
804	PRRT_kwDOR3YK5M6ckBkA	path-agents-md-a54ff182c7e8	source-agents-md-when-open-proofs-is-available-use-proof-names-2decc56edcf5	claim-agents-md-describe-the-software-tcl-classification-without-inferring-sil-e8e3ccc1c198	work-agents-md-when-open-proofs-is-available-use-proof-names-2decc56edcf5
805	PRRT_kwDOR3YK5M6ckBkF	path-agents-md-a54ff182c7e8	source-agents-md-when-open-proofs-is-available-use-proof-names-2decc56edcf5	claim-agents-md-store-captures-under-the-canonical-r300-evidence-directory-83c7e56a575d	work-agents-md-when-open-proofs-is-available-use-proof-names-2decc56edcf5
806	PRRT_kwDOR3YK5M6ckBkH	path-agents-md-a54ff182c7e8	source-agents-md-these-rules-are-enforceable-later-sections-explain-mechanism-6b95ca4be917	claim-agents-md-keep-retired-distcc-pump-out-of-cache-wiring-097990768485	work-agents-md-these-rules-are-enforceable-later-sections-explain-mechanism-6b95ca4be917
807	PRRT_kwDOR3YK5M6ckBkO	path-agents-md-a54ff182c7e8	source-agents-md-these-rules-are-enforceable-later-sections-explain-mechanism-6b95ca4be917	claim-agents-md-call-the-rev-parse-result-the-repository-root-4f6e9411d9aa	work-agents-md-these-rules-are-enforceable-later-sections-explain-mechanism-6b95ca4be917
808	PRRT_kwDOR3YK5M6ckBkR	path-agents-md-a54ff182c7e8	source-agents-md-these-rules-are-enforceable-later-sections-explain-mechanism-6b95ca4be917	claim-agents-md-retarget-the-remaining-sibling-repository-references-28a64e1a1033	work-agents-md-these-rules-are-enforceable-later-sections-explain-mechanism-6b95ca4be917
809	PRRT_kwDOR3YK5M6ckN66	path-r3v-wsi-denominator-md-5727197ff257	source-r3v-wsi-denominator-md-driver-s-own-entry-points-69ead151e01c	claim-r3v-wsi-denominator-md-scope-the-refusal-to-images-above-d0fc93915783	work-r3v-wsi-denominator-md-driver-s-own-entry-points-69ead151e01c
810	PRRT_kwDOR3YK5M6ckuV3	path-r300-tcl-bypass-triangle-c-315952faddd2	source-r300-tcl-bypass-triangle-c-r300-tcl-bypass-triangle-bind-304fce058989	claim-r300-tcl-bypass-triangle-c-reject-a-resolve-color-identical-4ca66ff289b3	work-r300-tcl-bypass-triangle-c-r300-tcl-bypass-triangle-bind-304fce058989
811	PRRT_kwDOR3YK5M6ckuVp	path-r300-tcl-bypass-triangle-c-315952faddd2	source-r300-tcl-bypass-triangle-c-r300-tcl-bypass-triangle-bind-304fce058989	claim-r300-tcl-bypass-triangle-c-reapply-aa-state-after-the-0890c9561070	work-r300-tcl-bypass-triangle-c-r300-tcl-bypass-triangle-bind-304fce058989
812	PRRT_kwDOR3YK5M6ckuVy	path-r300-tcl-bypass-triangle-c-315952faddd2	source-r300-tcl-bypass-triangle-c-r300-tcl-bypass-triangle-bind-304fce058989	claim-r300-tcl-bypass-triangle-c-reject-incompatible-resolve-destination-shape-7cc53ecd2b05	work-r300-tcl-bypass-triangle-c-r300-tcl-bypass-triangle-bind-304fce058989
813	PRRT_kwDOR3YK5M6ckuV8	path-r300-tcl-bypass-triangle-c-315952faddd2	source-r300-tcl-bypass-triangle-c-r300-tcl-bypass-triangle-validate-6f77a10b9fee	claim-r300-tcl-bypass-triangle-c-distinguish-five-site-streams-before-5fac8ca2f119	work-r300-tcl-bypass-triangle-c-r300-tcl-bypass-triangle-validate-6f77a10b9fee
814	PRRT_kwDOR3YK5M6ckuWB	path-r300-tcl-bypass-triangle-c-315952faddd2	source-r300-tcl-bypass-triangle-c-r300-tcl-bypass-triangle-bind-304fce058989	claim-r300-tcl-bypass-triangle-c-derive-emitted-mspos-data-from-bd5408240ae3	work-r300-tcl-bypass-triangle-c-r300-tcl-bypass-triangle-bind-304fce058989
815	PRRT_kwDOR3YK5M6clgPZ	path-merged-review-thread-action-frontier-tsv-ce8a627922db	source-merged-review-thread-action-frontier-tsv-original-line-9-6de3c723a742	claim-merged-review-thread-action-frontier-tsv-refresh-the-makefile-evidence-c5f78eec9754	work-merged-review-thread-action-frontier-tsv-original-line-9-6de3c723a742
816	PRRT_kwDOR3YK5M6clgPe	path-merged-review-thread-resolution-campaign-md-03b80ae3fff6	source-merged-review-thread-resolution-campaign-md-original-line-49-86a59b5af1fb	claim-merged-review-thread-resolution-campaign-md-check-in-the-frontier-1e65ba8ee34f	work-merged-review-thread-resolution-campaign-md-original-line-49-86a59b5af1fb
817	PRRT_kwDOR3YK5M6clgPl	path-review-thread-frontier-py-534e8a00ad35	source-review-thread-frontier-py-original-line-295-2ffa64a25969	claim-review-thread-frontier-py-reject-closure-times-that-predate-the-d8f99f245003	work-review-thread-frontier-py-original-line-295-2ffa64a25969
818	PRRT_kwDOR3YK5M6clgPs	path-merged-review-thread-action-frontier-tsv-ce8a627922db	source-merged-review-thread-action-frontier-tsv-original-line-2-96eb38c12512	claim-merged-review-thread-action-frontier-tsv-add-discovery-provenance-to-4671df8af7dd	work-merged-review-thread-action-frontier-tsv-original-line-2-96eb38c12512
819	PRRT_kwDOR3YK5M6clpsR	path-merged-review-thread-resolution-ledger-tsv-d7430f3d0e61	source-merged-review-thread-resolution-ledger-tsv-original-line-2-0e8951d4f879	claim-merged-review-thread-resolution-ledger-tsv-align-the-evidence-pr-8d8606190279	work-merged-review-thread-resolution-ledger-tsv-original-line-2-0e8951d4f879
820	PRRT_kwDOR3YK5M6cl9hN	path-terakan-queue-c-83bb4a6e46a1	source-terakan-queue-c-terakan-queue-submit-struct-vk-queue-const-af7bd018215c	claim-terakan-queue-c-run-the-required-terakan-runtime-validation-9ff5ddaae4ec	work-terakan-queue-c-terakan-queue-submit-struct-vk-queue-const-af7bd018215c
821	PRRT_kwDOR3YK5M6cl9hQ	path-terakan-carrier-submit-scratch-test-c-74cc4ac84d1e	source-terakan-carrier-submit-scratch-test-c-original-line-83-283729988d3f	claim-terakan-carrier-submit-scratch-test-c-execute-the-scratch-allocation-f28b45ce8644	work-terakan-carrier-submit-scratch-test-c-original-line-83-283729988d3f
822	PRRT_kwDOR3YK5M6cmIgv	path-terakan-nir-lower-bindings-c-803ca3aba194	source-terakan-nir-lower-bindings-c-terakan-nir-lower-bindings-nir-b82b42c4c466	claim-terakan-nir-lower-bindings-c-preserve-metadata-for-every-ssbo-9fa9079e2ba0	work-terakan-nir-lower-bindings-c-terakan-nir-lower-bindings-nir-b82b42c4c466
823	PRRT_kwDOR3YK5M6cmXil	path-terakan-robustness-metadata-c-ae401af6b22d	source-terakan-robustness-metadata-c-terakan-robustness-metadata-apply-ba1e699f7470	claim-terakan-robustness-metadata-c-use-the-compute-stage-line-in-911920c4f969	work-terakan-robustness-metadata-c-terakan-robustness-metadata-apply-ba1e699f7470
824	PRRT_kwDOR3YK5M6cmXiq	path-terakan-robustness-metadata-c-ae401af6b22d	source-terakan-robustness-metadata-c-terakan-robustness-metadata-apply-ba1e699f7470	claim-terakan-robustness-metadata-c-invalidate-the-shared-fragment-compute-kca-192463b7c71f	work-terakan-robustness-metadata-c-terakan-robustness-metadata-apply-ba1e699f7470
825	PRRT_kwDOR3YK5M6cmXiv	path-terakan-nir-lower-tg4-view-swizzle-c-fb3de706d3e5	source-terakan-nir-lower-tg4-view-swizzle-c-terakan-nir-lower-e37bc04e2755	claim-terakan-nir-lower-tg4-view-swizzle-c-include-the-tg4-a2ded50552e8	work-terakan-nir-lower-tg4-view-swizzle-c-terakan-nir-lower-e37bc04e2755
826	PRRT_kwDOR3YK5M6cmfBD	path-merged-review-thread-action-frontier-tsv-ce8a627922db	source-merged-review-thread-action-frontier-tsv-original-line-4-8af1d4295a4c	claim-merged-review-thread-action-frontier-tsv-track-the-wide-phi-9d8f7dd9fc50	work-merged-review-thread-action-frontier-tsv-original-line-4-8af1d4295a4c
827	PRRT_kwDOR3YK5M6cmfBH	path-merged-review-thread-action-frontier-tsv-ce8a627922db	source-merged-review-thread-action-frontier-tsv-original-line-38-87420329d642	claim-merged-review-thread-action-frontier-tsv-track-the-robustness-implementa-b16f13e97425	work-merged-review-thread-action-frontier-tsv-original-line-38-87420329d642
828	PRRT_kwDOR3YK5M6cmfBM	path-merged-review-thread-action-frontier-tsv-ce8a627922db	source-merged-review-thread-action-frontier-tsv-original-line-48-2e3b8bb0658c	claim-merged-review-thread-action-frontier-tsv-track-the-tg4-metadata-fb6b80b12c82	work-merged-review-thread-action-frontier-tsv-original-line-48-2e3b8bb0658c
829	PRRT_kwDOR3YK5M6cmfBU	path-merged-review-thread-action-frontier-tsv-ce8a627922db	source-merged-review-thread-action-frontier-tsv-original-line-4-8af1d4295a4c	claim-merged-review-thread-action-frontier-tsv-synchronize-the-campaign-s-0a5757fecb48	work-merged-review-thread-action-frontier-tsv-original-line-4-8af1d4295a4c
830	PRRT_kwDOR3YK5M6cmx7X	path-review-thread-batch-capture-py-d207123fc70b	source-review-thread-batch-capture-py-original-line-682-f771ec650d3e	claim-review-thread-batch-capture-py-revalidate-thread-states-before-accepting-e80fe410d33a	work-review-thread-batch-capture-py-original-line-682-f771ec650d3e
831	PRRT_kwDOR3YK5M6cmx7c	path-review-thread-batch-capture-py-d207123fc70b	source-review-thread-batch-capture-py-original-line-834-e1f039b23418	claim-review-thread-batch-capture-py-compare-retained-pr-metadata-with-4c1c8f55436b	work-review-thread-batch-capture-py-original-line-834-e1f039b23418
832	PRRT_kwDOR3YK5M6cmx7e	path-manifest-json-e56e0e9c0801	source-manifest-json-original-line-1-e5894eb6dd96	claim-manifest-json-rename-retained-bundles-without-pr-ranges-6ec97b66706a	work-manifest-json-original-line-1-e5894eb6dd96
833	PRRT_kwDOR3YK5M6cmx7f	path-action-frontier-tsv-47bffed3c077	source-action-frontier-tsv-original-line-1-799bf27c95d0	claim-action-frontier-tsv-keep-one-canonical-copy-of-the-closed-1cdcd43adff3	work-action-frontier-tsv-original-line-1-799bf27c95d0
834	PRRT_kwDOR3YK5M6cmx7i	path-review-thread-batch-capture-py-d207123fc70b	source-review-thread-batch-capture-py-original-line-192-ebc202e7be5f	claim-review-thread-batch-capture-py-send-string-graphql-variables-as-4c6bd84a6e51	work-review-thread-batch-capture-py-original-line-192-ebc202e7be5f
835	PRRT_kwDOR3YK5M6cmx7o	path-review-thread-batch-capture-py-d207123fc70b	source-review-thread-batch-capture-py-original-line-890-e89c9867260a	claim-review-thread-batch-capture-py-reject-pages-retained-after-pagination-49694115e7cb	work-review-thread-batch-capture-py-original-line-890-e89c9867260a
836	PRRT_kwDOR3YK5M6cm0lo	path-r3v-current-program-status-md-086580537fc8	source-r3v-current-program-status-md-above-is-rung-zero-the-7c5726e21378	claim-r3v-current-program-status-md-record-the-discovery-method-for-4928d251a5b1	work-r3v-current-program-status-md-above-is-rung-zero-the-7c5726e21378
837	PRRT_kwDOR3YK5M6cm0l2	path-r3v-current-program-status-md-086580537fc8	source-r3v-current-program-status-md-above-is-rung-zero-the-7c5726e21378	claim-r3v-current-program-status-md-link-the-canonical-memory-placement-d6703279e7e4	work-r3v-current-program-status-md-above-is-rung-zero-the-7c5726e21378
838	PRRT_kwDOR3YK5M6cm0lv	path-r3v-current-program-status-md-086580537fc8	source-r3v-current-program-status-md-above-is-rung-zero-the-7c5726e21378	claim-r3v-current-program-status-md-describe-vram-residency-as-unproven-71735ad6e8a7	work-r3v-current-program-status-md-above-is-rung-zero-the-7c5726e21378
839	PRRT_kwDOR3YK5M6cm_G0	path-review-thread-classification-py-e10d50f6ac05	source-review-thread-classification-py-original-line-198-25908dca8c6d	claim-review-thread-classification-py-allow-classifications-to-transition-into-dfd9ce906f92	work-review-thread-classification-py-original-line-198-25908dca8c6d
840	PRRT_kwDOR3YK5M6cm_Gm	path-assessments-tsv-23c08a18e1e3	source-assessments-tsv-original-line-39-2d08f3d2e323	claim-assessments-tsv-track-the-removed-pair-targets-in-makefile-66b400b49cf4	work-assessments-tsv-original-line-39-2d08f3d2e323
841	PRRT_kwDOR3YK5M6cm_Gs	path-review-thread-classification-py-e10d50f6ac05	source-review-thread-classification-py-original-line-133-bf88f3e97378	claim-review-thread-classification-py-reject-reordered-assessment-rows-c274df39f207	work-review-thread-classification-py-original-line-133-bf88f3e97378
842	PRRT_kwDOR3YK5M6cm_Gw	path-assessments-tsv-23c08a18e1e3	source-assessments-tsv-original-line-2-40313d1487ef	claim-assessments-tsv-keep-the-evergreen-cmpxchg-log-thread-open-caa7b9ec4ea0	work-assessments-tsv-original-line-2-40313d1487ef
843	PRRT_kwDOR3YK5M6cnJc8	path-review-thread-resolution-py-8ddce0ca064c	source-review-thread-resolution-py-original-line-205-fcd7920434c0	claim-review-thread-resolution-py-validate-resolution-authority-before-mutatin-1faeee889413	work-review-thread-resolution-py-original-line-205-fcd7920434c0
844	PRRT_kwDOR3YK5M6cnJdC	path-review-thread-resolution-py-8ddce0ca064c	source-review-thread-resolution-py-original-line-220-94b704c8a28b	claim-review-thread-resolution-py-reconcile-successful-mutations-when-resuming-784e506cbd8c	work-review-thread-resolution-py-original-line-220-94b704c8a28b
845	PRRT_kwDOR3YK5M6cnJdH	path-review-thread-resolution-py-8ddce0ca064c	source-review-thread-resolution-py-original-line-238-a5909e803a24	claim-review-thread-resolution-py-keep-the-resolution-checker-read-only-92cbae73f7b4	work-review-thread-resolution-py-original-line-238-a5909e803a24
846	PRRT_kwDOR3YK5M6cnJdJ	path-review-thread-resolution-py-8ddce0ca064c	source-review-thread-resolution-py-original-line-184-8fa3088ae76b	claim-review-thread-resolution-py-reject-non-boolean-journal-completion-states-6cb36baf71d8	work-review-thread-resolution-py-original-line-184-8fa3088ae76b
847	PRRT_kwDOR3YK5M6cnJdL	path-review-thread-resolution-py-8ddce0ca064c	source-review-thread-resolution-py-original-line-226-ad77ca4a18e2	claim-review-thread-resolution-py-preserve-the-completed-journal-on-resolver-c259e5371203	work-review-thread-resolution-py-original-line-226-ad77ca4a18e2
848	PRRT_kwDOR3YK5M6cnMP3	path-merged-review-thread-resolution-campaign-md-03b80ae3fff6	source-merged-review-thread-resolution-campaign-md-relevant-focused-gate-resolu-05d35a82ffb2	claim-merged-review-thread-resolution-campaign-md-add-the-active-capture-7b966c52be98	work-merged-review-thread-resolution-campaign-md-relevant-focused-gate-resolu-05d35a82ffb2
849	PRRT_kwDOR3YK5M6cnTwQ	path-meson-build-c4a1b9a55e6e	source-meson-build-amd-terascale-formats-c-custom-target-2cb85e428d82	claim-meson-build-run-the-pytest-functions-in-the-registered-meson-44bc2cdca1d5	work-meson-build-amd-terascale-formats-c-custom-target-2cb85e428d82
850	PRRT_kwDOR3YK5M6cnUCO	path-gpuvis-trace-utils-h-749e830beb32	source-gpuvis-trace-utils-h-static-int-exec-tracecmd-argv-const-7eb61e99c875	claim-gpuvis-trace-utils-h-report-background-log-open-failures-523cb106d624	work-gpuvis-trace-utils-h-static-int-exec-tracecmd-argv-const-7eb61e99c875
851	PRRT_kwDOR3YK5M6cnzYC	path-draw-vs-nir-c-072802523a14	source-draw-vs-nir-c-draw-vs-nir-io-slots-const-890df8cecb4e	claim-draw-vs-nir-c-rebind-remapped-generic-output-semantics-537e86efc4d5	work-draw-vs-nir-c-draw-vs-nir-io-slots-const-890df8cecb4e
852	PRRT_kwDOR3YK5M6cnzYM	path-draw-vs-nir-c-072802523a14	source-draw-vs-nir-c-draw-vs-nir-io-slots-const-890df8cecb4e	claim-draw-vs-nir-c-preserve-semantics-for-variableless-lowered-outputs-a27d56ab23cf	work-draw-vs-nir-c-draw-vs-nir-io-slots-const-890df8cecb4e
853	PRRT_kwDOR3YK5M6cn_H-	path-merged-review-thread-batch-registry-tsv-b9903362bd10	source-merged-review-thread-batch-registry-tsv-original-line-4-a1248e8bc913	claim-merged-review-thread-batch-registry-tsv-wire-batch-0003-into-4de1848e2cbe	work-merged-review-thread-batch-registry-tsv-original-line-4-a1248e8bc913
854	PRRT_kwDOR3YK5M6cn_IA	path-action-frontier-tsv-3b895f01b524	source-action-frontier-tsv-original-line-2-d61223f31f48	claim-action-frontier-tsv-record-exact-discovery-techniques-for-the-new-1596df0644f3	work-action-frontier-tsv-original-line-2-d61223f31f48
855	PRRT_kwDOR3YK5M6cn_ID	path-action-frontier-tsv-3b895f01b524	source-action-frontier-tsv-original-line-35-6dd1ac63b0d0	claim-action-frontier-tsv-give-build-test-rows-an-executable-probe-3ddd022bd082	work-action-frontier-tsv-original-line-35-6dd1ac63b0d0
856	PRRT_kwDOR3YK5M6cn_IE	path-assessments-tsv-5757c02b4a6f	source-assessments-tsv-original-line-1-d9b87f81563c	claim-assessments-tsv-add-an-epistemic-tier-to-each-classified-claim-da761bb3d530	work-assessments-tsv-original-line-1-d9b87f81563c
857	PRRT_kwDOR3YK5M6cn_IG	path-assessments-tsv-5757c02b4a6f	source-assessments-tsv-original-line-22-04e954f2671c	claim-assessments-tsv-name-the-actual-deployment-consent-variable-75fbb96828cb	work-assessments-tsv-original-line-22-04e954f2671c
858	PRRT_kwDOR3YK5M6cn_II	path-assessments-tsv-5757c02b4a6f	source-assessments-tsv-original-line-19-dd8958b28cbb	claim-assessments-tsv-keep-the-install-hook-thread-open-until-its-4562f5349731	work-assessments-tsv-original-line-19-dd8958b28cbb
859	PRRT_kwDOR3YK5M6coGKc	path-makefile-55668cc0d77e	source-makefile-export-hostenv-input-46a68443b3d8	claim-makefile-avoid-invalidating-the-frontier-s-makefile-evidence-289885eecf8d	work-makefile-export-hostenv-input-46a68443b3d8
860	PRRT_kwDOR3YK5M6coGKf	path-makefile-55668cc0d77e	source-makefile-export-hostenv-input-46a68443b3d8	claim-makefile-continue-validating-the-closed-second-batch-669d1722f662	work-makefile-export-hostenv-input-46a68443b3d8
861	PRRT_kwDOR3YK5M6coNQ4	path-merged-review-thread-resolution-campaign-md-03b80ae3fff6	source-merged-review-thread-resolution-campaign-md-mutation-journal-records-an-439b6241a6a2	claim-merged-review-thread-resolution-campaign-md-rename-the-now-closed-ba2e107f47d7	work-merged-review-thread-resolution-campaign-md-mutation-journal-records-an-439b6241a6a2
862	PRRT_kwDOR3YK5M6coNQ7	path-merged-review-thread-batch-registry-tsv-b9903362bd10	source-merged-review-thread-batch-registry-tsv-original-line-4-a1248e8bc913	claim-merged-review-thread-batch-registry-tsv-qualify-the-actual-commit-2022fb9dc473	work-merged-review-thread-batch-registry-tsv-original-line-4-a1248e8bc913
863	PRRT_kwDOR3YK5M6coNTm	path-action-frontier-tsv-3b895f01b524	source-action-frontier-tsv-original-line-3-5ec2357b6366	claim-action-frontier-tsv-cover-retired-target-absence-across-the-whole-4d5df571a635	work-action-frontier-tsv-original-line-3-5ec2357b6366
864	PRRT_kwDOR3YK5M6coNTp	path-review-thread-frontier-py-534e8a00ad35	source-review-thread-frontier-py-def-validate-files-b1b80460c88e	claim-review-thread-frontier-py-bind-worktree-evidence-for-the-full-1a6ae2530a42	work-review-thread-frontier-py-def-validate-files-b1b80460c88e
865	PRRT_kwDOR3YK5M6coWE1	path-merged-review-thread-resolution-campaign-md-03b80ae3fff6	source-merged-review-thread-resolution-campaign-md-relevant-focused-gate-resolu-05d35a82ffb2	claim-merged-review-thread-resolution-campaign-md-count-the-supplemental-respo-4ee275154500	work-merged-review-thread-resolution-campaign-md-relevant-focused-gate-resolu-05d35a82ffb2
866	PRRT_kwDOR3YK5M6coWEa	path-merged-review-thread-batch-registry-tsv-b9903362bd10	source-merged-review-thread-batch-registry-tsv-batch-id-state-denominator-af4e50a9dc52	claim-merged-review-thread-batch-registry-tsv-replace-the-chronological-fronti-30d842233d2a	work-merged-review-thread-batch-registry-tsv-batch-id-state-denominator-af4e50a9dc52
867	PRRT_kwDOR3YK5M6coWEg	path-merged-review-thread-batch-registry-tsv-b9903362bd10	source-merged-review-thread-batch-registry-tsv-batch-id-state-denominator-af4e50a9dc52	claim-merged-review-thread-batch-registry-tsv-add-the-active-capture-f83d8a5d35da	work-merged-review-thread-batch-registry-tsv-batch-id-state-denominator-af4e50a9dc52
868	PRRT_kwDOR3YK5M6coWEm	path-merged-review-thread-resolution-campaign-md-03b80ae3fff6	source-merged-review-thread-resolution-campaign-md-relevant-focused-gate-resolu-05d35a82ffb2	claim-merged-review-thread-resolution-campaign-md-move-the-retained-capture-8100dcd9dedc	work-merged-review-thread-resolution-campaign-md-relevant-focused-gate-resolu-05d35a82ffb2
869	PRRT_kwDOR3YK5M6coWEu	path-default-branch-graphql-4b3579a50691	source-default-branch-graphql-original-line-2-91183b2abe1b	claim-default-branch-graphql-add-spdx-grants-to-the-new-graphql-0d51cea801ec	work-default-branch-graphql-original-line-2-91183b2abe1b
870	PRRT_kwDOR3YK5M6coxvi	path-makefile-55668cc0d77e	source-makefile-audit-source-root-check-source-root-control-unit-test-fbe7f8ea0dfa	claim-makefile-read-ccache-s-configured-compiler-path-before-probing-1a9f15c0456b	work-makefile-audit-source-root-check-source-root-control-unit-test-fbe7f8ea0dfa
871	PRRT_kwDOR3YK5M6cpCXy	path-draw-vs-nir-c-072802523a14	source-draw-vs-nir-c-draw-vs-nir-io-spans-nir-7c46090b44d1	claim-draw-vs-nir-c-bounds-check-the-dynamic-offset-before-80ccd7c39db1	work-draw-vs-nir-c-draw-vs-nir-io-spans-nir-7c46090b44d1
872	PRRT_kwDOR3YK5M6cpCX0	path-draw-vs-nir-c-072802523a14	source-draw-vs-nir-c-draw-vs-nir-io-spans-nir-7c46090b44d1	claim-draw-vs-nir-c-reject-dynamically-indexed-compact-output-arrays-63105dae824a	work-draw-vs-nir-c-draw-vs-nir-io-spans-nir-7c46090b44d1
873	PRRT_kwDOR3YK5M6cpCX5	path-draw-vs-nir-c-072802523a14	source-draw-vs-nir-c-draw-vs-nir-io-spans-nir-7c46090b44d1	claim-draw-vs-nir-c-decode-r300-s-float-domain-output-4d4e66476074	work-draw-vs-nir-c-draw-vs-nir-io-spans-nir-7c46090b44d1
874	PRRT_kwDOR3YK5M6cpsJr	path-rs482-producer-alu-compaction-design-md-ef5d88ec4e4a	source-rs482-producer-alu-compaction-design-md-fp24-carry-bo-round-faec709aa998	claim-rs482-producer-alu-compaction-design-md-update-the-companion-source-a0fb0094b634	work-rs482-producer-alu-compaction-design-md-fp24-carry-bo-round-faec709aa998
875	PRRT_kwDOR3YK5M6cpsJv	path-rs482-producer-alu-compaction-design-md-ef5d88ec4e4a	source-rs482-producer-alu-compaction-design-md-fp24-carry-bo-round-faec709aa998	claim-rs482-producer-alu-compaction-design-md-require-a-source-read-ec9e4cb40a8d	work-rs482-producer-alu-compaction-design-md-fp24-carry-bo-round-faec709aa998
876	PRRT_kwDOR3YK5M6cpsJy	path-rs482-producer-alu-compaction-design-md-ef5d88ec4e4a	source-rs482-producer-alu-compaction-design-md-fp24-carry-bo-round-faec709aa998	claim-rs482-producer-alu-compaction-design-md-use-the-retained-negative-191f73c287d0	work-rs482-producer-alu-compaction-design-md-fp24-carry-bo-round-faec709aa998
877	PRRT_kwDOR3YK5M6cqmNA	path-assessments-tsv-0f493dd80746	source-assessments-tsv-original-line-14-b5c418cce13c	claim-assessments-tsv-reclassify-the-retained-hbtcl-02c-definition-5969c6e6a928	work-assessments-tsv-original-line-14-b5c418cce13c
878	PRRT_kwDOR3YK5M6cqmNE	path-assessments-tsv-0f493dd80746	source-assessments-tsv-original-line-31-750161afdd61	claim-assessments-tsv-reclassify-the-implemented-typed-split-gate-dda97584e877	work-assessments-tsv-original-line-31-750161afdd61
879	PRRT_kwDOR3YK5M6cqmNG	path-assessments-tsv-0f493dd80746	source-assessments-tsv-original-line-30-4c1acf87a0df	claim-assessments-tsv-record-the-missing-rtz-discriminator-bb9bf31bfab3	work-assessments-tsv-original-line-30-4c1acf87a0df
880	PRRT_kwDOR3YK5M6cqmNH	path-test-review-thread-classification-py-5566ca98bde2	source-test-review-thread-classification-py-def-test-third-classification-rejec-0c8bca7844ec	claim-test-review-thread-classification-py-wire-batch-0004-into-the-0035dd5b78a2	work-test-review-thread-classification-py-def-test-third-classification-rejec-0c8bca7844ec
881	PRRT_kwDOR3YK5M6cqsGy	path-assessments-tsv-0f493dd80746	source-assessments-tsv-original-line-3-a302c36b493c	claim-assessments-tsv-keep-the-production-distcc-audit-inside-the-evidence-558cdaa29134	work-assessments-tsv-original-line-3-a302c36b493c
882	PRRT_kwDOR3YK5M6crIP0	path-assessments-tsv-d6c39c1adab3	source-assessments-tsv-original-line-27-d49f6cb27c59	claim-assessments-tsv-keep-bare-repository-root-isolation-actionable-875992f653aa	work-assessments-tsv-original-line-27-d49f6cb27c59
883	PRRT_kwDOR3YK5M6crIP2	path-assessments-tsv-d6c39c1adab3	source-assessments-tsv-original-line-36-811a9dd30499	claim-assessments-tsv-keep-source-view-root-isolation-actionable-e9ece63611a8	work-assessments-tsv-original-line-36-811a9dd30499
884	PRRT_kwDOR3YK5M6crIP6	path-merged-review-thread-resolution-campaign-md-03b80ae3fff6	source-merged-review-thread-resolution-campaign-md-at-2026-08-27t01-c49196f96102	claim-merged-review-thread-resolution-campaign-md-preserve-the-all-row-5a7fe15f0009	work-merged-review-thread-resolution-campaign-md-at-2026-08-27t01-c49196f96102
885	PRRT_kwDOR3YK5M6crIPy	path-assessments-tsv-d6c39c1adab3	source-assessments-tsv-original-line-23-e17ba9f16052	claim-assessments-tsv-keep-nonhexadecimal-build-ids-actionable-6b692a8cfadc	work-assessments-tsv-original-line-23-e17ba9f16052
886	PRRT_kwDOR3YK5M6craB9	path-headless-hardware-gl-runner-md-3d8898424e14	source-headless-hardware-gl-runner-md-original-line-90-83fa0d378af4	claim-headless-hardware-gl-runner-md-open-the-selected-render-node-e34d4780a97d	work-headless-hardware-gl-runner-md-original-line-90-83fa0d378af4
887	PRRT_kwDOR3YK5M6craCA	path-headless-hardware-gl-runner-md-3d8898424e14	source-headless-hardware-gl-runner-md-original-line-265-4150631086e2	claim-headless-hardware-gl-runner-md-fail-closed-on-each-provider-042e0aadf70b	work-headless-hardware-gl-runner-md-original-line-265-4150631086e2
888	PRRT_kwDOR3YK5M6craCD	path-headless-hardware-gl-runner-md-3d8898424e14	source-headless-hardware-gl-runner-md-original-line-224-ef0aca13d6ea	claim-headless-hardware-gl-runner-md-restore-the-display-manager-on-ea22708797a2	work-headless-hardware-gl-runner-md-original-line-224-ef0aca13d6ea
889	PRRT_kwDOR3YK5M6craCJ	path-headless-hardware-gl-runner-md-3d8898424e14	source-headless-hardware-gl-runner-md-original-line-323-f2c3a5e49eea	claim-headless-hardware-gl-runner-md-verify-the-unit-pid-before-d352a682ebec	work-headless-hardware-gl-runner-md-original-line-323-f2c3a5e49eea
890	PRRT_kwDOR3YK5M6craCM	path-headless-hardware-gl-runner-md-3d8898424e14	source-headless-hardware-gl-runner-md-original-line-305-81c4ce1f4083	claim-headless-hardware-gl-runner-md-reject-kernel-deltas-that-contain-2e826958eeb6	work-headless-hardware-gl-runner-md-original-line-305-81c4ce1f4083
891	PRRT_kwDOR3YK5M6craCP	path-headless-hardware-gl-runner-md-3d8898424e14	source-headless-hardware-gl-runner-md-original-line-35-833190efb695	claim-headless-hardware-gl-runner-md-normalize-accepted-pci-bdfs-before-5b748aa72aeb	work-headless-hardware-gl-runner-md-original-line-35-833190efb695
892	PRRT_kwDOR3YK5M6craCR	path-headless-hardware-gl-runner-md-3d8898424e14	source-headless-hardware-gl-runner-md-original-line-218-33ecc7adae55	claim-headless-hardware-gl-runner-md-launch-xorg-with-the-selected-4e8834282205	work-headless-hardware-gl-runner-md-original-line-218-33ecc7adae55
893	PRRT_kwDOR3YK5M6cr2AR	path-driver-root-audit-py-c0c8ebccd406	source-driver-root-audit-py-original-line-332-02f627bc764a	claim-driver-root-audit-py-bind-the-radv-suffix-to-its-f1b87f97a0e2	work-driver-root-audit-py-original-line-332-02f627bc764a
894	PRRT_kwDOR3YK5M6cr2AS	path-driver-root-audit-py-c0c8ebccd406	source-driver-root-audit-py-original-line-125-391a5d24666f	claim-driver-root-audit-py-stop-accepting-calls-after-subdir-termination-2780ae891c48	work-driver-root-audit-py-original-line-125-391a5d24666f
895	PRRT_kwDOR3YK5M6cr2AX	path-driver-root-audit-py-c0c8ebccd406	source-driver-root-audit-py-original-line-33-ecb0a05e2a51	claim-driver-root-audit-py-use-the-python-environment-that-owns-f112df958e5c	work-driver-root-audit-py-original-line-33-ecb0a05e2a51
896	PRRT_kwDOR3YK5M6csT9h	path-rs482-source-authority-md-f9e764e52d54	source-rs482-source-authority-md-evidence-and-leaves-the-source-to-3bf9c6f51183	claim-rs482-source-authority-md-constrain-the-evidence-commit-as-a-9f1bc8a646b4	work-rs482-source-authority-md-evidence-and-leaves-the-source-to-3bf9c6f51183
897	PRRT_kwDOR3YK5M6csT9i	path-rs482-stack-manifest-schema-json-79b2d01e03b8	source-rs482-stack-manifest-schema-json-original-line-33-6a316625e39d	claim-rs482-stack-manifest-schema-json-reject-odd-length-elf-build-1fe52197b30f	work-rs482-stack-manifest-schema-json-original-line-33-6a316625e39d
898	PRRT_kwDOR3YK5M6c3wqe	path-merged-review-thread-resolution-campaign-md-03b80ae3fff6	source-merged-review-thread-resolution-campaign-md-the-production-root-account-3dd75e93f2d8	claim-merged-review-thread-resolution-campaign-md-retain-the-four-out-c7c9617a8fc0	work-merged-review-thread-resolution-campaign-md-the-production-root-account-3dd75e93f2d8
899	PRRT_kwDOR3YK5M6c9ONa	path-merged-review-thread-resolution-campaign-md-03b80ae3fff6	source-merged-review-thread-resolution-campaign-md-falsifier-and-merged-evidenc-f4cd15b60dda	claim-merged-review-thread-resolution-campaign-md-update-the-canonical-fifth-9f8d7778f790	work-merged-review-thread-resolution-campaign-md-falsifier-and-merged-evidenc-f4cd15b60dda
900	PRRT_kwDOR3YK5M6c-egT	path-merged-review-thread-resolution-campaign-md-03b80ae3fff6	source-merged-review-thread-resolution-campaign-md-commits-are-ancestors-of-c56018865d37	claim-merged-review-thread-resolution-campaign-md-wire-the-sixth-batch-e38aafb638ae	work-merged-review-thread-resolution-campaign-md-commits-are-ancestors-of-c56018865d37
901	PRRT_kwDOR3YK5M6c-egb	path-assessments-tsv-1c233727b1ee	source-assessments-tsv-original-line-40-228a93ad9a94	claim-assessments-tsv-advance-the-window-route-evidence-commit-172ea98567c0	work-assessments-tsv-original-line-40-228a93ad9a94
902	PRRT_kwDOR3YK5M6c-ege	path-assessments-tsv-1c233727b1ee	source-assessments-tsv-original-line-45-1d3986f00581	claim-assessments-tsv-bound-the-generated-header-policy-evidence-target-0434e0c97a08	work-assessments-tsv-original-line-45-1d3986f00581
903	PRRT_kwDOR3YK5M6c-egj	path-assessments-tsv-1c233727b1ee	source-assessments-tsv-original-line-1-4272c32ad20e	claim-assessments-tsv-rename-the-classification-directory-by-its-mechanism-769237326db6	work-assessments-tsv-original-line-1-4272c32ad20e
904	PRRT_kwDOR3YK5M6dBuyx	path-r3v-native-attended-msaa-resolve-procedure-md-5a669bca8b41	source-r3v-native-attended-msaa-resolve-procedure-md-entry-names-the-d7bb7b6eeb68	claim-r3v-native-attended-msaa-resolve-procedure-md-issue-the-recorded-79039bf39a89	work-r3v-native-attended-msaa-resolve-procedure-md-entry-names-the-d7bb7b6eeb68
905	PRRT_kwDOR3YK5M6dCknc	path-makefile-55668cc0d77e	source-makefile-define-install-pair-449377484755	claim-makefile-keep-reproducible-tier-builds-packageable-9250072b36a3	work-makefile-define-install-pair-449377484755
906	PRRT_kwDOR3YK5M6dCknd	path-pkgbuild-082e95ad28f5	source-pkgbuild-source-pkgname-git-https-github-com-oichkatzelesfrettschen-mesa-9d9ada369fd1	claim-pkgbuild-regenerate-the-loader-script-checksums-11b4b52bf104	work-pkgbuild-source-pkgname-git-https-github-com-oichkatzelesfrettschen-mesa-9d9ada369fd1
907	PRRT_kwDOR3YK5M6dCkne	path-r3v-conformance-runner-py-8edd259f1d68	source-r3v-conformance-runner-py-def-hazard-probe-e018b4523c20	claim-r3v-conformance-runner-py-preserve-version-3-receipt-semantics-during-08d94e8d1dff	work-r3v-conformance-runner-py-def-hazard-probe-e018b4523c20
908	PRRT_kwDOR3YK5M6dDAa2	path-device-c-99b29bb55454	source-device-c-drm-shim-inherited-identity-locator-char-instance-33-c57e25e753d8	claim-device-c-handle-changed-device-locators-created-by-spawn-actions-a48b9b6134cc	work-device-c-drm-shim-inherited-identity-locator-char-instance-33-c57e25e753d8
909	PRRT_kwDOR3YK5M6dFTJD	path-action-frontier-tsv-4cb8b8138124	source-action-frontier-tsv-drm-shim-state-token-exec-locator-p2-cd4fb6779795	claim-action-frontier-tsv-keep-view-index-closure-open-until-count-e200e38ca0b6	work-action-frontier-tsv-drm-shim-state-token-exec-locator-p2-cd4fb6779795
910	PRRT_kwDOR3YK5M6dGxH3	path-r300-tcl-bypass-triangle-c-315952faddd2	source-r300-tcl-bypass-triangle-c-r300-tcl-bypass-triangle-multi-6ad4bc2b3fe4	claim-r300-tcl-bypass-triangle-c-reject-non-reference-shapes-in-1d7929f07b76	work-r300-tcl-bypass-triangle-c-r300-tcl-bypass-triangle-multi-6ad4bc2b3fe4
911	PRRT_kwDOR3YK5M6dGxHy	path-r300-tcl-bypass-triangle-h-ad9f94ebab59	source-r300-tcl-bypass-triangle-h-struct-r300-triangle-render-shape-e3e5869b4880	claim-r300-tcl-bypass-triangle-h-honor-varying-passes-in-the-9e71bcfa64e9	work-r300-tcl-bypass-triangle-h-struct-r300-triangle-render-shape-e3e5869b4880
