Pass	dEQP-VK.api.info.format_properties.b8g8r8a8_unorm
Pass	dEQP-VK.api.info.format_properties.d24_unorm_s8_uint
Fail	dEQP-VK.api.info.format_properties.r8g8b8a8_unorm
Pass	dEQP-VK.api.info.get_physical_device_properties2.features.16_bit_storage_features
Pass	dEQP-VK.api.info.get_physical_device_properties2.features.4444_formats_features_ext
Pass	dEQP-VK.api.info.get_physical_device_properties2.features.8_bit_storage_features
Pass	dEQP-VK.api.info.get_physical_device_properties2.features.acceleration_structure_features_khr
Pass	dEQP-VK.api.info.get_physical_device_properties2.features.address_binding_report_features_ext
Pass	dEQP-VK.api.info.get_physical_device_properties2.features.astc_decode_features_ext
Pass	dEQP-VK.api.info.get_physical_device_properties2.features.attachment_feedback_loop_dynamic_state_features_ext
Pass	dEQP-VK.api.info.get_physical_device_properties2.features.attachment_feedback_loop_layout_features_ext
Pass	dEQP-VK.api.info.get_physical_device_properties2.features.blend_operation_advanced_features_ext
Pass	dEQP-VK.api.info.get_physical_device_properties2.features.border_color_swizzle_features_ext
Pass	dEQP-VK.api.info.get_physical_device_properties2.features.buffer_device_address_features
Pass	dEQP-VK.api.info.get_physical_device_properties2.features.buffer_device_address_features_ext
Pass	dEQP-VK.api.info.get_physical_device_properties2.features.color_write_enable_features_ext
Pass	dEQP-VK.api.info.get_physical_device_properties2.features.compute_shader_derivatives_features_khr
Pass	dEQP-VK.api.info.get_physical_device_properties2.features.conditional_rendering_features_ext
Pass	dEQP-VK.api.info.get_physical_device_properties2.features.cooperative_matrix_features_khr
Pass	dEQP-VK.api.info.get_physical_device_properties2.features.copy_memory_indirect_features_khr
Pass	dEQP-VK.api.info.get_physical_device_properties2.features.core
NotSupported	dEQP-VK.api.info.get_physical_device_properties2.features.create_device_with_promoted11_structures
NotSupported	dEQP-VK.api.info.get_physical_device_properties2.features.create_device_with_promoted12_structures
NotSupported	dEQP-VK.api.info.get_physical_device_properties2.features.create_device_with_promoted13_structures
NotSupported	dEQP-VK.api.info.get_physical_device_properties2.features.create_device_with_promoted14_structures
Pass	dEQP-VK.api.info.get_physical_device_properties2.features.custom_border_color_features_ext
Pass	dEQP-VK.api.info.get_physical_device_properties2.features.custom_resolve_features_ext
Pass	dEQP-VK.api.info.get_physical_device_properties2.features.depth_bias_control_features_ext
Pass	dEQP-VK.api.info.get_physical_device_properties2.features.depth_clamp_control_features_ext
Pass	dEQP-VK.api.info.get_physical_device_properties2.features.depth_clamp_zero_one_features_khr
Pass	dEQP-VK.api.info.get_physical_device_properties2.features.depth_clip_control_features_ext
Pass	dEQP-VK.api.info.get_physical_device_properties2.features.depth_clip_enable_features_ext
Pass	dEQP-VK.api.info.get_physical_device_properties2.features.descriptor_buffer_features_ext
Pass	dEQP-VK.api.info.get_physical_device_properties2.features.descriptor_heap_features_ext
Pass	dEQP-VK.api.info.get_physical_device_properties2.features.descriptor_indexing_features
Pass	dEQP-VK.api.info.get_physical_device_properties2.features.device_address_commands_features_khr
Pass	dEQP-VK.api.info.get_physical_device_properties2.features.device_generated_commands_features_ext
Pass	dEQP-VK.api.info.get_physical_device_properties2.features.device_memory_report_features_ext
Pass	dEQP-VK.api.info.get_physical_device_properties2.features.dynamic_rendering_features
Pass	dEQP-VK.api.info.get_physical_device_properties2.features.dynamic_rendering_local_read_features
Pass	dEQP-VK.api.info.get_physical_device_properties2.features.dynamic_rendering_unused_attachments_features_ext
Pass	dEQP-VK.api.info.get_physical_device_properties2.features.extended_dynamic_state2_features_ext
Pass	dEQP-VK.api.info.get_physical_device_properties2.features.extended_dynamic_state3_features_ext
Pass	dEQP-VK.api.info.get_physical_device_properties2.features.extended_dynamic_state_features_ext
Pass	dEQP-VK.api.info.get_physical_device_properties2.features.fault_features_ext
Pass	dEQP-VK.api.info.get_physical_device_properties2.features.fragment_density_map2_features_ext
Pass	dEQP-VK.api.info.get_physical_device_properties2.features.fragment_density_map_features_ext
Pass	dEQP-VK.api.info.get_physical_device_properties2.features.fragment_density_map_offset_features_ext
Pass	dEQP-VK.api.info.get_physical_device_properties2.features.fragment_shader_barycentric_features_khr
Pass	dEQP-VK.api.info.get_physical_device_properties2.features.fragment_shader_interlock_features_ext
Pass	dEQP-VK.api.info.get_physical_device_properties2.features.fragment_shading_rate_features_khr
Pass	dEQP-VK.api.info.get_physical_device_properties2.features.frame_boundary_features_ext
Pass	dEQP-VK.api.info.get_physical_device_properties2.features.global_priority_query_features
Pass	dEQP-VK.api.info.get_physical_device_properties2.features.graphics_pipeline_library_features_ext
Pass	dEQP-VK.api.info.get_physical_device_properties2.features.host_image_copy_features
Pass	dEQP-VK.api.info.get_physical_device_properties2.features.host_query_reset_features
Pass	dEQP-VK.api.info.get_physical_device_properties2.features.image_2d_view_of_3d_features_ext
Pass	dEQP-VK.api.info.get_physical_device_properties2.features.image_compression_control_features_ext
Pass	dEQP-VK.api.info.get_physical_device_properties2.features.image_compression_control_swapchain_features_ext
Pass	dEQP-VK.api.info.get_physical_device_properties2.features.image_robustness_features
Pass	dEQP-VK.api.info.get_physical_device_properties2.features.image_sliced_view_of_3d_features_ext
Pass	dEQP-VK.api.info.get_physical_device_properties2.features.image_view_min_lod_features_ext
Pass	dEQP-VK.api.info.get_physical_device_properties2.features.imageless_framebuffer_features
Pass	dEQP-VK.api.info.get_physical_device_properties2.features.index_type_uint8_features
Pass	dEQP-VK.api.info.get_physical_device_properties2.features.inline_uniform_block_features
Pass	dEQP-VK.api.info.get_physical_device_properties2.features.internally_synchronized_queues_features_khr
Pass	dEQP-VK.api.info.get_physical_device_properties2.features.legacy_dithering_features_ext
Pass	dEQP-VK.api.info.get_physical_device_properties2.features.legacy_vertex_attributes_features_ext
Pass	dEQP-VK.api.info.get_physical_device_properties2.features.line_rasterization_features
Pass	dEQP-VK.api.info.get_physical_device_properties2.features.maintenance10_features_khr
Pass	dEQP-VK.api.info.get_physical_device_properties2.features.maintenance4_features
Pass	dEQP-VK.api.info.get_physical_device_properties2.features.maintenance5_features
Pass	dEQP-VK.api.info.get_physical_device_properties2.features.maintenance6_features
Pass	dEQP-VK.api.info.get_physical_device_properties2.features.maintenance7_features_khr
Pass	dEQP-VK.api.info.get_physical_device_properties2.features.maintenance8_features_khr
Pass	dEQP-VK.api.info.get_physical_device_properties2.features.maintenance9_features_khr
Pass	dEQP-VK.api.info.get_physical_device_properties2.features.map_memory_placed_features_ext
Pass	dEQP-VK.api.info.get_physical_device_properties2.features.memory_decompression_features_ext
Pass	dEQP-VK.api.info.get_physical_device_properties2.features.memory_priority_features_ext
Pass	dEQP-VK.api.info.get_physical_device_properties2.features.mesh_shader_features_ext
Pass	dEQP-VK.api.info.get_physical_device_properties2.features.multi_draw_features_ext
Pass	dEQP-VK.api.info.get_physical_device_properties2.features.multisampled_render_to_single_sampled_features_ext
Pass	dEQP-VK.api.info.get_physical_device_properties2.features.multiview_features
Pass	dEQP-VK.api.info.get_physical_device_properties2.features.mutable_descriptor_type_features_ext
Pass	dEQP-VK.api.info.get_physical_device_properties2.features.nested_command_buffer_features_ext
Pass	dEQP-VK.api.info.get_physical_device_properties2.features.non_seamless_cube_map_features_ext
Pass	dEQP-VK.api.info.get_physical_device_properties2.features.opacity_micromap_features_ext
Pass	dEQP-VK.api.info.get_physical_device_properties2.features.pageable_device_local_memory_features_ext
Pass	dEQP-VK.api.info.get_physical_device_properties2.features.performance_query_features_khr
Pass	dEQP-VK.api.info.get_physical_device_properties2.features.pipeline_binary_features_khr
Pass	dEQP-VK.api.info.get_physical_device_properties2.features.pipeline_creation_cache_control_features
Pass	dEQP-VK.api.info.get_physical_device_properties2.features.pipeline_executable_properties_features_khr
Pass	dEQP-VK.api.info.get_physical_device_properties2.features.pipeline_library_group_handles_features_ext
Pass	dEQP-VK.api.info.get_physical_device_properties2.features.pipeline_properties_features_ext
Pass	dEQP-VK.api.info.get_physical_device_properties2.features.pipeline_protected_access_features
Pass	dEQP-VK.api.info.get_physical_device_properties2.features.pipeline_robustness_features
Pass	dEQP-VK.api.info.get_physical_device_properties2.features.portability_subset_features_khr
Pass	dEQP-VK.api.info.get_physical_device_properties2.features.present_id2_features_khr
Pass	dEQP-VK.api.info.get_physical_device_properties2.features.present_id_features_khr
Pass	dEQP-VK.api.info.get_physical_device_properties2.features.present_mode_fifo_latest_ready_features_khr
Pass	dEQP-VK.api.info.get_physical_device_properties2.features.present_timing_features_ext
Pass	dEQP-VK.api.info.get_physical_device_properties2.features.present_wait2_features_khr
Pass	dEQP-VK.api.info.get_physical_device_properties2.features.present_wait_features_khr
Pass	dEQP-VK.api.info.get_physical_device_properties2.features.primitive_topology_list_restart_features_ext
Pass	dEQP-VK.api.info.get_physical_device_properties2.features.primitives_generated_query_features_ext
Pass	dEQP-VK.api.info.get_physical_device_properties2.features.private_data_features
Pass	dEQP-VK.api.info.get_physical_device_properties2.features.protected_memory_features
Pass	dEQP-VK.api.info.get_physical_device_properties2.features.provoking_vertex_features_ext
Pass	dEQP-VK.api.info.get_physical_device_properties2.features.rasterization_order_attachment_access_features_ext
Pass	dEQP-VK.api.info.get_physical_device_properties2.features.ray_query_features_khr
Pass	dEQP-VK.api.info.get_physical_device_properties2.features.ray_tracing_invocation_reorder_features_ext
Pass	dEQP-VK.api.info.get_physical_device_properties2.features.ray_tracing_maintenance1_features_khr
Pass	dEQP-VK.api.info.get_physical_device_properties2.features.ray_tracing_pipeline_features_khr
Pass	dEQP-VK.api.info.get_physical_device_properties2.features.ray_tracing_position_fetch_features_khr
Pass	dEQP-VK.api.info.get_physical_device_properties2.features.rgba10_x6_formats_features_ext
Pass	dEQP-VK.api.info.get_physical_device_properties2.features.robustness2_features_khr
Pass	dEQP-VK.api.info.get_physical_device_properties2.features.sampler_ycbcr_conversion_features
Pass	dEQP-VK.api.info.get_physical_device_properties2.features.scalar_block_layout_features
Pass	dEQP-VK.api.info.get_physical_device_properties2.features.separate_depth_stencil_layouts_features
Pass	dEQP-VK.api.info.get_physical_device_properties2.features.shader64_bit_indexing_features_ext
Pass	dEQP-VK.api.info.get_physical_device_properties2.features.shader_atomic_float2_features_ext
Pass	dEQP-VK.api.info.get_physical_device_properties2.features.shader_atomic_float_features_ext
Pass	dEQP-VK.api.info.get_physical_device_properties2.features.shader_atomic_int64_features
Pass	dEQP-VK.api.info.get_physical_device_properties2.features.shader_bfloat16_features_khr
Pass	dEQP-VK.api.info.get_physical_device_properties2.features.shader_clock_features_khr
Pass	dEQP-VK.api.info.get_physical_device_properties2.features.shader_demote_to_helper_invocation_features
Pass	dEQP-VK.api.info.get_physical_device_properties2.features.shader_draw_parameters_features
Pass	dEQP-VK.api.info.get_physical_device_properties2.features.shader_expect_assume_features
Pass	dEQP-VK.api.info.get_physical_device_properties2.features.shader_float16_int8_features
Pass	dEQP-VK.api.info.get_physical_device_properties2.features.shader_float8_features_ext
Pass	dEQP-VK.api.info.get_physical_device_properties2.features.shader_float_controls2_features
Pass	dEQP-VK.api.info.get_physical_device_properties2.features.shader_fma_features_khr
Pass	dEQP-VK.api.info.get_physical_device_properties2.features.shader_image_atomic_int64_features_ext
Pass	dEQP-VK.api.info.get_physical_device_properties2.features.shader_integer_dot_product_features
Pass	dEQP-VK.api.info.get_physical_device_properties2.features.shader_long_vector_features_ext
Pass	dEQP-VK.api.info.get_physical_device_properties2.features.shader_maximal_reconvergence_features_khr
Pass	dEQP-VK.api.info.get_physical_device_properties2.features.shader_module_identifier_features_ext
Pass	dEQP-VK.api.info.get_physical_device_properties2.features.shader_object_features_ext
Pass	dEQP-VK.api.info.get_physical_device_properties2.features.shader_quad_control_features_khr
Pass	dEQP-VK.api.info.get_physical_device_properties2.features.shader_relaxed_extended_instruction_features_khr
Pass	dEQP-VK.api.info.get_physical_device_properties2.features.shader_replicated_composites_features_ext
Pass	dEQP-VK.api.info.get_physical_device_properties2.features.shader_subgroup_extended_types_features
Pass	dEQP-VK.api.info.get_physical_device_properties2.features.shader_subgroup_partitioned_features_ext
Pass	dEQP-VK.api.info.get_physical_device_properties2.features.shader_subgroup_rotate_features
NotSupported	dEQP-VK.api.info.get_physical_device_properties2.features.shader_subgroup_rotate_property_consistency_khr
Pass	dEQP-VK.api.info.get_physical_device_properties2.features.shader_subgroup_uniform_control_flow_features_khr
Pass	dEQP-VK.api.info.get_physical_device_properties2.features.shader_terminate_invocation_features
Pass	dEQP-VK.api.info.get_physical_device_properties2.features.shader_tile_image_features_ext
Pass	dEQP-VK.api.info.get_physical_device_properties2.features.shader_uniform_buffer_unsized_array_features_ext
Pass	dEQP-VK.api.info.get_physical_device_properties2.features.shader_untyped_pointers_features_khr
Pass	dEQP-VK.api.info.get_physical_device_properties2.features.subgroup_size_control_features
Pass	dEQP-VK.api.info.get_physical_device_properties2.features.subpass_merge_feedback_features_ext
Pass	dEQP-VK.api.info.get_physical_device_properties2.features.swapchain_maintenance1_features_khr
Pass	dEQP-VK.api.info.get_physical_device_properties2.features.synchronization2_features
Pass	dEQP-VK.api.info.get_physical_device_properties2.features.texel_buffer_alignment_features_ext
Pass	dEQP-VK.api.info.get_physical_device_properties2.features.texture_compression_astc_3d_features_ext
Pass	dEQP-VK.api.info.get_physical_device_properties2.features.texture_compression_astchdr_features
Pass	dEQP-VK.api.info.get_physical_device_properties2.features.timeline_semaphore_features
Pass	dEQP-VK.api.info.get_physical_device_properties2.features.transform_feedback_features_ext
Pass	dEQP-VK.api.info.get_physical_device_properties2.features.unified_image_layouts_features_khr
Pass	dEQP-VK.api.info.get_physical_device_properties2.features.uniform_buffer_standard_layout_features
Pass	dEQP-VK.api.info.get_physical_device_properties2.features.variable_pointers_features
Pass	dEQP-VK.api.info.get_physical_device_properties2.features.vertex_attribute_divisor_features
Pass	dEQP-VK.api.info.get_physical_device_properties2.features.vertex_attribute_robustness_features_ext
Pass	dEQP-VK.api.info.get_physical_device_properties2.features.vertex_input_dynamic_state_features_ext
Pass	dEQP-VK.api.info.get_physical_device_properties2.features.video_decode_vp9_features_khr
Pass	dEQP-VK.api.info.get_physical_device_properties2.features.video_encode_av1_features_khr
Pass	dEQP-VK.api.info.get_physical_device_properties2.features.video_encode_intra_refresh_features_khr
Pass	dEQP-VK.api.info.get_physical_device_properties2.features.video_encode_quantization_map_features_khr
Pass	dEQP-VK.api.info.get_physical_device_properties2.features.video_maintenance1_features_khr
Pass	dEQP-VK.api.info.get_physical_device_properties2.features.video_maintenance2_features_khr
Pass	dEQP-VK.api.info.get_physical_device_properties2.features.vulkan11_features
Pass	dEQP-VK.api.info.get_physical_device_properties2.features.vulkan12_features
Pass	dEQP-VK.api.info.get_physical_device_properties2.features.vulkan13_features
Pass	dEQP-VK.api.info.get_physical_device_properties2.features.vulkan14_features
Pass	dEQP-VK.api.info.get_physical_device_properties2.features.vulkan_memory_model_features
Pass	dEQP-VK.api.info.get_physical_device_properties2.features.workgroup_memory_explicit_layout_features_khr
Pass	dEQP-VK.api.info.get_physical_device_properties2.features.ycbcr2_plane444_formats_features_ext
Pass	dEQP-VK.api.info.get_physical_device_properties2.features.ycbcr_image_arrays_features_ext
Pass	dEQP-VK.api.info.get_physical_device_properties2.features.zero_initialize_device_memory_features_ext
Pass	dEQP-VK.api.info.get_physical_device_properties2.features.zero_initialize_workgroup_memory_features
NotSupported	dEQP-VK.api.info.get_physical_device_properties2.format_properties.basic
NotSupported	dEQP-VK.api.info.get_physical_device_properties2.memory_properties.basic
NotSupported	dEQP-VK.api.info.get_physical_device_properties2.pnext_format_properties.a1r5g5b5_unorm_pack16.all_format_props
NotSupported	dEQP-VK.api.info.get_physical_device_properties2.pnext_format_properties.a1r5g5b5_unorm_pack16.drm_format_mod_1
NotSupported	dEQP-VK.api.info.get_physical_device_properties2.pnext_format_properties.a1r5g5b5_unorm_pack16.drm_format_mod_1_and_2
NotSupported	dEQP-VK.api.info.get_physical_device_properties2.pnext_format_properties.a1r5g5b5_unorm_pack16.drm_format_mod_1_and_format_props_3
NotSupported	dEQP-VK.api.info.get_physical_device_properties2.pnext_format_properties.a1r5g5b5_unorm_pack16.drm_format_mod_1_and_subpass_resolve_query
NotSupported	dEQP-VK.api.info.get_physical_device_properties2.pnext_format_properties.a1r5g5b5_unorm_pack16.drm_format_mod_2
NotSupported	dEQP-VK.api.info.get_physical_device_properties2.pnext_format_properties.a1r5g5b5_unorm_pack16.drm_format_mod_2_and_format_props_3
NotSupported	dEQP-VK.api.info.get_physical_device_properties2.pnext_format_properties.a1r5g5b5_unorm_pack16.drm_format_mod_2_and_subpass_resolve_query
Pass	dEQP-VK.api.info.get_physical_device_properties2.pnext_format_properties.a1r5g5b5_unorm_pack16.format_props_3
NotSupported	dEQP-VK.api.info.get_physical_device_properties2.pnext_format_properties.a1r5g5b5_unorm_pack16.format_props_3_and_subpass_resolve_query
NotSupported	dEQP-VK.api.info.get_physical_device_properties2.pnext_format_properties.a1r5g5b5_unorm_pack16.subpass_resolve_query
NotSupported	dEQP-VK.api.info.get_physical_device_properties2.pnext_format_properties.a2b10g10r10_sint_pack32.all_format_props
NotSupported	dEQP-VK.api.info.get_physical_device_properties2.pnext_format_properties.a2b10g10r10_sint_pack32.drm_format_mod_1
NotSupported	dEQP-VK.api.info.get_physical_device_properties2.pnext_format_properties.a2b10g10r10_sint_pack32.drm_format_mod_1_and_2
NotSupported	dEQP-VK.api.info.get_physical_device_properties2.pnext_format_properties.a2b10g10r10_sint_pack32.drm_format_mod_1_and_format_props_3
NotSupported	dEQP-VK.api.info.get_physical_device_properties2.pnext_format_properties.a2b10g10r10_sint_pack32.drm_format_mod_1_and_subpass_resolve_query
NotSupported	dEQP-VK.api.info.get_physical_device_properties2.pnext_format_properties.a2b10g10r10_sint_pack32.drm_format_mod_2
NotSupported	dEQP-VK.api.info.get_physical_device_properties2.pnext_format_properties.a2b10g10r10_sint_pack32.drm_format_mod_2_and_format_props_3
NotSupported	dEQP-VK.api.info.get_physical_device_properties2.pnext_format_properties.a2b10g10r10_sint_pack32.drm_format_mod_2_and_subpass_resolve_query
Pass	dEQP-VK.api.info.get_physical_device_properties2.pnext_format_properties.a2b10g10r10_sint_pack32.format_props_3
NotSupported	dEQP-VK.api.info.get_physical_device_properties2.pnext_format_properties.a2b10g10r10_sint_pack32.format_props_3_and_subpass_resolve_query
NotSupported	dEQP-VK.api.info.get_physical_device_properties2.pnext_format_properties.a2b10g10r10_sint_pack32.subpass_resolve_query
NotSupported	dEQP-VK.api.info.get_physical_device_properties2.pnext_format_properties.a2b10g10r10_snorm_pack32.all_format_props
NotSupported	dEQP-VK.api.info.get_physical_device_properties2.pnext_format_properties.a2b10g10r10_snorm_pack32.drm_format_mod_1
NotSupported	dEQP-VK.api.info.get_physical_device_properties2.pnext_format_properties.a2b10g10r10_snorm_pack32.drm_format_mod_1_and_2
NotSupported	dEQP-VK.api.info.get_physical_device_properties2.pnext_format_properties.a2b10g10r10_snorm_pack32.drm_format_mod_1_and_format_props_3
NotSupported	dEQP-VK.api.info.get_physical_device_properties2.pnext_format_properties.a2b10g10r10_snorm_pack32.drm_format_mod_1_and_subpass_resolve_query
NotSupported	dEQP-VK.api.info.get_physical_device_properties2.pnext_format_properties.a2b10g10r10_snorm_pack32.drm_format_mod_2
NotSupported	dEQP-VK.api.info.get_physical_device_properties2.pnext_format_properties.a2b10g10r10_snorm_pack32.drm_format_mod_2_and_format_props_3
NotSupported	dEQP-VK.api.info.get_physical_device_properties2.pnext_format_properties.a2b10g10r10_snorm_pack32.drm_format_mod_2_and_subpass_resolve_query
Pass	dEQP-VK.api.info.get_physical_device_properties2.pnext_format_properties.a2b10g10r10_snorm_pack32.format_props_3
NotSupported	dEQP-VK.api.info.get_physical_device_properties2.pnext_format_properties.a2b10g10r10_snorm_pack32.format_props_3_and_subpass_resolve_query
NotSupported	dEQP-VK.api.info.get_physical_device_properties2.pnext_format_properties.a2b10g10r10_snorm_pack32.subpass_resolve_query
NotSupported	dEQP-VK.api.info.get_physical_device_properties2.pnext_format_properties.a2b10g10r10_sscaled_pack32.all_format_props
NotSupported	dEQP-VK.api.info.get_physical_device_properties2.pnext_format_properties.a2b10g10r10_sscaled_pack32.drm_format_mod_1
NotSupported	dEQP-VK.api.info.get_physical_device_properties2.pnext_format_properties.a2b10g10r10_sscaled_pack32.drm_format_mod_1_and_2
NotSupported	dEQP-VK.api.info.get_physical_device_properties2.pnext_format_properties.a2b10g10r10_sscaled_pack32.drm_format_mod_1_and_format_props_3
NotSupported	dEQP-VK.api.info.get_physical_device_properties2.pnext_format_properties.a2b10g10r10_sscaled_pack32.drm_format_mod_1_and_subpass_resolve_query
NotSupported	dEQP-VK.api.info.get_physical_device_properties2.pnext_format_properties.a2b10g10r10_sscaled_pack32.drm_format_mod_2
NotSupported	dEQP-VK.api.info.get_physical_device_properties2.pnext_format_properties.a2b10g10r10_sscaled_pack32.drm_format_mod_2_and_format_props_3
NotSupported	dEQP-VK.api.info.get_physical_device_properties2.pnext_format_properties.a2b10g10r10_sscaled_pack32.drm_format_mod_2_and_subpass_resolve_query
Pass	dEQP-VK.api.info.get_physical_device_properties2.pnext_format_properties.a2b10g10r10_sscaled_pack32.format_props_3
NotSupported	dEQP-VK.api.info.get_physical_device_properties2.pnext_format_properties.a2b10g10r10_sscaled_pack32.format_props_3_and_subpass_resolve_query
NotSupported	dEQP-VK.api.info.get_physical_device_properties2.pnext_format_properties.a2b10g10r10_sscaled_pack32.subpass_resolve_query
NotSupported	dEQP-VK.api.info.get_physical_device_properties2.pnext_format_properties.a2b10g10r10_uint_pack32.all_format_props
NotSupported	dEQP-VK.api.info.get_physical_device_properties2.pnext_format_properties.a2b10g10r10_uint_pack32.drm_format_mod_1
NotSupported	dEQP-VK.api.info.get_physical_device_properties2.pnext_format_properties.a2b10g10r10_uint_pack32.drm_format_mod_1_and_2
NotSupported	dEQP-VK.api.info.get_physical_device_properties2.pnext_format_properties.a2b10g10r10_uint_pack32.drm_format_mod_1_and_format_props_3
NotSupported	dEQP-VK.api.info.get_physical_device_properties2.pnext_format_properties.a2b10g10r10_uint_pack32.drm_format_mod_1_and_subpass_resolve_query
NotSupported	dEQP-VK.api.info.get_physical_device_properties2.pnext_format_properties.a2b10g10r10_uint_pack32.drm_format_mod_2
NotSupported	dEQP-VK.api.info.get_physical_device_properties2.pnext_format_properties.a2b10g10r10_uint_pack32.drm_format_mod_2_and_format_props_3
NotSupported	dEQP-VK.api.info.get_physical_device_properties2.pnext_format_properties.a2b10g10r10_uint_pack32.drm_format_mod_2_and_subpass_resolve_query
Pass	dEQP-VK.api.info.get_physical_device_properties2.pnext_format_properties.a2b10g10r10_uint_pack32.format_props_3
NotSupported	dEQP-VK.api.info.get_physical_device_properties2.pnext_format_properties.a2b10g10r10_uint_pack32.format_props_3_and_subpass_resolve_query
NotSupported	dEQP-VK.api.info.get_physical_device_properties2.pnext_format_properties.a2b10g10r10_uint_pack32.subpass_resolve_query
NotSupported	dEQP-VK.api.info.get_physical_device_properties2.pnext_format_properties.a2b10g10r10_unorm_pack32.all_format_props
NotSupported	dEQP-VK.api.info.get_physical_device_properties2.pnext_format_properties.a2b10g10r10_unorm_pack32.drm_format_mod_1
NotSupported	dEQP-VK.api.info.get_physical_device_properties2.pnext_format_properties.a2b10g10r10_unorm_pack32.drm_format_mod_1_and_2
NotSupported	dEQP-VK.api.info.get_physical_device_properties2.pnext_format_properties.a2b10g10r10_unorm_pack32.drm_format_mod_1_and_format_props_3
NotSupported	dEQP-VK.api.info.get_physical_device_properties2.pnext_format_properties.a2b10g10r10_unorm_pack32.drm_format_mod_1_and_subpass_resolve_query
NotSupported	dEQP-VK.api.info.get_physical_device_properties2.pnext_format_properties.a2b10g10r10_unorm_pack32.drm_format_mod_2
NotSupported	dEQP-VK.api.info.get_physical_device_properties2.pnext_format_properties.a2b10g10r10_unorm_pack32.drm_format_mod_2_and_format_props_3
NotSupported	dEQP-VK.api.info.get_physical_device_properties2.pnext_format_properties.a2b10g10r10_unorm_pack32.drm_format_mod_2_and_subpass_resolve_query
Pass	dEQP-VK.api.info.get_physical_device_properties2.pnext_format_properties.a2b10g10r10_unorm_pack32.format_props_3
NotSupported	dEQP-VK.api.info.get_physical_device_properties2.pnext_format_properties.a2b10g10r10_unorm_pack32.format_props_3_and_subpass_resolve_query
NotSupported	dEQP-VK.api.info.get_physical_device_properties2.pnext_format_properties.a2b10g10r10_unorm_pack32.subpass_resolve_query
NotSupported	dEQP-VK.api.info.get_physical_device_properties2.pnext_format_properties.a2b10g10r10_uscaled_pack32.all_format_props
NotSupported	dEQP-VK.api.info.get_physical_device_properties2.pnext_format_properties.a2b10g10r10_uscaled_pack32.drm_format_mod_1
NotSupported	dEQP-VK.api.info.get_physical_device_properties2.pnext_format_properties.a2b10g10r10_uscaled_pack32.drm_format_mod_1_and_2
NotSupported	dEQP-VK.api.info.get_physical_device_properties2.pnext_format_properties.a2b10g10r10_uscaled_pack32.drm_format_mod_1_and_format_props_3
NotSupported	dEQP-VK.api.info.get_physical_device_properties2.pnext_format_properties.a2b10g10r10_uscaled_pack32.drm_format_mod_1_and_subpass_resolve_query
NotSupported	dEQP-VK.api.info.get_physical_device_properties2.pnext_format_properties.a2b10g10r10_uscaled_pack32.drm_format_mod_2
NotSupported	dEQP-VK.api.info.get_physical_device_properties2.pnext_format_properties.a2b10g10r10_uscaled_pack32.drm_format_mod_2_and_format_props_3
NotSupported	dEQP-VK.api.info.get_physical_device_properties2.pnext_format_properties.a2b10g10r10_uscaled_pack32.drm_format_mod_2_and_subpass_resolve_query
Pass	dEQP-VK.api.info.get_physical_device_properties2.pnext_format_properties.a2b10g10r10_uscaled_pack32.format_props_3
NotSupported	dEQP-VK.api.info.get_physical_device_properties2.pnext_format_properties.a2b10g10r10_uscaled_pack32.format_props_3_and_subpass_resolve_query
NotSupported	dEQP-VK.api.info.get_physical_device_properties2.pnext_format_properties.a2b10g10r10_uscaled_pack32.subpass_resolve_query
NotSupported	dEQP-VK.api.info.get_physical_device_properties2.pnext_format_properties.a2r10g10b10_sint_pack32.all_format_props
NotSupported	dEQP-VK.api.info.get_physical_device_properties2.pnext_format_properties.a2r10g10b10_sint_pack32.drm_format_mod_1
NotSupported	dEQP-VK.api.info.get_physical_device_properties2.pnext_format_properties.a2r10g10b10_sint_pack32.drm_format_mod_1_and_2
NotSupported	dEQP-VK.api.info.get_physical_device_properties2.pnext_format_properties.a2r10g10b10_sint_pack32.drm_format_mod_1_and_format_props_3
NotSupported	dEQP-VK.api.info.get_physical_device_properties2.pnext_format_properties.a2r10g10b10_sint_pack32.drm_format_mod_1_and_subpass_resolve_query
NotSupported	dEQP-VK.api.info.get_physical_device_properties2.pnext_format_properties.a2r10g10b10_sint_pack32.drm_format_mod_2
NotSupported	dEQP-VK.api.info.get_physical_device_properties2.pnext_format_properties.a2r10g10b10_sint_pack32.drm_format_mod_2_and_format_props_3
NotSupported	dEQP-VK.api.info.get_physical_device_properties2.pnext_format_properties.a2r10g10b10_sint_pack32.drm_format_mod_2_and_subpass_resolve_query
Pass	dEQP-VK.api.info.get_physical_device_properties2.pnext_format_properties.a2r10g10b10_sint_pack32.format_props_3
NotSupported	dEQP-VK.api.info.get_physical_device_properties2.pnext_format_properties.a2r10g10b10_sint_pack32.format_props_3_and_subpass_resolve_query
NotSupported	dEQP-VK.api.info.get_physical_device_properties2.pnext_format_properties.a2r10g10b10_sint_pack32.subpass_resolve_query
NotSupported	dEQP-VK.api.info.get_physical_device_properties2.pnext_format_properties.a2r10g10b10_snorm_pack32.all_format_props
NotSupported	dEQP-VK.api.info.get_physical_device_properties2.pnext_format_properties.a2r10g10b10_snorm_pack32.drm_format_mod_1
NotSupported	dEQP-VK.api.info.get_physical_device_properties2.pnext_format_properties.a2r10g10b10_snorm_pack32.drm_format_mod_1_and_2
NotSupported	dEQP-VK.api.info.get_physical_device_properties2.pnext_format_properties.a2r10g10b10_snorm_pack32.drm_format_mod_1_and_format_props_3
NotSupported	dEQP-VK.api.info.get_physical_device_properties2.pnext_format_properties.a2r10g10b10_snorm_pack32.drm_format_mod_1_and_subpass_resolve_query
NotSupported	dEQP-VK.api.info.get_physical_device_properties2.pnext_format_properties.a2r10g10b10_snorm_pack32.drm_format_mod_2
NotSupported	dEQP-VK.api.info.get_physical_device_properties2.pnext_format_properties.a2r10g10b10_snorm_pack32.drm_format_mod_2_and_format_props_3
NotSupported	dEQP-VK.api.info.get_physical_device_properties2.pnext_format_properties.a2r10g10b10_snorm_pack32.drm_format_mod_2_and_subpass_resolve_query
Pass	dEQP-VK.api.info.get_physical_device_properties2.pnext_format_properties.a2r10g10b10_snorm_pack32.format_props_3
NotSupported	dEQP-VK.api.info.get_physical_device_properties2.pnext_format_properties.a2r10g10b10_snorm_pack32.format_props_3_and_subpass_resolve_query
NotSupported	dEQP-VK.api.info.get_physical_device_properties2.pnext_format_properties.a2r10g10b10_snorm_pack32.subpass_resolve_query
NotSupported	dEQP-VK.api.info.get_physical_device_properties2.pnext_format_properties.a2r10g10b10_sscaled_pack32.all_format_props
NotSupported	dEQP-VK.api.info.get_physical_device_properties2.pnext_format_properties.a2r10g10b10_sscaled_pack32.drm_format_mod_1
NotSupported	dEQP-VK.api.info.get_physical_device_properties2.pnext_format_properties.a2r10g10b10_sscaled_pack32.drm_format_mod_1_and_2
NotSupported	dEQP-VK.api.info.get_physical_device_properties2.pnext_format_properties.a2r10g10b10_sscaled_pack32.drm_format_mod_1_and_format_props_3
NotSupported	dEQP-VK.api.info.get_physical_device_properties2.pnext_format_properties.a2r10g10b10_sscaled_pack32.drm_format_mod_1_and_subpass_resolve_query
NotSupported	dEQP-VK.api.info.get_physical_device_properties2.pnext_format_properties.a2r10g10b10_sscaled_pack32.drm_format_mod_2
NotSupported	dEQP-VK.api.info.get_physical_device_properties2.pnext_format_properties.a2r10g10b10_sscaled_pack32.drm_format_mod_2_and_format_props_3
NotSupported	dEQP-VK.api.info.get_physical_device_properties2.pnext_format_properties.a2r10g10b10_sscaled_pack32.drm_format_mod_2_and_subpass_resolve_query
Pass	dEQP-VK.api.info.get_physical_device_properties2.pnext_format_properties.a2r10g10b10_sscaled_pack32.format_props_3
NotSupported	dEQP-VK.api.info.get_physical_device_properties2.pnext_format_properties.a2r10g10b10_sscaled_pack32.format_props_3_and_subpass_resolve_query
NotSupported	dEQP-VK.api.info.get_physical_device_properties2.pnext_format_properties.a2r10g10b10_sscaled_pack32.subpass_resolve_query
NotSupported	dEQP-VK.api.info.get_physical_device_properties2.pnext_format_properties.a2r10g10b10_uint_pack32.all_format_props
NotSupported	dEQP-VK.api.info.get_physical_device_properties2.pnext_format_properties.a2r10g10b10_uint_pack32.drm_format_mod_1
NotSupported	dEQP-VK.api.info.get_physical_device_properties2.pnext_format_properties.a2r10g10b10_uint_pack32.drm_format_mod_1_and_2
NotSupported	dEQP-VK.api.info.get_physical_device_properties2.pnext_format_properties.a2r10g10b10_uint_pack32.drm_format_mod_1_and_format_props_3
NotSupported	dEQP-VK.api.info.get_physical_device_properties2.pnext_format_properties.a2r10g10b10_uint_pack32.drm_format_mod_1_and_subpass_resolve_query
NotSupported	dEQP-VK.api.info.get_physical_device_properties2.pnext_format_properties.a2r10g10b10_uint_pack32.drm_format_mod_2
NotSupported	dEQP-VK.api.info.get_physical_device_properties2.pnext_format_properties.a2r10g10b10_uint_pack32.drm_format_mod_2_and_format_props_3
NotSupported	dEQP-VK.api.info.get_physical_device_properties2.pnext_format_properties.a2r10g10b10_uint_pack32.drm_format_mod_2_and_subpass_resolve_query
Pass	dEQP-VK.api.info.get_physical_device_properties2.pnext_format_properties.a2r10g10b10_uint_pack32.format_props_3
NotSupported	dEQP-VK.api.info.get_physical_device_properties2.pnext_format_properties.a2r10g10b10_uint_pack32.format_props_3_and_subpass_resolve_query
NotSupported	dEQP-VK.api.info.get_physical_device_properties2.pnext_format_properties.a2r10g10b10_uint_pack32.subpass_resolve_query
NotSupported	dEQP-VK.api.info.get_physical_device_properties2.pnext_format_properties.a2r10g10b10_unorm_pack32.all_format_props
NotSupported	dEQP-VK.api.info.get_physical_device_properties2.pnext_format_properties.a2r10g10b10_unorm_pack32.drm_format_mod_1
NotSupported	dEQP-VK.api.info.get_physical_device_properties2.pnext_format_properties.a2r10g10b10_unorm_pack32.drm_format_mod_1_and_2
NotSupported	dEQP-VK.api.info.get_physical_device_properties2.pnext_format_properties.a2r10g10b10_unorm_pack32.drm_format_mod_1_and_format_props_3
NotSupported	dEQP-VK.api.info.get_physical_device_properties2.pnext_format_properties.a2r10g10b10_unorm_pack32.drm_format_mod_1_and_subpass_resolve_query
NotSupported	dEQP-VK.api.info.get_physical_device_properties2.pnext_format_properties.a2r10g10b10_unorm_pack32.drm_format_mod_2
NotSupported	dEQP-VK.api.info.get_physical_device_properties2.pnext_format_properties.a2r10g10b10_unorm_pack32.drm_format_mod_2_and_format_props_3
NotSupported	dEQP-VK.api.info.get_physical_device_properties2.pnext_format_properties.a2r10g10b10_unorm_pack32.drm_format_mod_2_and_subpass_resolve_query
Pass	dEQP-VK.api.info.get_physical_device_properties2.pnext_format_properties.a2r10g10b10_unorm_pack32.format_props_3
NotSupported	dEQP-VK.api.info.get_physical_device_properties2.pnext_format_properties.a2r10g10b10_unorm_pack32.format_props_3_and_subpass_resolve_query
NotSupported	dEQP-VK.api.info.get_physical_device_properties2.pnext_format_properties.a2r10g10b10_unorm_pack32.subpass_resolve_query
NotSupported	dEQP-VK.api.info.get_physical_device_properties2.pnext_format_properties.a2r10g10b10_uscaled_pack32.all_format_props
NotSupported	dEQP-VK.api.info.get_physical_device_properties2.pnext_format_properties.a2r10g10b10_uscaled_pack32.drm_format_mod_1
NotSupported	dEQP-VK.api.info.get_physical_device_properties2.pnext_format_properties.a2r10g10b10_uscaled_pack32.drm_format_mod_1_and_2
NotSupported	dEQP-VK.api.info.get_physical_device_properties2.pnext_format_properties.a2r10g10b10_uscaled_pack32.drm_format_mod_1_and_format_props_3
NotSupported	dEQP-VK.api.info.get_physical_device_properties2.pnext_format_properties.a2r10g10b10_uscaled_pack32.drm_format_mod_1_and_subpass_resolve_query
NotSupported	dEQP-VK.api.info.get_physical_device_properties2.pnext_format_properties.a2r10g10b10_uscaled_pack32.drm_format_mod_2
NotSupported	dEQP-VK.api.info.get_physical_device_properties2.pnext_format_properties.a2r10g10b10_uscaled_pack32.drm_format_mod_2_and_format_props_3
NotSupported	dEQP-VK.api.info.get_physical_device_properties2.pnext_format_properties.a2r10g10b10_uscaled_pack32.drm_format_mod_2_and_subpass_resolve_query
Pass	dEQP-VK.api.info.get_physical_device_properties2.pnext_format_properties.a2r10g10b10_uscaled_pack32.format_props_3
NotSupported	dEQP-VK.api.info.get_physical_device_properties2.pnext_format_properties.a2r10g10b10_uscaled_pack32.format_props_3_and_subpass_resolve_query
NotSupported	dEQP-VK.api.info.get_physical_device_properties2.pnext_format_properties.a2r10g10b10_uscaled_pack32.subpass_resolve_query
NotSupported	dEQP-VK.api.info.get_physical_device_properties2.pnext_format_properties.a8b8g8r8_sint_pack32.all_format_props
NotSupported	dEQP-VK.api.info.get_physical_device_properties2.pnext_format_properties.a8b8g8r8_sint_pack32.drm_format_mod_1
NotSupported	dEQP-VK.api.info.get_physical_device_properties2.pnext_format_properties.a8b8g8r8_sint_pack32.drm_format_mod_1_and_2
NotSupported	dEQP-VK.api.info.get_physical_device_properties2.pnext_format_properties.a8b8g8r8_sint_pack32.drm_format_mod_1_and_format_props_3
NotSupported	dEQP-VK.api.info.get_physical_device_properties2.pnext_format_properties.a8b8g8r8_sint_pack32.drm_format_mod_1_and_subpass_resolve_query
NotSupported	dEQP-VK.api.info.get_physical_device_properties2.pnext_format_properties.a8b8g8r8_sint_pack32.drm_format_mod_2
NotSupported	dEQP-VK.api.info.get_physical_device_properties2.pnext_format_properties.a8b8g8r8_sint_pack32.drm_format_mod_2_and_format_props_3
NotSupported	dEQP-VK.api.info.get_physical_device_properties2.pnext_format_properties.a8b8g8r8_sint_pack32.drm_format_mod_2_and_subpass_resolve_query
Pass	dEQP-VK.api.info.get_physical_device_properties2.pnext_format_properties.a8b8g8r8_sint_pack32.format_props_3
NotSupported	dEQP-VK.api.info.get_physical_device_properties2.pnext_format_properties.a8b8g8r8_sint_pack32.format_props_3_and_subpass_resolve_query
NotSupported	dEQP-VK.api.info.get_physical_device_properties2.pnext_format_properties.a8b8g8r8_sint_pack32.subpass_resolve_query
NotSupported	dEQP-VK.api.info.get_physical_device_properties2.pnext_format_properties.a8b8g8r8_snorm_pack32.all_format_props
NotSupported	dEQP-VK.api.info.get_physical_device_properties2.pnext_format_properties.a8b8g8r8_snorm_pack32.drm_format_mod_1
NotSupported	dEQP-VK.api.info.get_physical_device_properties2.pnext_format_properties.a8b8g8r8_snorm_pack32.drm_format_mod_1_and_2
NotSupported	dEQP-VK.api.info.get_physical_device_properties2.pnext_format_properties.a8b8g8r8_snorm_pack32.drm_format_mod_1_and_format_props_3
NotSupported	dEQP-VK.api.info.get_physical_device_properties2.pnext_format_properties.a8b8g8r8_snorm_pack32.drm_format_mod_1_and_subpass_resolve_query
NotSupported	dEQP-VK.api.info.get_physical_device_properties2.pnext_format_properties.a8b8g8r8_snorm_pack32.drm_format_mod_2
NotSupported	dEQP-VK.api.info.get_physical_device_properties2.pnext_format_properties.a8b8g8r8_snorm_pack32.drm_format_mod_2_and_format_props_3
NotSupported	dEQP-VK.api.info.get_physical_device_properties2.pnext_format_properties.a8b8g8r8_snorm_pack32.drm_format_mod_2_and_subpass_resolve_query
Pass	dEQP-VK.api.info.get_physical_device_properties2.pnext_format_properties.a8b8g8r8_snorm_pack32.format_props_3
NotSupported	dEQP-VK.api.info.get_physical_device_properties2.pnext_format_properties.a8b8g8r8_snorm_pack32.format_props_3_and_subpass_resolve_query
NotSupported	dEQP-VK.api.info.get_physical_device_properties2.pnext_format_properties.a8b8g8r8_snorm_pack32.subpass_resolve_query
NotSupported	dEQP-VK.api.info.get_physical_device_properties2.pnext_format_properties.a8b8g8r8_srgb_pack32.all_format_props
NotSupported	dEQP-VK.api.info.get_physical_device_properties2.pnext_format_properties.a8b8g8r8_srgb_pack32.drm_format_mod_1
NotSupported	dEQP-VK.api.info.get_physical_device_properties2.pnext_format_properties.a8b8g8r8_srgb_pack32.drm_format_mod_1_and_2
NotSupported	dEQP-VK.api.info.get_physical_device_properties2.pnext_format_properties.a8b8g8r8_srgb_pack32.drm_format_mod_1_and_format_props_3
NotSupported	dEQP-VK.api.info.get_physical_device_properties2.pnext_format_properties.a8b8g8r8_srgb_pack32.drm_format_mod_1_and_subpass_resolve_query
NotSupported	dEQP-VK.api.info.get_physical_device_properties2.pnext_format_properties.a8b8g8r8_srgb_pack32.drm_format_mod_2
NotSupported	dEQP-VK.api.info.get_physical_device_properties2.pnext_format_properties.a8b8g8r8_srgb_pack32.drm_format_mod_2_and_format_props_3
NotSupported	dEQP-VK.api.info.get_physical_device_properties2.pnext_format_properties.a8b8g8r8_srgb_pack32.drm_format_mod_2_and_subpass_resolve_query
Pass	dEQP-VK.api.info.get_physical_device_properties2.pnext_format_properties.a8b8g8r8_srgb_pack32.format_props_3
NotSupported	dEQP-VK.api.info.get_physical_device_properties2.pnext_format_properties.a8b8g8r8_srgb_pack32.format_props_3_and_subpass_resolve_query
NotSupported	dEQP-VK.api.info.get_physical_device_properties2.pnext_format_properties.a8b8g8r8_srgb_pack32.subpass_resolve_query
NotSupported	dEQP-VK.api.info.get_physical_device_properties2.pnext_format_properties.a8b8g8r8_sscaled_pack32.all_format_props
NotSupported	dEQP-VK.api.info.get_physical_device_properties2.pnext_format_properties.a8b8g8r8_sscaled_pack32.drm_format_mod_1
NotSupported	dEQP-VK.api.info.get_physical_device_properties2.pnext_format_properties.a8b8g8r8_sscaled_pack32.drm_format_mod_1_and_2
NotSupported	dEQP-VK.api.info.get_physical_device_properties2.pnext_format_properties.a8b8g8r8_sscaled_pack32.drm_format_mod_1_and_format_props_3
NotSupported	dEQP-VK.api.info.get_physical_device_properties2.pnext_format_properties.a8b8g8r8_sscaled_pack32.drm_format_mod_1_and_subpass_resolve_query
NotSupported	dEQP-VK.api.info.get_physical_device_properties2.pnext_format_properties.a8b8g8r8_sscaled_pack32.drm_format_mod_2
NotSupported	dEQP-VK.api.info.get_physical_device_properties2.pnext_format_properties.a8b8g8r8_sscaled_pack32.drm_format_mod_2_and_format_props_3
NotSupported	dEQP-VK.api.info.get_physical_device_properties2.pnext_format_properties.a8b8g8r8_sscaled_pack32.drm_format_mod_2_and_subpass_resolve_query
Pass	dEQP-VK.api.info.get_physical_device_properties2.pnext_format_properties.a8b8g8r8_sscaled_pack32.format_props_3
NotSupported	dEQP-VK.api.info.get_physical_device_properties2.pnext_format_properties.a8b8g8r8_sscaled_pack32.format_props_3_and_subpass_resolve_query
NotSupported	dEQP-VK.api.info.get_physical_device_properties2.pnext_format_properties.a8b8g8r8_sscaled_pack32.subpass_resolve_query
NotSupported	dEQP-VK.api.info.get_physical_device_properties2.pnext_format_properties.a8b8g8r8_uint_pack32.all_format_props
NotSupported	dEQP-VK.api.info.get_physical_device_properties2.pnext_format_properties.a8b8g8r8_uint_pack32.drm_format_mod_1
NotSupported	dEQP-VK.api.info.get_physical_device_properties2.pnext_format_properties.a8b8g8r8_uint_pack32.drm_format_mod_1_and_2
NotSupported	dEQP-VK.api.info.get_physical_device_properties2.pnext_format_properties.a8b8g8r8_uint_pack32.drm_format_mod_1_and_format_props_3
NotSupported	dEQP-VK.api.info.get_physical_device_properties2.pnext_format_properties.a8b8g8r8_uint_pack32.drm_format_mod_1_and_subpass_resolve_query
NotSupported	dEQP-VK.api.info.get_physical_device_properties2.pnext_format_properties.a8b8g8r8_uint_pack32.drm_format_mod_2
NotSupported	dEQP-VK.api.info.get_physical_device_properties2.pnext_format_properties.a8b8g8r8_uint_pack32.drm_format_mod_2_and_format_props_3
NotSupported	dEQP-VK.api.info.get_physical_device_properties2.pnext_format_properties.a8b8g8r8_uint_pack32.drm_format_mod_2_and_subpass_resolve_query
Pass	dEQP-VK.api.info.get_physical_device_properties2.pnext_format_properties.a8b8g8r8_uint_pack32.format_props_3
NotSupported	dEQP-VK.api.info.get_physical_device_properties2.pnext_format_properties.a8b8g8r8_uint_pack32.format_props_3_and_subpass_resolve_query
NotSupported	dEQP-VK.api.info.get_physical_device_properties2.pnext_format_properties.a8b8g8r8_uint_pack32.subpass_resolve_query
NotSupported	dEQP-VK.api.info.get_physical_device_properties2.pnext_format_properties.a8b8g8r8_unorm_pack32.all_format_props
NotSupported	dEQP-VK.api.info.get_physical_device_properties2.pnext_format_properties.a8b8g8r8_unorm_pack32.drm_format_mod_1
NotSupported	dEQP-VK.api.info.get_physical_device_properties2.pnext_format_properties.a8b8g8r8_unorm_pack32.drm_format_mod_1_and_2
NotSupported	dEQP-VK.api.info.get_physical_device_properties2.pnext_format_properties.a8b8g8r8_unorm_pack32.drm_format_mod_1_and_format_props_3
NotSupported	dEQP-VK.api.info.get_physical_device_properties2.pnext_format_properties.a8b8g8r8_unorm_pack32.drm_format_mod_1_and_subpass_resolve_query
NotSupported	dEQP-VK.api.info.get_physical_device_properties2.pnext_format_properties.a8b8g8r8_unorm_pack32.drm_format_mod_2
NotSupported	dEQP-VK.api.info.get_physical_device_properties2.pnext_format_properties.a8b8g8r8_unorm_pack32.drm_format_mod_2_and_format_props_3
NotSupported	dEQP-VK.api.info.get_physical_device_properties2.pnext_format_properties.a8b8g8r8_unorm_pack32.drm_format_mod_2_and_subpass_resolve_query
Pass	dEQP-VK.api.info.get_physical_device_properties2.pnext_format_properties.a8b8g8r8_unorm_pack32.format_props_3
NotSupported	dEQP-VK.api.info.get_physical_device_properties2.pnext_format_properties.a8b8g8r8_unorm_pack32.format_props_3_and_subpass_resolve_query
NotSupported	dEQP-VK.api.info.get_physical_device_properties2.pnext_format_properties.a8b8g8r8_unorm_pack32.subpass_resolve_query
NotSupported	dEQP-VK.api.info.get_physical_device_properties2.pnext_format_properties.a8b8g8r8_uscaled_pack32.all_format_props
NotSupported	dEQP-VK.api.info.get_physical_device_properties2.pnext_format_properties.a8b8g8r8_uscaled_pack32.drm_format_mod_1
NotSupported	dEQP-VK.api.info.get_physical_device_properties2.pnext_format_properties.a8b8g8r8_uscaled_pack32.drm_format_mod_1_and_2
NotSupported	dEQP-VK.api.info.get_physical_device_properties2.pnext_format_properties.a8b8g8r8_uscaled_pack32.drm_format_mod_1_and_format_props_3
NotSupported	dEQP-VK.api.info.get_physical_device_properties2.pnext_format_properties.a8b8g8r8_uscaled_pack32.drm_format_mod_1_and_subpass_resolve_query
NotSupported	dEQP-VK.api.info.get_physical_device_properties2.pnext_format_properties.a8b8g8r8_uscaled_pack32.drm_format_mod_2
NotSupported	dEQP-VK.api.info.get_physical_device_properties2.pnext_format_properties.a8b8g8r8_uscaled_pack32.drm_format_mod_2_and_format_props_3
NotSupported	dEQP-VK.api.info.get_physical_device_properties2.pnext_format_properties.a8b8g8r8_uscaled_pack32.drm_format_mod_2_and_subpass_resolve_query
Pass	dEQP-VK.api.info.get_physical_device_properties2.pnext_format_properties.a8b8g8r8_uscaled_pack32.format_props_3
NotSupported	dEQP-VK.api.info.get_physical_device_properties2.pnext_format_properties.a8b8g8r8_uscaled_pack32.format_props_3_and_subpass_resolve_query
NotSupported	dEQP-VK.api.info.get_physical_device_properties2.pnext_format_properties.a8b8g8r8_uscaled_pack32.subpass_resolve_query
NotSupported	dEQP-VK.api.info.get_physical_device_properties2.pnext_format_properties.astc_10x10_srgb_block.all_format_props
NotSupported	dEQP-VK.api.info.get_physical_device_properties2.pnext_format_properties.astc_10x10_srgb_block.drm_format_mod_1
NotSupported	dEQP-VK.api.info.get_physical_device_properties2.pnext_format_properties.astc_10x10_srgb_block.drm_format_mod_1_and_2
NotSupported	dEQP-VK.api.info.get_physical_device_properties2.pnext_format_properties.astc_10x10_srgb_block.drm_format_mod_1_and_format_props_3
NotSupported	dEQP-VK.api.info.get_physical_device_properties2.pnext_format_properties.astc_10x10_srgb_block.drm_format_mod_1_and_subpass_resolve_query
NotSupported	dEQP-VK.api.info.get_physical_device_properties2.pnext_format_properties.astc_10x10_srgb_block.drm_format_mod_2
NotSupported	dEQP-VK.api.info.get_physical_device_properties2.pnext_format_properties.astc_10x10_srgb_block.drm_format_mod_2_and_format_props_3
NotSupported	dEQP-VK.api.info.get_physical_device_properties2.pnext_format_properties.astc_10x10_srgb_block.drm_format_mod_2_and_subpass_resolve_query
Pass	dEQP-VK.api.info.get_physical_device_properties2.pnext_format_properties.astc_10x10_srgb_block.format_props_3
NotSupported	dEQP-VK.api.info.get_physical_device_properties2.pnext_format_properties.astc_10x10_srgb_block.format_props_3_and_subpass_resolve_query
NotSupported	dEQP-VK.api.info.get_physical_device_properties2.pnext_format_properties.astc_10x10_srgb_block.subpass_resolve_query
NotSupported	dEQP-VK.api.info.get_physical_device_properties2.pnext_format_properties.astc_10x10_unorm_block.all_format_props
NotSupported	dEQP-VK.api.info.get_physical_device_properties2.pnext_format_properties.astc_10x10_unorm_block.drm_format_mod_1
NotSupported	dEQP-VK.api.info.get_physical_device_properties2.pnext_format_properties.astc_10x10_unorm_block.drm_format_mod_1_and_2
NotSupported	dEQP-VK.api.info.get_physical_device_properties2.pnext_format_properties.astc_10x10_unorm_block.drm_format_mod_1_and_format_props_3
NotSupported	dEQP-VK.api.info.get_physical_device_properties2.pnext_format_properties.astc_10x10_unorm_block.drm_format_mod_1_and_subpass_resolve_query
NotSupported	dEQP-VK.api.info.get_physical_device_properties2.pnext_format_properties.astc_10x10_unorm_block.drm_format_mod_2
NotSupported	dEQP-VK.api.info.get_physical_device_properties2.pnext_format_properties.astc_10x10_unorm_block.drm_format_mod_2_and_format_props_3
NotSupported	dEQP-VK.api.info.get_physical_device_properties2.pnext_format_properties.astc_10x10_unorm_block.drm_format_mod_2_and_subpass_resolve_query
Pass	dEQP-VK.api.info.get_physical_device_properties2.pnext_format_properties.astc_10x10_unorm_block.format_props_3
NotSupported	dEQP-VK.api.info.get_physical_device_properties2.pnext_format_properties.astc_10x10_unorm_block.format_props_3_and_subpass_resolve_query
NotSupported	dEQP-VK.api.info.get_physical_device_properties2.pnext_format_properties.astc_10x10_unorm_block.subpass_resolve_query
NotSupported	dEQP-VK.api.info.get_physical_device_properties2.pnext_format_properties.astc_10x5_srgb_block.all_format_props
NotSupported	dEQP-VK.api.info.get_physical_device_properties2.pnext_format_properties.astc_10x5_srgb_block.drm_format_mod_1
NotSupported	dEQP-VK.api.info.get_physical_device_properties2.pnext_format_properties.astc_10x5_srgb_block.drm_format_mod_1_and_2
NotSupported	dEQP-VK.api.info.get_physical_device_properties2.pnext_format_properties.astc_10x5_srgb_block.drm_format_mod_1_and_format_props_3
NotSupported	dEQP-VK.api.info.get_physical_device_properties2.pnext_format_properties.astc_10x5_srgb_block.drm_format_mod_1_and_subpass_resolve_query
NotSupported	dEQP-VK.api.info.get_physical_device_properties2.pnext_format_properties.astc_10x5_srgb_block.drm_format_mod_2
NotSupported	dEQP-VK.api.info.get_physical_device_properties2.pnext_format_properties.astc_10x5_srgb_block.drm_format_mod_2_and_format_props_3
NotSupported	dEQP-VK.api.info.get_physical_device_properties2.pnext_format_properties.astc_10x5_srgb_block.drm_format_mod_2_and_subpass_resolve_query
Pass	dEQP-VK.api.info.get_physical_device_properties2.pnext_format_properties.astc_10x5_srgb_block.format_props_3
NotSupported	dEQP-VK.api.info.get_physical_device_properties2.pnext_format_properties.astc_10x5_srgb_block.format_props_3_and_subpass_resolve_query
NotSupported	dEQP-VK.api.info.get_physical_device_properties2.pnext_format_properties.astc_10x5_srgb_block.subpass_resolve_query
NotSupported	dEQP-VK.api.info.get_physical_device_properties2.pnext_format_properties.astc_10x5_unorm_block.all_format_props
NotSupported	dEQP-VK.api.info.get_physical_device_properties2.pnext_format_properties.astc_10x5_unorm_block.drm_format_mod_1
NotSupported	dEQP-VK.api.info.get_physical_device_properties2.pnext_format_properties.astc_10x5_unorm_block.drm_format_mod_1_and_2
NotSupported	dEQP-VK.api.info.get_physical_device_properties2.pnext_format_properties.astc_10x5_unorm_block.drm_format_mod_1_and_format_props_3
NotSupported	dEQP-VK.api.info.get_physical_device_properties2.pnext_format_properties.astc_10x5_unorm_block.drm_format_mod_1_and_subpass_resolve_query
NotSupported	dEQP-VK.api.info.get_physical_device_properties2.pnext_format_properties.astc_10x5_unorm_block.drm_format_mod_2
NotSupported	dEQP-VK.api.info.get_physical_device_properties2.pnext_format_properties.astc_10x5_unorm_block.drm_format_mod_2_and_format_props_3
NotSupported	dEQP-VK.api.info.get_physical_device_properties2.pnext_format_properties.astc_10x5_unorm_block.drm_format_mod_2_and_subpass_resolve_query
Pass	dEQP-VK.api.info.get_physical_device_properties2.pnext_format_properties.astc_10x5_unorm_block.format_props_3
NotSupported	dEQP-VK.api.info.get_physical_device_properties2.pnext_format_properties.astc_10x5_unorm_block.format_props_3_and_subpass_resolve_query
NotSupported	dEQP-VK.api.info.get_physical_device_properties2.pnext_format_properties.astc_10x5_unorm_block.subpass_resolve_query
NotSupported	dEQP-VK.api.info.get_physical_device_properties2.pnext_format_properties.astc_10x6_srgb_block.all_format_props
NotSupported	dEQP-VK.api.info.get_physical_device_properties2.pnext_format_properties.astc_10x6_srgb_block.drm_format_mod_1
NotSupported	dEQP-VK.api.info.get_physical_device_properties2.pnext_format_properties.astc_10x6_srgb_block.drm_format_mod_1_and_2
NotSupported	dEQP-VK.api.info.get_physical_device_properties2.pnext_format_properties.astc_10x6_srgb_block.drm_format_mod_1_and_format_props_3
NotSupported	dEQP-VK.api.info.get_physical_device_properties2.pnext_format_properties.astc_10x6_srgb_block.drm_format_mod_1_and_subpass_resolve_query
NotSupported	dEQP-VK.api.info.get_physical_device_properties2.pnext_format_properties.astc_10x6_srgb_block.drm_format_mod_2
NotSupported	dEQP-VK.api.info.get_physical_device_properties2.pnext_format_properties.astc_10x6_srgb_block.drm_format_mod_2_and_format_props_3
NotSupported	dEQP-VK.api.info.get_physical_device_properties2.pnext_format_properties.astc_10x6_srgb_block.drm_format_mod_2_and_subpass_resolve_query
Pass	dEQP-VK.api.info.get_physical_device_properties2.pnext_format_properties.astc_10x6_srgb_block.format_props_3
NotSupported	dEQP-VK.api.info.get_physical_device_properties2.pnext_format_properties.astc_10x6_srgb_block.format_props_3_and_subpass_resolve_query
NotSupported	dEQP-VK.api.info.get_physical_device_properties2.pnext_format_properties.astc_10x6_srgb_block.subpass_resolve_query
NotSupported	dEQP-VK.api.info.get_physical_device_properties2.pnext_format_properties.astc_10x6_unorm_block.all_format_props
NotSupported	dEQP-VK.api.info.get_physical_device_properties2.pnext_format_properties.astc_10x6_unorm_block.drm_format_mod_1
NotSupported	dEQP-VK.api.info.get_physical_device_properties2.pnext_format_properties.astc_10x6_unorm_block.drm_format_mod_1_and_2
NotSupported	dEQP-VK.api.info.get_physical_device_properties2.pnext_format_properties.astc_10x6_unorm_block.drm_format_mod_1_and_format_props_3
NotSupported	dEQP-VK.api.info.get_physical_device_properties2.pnext_format_properties.astc_10x6_unorm_block.drm_format_mod_1_and_subpass_resolve_query
NotSupported	dEQP-VK.api.info.get_physical_device_properties2.pnext_format_properties.astc_10x6_unorm_block.drm_format_mod_2
NotSupported	dEQP-VK.api.info.get_physical_device_properties2.pnext_format_properties.astc_10x6_unorm_block.drm_format_mod_2_and_format_props_3
NotSupported	dEQP-VK.api.info.get_physical_device_properties2.pnext_format_properties.astc_10x6_unorm_block.drm_format_mod_2_and_subpass_resolve_query
Pass	dEQP-VK.api.info.get_physical_device_properties2.pnext_format_properties.astc_10x6_unorm_block.format_props_3
NotSupported	dEQP-VK.api.info.get_physical_device_properties2.pnext_format_properties.astc_10x6_unorm_block.format_props_3_and_subpass_resolve_query
NotSupported	dEQP-VK.api.info.get_physical_device_properties2.pnext_format_properties.astc_10x6_unorm_block.subpass_resolve_query
NotSupported	dEQP-VK.api.info.get_physical_device_properties2.pnext_format_properties.astc_10x8_srgb_block.all_format_props
NotSupported	dEQP-VK.api.info.get_physical_device_properties2.pnext_format_properties.astc_10x8_srgb_block.drm_format_mod_1
NotSupported	dEQP-VK.api.info.get_physical_device_properties2.pnext_format_properties.astc_10x8_srgb_block.drm_format_mod_1_and_2
NotSupported	dEQP-VK.api.info.get_physical_device_properties2.pnext_format_properties.astc_10x8_srgb_block.drm_format_mod_1_and_format_props_3
NotSupported	dEQP-VK.api.info.get_physical_device_properties2.pnext_format_properties.astc_10x8_srgb_block.drm_format_mod_1_and_subpass_resolve_query
NotSupported	dEQP-VK.api.info.get_physical_device_properties2.pnext_format_properties.astc_10x8_srgb_block.drm_format_mod_2
NotSupported	dEQP-VK.api.info.get_physical_device_properties2.pnext_format_properties.astc_10x8_srgb_block.drm_format_mod_2_and_format_props_3
NotSupported	dEQP-VK.api.info.get_physical_device_properties2.pnext_format_properties.astc_10x8_srgb_block.drm_format_mod_2_and_subpass_resolve_query
Pass	dEQP-VK.api.info.get_physical_device_properties2.pnext_format_properties.astc_10x8_srgb_block.format_props_3
NotSupported	dEQP-VK.api.info.get_physical_device_properties2.pnext_format_properties.astc_10x8_srgb_block.format_props_3_and_subpass_resolve_query
NotSupported	dEQP-VK.api.info.get_physical_device_properties2.pnext_format_properties.astc_10x8_srgb_block.subpass_resolve_query
NotSupported	dEQP-VK.api.info.get_physical_device_properties2.pnext_format_properties.astc_10x8_unorm_block.all_format_props
NotSupported	dEQP-VK.api.info.get_physical_device_properties2.pnext_format_properties.astc_10x8_unorm_block.drm_format_mod_1
NotSupported	dEQP-VK.api.info.get_physical_device_properties2.pnext_format_properties.astc_10x8_unorm_block.drm_format_mod_1_and_2
NotSupported	dEQP-VK.api.info.get_physical_device_properties2.pnext_format_properties.astc_10x8_unorm_block.drm_format_mod_1_and_format_props_3
NotSupported	dEQP-VK.api.info.get_physical_device_properties2.pnext_format_properties.astc_10x8_unorm_block.drm_format_mod_1_and_subpass_resolve_query
NotSupported	dEQP-VK.api.info.get_physical_device_properties2.pnext_format_properties.astc_10x8_unorm_block.drm_format_mod_2
NotSupported	dEQP-VK.api.info.get_physical_device_properties2.pnext_format_properties.astc_10x8_unorm_block.drm_format_mod_2_and_format_props_3
NotSupported	dEQP-VK.api.info.get_physical_device_properties2.pnext_format_properties.astc_10x8_unorm_block.drm_format_mod_2_and_subpass_resolve_query
Pass	dEQP-VK.api.info.get_physical_device_properties2.pnext_format_properties.astc_10x8_unorm_block.format_props_3
NotSupported	dEQP-VK.api.info.get_physical_device_properties2.pnext_format_properties.astc_10x8_unorm_block.format_props_3_and_subpass_resolve_query
NotSupported	dEQP-VK.api.info.get_physical_device_properties2.pnext_format_properties.astc_10x8_unorm_block.subpass_resolve_query
NotSupported	dEQP-VK.api.info.get_physical_device_properties2.pnext_format_properties.astc_12x10_srgb_block.all_format_props
NotSupported	dEQP-VK.api.info.get_physical_device_properties2.pnext_format_properties.astc_12x10_srgb_block.drm_format_mod_1
NotSupported	dEQP-VK.api.info.get_physical_device_properties2.pnext_format_properties.astc_12x10_srgb_block.drm_format_mod_1_and_2
NotSupported	dEQP-VK.api.info.get_physical_device_properties2.pnext_format_properties.astc_12x10_srgb_block.drm_format_mod_1_and_format_props_3
NotSupported	dEQP-VK.api.info.get_physical_device_properties2.pnext_format_properties.astc_12x10_srgb_block.drm_format_mod_1_and_subpass_resolve_query
NotSupported	dEQP-VK.api.info.get_physical_device_properties2.pnext_format_properties.astc_12x10_srgb_block.drm_format_mod_2
NotSupported	dEQP-VK.api.info.get_physical_device_properties2.pnext_format_properties.astc_12x10_srgb_block.drm_format_mod_2_and_format_props_3
NotSupported	dEQP-VK.api.info.get_physical_device_properties2.pnext_format_properties.astc_12x10_srgb_block.drm_format_mod_2_and_subpass_resolve_query
Pass	dEQP-VK.api.info.get_physical_device_properties2.pnext_format_properties.astc_12x10_srgb_block.format_props_3
NotSupported	dEQP-VK.api.info.get_physical_device_properties2.pnext_format_properties.astc_12x10_srgb_block.format_props_3_and_subpass_resolve_query
NotSupported	dEQP-VK.api.info.get_physical_device_properties2.pnext_format_properties.astc_12x10_srgb_block.subpass_resolve_query
NotSupported	dEQP-VK.api.info.get_physical_device_properties2.pnext_format_properties.astc_12x10_unorm_block.all_format_props
NotSupported	dEQP-VK.api.info.get_physical_device_properties2.pnext_format_properties.astc_12x10_unorm_block.drm_format_mod_1
NotSupported	dEQP-VK.api.info.get_physical_device_properties2.pnext_format_properties.astc_12x10_unorm_block.drm_format_mod_1_and_2
NotSupported	dEQP-VK.api.info.get_physical_device_properties2.pnext_format_properties.astc_12x10_unorm_block.drm_format_mod_1_and_format_props_3
NotSupported	dEQP-VK.api.info.get_physical_device_properties2.pnext_format_properties.astc_12x10_unorm_block.drm_format_mod_1_and_subpass_resolve_query
NotSupported	dEQP-VK.api.info.get_physical_device_properties2.pnext_format_properties.astc_12x10_unorm_block.drm_format_mod_2
NotSupported	dEQP-VK.api.info.get_physical_device_properties2.pnext_format_properties.astc_12x10_unorm_block.drm_format_mod_2_and_format_props_3
NotSupported	dEQP-VK.api.info.get_physical_device_properties2.pnext_format_properties.astc_12x10_unorm_block.drm_format_mod_2_and_subpass_resolve_query
Pass	dEQP-VK.api.info.get_physical_device_properties2.pnext_format_properties.astc_12x10_unorm_block.format_props_3
NotSupported	dEQP-VK.api.info.get_physical_device_properties2.pnext_format_properties.astc_12x10_unorm_block.format_props_3_and_subpass_resolve_query
NotSupported	dEQP-VK.api.info.get_physical_device_properties2.pnext_format_properties.astc_12x10_unorm_block.subpass_resolve_query
NotSupported	dEQP-VK.api.info.get_physical_device_properties2.pnext_format_properties.astc_12x12_srgb_block.all_format_props
NotSupported	dEQP-VK.api.info.get_physical_device_properties2.pnext_format_properties.astc_12x12_srgb_block.drm_format_mod_1
NotSupported	dEQP-VK.api.info.get_physical_device_properties2.pnext_format_properties.astc_12x12_srgb_block.drm_format_mod_1_and_2
NotSupported	dEQP-VK.api.info.get_physical_device_properties2.pnext_format_properties.astc_12x12_srgb_block.drm_format_mod_1_and_format_props_3
NotSupported	dEQP-VK.api.info.get_physical_device_properties2.pnext_format_properties.astc_12x12_srgb_block.drm_format_mod_1_and_subpass_resolve_query
NotSupported	dEQP-VK.api.info.get_physical_device_properties2.pnext_format_properties.astc_12x12_srgb_block.drm_format_mod_2
NotSupported	dEQP-VK.api.info.get_physical_device_properties2.pnext_format_properties.astc_12x12_srgb_block.drm_format_mod_2_and_format_props_3
NotSupported	dEQP-VK.api.info.get_physical_device_properties2.pnext_format_properties.astc_12x12_srgb_block.drm_format_mod_2_and_subpass_resolve_query
Pass	dEQP-VK.api.info.get_physical_device_properties2.pnext_format_properties.astc_12x12_srgb_block.format_props_3
NotSupported	dEQP-VK.api.info.get_physical_device_properties2.pnext_format_properties.astc_12x12_srgb_block.format_props_3_and_subpass_resolve_query
NotSupported	dEQP-VK.api.info.get_physical_device_properties2.pnext_format_properties.astc_12x12_srgb_block.subpass_resolve_query
NotSupported	dEQP-VK.api.info.get_physical_device_properties2.pnext_format_properties.astc_12x12_unorm_block.all_format_props
NotSupported	dEQP-VK.api.info.get_physical_device_properties2.pnext_format_properties.astc_12x12_unorm_block.drm_format_mod_1
NotSupported	dEQP-VK.api.info.get_physical_device_properties2.pnext_format_properties.astc_12x12_unorm_block.drm_format_mod_1_and_2
NotSupported	dEQP-VK.api.info.get_physical_device_properties2.pnext_format_properties.astc_12x12_unorm_block.drm_format_mod_1_and_format_props_3
NotSupported	dEQP-VK.api.info.get_physical_device_properties2.pnext_format_properties.astc_12x12_unorm_block.drm_format_mod_1_and_subpass_resolve_query
NotSupported	dEQP-VK.api.info.get_physical_device_properties2.pnext_format_properties.astc_12x12_unorm_block.drm_format_mod_2
NotSupported	dEQP-VK.api.info.get_physical_device_properties2.pnext_format_properties.astc_12x12_unorm_block.drm_format_mod_2_and_format_props_3
NotSupported	dEQP-VK.api.info.get_physical_device_properties2.pnext_format_properties.astc_12x12_unorm_block.drm_format_mod_2_and_subpass_resolve_query
Pass	dEQP-VK.api.info.get_physical_device_properties2.pnext_format_properties.astc_12x12_unorm_block.format_props_3
NotSupported	dEQP-VK.api.info.get_physical_device_properties2.pnext_format_properties.astc_12x12_unorm_block.format_props_3_and_subpass_resolve_query
NotSupported	dEQP-VK.api.info.get_physical_device_properties2.pnext_format_properties.astc_12x12_unorm_block.subpass_resolve_query
NotSupported	dEQP-VK.api.info.get_physical_device_properties2.pnext_format_properties.astc_4x4_srgb_block.all_format_props
NotSupported	dEQP-VK.api.info.get_physical_device_properties2.pnext_format_properties.astc_4x4_srgb_block.drm_format_mod_1
NotSupported	dEQP-VK.api.info.get_physical_device_properties2.pnext_format_properties.astc_4x4_srgb_block.drm_format_mod_1_and_2
NotSupported	dEQP-VK.api.info.get_physical_device_properties2.pnext_format_properties.astc_4x4_srgb_block.drm_format_mod_1_and_format_props_3
NotSupported	dEQP-VK.api.info.get_physical_device_properties2.pnext_format_properties.astc_4x4_srgb_block.drm_format_mod_1_and_subpass_resolve_query
NotSupported	dEQP-VK.api.info.get_physical_device_properties2.pnext_format_properties.astc_4x4_srgb_block.drm_format_mod_2
NotSupported	dEQP-VK.api.info.get_physical_device_properties2.pnext_format_properties.astc_4x4_srgb_block.drm_format_mod_2_and_format_props_3
NotSupported	dEQP-VK.api.info.get_physical_device_properties2.pnext_format_properties.astc_4x4_srgb_block.drm_format_mod_2_and_subpass_resolve_query
Pass	dEQP-VK.api.info.get_physical_device_properties2.pnext_format_properties.astc_4x4_srgb_block.format_props_3
NotSupported	dEQP-VK.api.info.get_physical_device_properties2.pnext_format_properties.astc_4x4_srgb_block.format_props_3_and_subpass_resolve_query
NotSupported	dEQP-VK.api.info.get_physical_device_properties2.pnext_format_properties.astc_4x4_srgb_block.subpass_resolve_query
NotSupported	dEQP-VK.api.info.get_physical_device_properties2.pnext_format_properties.astc_4x4_unorm_block.all_format_props
NotSupported	dEQP-VK.api.info.get_physical_device_properties2.pnext_format_properties.astc_4x4_unorm_block.drm_format_mod_1
NotSupported	dEQP-VK.api.info.get_physical_device_properties2.pnext_format_properties.astc_4x4_unorm_block.drm_format_mod_1_and_2
NotSupported	dEQP-VK.api.info.get_physical_device_properties2.pnext_format_properties.astc_4x4_unorm_block.drm_format_mod_1_and_format_props_3
NotSupported	dEQP-VK.api.info.get_physical_device_properties2.pnext_format_properties.astc_4x4_unorm_block.drm_format_mod_1_and_subpass_resolve_query
NotSupported	dEQP-VK.api.info.get_physical_device_properties2.pnext_format_properties.astc_4x4_unorm_block.drm_format_mod_2
NotSupported	dEQP-VK.api.info.get_physical_device_properties2.pnext_format_properties.astc_4x4_unorm_block.drm_format_mod_2_and_format_props_3
NotSupported	dEQP-VK.api.info.get_physical_device_properties2.pnext_format_properties.astc_4x4_unorm_block.drm_format_mod_2_and_subpass_resolve_query
Pass	dEQP-VK.api.info.get_physical_device_properties2.pnext_format_properties.astc_4x4_unorm_block.format_props_3
NotSupported	dEQP-VK.api.info.get_physical_device_properties2.pnext_format_properties.astc_4x4_unorm_block.format_props_3_and_subpass_resolve_query
NotSupported	dEQP-VK.api.info.get_physical_device_properties2.pnext_format_properties.astc_4x4_unorm_block.subpass_resolve_query
NotSupported	dEQP-VK.api.info.get_physical_device_properties2.pnext_format_properties.astc_5x4_srgb_block.all_format_props
NotSupported	dEQP-VK.api.info.get_physical_device_properties2.pnext_format_properties.astc_5x4_srgb_block.drm_format_mod_1
NotSupported	dEQP-VK.api.info.get_physical_device_properties2.pnext_format_properties.astc_5x4_srgb_block.drm_format_mod_1_and_2
NotSupported	dEQP-VK.api.info.get_physical_device_properties2.pnext_format_properties.astc_5x4_srgb_block.drm_format_mod_1_and_format_props_3
NotSupported	dEQP-VK.api.info.get_physical_device_properties2.pnext_format_properties.astc_5x4_srgb_block.drm_format_mod_1_and_subpass_resolve_query
NotSupported	dEQP-VK.api.info.get_physical_device_properties2.pnext_format_properties.astc_5x4_srgb_block.drm_format_mod_2
NotSupported	dEQP-VK.api.info.get_physical_device_properties2.pnext_format_properties.astc_5x4_srgb_block.drm_format_mod_2_and_format_props_3
NotSupported	dEQP-VK.api.info.get_physical_device_properties2.pnext_format_properties.astc_5x4_srgb_block.drm_format_mod_2_and_subpass_resolve_query
Pass	dEQP-VK.api.info.get_physical_device_properties2.pnext_format_properties.astc_5x4_srgb_block.format_props_3
NotSupported	dEQP-VK.api.info.get_physical_device_properties2.pnext_format_properties.astc_5x4_srgb_block.format_props_3_and_subpass_resolve_query
NotSupported	dEQP-VK.api.info.get_physical_device_properties2.pnext_format_properties.astc_5x4_srgb_block.subpass_resolve_query
NotSupported	dEQP-VK.api.info.get_physical_device_properties2.pnext_format_properties.astc_5x4_unorm_block.all_format_props
NotSupported	dEQP-VK.api.info.get_physical_device_properties2.pnext_format_properties.astc_5x4_unorm_block.drm_format_mod_1
NotSupported	dEQP-VK.api.info.get_physical_device_properties2.pnext_format_properties.astc_5x4_unorm_block.drm_format_mod_1_and_2
NotSupported	dEQP-VK.api.info.get_physical_device_properties2.pnext_format_properties.astc_5x4_unorm_block.drm_format_mod_1_and_format_props_3
NotSupported	dEQP-VK.api.info.get_physical_device_properties2.pnext_format_properties.astc_5x4_unorm_block.drm_format_mod_1_and_subpass_resolve_query
NotSupported	dEQP-VK.api.info.get_physical_device_properties2.pnext_format_properties.astc_5x4_unorm_block.drm_format_mod_2
NotSupported	dEQP-VK.api.info.get_physical_device_properties2.pnext_format_properties.astc_5x4_unorm_block.drm_format_mod_2_and_format_props_3
NotSupported	dEQP-VK.api.info.get_physical_device_properties2.pnext_format_properties.astc_5x4_unorm_block.drm_format_mod_2_and_subpass_resolve_query
Pass	dEQP-VK.api.info.get_physical_device_properties2.pnext_format_properties.astc_5x4_unorm_block.format_props_3
NotSupported	dEQP-VK.api.info.get_physical_device_properties2.pnext_format_properties.astc_5x4_unorm_block.format_props_3_and_subpass_resolve_query
NotSupported	dEQP-VK.api.info.get_physical_device_properties2.pnext_format_properties.astc_5x4_unorm_block.subpass_resolve_query
NotSupported	dEQP-VK.api.info.get_physical_device_properties2.pnext_format_properties.astc_5x5_srgb_block.all_format_props
NotSupported	dEQP-VK.api.info.get_physical_device_properties2.pnext_format_properties.astc_5x5_srgb_block.drm_format_mod_1
NotSupported	dEQP-VK.api.info.get_physical_device_properties2.pnext_format_properties.astc_5x5_srgb_block.drm_format_mod_1_and_2
NotSupported	dEQP-VK.api.info.get_physical_device_properties2.pnext_format_properties.astc_5x5_srgb_block.drm_format_mod_1_and_format_props_3
NotSupported	dEQP-VK.api.info.get_physical_device_properties2.pnext_format_properties.astc_5x5_srgb_block.drm_format_mod_1_and_subpass_resolve_query
NotSupported	dEQP-VK.api.info.get_physical_device_properties2.pnext_format_properties.astc_5x5_srgb_block.drm_format_mod_2
NotSupported	dEQP-VK.api.info.get_physical_device_properties2.pnext_format_properties.astc_5x5_srgb_block.drm_format_mod_2_and_format_props_3
NotSupported	dEQP-VK.api.info.get_physical_device_properties2.pnext_format_properties.astc_5x5_srgb_block.drm_format_mod_2_and_subpass_resolve_query
Pass	dEQP-VK.api.info.get_physical_device_properties2.pnext_format_properties.astc_5x5_srgb_block.format_props_3
NotSupported	dEQP-VK.api.info.get_physical_device_properties2.pnext_format_properties.astc_5x5_srgb_block.format_props_3_and_subpass_resolve_query
NotSupported	dEQP-VK.api.info.get_physical_device_properties2.pnext_format_properties.astc_5x5_srgb_block.subpass_resolve_query
NotSupported	dEQP-VK.api.info.get_physical_device_properties2.pnext_format_properties.astc_5x5_unorm_block.all_format_props
NotSupported	dEQP-VK.api.info.get_physical_device_properties2.pnext_format_properties.astc_5x5_unorm_block.drm_format_mod_1
NotSupported	dEQP-VK.api.info.get_physical_device_properties2.pnext_format_properties.astc_5x5_unorm_block.drm_format_mod_1_and_2
NotSupported	dEQP-VK.api.info.get_physical_device_properties2.pnext_format_properties.astc_5x5_unorm_block.drm_format_mod_1_and_format_props_3
NotSupported	dEQP-VK.api.info.get_physical_device_properties2.pnext_format_properties.astc_5x5_unorm_block.drm_format_mod_1_and_subpass_resolve_query
NotSupported	dEQP-VK.api.info.get_physical_device_properties2.pnext_format_properties.astc_5x5_unorm_block.drm_format_mod_2
NotSupported	dEQP-VK.api.info.get_physical_device_properties2.pnext_format_properties.astc_5x5_unorm_block.drm_format_mod_2_and_format_props_3
NotSupported	dEQP-VK.api.info.get_physical_device_properties2.pnext_format_properties.astc_5x5_unorm_block.drm_format_mod_2_and_subpass_resolve_query
Pass	dEQP-VK.api.info.get_physical_device_properties2.pnext_format_properties.astc_5x5_unorm_block.format_props_3
NotSupported	dEQP-VK.api.info.get_physical_device_properties2.pnext_format_properties.astc_5x5_unorm_block.format_props_3_and_subpass_resolve_query
NotSupported	dEQP-VK.api.info.get_physical_device_properties2.pnext_format_properties.astc_5x5_unorm_block.subpass_resolve_query
NotSupported	dEQP-VK.api.info.get_physical_device_properties2.pnext_format_properties.astc_6x5_srgb_block.all_format_props
NotSupported	dEQP-VK.api.info.get_physical_device_properties2.pnext_format_properties.astc_6x5_srgb_block.drm_format_mod_1
NotSupported	dEQP-VK.api.info.get_physical_device_properties2.pnext_format_properties.astc_6x5_srgb_block.drm_format_mod_1_and_2
NotSupported	dEQP-VK.api.info.get_physical_device_properties2.pnext_format_properties.astc_6x5_srgb_block.drm_format_mod_1_and_format_props_3
NotSupported	dEQP-VK.api.info.get_physical_device_properties2.pnext_format_properties.astc_6x5_srgb_block.drm_format_mod_1_and_subpass_resolve_query
NotSupported	dEQP-VK.api.info.get_physical_device_properties2.pnext_format_properties.astc_6x5_srgb_block.drm_format_mod_2
NotSupported	dEQP-VK.api.info.get_physical_device_properties2.pnext_format_properties.astc_6x5_srgb_block.drm_format_mod_2_and_format_props_3
NotSupported	dEQP-VK.api.info.get_physical_device_properties2.pnext_format_properties.astc_6x5_srgb_block.drm_format_mod_2_and_subpass_resolve_query
Pass	dEQP-VK.api.info.get_physical_device_properties2.pnext_format_properties.astc_6x5_srgb_block.format_props_3
NotSupported	dEQP-VK.api.info.get_physical_device_properties2.pnext_format_properties.astc_6x5_srgb_block.format_props_3_and_subpass_resolve_query
NotSupported	dEQP-VK.api.info.get_physical_device_properties2.pnext_format_properties.astc_6x5_srgb_block.subpass_resolve_query
NotSupported	dEQP-VK.api.info.get_physical_device_properties2.pnext_format_properties.astc_6x5_unorm_block.all_format_props
NotSupported	dEQP-VK.api.info.get_physical_device_properties2.pnext_format_properties.astc_6x5_unorm_block.drm_format_mod_1
NotSupported	dEQP-VK.api.info.get_physical_device_properties2.pnext_format_properties.astc_6x5_unorm_block.drm_format_mod_1_and_2
NotSupported	dEQP-VK.api.info.get_physical_device_properties2.pnext_format_properties.astc_6x5_unorm_block.drm_format_mod_1_and_format_props_3
NotSupported	dEQP-VK.api.info.get_physical_device_properties2.pnext_format_properties.astc_6x5_unorm_block.drm_format_mod_1_and_subpass_resolve_query
NotSupported	dEQP-VK.api.info.get_physical_device_properties2.pnext_format_properties.astc_6x5_unorm_block.drm_format_mod_2
NotSupported	dEQP-VK.api.info.get_physical_device_properties2.pnext_format_properties.astc_6x5_unorm_block.drm_format_mod_2_and_format_props_3
NotSupported	dEQP-VK.api.info.get_physical_device_properties2.pnext_format_properties.astc_6x5_unorm_block.drm_format_mod_2_and_subpass_resolve_query
Pass	dEQP-VK.api.info.get_physical_device_properties2.pnext_format_properties.astc_6x5_unorm_block.format_props_3
NotSupported	dEQP-VK.api.info.get_physical_device_properties2.pnext_format_properties.astc_6x5_unorm_block.format_props_3_and_subpass_resolve_query
NotSupported	dEQP-VK.api.info.get_physical_device_properties2.pnext_format_properties.astc_6x5_unorm_block.subpass_resolve_query
NotSupported	dEQP-VK.api.info.get_physical_device_properties2.pnext_format_properties.astc_6x6_srgb_block.all_format_props
NotSupported	dEQP-VK.api.info.get_physical_device_properties2.pnext_format_properties.astc_6x6_srgb_block.drm_format_mod_1
NotSupported	dEQP-VK.api.info.get_physical_device_properties2.pnext_format_properties.astc_6x6_srgb_block.drm_format_mod_1_and_2
NotSupported	dEQP-VK.api.info.get_physical_device_properties2.pnext_format_properties.astc_6x6_srgb_block.drm_format_mod_1_and_format_props_3
NotSupported	dEQP-VK.api.info.get_physical_device_properties2.pnext_format_properties.astc_6x6_srgb_block.drm_format_mod_1_and_subpass_resolve_query
NotSupported	dEQP-VK.api.info.get_physical_device_properties2.pnext_format_properties.astc_6x6_srgb_block.drm_format_mod_2
NotSupported	dEQP-VK.api.info.get_physical_device_properties2.pnext_format_properties.astc_6x6_srgb_block.drm_format_mod_2_and_format_props_3
NotSupported	dEQP-VK.api.info.get_physical_device_properties2.pnext_format_properties.astc_6x6_srgb_block.drm_format_mod_2_and_subpass_resolve_query
Pass	dEQP-VK.api.info.get_physical_device_properties2.pnext_format_properties.astc_6x6_srgb_block.format_props_3
NotSupported	dEQP-VK.api.info.get_physical_device_properties2.pnext_format_properties.astc_6x6_srgb_block.format_props_3_and_subpass_resolve_query
NotSupported	dEQP-VK.api.info.get_physical_device_properties2.pnext_format_properties.astc_6x6_srgb_block.subpass_resolve_query
NotSupported	dEQP-VK.api.info.get_physical_device_properties2.pnext_format_properties.astc_6x6_unorm_block.all_format_props
NotSupported	dEQP-VK.api.info.get_physical_device_properties2.pnext_format_properties.astc_6x6_unorm_block.drm_format_mod_1
NotSupported	dEQP-VK.api.info.get_physical_device_properties2.pnext_format_properties.astc_6x6_unorm_block.drm_format_mod_1_and_2
NotSupported	dEQP-VK.api.info.get_physical_device_properties2.pnext_format_properties.astc_6x6_unorm_block.drm_format_mod_1_and_format_props_3
NotSupported	dEQP-VK.api.info.get_physical_device_properties2.pnext_format_properties.astc_6x6_unorm_block.drm_format_mod_1_and_subpass_resolve_query
NotSupported	dEQP-VK.api.info.get_physical_device_properties2.pnext_format_properties.astc_6x6_unorm_block.drm_format_mod_2
NotSupported	dEQP-VK.api.info.get_physical_device_properties2.pnext_format_properties.astc_6x6_unorm_block.drm_format_mod_2_and_format_props_3
NotSupported	dEQP-VK.api.info.get_physical_device_properties2.pnext_format_properties.astc_6x6_unorm_block.drm_format_mod_2_and_subpass_resolve_query
Pass	dEQP-VK.api.info.get_physical_device_properties2.pnext_format_properties.astc_6x6_unorm_block.format_props_3
NotSupported	dEQP-VK.api.info.get_physical_device_properties2.pnext_format_properties.astc_6x6_unorm_block.format_props_3_and_subpass_resolve_query
NotSupported	dEQP-VK.api.info.get_physical_device_properties2.pnext_format_properties.astc_6x6_unorm_block.subpass_resolve_query
NotSupported	dEQP-VK.api.info.get_physical_device_properties2.pnext_format_properties.astc_8x5_srgb_block.all_format_props
NotSupported	dEQP-VK.api.info.get_physical_device_properties2.pnext_format_properties.astc_8x5_srgb_block.drm_format_mod_1
NotSupported	dEQP-VK.api.info.get_physical_device_properties2.pnext_format_properties.astc_8x5_srgb_block.drm_format_mod_1_and_2
NotSupported	dEQP-VK.api.info.get_physical_device_properties2.pnext_format_properties.astc_8x5_srgb_block.drm_format_mod_1_and_format_props_3
NotSupported	dEQP-VK.api.info.get_physical_device_properties2.pnext_format_properties.astc_8x5_srgb_block.drm_format_mod_1_and_subpass_resolve_query
NotSupported	dEQP-VK.api.info.get_physical_device_properties2.pnext_format_properties.astc_8x5_srgb_block.drm_format_mod_2
NotSupported	dEQP-VK.api.info.get_physical_device_properties2.pnext_format_properties.astc_8x5_srgb_block.drm_format_mod_2_and_format_props_3
NotSupported	dEQP-VK.api.info.get_physical_device_properties2.pnext_format_properties.astc_8x5_srgb_block.drm_format_mod_2_and_subpass_resolve_query
Pass	dEQP-VK.api.info.get_physical_device_properties2.pnext_format_properties.astc_8x5_srgb_block.format_props_3
NotSupported	dEQP-VK.api.info.get_physical_device_properties2.pnext_format_properties.astc_8x5_srgb_block.format_props_3_and_subpass_resolve_query
NotSupported	dEQP-VK.api.info.get_physical_device_properties2.pnext_format_properties.astc_8x5_srgb_block.subpass_resolve_query
NotSupported	dEQP-VK.api.info.get_physical_device_properties2.pnext_format_properties.astc_8x5_unorm_block.all_format_props
NotSupported	dEQP-VK.api.info.get_physical_device_properties2.pnext_format_properties.astc_8x5_unorm_block.drm_format_mod_1
NotSupported	dEQP-VK.api.info.get_physical_device_properties2.pnext_format_properties.astc_8x5_unorm_block.drm_format_mod_1_and_2
NotSupported	dEQP-VK.api.info.get_physical_device_properties2.pnext_format_properties.astc_8x5_unorm_block.drm_format_mod_1_and_format_props_3
NotSupported	dEQP-VK.api.info.get_physical_device_properties2.pnext_format_properties.astc_8x5_unorm_block.drm_format_mod_1_and_subpass_resolve_query
NotSupported	dEQP-VK.api.info.get_physical_device_properties2.pnext_format_properties.astc_8x5_unorm_block.drm_format_mod_2
NotSupported	dEQP-VK.api.info.get_physical_device_properties2.pnext_format_properties.astc_8x5_unorm_block.drm_format_mod_2_and_format_props_3
NotSupported	dEQP-VK.api.info.get_physical_device_properties2.pnext_format_properties.astc_8x5_unorm_block.drm_format_mod_2_and_subpass_resolve_query
Pass	dEQP-VK.api.info.get_physical_device_properties2.pnext_format_properties.astc_8x5_unorm_block.format_props_3
NotSupported	dEQP-VK.api.info.get_physical_device_properties2.pnext_format_properties.astc_8x5_unorm_block.format_props_3_and_subpass_resolve_query
NotSupported	dEQP-VK.api.info.get_physical_device_properties2.pnext_format_properties.astc_8x5_unorm_block.subpass_resolve_query
NotSupported	dEQP-VK.api.info.get_physical_device_properties2.pnext_format_properties.astc_8x6_srgb_block.all_format_props
NotSupported	dEQP-VK.api.info.get_physical_device_properties2.pnext_format_properties.astc_8x6_srgb_block.drm_format_mod_1
NotSupported	dEQP-VK.api.info.get_physical_device_properties2.pnext_format_properties.astc_8x6_srgb_block.drm_format_mod_1_and_2
NotSupported	dEQP-VK.api.info.get_physical_device_properties2.pnext_format_properties.astc_8x6_srgb_block.drm_format_mod_1_and_format_props_3
NotSupported	dEQP-VK.api.info.get_physical_device_properties2.pnext_format_properties.astc_8x6_srgb_block.drm_format_mod_1_and_subpass_resolve_query
NotSupported	dEQP-VK.api.info.get_physical_device_properties2.pnext_format_properties.astc_8x6_srgb_block.drm_format_mod_2
NotSupported	dEQP-VK.api.info.get_physical_device_properties2.pnext_format_properties.astc_8x6_srgb_block.drm_format_mod_2_and_format_props_3
NotSupported	dEQP-VK.api.info.get_physical_device_properties2.pnext_format_properties.astc_8x6_srgb_block.drm_format_mod_2_and_subpass_resolve_query
Pass	dEQP-VK.api.info.get_physical_device_properties2.pnext_format_properties.astc_8x6_srgb_block.format_props_3
NotSupported	dEQP-VK.api.info.get_physical_device_properties2.pnext_format_properties.astc_8x6_srgb_block.format_props_3_and_subpass_resolve_query
NotSupported	dEQP-VK.api.info.get_physical_device_properties2.pnext_format_properties.astc_8x6_srgb_block.subpass_resolve_query
NotSupported	dEQP-VK.api.info.get_physical_device_properties2.pnext_format_properties.astc_8x6_unorm_block.all_format_props
NotSupported	dEQP-VK.api.info.get_physical_device_properties2.pnext_format_properties.astc_8x6_unorm_block.drm_format_mod_1
NotSupported	dEQP-VK.api.info.get_physical_device_properties2.pnext_format_properties.astc_8x6_unorm_block.drm_format_mod_1_and_2
NotSupported	dEQP-VK.api.info.get_physical_device_properties2.pnext_format_properties.astc_8x6_unorm_block.drm_format_mod_1_and_format_props_3
NotSupported	dEQP-VK.api.info.get_physical_device_properties2.pnext_format_properties.astc_8x6_unorm_block.drm_format_mod_1_and_subpass_resolve_query
NotSupported	dEQP-VK.api.info.get_physical_device_properties2.pnext_format_properties.astc_8x6_unorm_block.drm_format_mod_2
NotSupported	dEQP-VK.api.info.get_physical_device_properties2.pnext_format_properties.astc_8x6_unorm_block.drm_format_mod_2_and_format_props_3
NotSupported	dEQP-VK.api.info.get_physical_device_properties2.pnext_format_properties.astc_8x6_unorm_block.drm_format_mod_2_and_subpass_resolve_query
Pass	dEQP-VK.api.info.get_physical_device_properties2.pnext_format_properties.astc_8x6_unorm_block.format_props_3
NotSupported	dEQP-VK.api.info.get_physical_device_properties2.pnext_format_properties.astc_8x6_unorm_block.format_props_3_and_subpass_resolve_query
NotSupported	dEQP-VK.api.info.get_physical_device_properties2.pnext_format_properties.astc_8x6_unorm_block.subpass_resolve_query
NotSupported	dEQP-VK.api.info.get_physical_device_properties2.pnext_format_properties.astc_8x8_srgb_block.all_format_props
NotSupported	dEQP-VK.api.info.get_physical_device_properties2.pnext_format_properties.astc_8x8_srgb_block.drm_format_mod_1
NotSupported	dEQP-VK.api.info.get_physical_device_properties2.pnext_format_properties.astc_8x8_srgb_block.drm_format_mod_1_and_2
NotSupported	dEQP-VK.api.info.get_physical_device_properties2.pnext_format_properties.astc_8x8_srgb_block.drm_format_mod_1_and_format_props_3
NotSupported	dEQP-VK.api.info.get_physical_device_properties2.pnext_format_properties.astc_8x8_srgb_block.drm_format_mod_1_and_subpass_resolve_query
NotSupported	dEQP-VK.api.info.get_physical_device_properties2.pnext_format_properties.astc_8x8_srgb_block.drm_format_mod_2
NotSupported	dEQP-VK.api.info.get_physical_device_properties2.pnext_format_properties.astc_8x8_srgb_block.drm_format_mod_2_and_format_props_3
NotSupported	dEQP-VK.api.info.get_physical_device_properties2.pnext_format_properties.astc_8x8_srgb_block.drm_format_mod_2_and_subpass_resolve_query
Pass	dEQP-VK.api.info.get_physical_device_properties2.pnext_format_properties.astc_8x8_srgb_block.format_props_3
NotSupported	dEQP-VK.api.info.get_physical_device_properties2.pnext_format_properties.astc_8x8_srgb_block.format_props_3_and_subpass_resolve_query
NotSupported	dEQP-VK.api.info.get_physical_device_properties2.pnext_format_properties.astc_8x8_srgb_block.subpass_resolve_query
NotSupported	dEQP-VK.api.info.get_physical_device_properties2.pnext_format_properties.astc_8x8_unorm_block.all_format_props
NotSupported	dEQP-VK.api.info.get_physical_device_properties2.pnext_format_properties.astc_8x8_unorm_block.drm_format_mod_1
NotSupported	dEQP-VK.api.info.get_physical_device_properties2.pnext_format_properties.astc_8x8_unorm_block.drm_format_mod_1_and_2
NotSupported	dEQP-VK.api.info.get_physical_device_properties2.pnext_format_properties.astc_8x8_unorm_block.drm_format_mod_1_and_format_props_3
NotSupported	dEQP-VK.api.info.get_physical_device_properties2.pnext_format_properties.astc_8x8_unorm_block.drm_format_mod_1_and_subpass_resolve_query
NotSupported	dEQP-VK.api.info.get_physical_device_properties2.pnext_format_properties.astc_8x8_unorm_block.drm_format_mod_2
NotSupported	dEQP-VK.api.info.get_physical_device_properties2.pnext_format_properties.astc_8x8_unorm_block.drm_format_mod_2_and_format_props_3
NotSupported	dEQP-VK.api.info.get_physical_device_properties2.pnext_format_properties.astc_8x8_unorm_block.drm_format_mod_2_and_subpass_resolve_query
Pass	dEQP-VK.api.info.get_physical_device_properties2.pnext_format_properties.astc_8x8_unorm_block.format_props_3
NotSupported	dEQP-VK.api.info.get_physical_device_properties2.pnext_format_properties.astc_8x8_unorm_block.format_props_3_and_subpass_resolve_query
NotSupported	dEQP-VK.api.info.get_physical_device_properties2.pnext_format_properties.astc_8x8_unorm_block.subpass_resolve_query
NotSupported	dEQP-VK.api.info.get_physical_device_properties2.pnext_format_properties.b10g11r11_ufloat_pack32.all_format_props
NotSupported	dEQP-VK.api.info.get_physical_device_properties2.pnext_format_properties.b10g11r11_ufloat_pack32.drm_format_mod_1
NotSupported	dEQP-VK.api.info.get_physical_device_properties2.pnext_format_properties.b10g11r11_ufloat_pack32.drm_format_mod_1_and_2
NotSupported	dEQP-VK.api.info.get_physical_device_properties2.pnext_format_properties.b10g11r11_ufloat_pack32.drm_format_mod_1_and_format_props_3
NotSupported	dEQP-VK.api.info.get_physical_device_properties2.pnext_format_properties.b10g11r11_ufloat_pack32.drm_format_mod_1_and_subpass_resolve_query
NotSupported	dEQP-VK.api.info.get_physical_device_properties2.pnext_format_properties.b10g11r11_ufloat_pack32.drm_format_mod_2
NotSupported	dEQP-VK.api.info.get_physical_device_properties2.pnext_format_properties.b10g11r11_ufloat_pack32.drm_format_mod_2_and_format_props_3
NotSupported	dEQP-VK.api.info.get_physical_device_properties2.pnext_format_properties.b10g11r11_ufloat_pack32.drm_format_mod_2_and_subpass_resolve_query
Pass	dEQP-VK.api.info.get_physical_device_properties2.pnext_format_properties.b10g11r11_ufloat_pack32.format_props_3
NotSupported	dEQP-VK.api.info.get_physical_device_properties2.pnext_format_properties.b10g11r11_ufloat_pack32.format_props_3_and_subpass_resolve_query
NotSupported	dEQP-VK.api.info.get_physical_device_properties2.pnext_format_properties.b10g11r11_ufloat_pack32.subpass_resolve_query
NotSupported	dEQP-VK.api.info.get_physical_device_properties2.pnext_format_properties.b4g4r4a4_unorm_pack16.all_format_props
NotSupported	dEQP-VK.api.info.get_physical_device_properties2.pnext_format_properties.b4g4r4a4_unorm_pack16.drm_format_mod_1
NotSupported	dEQP-VK.api.info.get_physical_device_properties2.pnext_format_properties.b4g4r4a4_unorm_pack16.drm_format_mod_1_and_2
NotSupported	dEQP-VK.api.info.get_physical_device_properties2.pnext_format_properties.b4g4r4a4_unorm_pack16.drm_format_mod_1_and_format_props_3
NotSupported	dEQP-VK.api.info.get_physical_device_properties2.pnext_format_properties.b4g4r4a4_unorm_pack16.drm_format_mod_1_and_subpass_resolve_query
NotSupported	dEQP-VK.api.info.get_physical_device_properties2.pnext_format_properties.b4g4r4a4_unorm_pack16.drm_format_mod_2
NotSupported	dEQP-VK.api.info.get_physical_device_properties2.pnext_format_properties.b4g4r4a4_unorm_pack16.drm_format_mod_2_and_format_props_3
NotSupported	dEQP-VK.api.info.get_physical_device_properties2.pnext_format_properties.b4g4r4a4_unorm_pack16.drm_format_mod_2_and_subpass_resolve_query
Pass	dEQP-VK.api.info.get_physical_device_properties2.pnext_format_properties.b4g4r4a4_unorm_pack16.format_props_3
NotSupported	dEQP-VK.api.info.get_physical_device_properties2.pnext_format_properties.b4g4r4a4_unorm_pack16.format_props_3_and_subpass_resolve_query
NotSupported	dEQP-VK.api.info.get_physical_device_properties2.pnext_format_properties.b4g4r4a4_unorm_pack16.subpass_resolve_query
NotSupported	dEQP-VK.api.info.get_physical_device_properties2.pnext_format_properties.b5g5r5a1_unorm_pack16.all_format_props
NotSupported	dEQP-VK.api.info.get_physical_device_properties2.pnext_format_properties.b5g5r5a1_unorm_pack16.drm_format_mod_1
NotSupported	dEQP-VK.api.info.get_physical_device_properties2.pnext_format_properties.b5g5r5a1_unorm_pack16.drm_format_mod_1_and_2
NotSupported	dEQP-VK.api.info.get_physical_device_properties2.pnext_format_properties.b5g5r5a1_unorm_pack16.drm_format_mod_1_and_format_props_3
NotSupported	dEQP-VK.api.info.get_physical_device_properties2.pnext_format_properties.b5g5r5a1_unorm_pack16.drm_format_mod_1_and_subpass_resolve_query
NotSupported	dEQP-VK.api.info.get_physical_device_properties2.pnext_format_properties.b5g5r5a1_unorm_pack16.drm_format_mod_2
NotSupported	dEQP-VK.api.info.get_physical_device_properties2.pnext_format_properties.b5g5r5a1_unorm_pack16.drm_format_mod_2_and_format_props_3
NotSupported	dEQP-VK.api.info.get_physical_device_properties2.pnext_format_properties.b5g5r5a1_unorm_pack16.drm_format_mod_2_and_subpass_resolve_query
Pass	dEQP-VK.api.info.get_physical_device_properties2.pnext_format_properties.b5g5r5a1_unorm_pack16.format_props_3
NotSupported	dEQP-VK.api.info.get_physical_device_properties2.pnext_format_properties.b5g5r5a1_unorm_pack16.format_props_3_and_subpass_resolve_query
NotSupported	dEQP-VK.api.info.get_physical_device_properties2.pnext_format_properties.b5g5r5a1_unorm_pack16.subpass_resolve_query
NotSupported	dEQP-VK.api.info.get_physical_device_properties2.pnext_format_properties.b5g6r5_unorm_pack16.all_format_props
NotSupported	dEQP-VK.api.info.get_physical_device_properties2.pnext_format_properties.b5g6r5_unorm_pack16.drm_format_mod_1
NotSupported	dEQP-VK.api.info.get_physical_device_properties2.pnext_format_properties.b5g6r5_unorm_pack16.drm_format_mod_1_and_2
NotSupported	dEQP-VK.api.info.get_physical_device_properties2.pnext_format_properties.b5g6r5_unorm_pack16.drm_format_mod_1_and_format_props_3
NotSupported	dEQP-VK.api.info.get_physical_device_properties2.pnext_format_properties.b5g6r5_unorm_pack16.drm_format_mod_1_and_subpass_resolve_query
NotSupported	dEQP-VK.api.info.get_physical_device_properties2.pnext_format_properties.b5g6r5_unorm_pack16.drm_format_mod_2
NotSupported	dEQP-VK.api.info.get_physical_device_properties2.pnext_format_properties.b5g6r5_unorm_pack16.drm_format_mod_2_and_format_props_3
NotSupported	dEQP-VK.api.info.get_physical_device_properties2.pnext_format_properties.b5g6r5_unorm_pack16.drm_format_mod_2_and_subpass_resolve_query
Pass	dEQP-VK.api.info.get_physical_device_properties2.pnext_format_properties.b5g6r5_unorm_pack16.format_props_3
NotSupported	dEQP-VK.api.info.get_physical_device_properties2.pnext_format_properties.b5g6r5_unorm_pack16.format_props_3_and_subpass_resolve_query
NotSupported	dEQP-VK.api.info.get_physical_device_properties2.pnext_format_properties.b5g6r5_unorm_pack16.subpass_resolve_query
NotSupported	dEQP-VK.api.info.get_physical_device_properties2.pnext_format_properties.b8g8r8_sint.all_format_props
NotSupported	dEQP-VK.api.info.get_physical_device_properties2.pnext_format_properties.b8g8r8_sint.drm_format_mod_1
NotSupported	dEQP-VK.api.info.get_physical_device_properties2.pnext_format_properties.b8g8r8_sint.drm_format_mod_1_and_2
NotSupported	dEQP-VK.api.info.get_physical_device_properties2.pnext_format_properties.b8g8r8_sint.drm_format_mod_1_and_format_props_3
NotSupported	dEQP-VK.api.info.get_physical_device_properties2.pnext_format_properties.b8g8r8_sint.drm_format_mod_1_and_subpass_resolve_query
NotSupported	dEQP-VK.api.info.get_physical_device_properties2.pnext_format_properties.b8g8r8_sint.drm_format_mod_2
NotSupported	dEQP-VK.api.info.get_physical_device_properties2.pnext_format_properties.b8g8r8_sint.drm_format_mod_2_and_format_props_3
NotSupported	dEQP-VK.api.info.get_physical_device_properties2.pnext_format_properties.b8g8r8_sint.drm_format_mod_2_and_subpass_resolve_query
Pass	dEQP-VK.api.info.get_physical_device_properties2.pnext_format_properties.b8g8r8_sint.format_props_3
NotSupported	dEQP-VK.api.info.get_physical_device_properties2.pnext_format_properties.b8g8r8_sint.format_props_3_and_subpass_resolve_query
NotSupported	dEQP-VK.api.info.get_physical_device_properties2.pnext_format_properties.b8g8r8_sint.subpass_resolve_query
NotSupported	dEQP-VK.api.info.get_physical_device_properties2.pnext_format_properties.b8g8r8_snorm.all_format_props
NotSupported	dEQP-VK.api.info.get_physical_device_properties2.pnext_format_properties.b8g8r8_snorm.drm_format_mod_1
NotSupported	dEQP-VK.api.info.get_physical_device_properties2.pnext_format_properties.b8g8r8_snorm.drm_format_mod_1_and_2
NotSupported	dEQP-VK.api.info.get_physical_device_properties2.pnext_format_properties.b8g8r8_snorm.drm_format_mod_1_and_format_props_3
NotSupported	dEQP-VK.api.info.get_physical_device_properties2.pnext_format_properties.b8g8r8_snorm.drm_format_mod_1_and_subpass_resolve_query
NotSupported	dEQP-VK.api.info.get_physical_device_properties2.pnext_format_properties.b8g8r8_snorm.drm_format_mod_2
NotSupported	dEQP-VK.api.info.get_physical_device_properties2.pnext_format_properties.b8g8r8_snorm.drm_format_mod_2_and_format_props_3
NotSupported	dEQP-VK.api.info.get_physical_device_properties2.pnext_format_properties.b8g8r8_snorm.drm_format_mod_2_and_subpass_resolve_query
Pass	dEQP-VK.api.info.get_physical_device_properties2.pnext_format_properties.b8g8r8_snorm.format_props_3
NotSupported	dEQP-VK.api.info.get_physical_device_properties2.pnext_format_properties.b8g8r8_snorm.format_props_3_and_subpass_resolve_query
NotSupported	dEQP-VK.api.info.get_physical_device_properties2.pnext_format_properties.b8g8r8_snorm.subpass_resolve_query
NotSupported	dEQP-VK.api.info.get_physical_device_properties2.pnext_format_properties.b8g8r8_srgb.all_format_props
NotSupported	dEQP-VK.api.info.get_physical_device_properties2.pnext_format_properties.b8g8r8_srgb.drm_format_mod_1
NotSupported	dEQP-VK.api.info.get_physical_device_properties2.pnext_format_properties.b8g8r8_srgb.drm_format_mod_1_and_2
NotSupported	dEQP-VK.api.info.get_physical_device_properties2.pnext_format_properties.b8g8r8_srgb.drm_format_mod_1_and_format_props_3
NotSupported	dEQP-VK.api.info.get_physical_device_properties2.pnext_format_properties.b8g8r8_srgb.drm_format_mod_1_and_subpass_resolve_query
NotSupported	dEQP-VK.api.info.get_physical_device_properties2.pnext_format_properties.b8g8r8_srgb.drm_format_mod_2
NotSupported	dEQP-VK.api.info.get_physical_device_properties2.pnext_format_properties.b8g8r8_srgb.drm_format_mod_2_and_format_props_3
NotSupported	dEQP-VK.api.info.get_physical_device_properties2.pnext_format_properties.b8g8r8_srgb.drm_format_mod_2_and_subpass_resolve_query
Pass	dEQP-VK.api.info.get_physical_device_properties2.pnext_format_properties.b8g8r8_srgb.format_props_3
NotSupported	dEQP-VK.api.info.get_physical_device_properties2.pnext_format_properties.b8g8r8_srgb.format_props_3_and_subpass_resolve_query
NotSupported	dEQP-VK.api.info.get_physical_device_properties2.pnext_format_properties.b8g8r8_srgb.subpass_resolve_query
NotSupported	dEQP-VK.api.info.get_physical_device_properties2.pnext_format_properties.b8g8r8_sscaled.all_format_props
NotSupported	dEQP-VK.api.info.get_physical_device_properties2.pnext_format_properties.b8g8r8_sscaled.drm_format_mod_1
NotSupported	dEQP-VK.api.info.get_physical_device_properties2.pnext_format_properties.b8g8r8_sscaled.drm_format_mod_1_and_2
NotSupported	dEQP-VK.api.info.get_physical_device_properties2.pnext_format_properties.b8g8r8_sscaled.drm_format_mod_1_and_format_props_3
NotSupported	dEQP-VK.api.info.get_physical_device_properties2.pnext_format_properties.b8g8r8_sscaled.drm_format_mod_1_and_subpass_resolve_query
NotSupported	dEQP-VK.api.info.get_physical_device_properties2.pnext_format_properties.b8g8r8_sscaled.drm_format_mod_2
NotSupported	dEQP-VK.api.info.get_physical_device_properties2.pnext_format_properties.b8g8r8_sscaled.drm_format_mod_2_and_format_props_3
NotSupported	dEQP-VK.api.info.get_physical_device_properties2.pnext_format_properties.b8g8r8_sscaled.drm_format_mod_2_and_subpass_resolve_query
Pass	dEQP-VK.api.info.get_physical_device_properties2.pnext_format_properties.b8g8r8_sscaled.format_props_3
NotSupported	dEQP-VK.api.info.get_physical_device_properties2.pnext_format_properties.b8g8r8_sscaled.format_props_3_and_subpass_resolve_query
NotSupported	dEQP-VK.api.info.get_physical_device_properties2.pnext_format_properties.b8g8r8_sscaled.subpass_resolve_query
NotSupported	dEQP-VK.api.info.get_physical_device_properties2.pnext_format_properties.b8g8r8_uint.all_format_props
NotSupported	dEQP-VK.api.info.get_physical_device_properties2.pnext_format_properties.b8g8r8_uint.drm_format_mod_1
NotSupported	dEQP-VK.api.info.get_physical_device_properties2.pnext_format_properties.b8g8r8_uint.drm_format_mod_1_and_2
NotSupported	dEQP-VK.api.info.get_physical_device_properties2.pnext_format_properties.b8g8r8_uint.drm_format_mod_1_and_format_props_3
NotSupported	dEQP-VK.api.info.get_physical_device_properties2.pnext_format_properties.b8g8r8_uint.drm_format_mod_1_and_subpass_resolve_query
NotSupported	dEQP-VK.api.info.get_physical_device_properties2.pnext_format_properties.b8g8r8_uint.drm_format_mod_2
NotSupported	dEQP-VK.api.info.get_physical_device_properties2.pnext_format_properties.b8g8r8_uint.drm_format_mod_2_and_format_props_3
NotSupported	dEQP-VK.api.info.get_physical_device_properties2.pnext_format_properties.b8g8r8_uint.drm_format_mod_2_and_subpass_resolve_query
Pass	dEQP-VK.api.info.get_physical_device_properties2.pnext_format_properties.b8g8r8_uint.format_props_3
NotSupported	dEQP-VK.api.info.get_physical_device_properties2.pnext_format_properties.b8g8r8_uint.format_props_3_and_subpass_resolve_query
NotSupported	dEQP-VK.api.info.get_physical_device_properties2.pnext_format_properties.b8g8r8_uint.subpass_resolve_query
NotSupported	dEQP-VK.api.info.get_physical_device_properties2.pnext_format_properties.b8g8r8_unorm.all_format_props
NotSupported	dEQP-VK.api.info.get_physical_device_properties2.pnext_format_properties.b8g8r8_unorm.drm_format_mod_1
NotSupported	dEQP-VK.api.info.get_physical_device_properties2.pnext_format_properties.b8g8r8_unorm.drm_format_mod_1_and_2
NotSupported	dEQP-VK.api.info.get_physical_device_properties2.pnext_format_properties.b8g8r8_unorm.drm_format_mod_1_and_format_props_3
NotSupported	dEQP-VK.api.info.get_physical_device_properties2.pnext_format_properties.b8g8r8_unorm.drm_format_mod_1_and_subpass_resolve_query
NotSupported	dEQP-VK.api.info.get_physical_device_properties2.pnext_format_properties.b8g8r8_unorm.drm_format_mod_2
NotSupported	dEQP-VK.api.info.get_physical_device_properties2.pnext_format_properties.b8g8r8_unorm.drm_format_mod_2_and_format_props_3
NotSupported	dEQP-VK.api.info.get_physical_device_properties2.pnext_format_properties.b8g8r8_unorm.drm_format_mod_2_and_subpass_resolve_query
Pass	dEQP-VK.api.info.get_physical_device_properties2.pnext_format_properties.b8g8r8_unorm.format_props_3
NotSupported	dEQP-VK.api.info.get_physical_device_properties2.pnext_format_properties.b8g8r8_unorm.format_props_3_and_subpass_resolve_query
NotSupported	dEQP-VK.api.info.get_physical_device_properties2.pnext_format_properties.b8g8r8_unorm.subpass_resolve_query
NotSupported	dEQP-VK.api.info.get_physical_device_properties2.pnext_format_properties.b8g8r8_uscaled.all_format_props
NotSupported	dEQP-VK.api.info.get_physical_device_properties2.pnext_format_properties.b8g8r8_uscaled.drm_format_mod_1
NotSupported	dEQP-VK.api.info.get_physical_device_properties2.pnext_format_properties.b8g8r8_uscaled.drm_format_mod_1_and_2
NotSupported	dEQP-VK.api.info.get_physical_device_properties2.pnext_format_properties.b8g8r8_uscaled.drm_format_mod_1_and_format_props_3
NotSupported	dEQP-VK.api.info.get_physical_device_properties2.pnext_format_properties.b8g8r8_uscaled.drm_format_mod_1_and_subpass_resolve_query
NotSupported	dEQP-VK.api.info.get_physical_device_properties2.pnext_format_properties.b8g8r8_uscaled.drm_format_mod_2
NotSupported	dEQP-VK.api.info.get_physical_device_properties2.pnext_format_properties.b8g8r8_uscaled.drm_format_mod_2_and_format_props_3
NotSupported	dEQP-VK.api.info.get_physical_device_properties2.pnext_format_properties.b8g8r8_uscaled.drm_format_mod_2_and_subpass_resolve_query
Pass	dEQP-VK.api.info.get_physical_device_properties2.pnext_format_properties.b8g8r8_uscaled.format_props_3
NotSupported	dEQP-VK.api.info.get_physical_device_properties2.pnext_format_properties.b8g8r8_uscaled.format_props_3_and_subpass_resolve_query
NotSupported	dEQP-VK.api.info.get_physical_device_properties2.pnext_format_properties.b8g8r8_uscaled.subpass_resolve_query
NotSupported	dEQP-VK.api.info.get_physical_device_properties2.pnext_format_properties.b8g8r8a8_sint.all_format_props
NotSupported	dEQP-VK.api.info.get_physical_device_properties2.pnext_format_properties.b8g8r8a8_sint.drm_format_mod_1
NotSupported	dEQP-VK.api.info.get_physical_device_properties2.pnext_format_properties.b8g8r8a8_sint.drm_format_mod_1_and_2
NotSupported	dEQP-VK.api.info.get_physical_device_properties2.pnext_format_properties.b8g8r8a8_sint.drm_format_mod_1_and_format_props_3
NotSupported	dEQP-VK.api.info.get_physical_device_properties2.pnext_format_properties.b8g8r8a8_sint.drm_format_mod_1_and_subpass_resolve_query
NotSupported	dEQP-VK.api.info.get_physical_device_properties2.pnext_format_properties.b8g8r8a8_sint.drm_format_mod_2
NotSupported	dEQP-VK.api.info.get_physical_device_properties2.pnext_format_properties.b8g8r8a8_sint.drm_format_mod_2_and_format_props_3
NotSupported	dEQP-VK.api.info.get_physical_device_properties2.pnext_format_properties.b8g8r8a8_sint.drm_format_mod_2_and_subpass_resolve_query
Pass	dEQP-VK.api.info.get_physical_device_properties2.pnext_format_properties.b8g8r8a8_sint.format_props_3
NotSupported	dEQP-VK.api.info.get_physical_device_properties2.pnext_format_properties.b8g8r8a8_sint.format_props_3_and_subpass_resolve_query
NotSupported	dEQP-VK.api.info.get_physical_device_properties2.pnext_format_properties.b8g8r8a8_sint.subpass_resolve_query
NotSupported	dEQP-VK.api.info.get_physical_device_properties2.pnext_format_properties.b8g8r8a8_snorm.all_format_props
NotSupported	dEQP-VK.api.info.get_physical_device_properties2.pnext_format_properties.b8g8r8a8_snorm.drm_format_mod_1
NotSupported	dEQP-VK.api.info.get_physical_device_properties2.pnext_format_properties.b8g8r8a8_snorm.drm_format_mod_1_and_2
NotSupported	dEQP-VK.api.info.get_physical_device_properties2.pnext_format_properties.b8g8r8a8_snorm.drm_format_mod_1_and_format_props_3
NotSupported	dEQP-VK.api.info.get_physical_device_properties2.pnext_format_properties.b8g8r8a8_snorm.drm_format_mod_1_and_subpass_resolve_query
NotSupported	dEQP-VK.api.info.get_physical_device_properties2.pnext_format_properties.b8g8r8a8_snorm.drm_format_mod_2
NotSupported	dEQP-VK.api.info.get_physical_device_properties2.pnext_format_properties.b8g8r8a8_snorm.drm_format_mod_2_and_format_props_3
NotSupported	dEQP-VK.api.info.get_physical_device_properties2.pnext_format_properties.b8g8r8a8_snorm.drm_format_mod_2_and_subpass_resolve_query
Pass	dEQP-VK.api.info.get_physical_device_properties2.pnext_format_properties.b8g8r8a8_snorm.format_props_3
NotSupported	dEQP-VK.api.info.get_physical_device_properties2.pnext_format_properties.b8g8r8a8_snorm.format_props_3_and_subpass_resolve_query
NotSupported	dEQP-VK.api.info.get_physical_device_properties2.pnext_format_properties.b8g8r8a8_snorm.subpass_resolve_query
NotSupported	dEQP-VK.api.info.get_physical_device_properties2.pnext_format_properties.b8g8r8a8_srgb.all_format_props
NotSupported	dEQP-VK.api.info.get_physical_device_properties2.pnext_format_properties.b8g8r8a8_srgb.drm_format_mod_1
NotSupported	dEQP-VK.api.info.get_physical_device_properties2.pnext_format_properties.b8g8r8a8_srgb.drm_format_mod_1_and_2
NotSupported	dEQP-VK.api.info.get_physical_device_properties2.pnext_format_properties.b8g8r8a8_srgb.drm_format_mod_1_and_format_props_3
NotSupported	dEQP-VK.api.info.get_physical_device_properties2.pnext_format_properties.b8g8r8a8_srgb.drm_format_mod_1_and_subpass_resolve_query
NotSupported	dEQP-VK.api.info.get_physical_device_properties2.pnext_format_properties.b8g8r8a8_srgb.drm_format_mod_2
NotSupported	dEQP-VK.api.info.get_physical_device_properties2.pnext_format_properties.b8g8r8a8_srgb.drm_format_mod_2_and_format_props_3
NotSupported	dEQP-VK.api.info.get_physical_device_properties2.pnext_format_properties.b8g8r8a8_srgb.drm_format_mod_2_and_subpass_resolve_query
Pass	dEQP-VK.api.info.get_physical_device_properties2.pnext_format_properties.b8g8r8a8_srgb.format_props_3
NotSupported	dEQP-VK.api.info.get_physical_device_properties2.pnext_format_properties.b8g8r8a8_srgb.format_props_3_and_subpass_resolve_query
NotSupported	dEQP-VK.api.info.get_physical_device_properties2.pnext_format_properties.b8g8r8a8_srgb.subpass_resolve_query
NotSupported	dEQP-VK.api.info.get_physical_device_properties2.pnext_format_properties.b8g8r8a8_sscaled.all_format_props
NotSupported	dEQP-VK.api.info.get_physical_device_properties2.pnext_format_properties.b8g8r8a8_sscaled.drm_format_mod_1
NotSupported	dEQP-VK.api.info.get_physical_device_properties2.pnext_format_properties.b8g8r8a8_sscaled.drm_format_mod_1_and_2
NotSupported	dEQP-VK.api.info.get_physical_device_properties2.pnext_format_properties.b8g8r8a8_sscaled.drm_format_mod_1_and_format_props_3
NotSupported	dEQP-VK.api.info.get_physical_device_properties2.pnext_format_properties.b8g8r8a8_sscaled.drm_format_mod_1_and_subpass_resolve_query
NotSupported	dEQP-VK.api.info.get_physical_device_properties2.pnext_format_properties.b8g8r8a8_sscaled.drm_format_mod_2
NotSupported	dEQP-VK.api.info.get_physical_device_properties2.pnext_format_properties.b8g8r8a8_sscaled.drm_format_mod_2_and_format_props_3
NotSupported	dEQP-VK.api.info.get_physical_device_properties2.pnext_format_properties.b8g8r8a8_sscaled.drm_format_mod_2_and_subpass_resolve_query
Pass	dEQP-VK.api.info.get_physical_device_properties2.pnext_format_properties.b8g8r8a8_sscaled.format_props_3
NotSupported	dEQP-VK.api.info.get_physical_device_properties2.pnext_format_properties.b8g8r8a8_sscaled.format_props_3_and_subpass_resolve_query
NotSupported	dEQP-VK.api.info.get_physical_device_properties2.pnext_format_properties.b8g8r8a8_sscaled.subpass_resolve_query
NotSupported	dEQP-VK.api.info.get_physical_device_properties2.pnext_format_properties.b8g8r8a8_uint.all_format_props
NotSupported	dEQP-VK.api.info.get_physical_device_properties2.pnext_format_properties.b8g8r8a8_uint.drm_format_mod_1
NotSupported	dEQP-VK.api.info.get_physical_device_properties2.pnext_format_properties.b8g8r8a8_uint.drm_format_mod_1_and_2
NotSupported	dEQP-VK.api.info.get_physical_device_properties2.pnext_format_properties.b8g8r8a8_uint.drm_format_mod_1_and_format_props_3
NotSupported	dEQP-VK.api.info.get_physical_device_properties2.pnext_format_properties.b8g8r8a8_uint.drm_format_mod_1_and_subpass_resolve_query
NotSupported	dEQP-VK.api.info.get_physical_device_properties2.pnext_format_properties.b8g8r8a8_uint.drm_format_mod_2
NotSupported	dEQP-VK.api.info.get_physical_device_properties2.pnext_format_properties.b8g8r8a8_uint.drm_format_mod_2_and_format_props_3
NotSupported	dEQP-VK.api.info.get_physical_device_properties2.pnext_format_properties.b8g8r8a8_uint.drm_format_mod_2_and_subpass_resolve_query
Pass	dEQP-VK.api.info.get_physical_device_properties2.pnext_format_properties.b8g8r8a8_uint.format_props_3
NotSupported	dEQP-VK.api.info.get_physical_device_properties2.pnext_format_properties.b8g8r8a8_uint.format_props_3_and_subpass_resolve_query
NotSupported	dEQP-VK.api.info.get_physical_device_properties2.pnext_format_properties.b8g8r8a8_uint.subpass_resolve_query
NotSupported	dEQP-VK.api.info.get_physical_device_properties2.pnext_format_properties.b8g8r8a8_unorm.all_format_props
NotSupported	dEQP-VK.api.info.get_physical_device_properties2.pnext_format_properties.b8g8r8a8_unorm.drm_format_mod_1
NotSupported	dEQP-VK.api.info.get_physical_device_properties2.pnext_format_properties.b8g8r8a8_unorm.drm_format_mod_1_and_2
NotSupported	dEQP-VK.api.info.get_physical_device_properties2.pnext_format_properties.b8g8r8a8_unorm.drm_format_mod_1_and_format_props_3
NotSupported	dEQP-VK.api.info.get_physical_device_properties2.pnext_format_properties.b8g8r8a8_unorm.drm_format_mod_1_and_subpass_resolve_query
NotSupported	dEQP-VK.api.info.get_physical_device_properties2.pnext_format_properties.b8g8r8a8_unorm.drm_format_mod_2
NotSupported	dEQP-VK.api.info.get_physical_device_properties2.pnext_format_properties.b8g8r8a8_unorm.drm_format_mod_2_and_format_props_3
NotSupported	dEQP-VK.api.info.get_physical_device_properties2.pnext_format_properties.b8g8r8a8_unorm.drm_format_mod_2_and_subpass_resolve_query
Pass	dEQP-VK.api.info.get_physical_device_properties2.pnext_format_properties.b8g8r8a8_unorm.format_props_3
NotSupported	dEQP-VK.api.info.get_physical_device_properties2.pnext_format_properties.b8g8r8a8_unorm.format_props_3_and_subpass_resolve_query
NotSupported	dEQP-VK.api.info.get_physical_device_properties2.pnext_format_properties.b8g8r8a8_unorm.subpass_resolve_query
NotSupported	dEQP-VK.api.info.get_physical_device_properties2.pnext_format_properties.b8g8r8a8_uscaled.all_format_props
NotSupported	dEQP-VK.api.info.get_physical_device_properties2.pnext_format_properties.b8g8r8a8_uscaled.drm_format_mod_1
NotSupported	dEQP-VK.api.info.get_physical_device_properties2.pnext_format_properties.b8g8r8a8_uscaled.drm_format_mod_1_and_2
NotSupported	dEQP-VK.api.info.get_physical_device_properties2.pnext_format_properties.b8g8r8a8_uscaled.drm_format_mod_1_and_format_props_3
NotSupported	dEQP-VK.api.info.get_physical_device_properties2.pnext_format_properties.b8g8r8a8_uscaled.drm_format_mod_1_and_subpass_resolve_query
NotSupported	dEQP-VK.api.info.get_physical_device_properties2.pnext_format_properties.b8g8r8a8_uscaled.drm_format_mod_2
NotSupported	dEQP-VK.api.info.get_physical_device_properties2.pnext_format_properties.b8g8r8a8_uscaled.drm_format_mod_2_and_format_props_3
NotSupported	dEQP-VK.api.info.get_physical_device_properties2.pnext_format_properties.b8g8r8a8_uscaled.drm_format_mod_2_and_subpass_resolve_query
Pass	dEQP-VK.api.info.get_physical_device_properties2.pnext_format_properties.b8g8r8a8_uscaled.format_props_3
NotSupported	dEQP-VK.api.info.get_physical_device_properties2.pnext_format_properties.b8g8r8a8_uscaled.format_props_3_and_subpass_resolve_query
NotSupported	dEQP-VK.api.info.get_physical_device_properties2.pnext_format_properties.b8g8r8a8_uscaled.subpass_resolve_query
NotSupported	dEQP-VK.api.info.get_physical_device_properties2.pnext_format_properties.bc1_rgb_srgb_block.all_format_props
NotSupported	dEQP-VK.api.info.get_physical_device_properties2.pnext_format_properties.bc1_rgb_srgb_block.drm_format_mod_1
NotSupported	dEQP-VK.api.info.get_physical_device_properties2.pnext_format_properties.bc1_rgb_srgb_block.drm_format_mod_1_and_2
NotSupported	dEQP-VK.api.info.get_physical_device_properties2.pnext_format_properties.bc1_rgb_srgb_block.drm_format_mod_1_and_format_props_3
NotSupported	dEQP-VK.api.info.get_physical_device_properties2.pnext_format_properties.bc1_rgb_srgb_block.drm_format_mod_1_and_subpass_resolve_query
NotSupported	dEQP-VK.api.info.get_physical_device_properties2.pnext_format_properties.bc1_rgb_srgb_block.drm_format_mod_2
NotSupported	dEQP-VK.api.info.get_physical_device_properties2.pnext_format_properties.bc1_rgb_srgb_block.drm_format_mod_2_and_format_props_3
NotSupported	dEQP-VK.api.info.get_physical_device_properties2.pnext_format_properties.bc1_rgb_srgb_block.drm_format_mod_2_and_subpass_resolve_query
Pass	dEQP-VK.api.info.get_physical_device_properties2.pnext_format_properties.bc1_rgb_srgb_block.format_props_3
NotSupported	dEQP-VK.api.info.get_physical_device_properties2.pnext_format_properties.bc1_rgb_srgb_block.format_props_3_and_subpass_resolve_query
NotSupported	dEQP-VK.api.info.get_physical_device_properties2.pnext_format_properties.bc1_rgb_srgb_block.subpass_resolve_query
NotSupported	dEQP-VK.api.info.get_physical_device_properties2.pnext_format_properties.bc1_rgb_unorm_block.all_format_props
NotSupported	dEQP-VK.api.info.get_physical_device_properties2.pnext_format_properties.bc1_rgb_unorm_block.drm_format_mod_1
NotSupported	dEQP-VK.api.info.get_physical_device_properties2.pnext_format_properties.bc1_rgb_unorm_block.drm_format_mod_1_and_2
NotSupported	dEQP-VK.api.info.get_physical_device_properties2.pnext_format_properties.bc1_rgb_unorm_block.drm_format_mod_1_and_format_props_3
NotSupported	dEQP-VK.api.info.get_physical_device_properties2.pnext_format_properties.bc1_rgb_unorm_block.drm_format_mod_1_and_subpass_resolve_query
NotSupported	dEQP-VK.api.info.get_physical_device_properties2.pnext_format_properties.bc1_rgb_unorm_block.drm_format_mod_2
NotSupported	dEQP-VK.api.info.get_physical_device_properties2.pnext_format_properties.bc1_rgb_unorm_block.drm_format_mod_2_and_format_props_3
NotSupported	dEQP-VK.api.info.get_physical_device_properties2.pnext_format_properties.bc1_rgb_unorm_block.drm_format_mod_2_and_subpass_resolve_query
Pass	dEQP-VK.api.info.get_physical_device_properties2.pnext_format_properties.bc1_rgb_unorm_block.format_props_3
NotSupported	dEQP-VK.api.info.get_physical_device_properties2.pnext_format_properties.bc1_rgb_unorm_block.format_props_3_and_subpass_resolve_query
NotSupported	dEQP-VK.api.info.get_physical_device_properties2.pnext_format_properties.bc1_rgb_unorm_block.subpass_resolve_query
NotSupported	dEQP-VK.api.info.get_physical_device_properties2.pnext_format_properties.bc1_rgba_srgb_block.all_format_props
NotSupported	dEQP-VK.api.info.get_physical_device_properties2.pnext_format_properties.bc1_rgba_srgb_block.drm_format_mod_1
NotSupported	dEQP-VK.api.info.get_physical_device_properties2.pnext_format_properties.bc1_rgba_srgb_block.drm_format_mod_1_and_2
NotSupported	dEQP-VK.api.info.get_physical_device_properties2.pnext_format_properties.bc1_rgba_srgb_block.drm_format_mod_1_and_format_props_3
NotSupported	dEQP-VK.api.info.get_physical_device_properties2.pnext_format_properties.bc1_rgba_srgb_block.drm_format_mod_1_and_subpass_resolve_query
NotSupported	dEQP-VK.api.info.get_physical_device_properties2.pnext_format_properties.bc1_rgba_srgb_block.drm_format_mod_2
NotSupported	dEQP-VK.api.info.get_physical_device_properties2.pnext_format_properties.bc1_rgba_srgb_block.drm_format_mod_2_and_format_props_3
NotSupported	dEQP-VK.api.info.get_physical_device_properties2.pnext_format_properties.bc1_rgba_srgb_block.drm_format_mod_2_and_subpass_resolve_query
Pass	dEQP-VK.api.info.get_physical_device_properties2.pnext_format_properties.bc1_rgba_srgb_block.format_props_3
NotSupported	dEQP-VK.api.info.get_physical_device_properties2.pnext_format_properties.bc1_rgba_srgb_block.format_props_3_and_subpass_resolve_query
NotSupported	dEQP-VK.api.info.get_physical_device_properties2.pnext_format_properties.bc1_rgba_srgb_block.subpass_resolve_query
NotSupported	dEQP-VK.api.info.get_physical_device_properties2.pnext_format_properties.bc1_rgba_unorm_block.all_format_props
NotSupported	dEQP-VK.api.info.get_physical_device_properties2.pnext_format_properties.bc1_rgba_unorm_block.drm_format_mod_1
NotSupported	dEQP-VK.api.info.get_physical_device_properties2.pnext_format_properties.bc1_rgba_unorm_block.drm_format_mod_1_and_2
NotSupported	dEQP-VK.api.info.get_physical_device_properties2.pnext_format_properties.bc1_rgba_unorm_block.drm_format_mod_1_and_format_props_3
NotSupported	dEQP-VK.api.info.get_physical_device_properties2.pnext_format_properties.bc1_rgba_unorm_block.drm_format_mod_1_and_subpass_resolve_query
NotSupported	dEQP-VK.api.info.get_physical_device_properties2.pnext_format_properties.bc1_rgba_unorm_block.drm_format_mod_2
NotSupported	dEQP-VK.api.info.get_physical_device_properties2.pnext_format_properties.bc1_rgba_unorm_block.drm_format_mod_2_and_format_props_3
NotSupported	dEQP-VK.api.info.get_physical_device_properties2.pnext_format_properties.bc1_rgba_unorm_block.drm_format_mod_2_and_subpass_resolve_query
Pass	dEQP-VK.api.info.get_physical_device_properties2.pnext_format_properties.bc1_rgba_unorm_block.format_props_3
NotSupported	dEQP-VK.api.info.get_physical_device_properties2.pnext_format_properties.bc1_rgba_unorm_block.format_props_3_and_subpass_resolve_query
NotSupported	dEQP-VK.api.info.get_physical_device_properties2.pnext_format_properties.bc1_rgba_unorm_block.subpass_resolve_query
NotSupported	dEQP-VK.api.info.get_physical_device_properties2.pnext_format_properties.bc2_srgb_block.all_format_props
NotSupported	dEQP-VK.api.info.get_physical_device_properties2.pnext_format_properties.bc2_srgb_block.drm_format_mod_1
NotSupported	dEQP-VK.api.info.get_physical_device_properties2.pnext_format_properties.bc2_srgb_block.drm_format_mod_1_and_2
NotSupported	dEQP-VK.api.info.get_physical_device_properties2.pnext_format_properties.bc2_srgb_block.drm_format_mod_1_and_format_props_3
NotSupported	dEQP-VK.api.info.get_physical_device_properties2.pnext_format_properties.bc2_srgb_block.drm_format_mod_1_and_subpass_resolve_query
NotSupported	dEQP-VK.api.info.get_physical_device_properties2.pnext_format_properties.bc2_srgb_block.drm_format_mod_2
NotSupported	dEQP-VK.api.info.get_physical_device_properties2.pnext_format_properties.bc2_srgb_block.drm_format_mod_2_and_format_props_3
NotSupported	dEQP-VK.api.info.get_physical_device_properties2.pnext_format_properties.bc2_srgb_block.drm_format_mod_2_and_subpass_resolve_query
Pass	dEQP-VK.api.info.get_physical_device_properties2.pnext_format_properties.bc2_srgb_block.format_props_3
NotSupported	dEQP-VK.api.info.get_physical_device_properties2.pnext_format_properties.bc2_srgb_block.format_props_3_and_subpass_resolve_query
NotSupported	dEQP-VK.api.info.get_physical_device_properties2.pnext_format_properties.bc2_srgb_block.subpass_resolve_query
NotSupported	dEQP-VK.api.info.get_physical_device_properties2.pnext_format_properties.bc2_unorm_block.all_format_props
NotSupported	dEQP-VK.api.info.get_physical_device_properties2.pnext_format_properties.bc2_unorm_block.drm_format_mod_1
NotSupported	dEQP-VK.api.info.get_physical_device_properties2.pnext_format_properties.bc2_unorm_block.drm_format_mod_1_and_2
NotSupported	dEQP-VK.api.info.get_physical_device_properties2.pnext_format_properties.bc2_unorm_block.drm_format_mod_1_and_format_props_3
NotSupported	dEQP-VK.api.info.get_physical_device_properties2.pnext_format_properties.bc2_unorm_block.drm_format_mod_1_and_subpass_resolve_query
NotSupported	dEQP-VK.api.info.get_physical_device_properties2.pnext_format_properties.bc2_unorm_block.drm_format_mod_2
NotSupported	dEQP-VK.api.info.get_physical_device_properties2.pnext_format_properties.bc2_unorm_block.drm_format_mod_2_and_format_props_3
NotSupported	dEQP-VK.api.info.get_physical_device_properties2.pnext_format_properties.bc2_unorm_block.drm_format_mod_2_and_subpass_resolve_query
Pass	dEQP-VK.api.info.get_physical_device_properties2.pnext_format_properties.bc2_unorm_block.format_props_3
NotSupported	dEQP-VK.api.info.get_physical_device_properties2.pnext_format_properties.bc2_unorm_block.format_props_3_and_subpass_resolve_query
NotSupported	dEQP-VK.api.info.get_physical_device_properties2.pnext_format_properties.bc2_unorm_block.subpass_resolve_query
NotSupported	dEQP-VK.api.info.get_physical_device_properties2.pnext_format_properties.bc3_srgb_block.all_format_props
NotSupported	dEQP-VK.api.info.get_physical_device_properties2.pnext_format_properties.bc3_srgb_block.drm_format_mod_1
NotSupported	dEQP-VK.api.info.get_physical_device_properties2.pnext_format_properties.bc3_srgb_block.drm_format_mod_1_and_2
NotSupported	dEQP-VK.api.info.get_physical_device_properties2.pnext_format_properties.bc3_srgb_block.drm_format_mod_1_and_format_props_3
NotSupported	dEQP-VK.api.info.get_physical_device_properties2.pnext_format_properties.bc3_srgb_block.drm_format_mod_1_and_subpass_resolve_query
NotSupported	dEQP-VK.api.info.get_physical_device_properties2.pnext_format_properties.bc3_srgb_block.drm_format_mod_2
NotSupported	dEQP-VK.api.info.get_physical_device_properties2.pnext_format_properties.bc3_srgb_block.drm_format_mod_2_and_format_props_3
NotSupported	dEQP-VK.api.info.get_physical_device_properties2.pnext_format_properties.bc3_srgb_block.drm_format_mod_2_and_subpass_resolve_query
Pass	dEQP-VK.api.info.get_physical_device_properties2.pnext_format_properties.bc3_srgb_block.format_props_3
NotSupported	dEQP-VK.api.info.get_physical_device_properties2.pnext_format_properties.bc3_srgb_block.format_props_3_and_subpass_resolve_query
NotSupported	dEQP-VK.api.info.get_physical_device_properties2.pnext_format_properties.bc3_srgb_block.subpass_resolve_query
NotSupported	dEQP-VK.api.info.get_physical_device_properties2.pnext_format_properties.bc3_unorm_block.all_format_props
NotSupported	dEQP-VK.api.info.get_physical_device_properties2.pnext_format_properties.bc3_unorm_block.drm_format_mod_1
NotSupported	dEQP-VK.api.info.get_physical_device_properties2.pnext_format_properties.bc3_unorm_block.drm_format_mod_1_and_2
NotSupported	dEQP-VK.api.info.get_physical_device_properties2.pnext_format_properties.bc3_unorm_block.drm_format_mod_1_and_format_props_3
NotSupported	dEQP-VK.api.info.get_physical_device_properties2.pnext_format_properties.bc3_unorm_block.drm_format_mod_1_and_subpass_resolve_query
NotSupported	dEQP-VK.api.info.get_physical_device_properties2.pnext_format_properties.bc3_unorm_block.drm_format_mod_2
NotSupported	dEQP-VK.api.info.get_physical_device_properties2.pnext_format_properties.bc3_unorm_block.drm_format_mod_2_and_format_props_3
NotSupported	dEQP-VK.api.info.get_physical_device_properties2.pnext_format_properties.bc3_unorm_block.drm_format_mod_2_and_subpass_resolve_query
Pass	dEQP-VK.api.info.get_physical_device_properties2.pnext_format_properties.bc3_unorm_block.format_props_3
NotSupported	dEQP-VK.api.info.get_physical_device_properties2.pnext_format_properties.bc3_unorm_block.format_props_3_and_subpass_resolve_query
NotSupported	dEQP-VK.api.info.get_physical_device_properties2.pnext_format_properties.bc3_unorm_block.subpass_resolve_query
NotSupported	dEQP-VK.api.info.get_physical_device_properties2.pnext_format_properties.bc4_snorm_block.all_format_props
NotSupported	dEQP-VK.api.info.get_physical_device_properties2.pnext_format_properties.bc4_snorm_block.drm_format_mod_1
NotSupported	dEQP-VK.api.info.get_physical_device_properties2.pnext_format_properties.bc4_snorm_block.drm_format_mod_1_and_2
NotSupported	dEQP-VK.api.info.get_physical_device_properties2.pnext_format_properties.bc4_snorm_block.drm_format_mod_1_and_format_props_3
NotSupported	dEQP-VK.api.info.get_physical_device_properties2.pnext_format_properties.bc4_snorm_block.drm_format_mod_1_and_subpass_resolve_query
NotSupported	dEQP-VK.api.info.get_physical_device_properties2.pnext_format_properties.bc4_snorm_block.drm_format_mod_2
NotSupported	dEQP-VK.api.info.get_physical_device_properties2.pnext_format_properties.bc4_snorm_block.drm_format_mod_2_and_format_props_3
NotSupported	dEQP-VK.api.info.get_physical_device_properties2.pnext_format_properties.bc4_snorm_block.drm_format_mod_2_and_subpass_resolve_query
Pass	dEQP-VK.api.info.get_physical_device_properties2.pnext_format_properties.bc4_snorm_block.format_props_3
NotSupported	dEQP-VK.api.info.get_physical_device_properties2.pnext_format_properties.bc4_snorm_block.format_props_3_and_subpass_resolve_query
NotSupported	dEQP-VK.api.info.get_physical_device_properties2.pnext_format_properties.bc4_snorm_block.subpass_resolve_query
NotSupported	dEQP-VK.api.info.get_physical_device_properties2.pnext_format_properties.bc4_unorm_block.all_format_props
NotSupported	dEQP-VK.api.info.get_physical_device_properties2.pnext_format_properties.bc4_unorm_block.drm_format_mod_1
NotSupported	dEQP-VK.api.info.get_physical_device_properties2.pnext_format_properties.bc4_unorm_block.drm_format_mod_1_and_2
NotSupported	dEQP-VK.api.info.get_physical_device_properties2.pnext_format_properties.bc4_unorm_block.drm_format_mod_1_and_format_props_3
NotSupported	dEQP-VK.api.info.get_physical_device_properties2.pnext_format_properties.bc4_unorm_block.drm_format_mod_1_and_subpass_resolve_query
NotSupported	dEQP-VK.api.info.get_physical_device_properties2.pnext_format_properties.bc4_unorm_block.drm_format_mod_2
NotSupported	dEQP-VK.api.info.get_physical_device_properties2.pnext_format_properties.bc4_unorm_block.drm_format_mod_2_and_format_props_3
NotSupported	dEQP-VK.api.info.get_physical_device_properties2.pnext_format_properties.bc4_unorm_block.drm_format_mod_2_and_subpass_resolve_query
Pass	dEQP-VK.api.info.get_physical_device_properties2.pnext_format_properties.bc4_unorm_block.format_props_3
NotSupported	dEQP-VK.api.info.get_physical_device_properties2.pnext_format_properties.bc4_unorm_block.format_props_3_and_subpass_resolve_query
NotSupported	dEQP-VK.api.info.get_physical_device_properties2.pnext_format_properties.bc4_unorm_block.subpass_resolve_query
NotSupported	dEQP-VK.api.info.get_physical_device_properties2.pnext_format_properties.bc5_snorm_block.all_format_props
NotSupported	dEQP-VK.api.info.get_physical_device_properties2.pnext_format_properties.bc5_snorm_block.drm_format_mod_1
NotSupported	dEQP-VK.api.info.get_physical_device_properties2.pnext_format_properties.bc5_snorm_block.drm_format_mod_1_and_2
NotSupported	dEQP-VK.api.info.get_physical_device_properties2.pnext_format_properties.bc5_snorm_block.drm_format_mod_1_and_format_props_3
NotSupported	dEQP-VK.api.info.get_physical_device_properties2.pnext_format_properties.bc5_snorm_block.drm_format_mod_1_and_subpass_resolve_query
NotSupported	dEQP-VK.api.info.get_physical_device_properties2.pnext_format_properties.bc5_snorm_block.drm_format_mod_2
NotSupported	dEQP-VK.api.info.get_physical_device_properties2.pnext_format_properties.bc5_snorm_block.drm_format_mod_2_and_format_props_3
NotSupported	dEQP-VK.api.info.get_physical_device_properties2.pnext_format_properties.bc5_snorm_block.drm_format_mod_2_and_subpass_resolve_query
Pass	dEQP-VK.api.info.get_physical_device_properties2.pnext_format_properties.bc5_snorm_block.format_props_3
NotSupported	dEQP-VK.api.info.get_physical_device_properties2.pnext_format_properties.bc5_snorm_block.format_props_3_and_subpass_resolve_query
NotSupported	dEQP-VK.api.info.get_physical_device_properties2.pnext_format_properties.bc5_snorm_block.subpass_resolve_query
NotSupported	dEQP-VK.api.info.get_physical_device_properties2.pnext_format_properties.bc5_unorm_block.all_format_props
NotSupported	dEQP-VK.api.info.get_physical_device_properties2.pnext_format_properties.bc5_unorm_block.drm_format_mod_1
NotSupported	dEQP-VK.api.info.get_physical_device_properties2.pnext_format_properties.bc5_unorm_block.drm_format_mod_1_and_2
NotSupported	dEQP-VK.api.info.get_physical_device_properties2.pnext_format_properties.bc5_unorm_block.drm_format_mod_1_and_format_props_3
NotSupported	dEQP-VK.api.info.get_physical_device_properties2.pnext_format_properties.bc5_unorm_block.drm_format_mod_1_and_subpass_resolve_query
NotSupported	dEQP-VK.api.info.get_physical_device_properties2.pnext_format_properties.bc5_unorm_block.drm_format_mod_2
NotSupported	dEQP-VK.api.info.get_physical_device_properties2.pnext_format_properties.bc5_unorm_block.drm_format_mod_2_and_format_props_3
NotSupported	dEQP-VK.api.info.get_physical_device_properties2.pnext_format_properties.bc5_unorm_block.drm_format_mod_2_and_subpass_resolve_query
Pass	dEQP-VK.api.info.get_physical_device_properties2.pnext_format_properties.bc5_unorm_block.format_props_3
NotSupported	dEQP-VK.api.info.get_physical_device_properties2.pnext_format_properties.bc5_unorm_block.format_props_3_and_subpass_resolve_query
NotSupported	dEQP-VK.api.info.get_physical_device_properties2.pnext_format_properties.bc5_unorm_block.subpass_resolve_query
NotSupported	dEQP-VK.api.info.get_physical_device_properties2.pnext_format_properties.bc6h_sfloat_block.all_format_props
NotSupported	dEQP-VK.api.info.get_physical_device_properties2.pnext_format_properties.bc6h_sfloat_block.drm_format_mod_1
NotSupported	dEQP-VK.api.info.get_physical_device_properties2.pnext_format_properties.bc6h_sfloat_block.drm_format_mod_1_and_2
NotSupported	dEQP-VK.api.info.get_physical_device_properties2.pnext_format_properties.bc6h_sfloat_block.drm_format_mod_1_and_format_props_3
NotSupported	dEQP-VK.api.info.get_physical_device_properties2.pnext_format_properties.bc6h_sfloat_block.drm_format_mod_1_and_subpass_resolve_query
NotSupported	dEQP-VK.api.info.get_physical_device_properties2.pnext_format_properties.bc6h_sfloat_block.drm_format_mod_2
NotSupported	dEQP-VK.api.info.get_physical_device_properties2.pnext_format_properties.bc6h_sfloat_block.drm_format_mod_2_and_format_props_3
NotSupported	dEQP-VK.api.info.get_physical_device_properties2.pnext_format_properties.bc6h_sfloat_block.drm_format_mod_2_and_subpass_resolve_query
Pass	dEQP-VK.api.info.get_physical_device_properties2.pnext_format_properties.bc6h_sfloat_block.format_props_3
NotSupported	dEQP-VK.api.info.get_physical_device_properties2.pnext_format_properties.bc6h_sfloat_block.format_props_3_and_subpass_resolve_query
NotSupported	dEQP-VK.api.info.get_physical_device_properties2.pnext_format_properties.bc6h_sfloat_block.subpass_resolve_query
NotSupported	dEQP-VK.api.info.get_physical_device_properties2.pnext_format_properties.bc6h_ufloat_block.all_format_props
NotSupported	dEQP-VK.api.info.get_physical_device_properties2.pnext_format_properties.bc6h_ufloat_block.drm_format_mod_1
NotSupported	dEQP-VK.api.info.get_physical_device_properties2.pnext_format_properties.bc6h_ufloat_block.drm_format_mod_1_and_2
NotSupported	dEQP-VK.api.info.get_physical_device_properties2.pnext_format_properties.bc6h_ufloat_block.drm_format_mod_1_and_format_props_3
NotSupported	dEQP-VK.api.info.get_physical_device_properties2.pnext_format_properties.bc6h_ufloat_block.drm_format_mod_1_and_subpass_resolve_query
NotSupported	dEQP-VK.api.info.get_physical_device_properties2.pnext_format_properties.bc6h_ufloat_block.drm_format_mod_2
NotSupported	dEQP-VK.api.info.get_physical_device_properties2.pnext_format_properties.bc6h_ufloat_block.drm_format_mod_2_and_format_props_3
NotSupported	dEQP-VK.api.info.get_physical_device_properties2.pnext_format_properties.bc6h_ufloat_block.drm_format_mod_2_and_subpass_resolve_query
Pass	dEQP-VK.api.info.get_physical_device_properties2.pnext_format_properties.bc6h_ufloat_block.format_props_3
NotSupported	dEQP-VK.api.info.get_physical_device_properties2.pnext_format_properties.bc6h_ufloat_block.format_props_3_and_subpass_resolve_query
NotSupported	dEQP-VK.api.info.get_physical_device_properties2.pnext_format_properties.bc6h_ufloat_block.subpass_resolve_query
NotSupported	dEQP-VK.api.info.get_physical_device_properties2.pnext_format_properties.bc7_srgb_block.all_format_props
NotSupported	dEQP-VK.api.info.get_physical_device_properties2.pnext_format_properties.bc7_srgb_block.drm_format_mod_1
NotSupported	dEQP-VK.api.info.get_physical_device_properties2.pnext_format_properties.bc7_srgb_block.drm_format_mod_1_and_2
NotSupported	dEQP-VK.api.info.get_physical_device_properties2.pnext_format_properties.bc7_srgb_block.drm_format_mod_1_and_format_props_3
NotSupported	dEQP-VK.api.info.get_physical_device_properties2.pnext_format_properties.bc7_srgb_block.drm_format_mod_1_and_subpass_resolve_query
NotSupported	dEQP-VK.api.info.get_physical_device_properties2.pnext_format_properties.bc7_srgb_block.drm_format_mod_2
NotSupported	dEQP-VK.api.info.get_physical_device_properties2.pnext_format_properties.bc7_srgb_block.drm_format_mod_2_and_format_props_3
NotSupported	dEQP-VK.api.info.get_physical_device_properties2.pnext_format_properties.bc7_srgb_block.drm_format_mod_2_and_subpass_resolve_query
Pass	dEQP-VK.api.info.get_physical_device_properties2.pnext_format_properties.bc7_srgb_block.format_props_3
NotSupported	dEQP-VK.api.info.get_physical_device_properties2.pnext_format_properties.bc7_srgb_block.format_props_3_and_subpass_resolve_query
NotSupported	dEQP-VK.api.info.get_physical_device_properties2.pnext_format_properties.bc7_srgb_block.subpass_resolve_query
NotSupported	dEQP-VK.api.info.get_physical_device_properties2.pnext_format_properties.bc7_unorm_block.all_format_props
NotSupported	dEQP-VK.api.info.get_physical_device_properties2.pnext_format_properties.bc7_unorm_block.drm_format_mod_1
NotSupported	dEQP-VK.api.info.get_physical_device_properties2.pnext_format_properties.bc7_unorm_block.drm_format_mod_1_and_2
NotSupported	dEQP-VK.api.info.get_physical_device_properties2.pnext_format_properties.bc7_unorm_block.drm_format_mod_1_and_format_props_3
NotSupported	dEQP-VK.api.info.get_physical_device_properties2.pnext_format_properties.bc7_unorm_block.drm_format_mod_1_and_subpass_resolve_query
NotSupported	dEQP-VK.api.info.get_physical_device_properties2.pnext_format_properties.bc7_unorm_block.drm_format_mod_2
NotSupported	dEQP-VK.api.info.get_physical_device_properties2.pnext_format_properties.bc7_unorm_block.drm_format_mod_2_and_format_props_3
NotSupported	dEQP-VK.api.info.get_physical_device_properties2.pnext_format_properties.bc7_unorm_block.drm_format_mod_2_and_subpass_resolve_query
Pass	dEQP-VK.api.info.get_physical_device_properties2.pnext_format_properties.bc7_unorm_block.format_props_3
NotSupported	dEQP-VK.api.info.get_physical_device_properties2.pnext_format_properties.bc7_unorm_block.format_props_3_and_subpass_resolve_query
NotSupported	dEQP-VK.api.info.get_physical_device_properties2.pnext_format_properties.bc7_unorm_block.subpass_resolve_query
NotSupported	dEQP-VK.api.info.get_physical_device_properties2.pnext_format_properties.d16_unorm.all_format_props
NotSupported	dEQP-VK.api.info.get_physical_device_properties2.pnext_format_properties.d16_unorm.drm_format_mod_1
NotSupported	dEQP-VK.api.info.get_physical_device_properties2.pnext_format_properties.d16_unorm.drm_format_mod_1_and_2
NotSupported	dEQP-VK.api.info.get_physical_device_properties2.pnext_format_properties.d16_unorm.drm_format_mod_1_and_format_props_3
NotSupported	dEQP-VK.api.info.get_physical_device_properties2.pnext_format_properties.d16_unorm.drm_format_mod_1_and_subpass_resolve_query
NotSupported	dEQP-VK.api.info.get_physical_device_properties2.pnext_format_properties.d16_unorm.drm_format_mod_2
NotSupported	dEQP-VK.api.info.get_physical_device_properties2.pnext_format_properties.d16_unorm.drm_format_mod_2_and_format_props_3
NotSupported	dEQP-VK.api.info.get_physical_device_properties2.pnext_format_properties.d16_unorm.drm_format_mod_2_and_subpass_resolve_query
Pass	dEQP-VK.api.info.get_physical_device_properties2.pnext_format_properties.d16_unorm.format_props_3
NotSupported	dEQP-VK.api.info.get_physical_device_properties2.pnext_format_properties.d16_unorm.format_props_3_and_subpass_resolve_query
NotSupported	dEQP-VK.api.info.get_physical_device_properties2.pnext_format_properties.d16_unorm.subpass_resolve_query
NotSupported	dEQP-VK.api.info.get_physical_device_properties2.pnext_format_properties.d16_unorm_s8_uint.all_format_props
NotSupported	dEQP-VK.api.info.get_physical_device_properties2.pnext_format_properties.d16_unorm_s8_uint.drm_format_mod_1
NotSupported	dEQP-VK.api.info.get_physical_device_properties2.pnext_format_properties.d16_unorm_s8_uint.drm_format_mod_1_and_2
NotSupported	dEQP-VK.api.info.get_physical_device_properties2.pnext_format_properties.d16_unorm_s8_uint.drm_format_mod_1_and_format_props_3
NotSupported	dEQP-VK.api.info.get_physical_device_properties2.pnext_format_properties.d16_unorm_s8_uint.drm_format_mod_1_and_subpass_resolve_query
NotSupported	dEQP-VK.api.info.get_physical_device_properties2.pnext_format_properties.d16_unorm_s8_uint.drm_format_mod_2
NotSupported	dEQP-VK.api.info.get_physical_device_properties2.pnext_format_properties.d16_unorm_s8_uint.drm_format_mod_2_and_format_props_3
NotSupported	dEQP-VK.api.info.get_physical_device_properties2.pnext_format_properties.d16_unorm_s8_uint.drm_format_mod_2_and_subpass_resolve_query
Pass	dEQP-VK.api.info.get_physical_device_properties2.pnext_format_properties.d16_unorm_s8_uint.format_props_3
NotSupported	dEQP-VK.api.info.get_physical_device_properties2.pnext_format_properties.d16_unorm_s8_uint.format_props_3_and_subpass_resolve_query
NotSupported	dEQP-VK.api.info.get_physical_device_properties2.pnext_format_properties.d16_unorm_s8_uint.subpass_resolve_query
NotSupported	dEQP-VK.api.info.get_physical_device_properties2.pnext_format_properties.d24_unorm_s8_uint.all_format_props
NotSupported	dEQP-VK.api.info.get_physical_device_properties2.pnext_format_properties.d24_unorm_s8_uint.drm_format_mod_1
NotSupported	dEQP-VK.api.info.get_physical_device_properties2.pnext_format_properties.d24_unorm_s8_uint.drm_format_mod_1_and_2
NotSupported	dEQP-VK.api.info.get_physical_device_properties2.pnext_format_properties.d24_unorm_s8_uint.drm_format_mod_1_and_format_props_3
NotSupported	dEQP-VK.api.info.get_physical_device_properties2.pnext_format_properties.d24_unorm_s8_uint.drm_format_mod_1_and_subpass_resolve_query
NotSupported	dEQP-VK.api.info.get_physical_device_properties2.pnext_format_properties.d24_unorm_s8_uint.drm_format_mod_2
NotSupported	dEQP-VK.api.info.get_physical_device_properties2.pnext_format_properties.d24_unorm_s8_uint.drm_format_mod_2_and_format_props_3
NotSupported	dEQP-VK.api.info.get_physical_device_properties2.pnext_format_properties.d24_unorm_s8_uint.drm_format_mod_2_and_subpass_resolve_query
Pass	dEQP-VK.api.info.get_physical_device_properties2.pnext_format_properties.d24_unorm_s8_uint.format_props_3
NotSupported	dEQP-VK.api.info.get_physical_device_properties2.pnext_format_properties.d24_unorm_s8_uint.format_props_3_and_subpass_resolve_query
NotSupported	dEQP-VK.api.info.get_physical_device_properties2.pnext_format_properties.d24_unorm_s8_uint.subpass_resolve_query
NotSupported	dEQP-VK.api.info.get_physical_device_properties2.pnext_format_properties.d32_sfloat.all_format_props
NotSupported	dEQP-VK.api.info.get_physical_device_properties2.pnext_format_properties.d32_sfloat.drm_format_mod_1
NotSupported	dEQP-VK.api.info.get_physical_device_properties2.pnext_format_properties.d32_sfloat.drm_format_mod_1_and_2
NotSupported	dEQP-VK.api.info.get_physical_device_properties2.pnext_format_properties.d32_sfloat.drm_format_mod_1_and_format_props_3
NotSupported	dEQP-VK.api.info.get_physical_device_properties2.pnext_format_properties.d32_sfloat.drm_format_mod_1_and_subpass_resolve_query
NotSupported	dEQP-VK.api.info.get_physical_device_properties2.pnext_format_properties.d32_sfloat.drm_format_mod_2
NotSupported	dEQP-VK.api.info.get_physical_device_properties2.pnext_format_properties.d32_sfloat.drm_format_mod_2_and_format_props_3
NotSupported	dEQP-VK.api.info.get_physical_device_properties2.pnext_format_properties.d32_sfloat.drm_format_mod_2_and_subpass_resolve_query
Pass	dEQP-VK.api.info.get_physical_device_properties2.pnext_format_properties.d32_sfloat.format_props_3
NotSupported	dEQP-VK.api.info.get_physical_device_properties2.pnext_format_properties.d32_sfloat.format_props_3_and_subpass_resolve_query
NotSupported	dEQP-VK.api.info.get_physical_device_properties2.pnext_format_properties.d32_sfloat.subpass_resolve_query
NotSupported	dEQP-VK.api.info.get_physical_device_properties2.pnext_format_properties.d32_sfloat_s8_uint.all_format_props
NotSupported	dEQP-VK.api.info.get_physical_device_properties2.pnext_format_properties.d32_sfloat_s8_uint.drm_format_mod_1
NotSupported	dEQP-VK.api.info.get_physical_device_properties2.pnext_format_properties.d32_sfloat_s8_uint.drm_format_mod_1_and_2
NotSupported	dEQP-VK.api.info.get_physical_device_properties2.pnext_format_properties.d32_sfloat_s8_uint.drm_format_mod_1_and_format_props_3
NotSupported	dEQP-VK.api.info.get_physical_device_properties2.pnext_format_properties.d32_sfloat_s8_uint.drm_format_mod_1_and_subpass_resolve_query
NotSupported	dEQP-VK.api.info.get_physical_device_properties2.pnext_format_properties.d32_sfloat_s8_uint.drm_format_mod_2
NotSupported	dEQP-VK.api.info.get_physical_device_properties2.pnext_format_properties.d32_sfloat_s8_uint.drm_format_mod_2_and_format_props_3
NotSupported	dEQP-VK.api.info.get_physical_device_properties2.pnext_format_properties.d32_sfloat_s8_uint.drm_format_mod_2_and_subpass_resolve_query
Pass	dEQP-VK.api.info.get_physical_device_properties2.pnext_format_properties.d32_sfloat_s8_uint.format_props_3
NotSupported	dEQP-VK.api.info.get_physical_device_properties2.pnext_format_properties.d32_sfloat_s8_uint.format_props_3_and_subpass_resolve_query
NotSupported	dEQP-VK.api.info.get_physical_device_properties2.pnext_format_properties.d32_sfloat_s8_uint.subpass_resolve_query
NotSupported	dEQP-VK.api.info.get_physical_device_properties2.pnext_format_properties.e5b9g9r9_ufloat_pack32.all_format_props
NotSupported	dEQP-VK.api.info.get_physical_device_properties2.pnext_format_properties.e5b9g9r9_ufloat_pack32.drm_format_mod_1
NotSupported	dEQP-VK.api.info.get_physical_device_properties2.pnext_format_properties.e5b9g9r9_ufloat_pack32.drm_format_mod_1_and_2
NotSupported	dEQP-VK.api.info.get_physical_device_properties2.pnext_format_properties.e5b9g9r9_ufloat_pack32.drm_format_mod_1_and_format_props_3
NotSupported	dEQP-VK.api.info.get_physical_device_properties2.pnext_format_properties.e5b9g9r9_ufloat_pack32.drm_format_mod_1_and_subpass_resolve_query
NotSupported	dEQP-VK.api.info.get_physical_device_properties2.pnext_format_properties.e5b9g9r9_ufloat_pack32.drm_format_mod_2
NotSupported	dEQP-VK.api.info.get_physical_device_properties2.pnext_format_properties.e5b9g9r9_ufloat_pack32.drm_format_mod_2_and_format_props_3
NotSupported	dEQP-VK.api.info.get_physical_device_properties2.pnext_format_properties.e5b9g9r9_ufloat_pack32.drm_format_mod_2_and_subpass_resolve_query
Pass	dEQP-VK.api.info.get_physical_device_properties2.pnext_format_properties.e5b9g9r9_ufloat_pack32.format_props_3
NotSupported	dEQP-VK.api.info.get_physical_device_properties2.pnext_format_properties.e5b9g9r9_ufloat_pack32.format_props_3_and_subpass_resolve_query
NotSupported	dEQP-VK.api.info.get_physical_device_properties2.pnext_format_properties.e5b9g9r9_ufloat_pack32.subpass_resolve_query
NotSupported	dEQP-VK.api.info.get_physical_device_properties2.pnext_format_properties.eac_r11_snorm_block.all_format_props
NotSupported	dEQP-VK.api.info.get_physical_device_properties2.pnext_format_properties.eac_r11_snorm_block.drm_format_mod_1
NotSupported	dEQP-VK.api.info.get_physical_device_properties2.pnext_format_properties.eac_r11_snorm_block.drm_format_mod_1_and_2
NotSupported	dEQP-VK.api.info.get_physical_device_properties2.pnext_format_properties.eac_r11_snorm_block.drm_format_mod_1_and_format_props_3
NotSupported	dEQP-VK.api.info.get_physical_device_properties2.pnext_format_properties.eac_r11_snorm_block.drm_format_mod_1_and_subpass_resolve_query
NotSupported	dEQP-VK.api.info.get_physical_device_properties2.pnext_format_properties.eac_r11_snorm_block.drm_format_mod_2
NotSupported	dEQP-VK.api.info.get_physical_device_properties2.pnext_format_properties.eac_r11_snorm_block.drm_format_mod_2_and_format_props_3
NotSupported	dEQP-VK.api.info.get_physical_device_properties2.pnext_format_properties.eac_r11_snorm_block.drm_format_mod_2_and_subpass_resolve_query
Pass	dEQP-VK.api.info.get_physical_device_properties2.pnext_format_properties.eac_r11_snorm_block.format_props_3
NotSupported	dEQP-VK.api.info.get_physical_device_properties2.pnext_format_properties.eac_r11_snorm_block.format_props_3_and_subpass_resolve_query
NotSupported	dEQP-VK.api.info.get_physical_device_properties2.pnext_format_properties.eac_r11_snorm_block.subpass_resolve_query
NotSupported	dEQP-VK.api.info.get_physical_device_properties2.pnext_format_properties.eac_r11_unorm_block.all_format_props
NotSupported	dEQP-VK.api.info.get_physical_device_properties2.pnext_format_properties.eac_r11_unorm_block.drm_format_mod_1
NotSupported	dEQP-VK.api.info.get_physical_device_properties2.pnext_format_properties.eac_r11_unorm_block.drm_format_mod_1_and_2
NotSupported	dEQP-VK.api.info.get_physical_device_properties2.pnext_format_properties.eac_r11_unorm_block.drm_format_mod_1_and_format_props_3
NotSupported	dEQP-VK.api.info.get_physical_device_properties2.pnext_format_properties.eac_r11_unorm_block.drm_format_mod_1_and_subpass_resolve_query
NotSupported	dEQP-VK.api.info.get_physical_device_properties2.pnext_format_properties.eac_r11_unorm_block.drm_format_mod_2
NotSupported	dEQP-VK.api.info.get_physical_device_properties2.pnext_format_properties.eac_r11_unorm_block.drm_format_mod_2_and_format_props_3
NotSupported	dEQP-VK.api.info.get_physical_device_properties2.pnext_format_properties.eac_r11_unorm_block.drm_format_mod_2_and_subpass_resolve_query
Pass	dEQP-VK.api.info.get_physical_device_properties2.pnext_format_properties.eac_r11_unorm_block.format_props_3
NotSupported	dEQP-VK.api.info.get_physical_device_properties2.pnext_format_properties.eac_r11_unorm_block.format_props_3_and_subpass_resolve_query
NotSupported	dEQP-VK.api.info.get_physical_device_properties2.pnext_format_properties.eac_r11_unorm_block.subpass_resolve_query
NotSupported	dEQP-VK.api.info.get_physical_device_properties2.pnext_format_properties.eac_r11g11_snorm_block.all_format_props
NotSupported	dEQP-VK.api.info.get_physical_device_properties2.pnext_format_properties.eac_r11g11_snorm_block.drm_format_mod_1
NotSupported	dEQP-VK.api.info.get_physical_device_properties2.pnext_format_properties.eac_r11g11_snorm_block.drm_format_mod_1_and_2
NotSupported	dEQP-VK.api.info.get_physical_device_properties2.pnext_format_properties.eac_r11g11_snorm_block.drm_format_mod_1_and_format_props_3
NotSupported	dEQP-VK.api.info.get_physical_device_properties2.pnext_format_properties.eac_r11g11_snorm_block.drm_format_mod_1_and_subpass_resolve_query
NotSupported	dEQP-VK.api.info.get_physical_device_properties2.pnext_format_properties.eac_r11g11_snorm_block.drm_format_mod_2
NotSupported	dEQP-VK.api.info.get_physical_device_properties2.pnext_format_properties.eac_r11g11_snorm_block.drm_format_mod_2_and_format_props_3
NotSupported	dEQP-VK.api.info.get_physical_device_properties2.pnext_format_properties.eac_r11g11_snorm_block.drm_format_mod_2_and_subpass_resolve_query
Pass	dEQP-VK.api.info.get_physical_device_properties2.pnext_format_properties.eac_r11g11_snorm_block.format_props_3
NotSupported	dEQP-VK.api.info.get_physical_device_properties2.pnext_format_properties.eac_r11g11_snorm_block.format_props_3_and_subpass_resolve_query
NotSupported	dEQP-VK.api.info.get_physical_device_properties2.pnext_format_properties.eac_r11g11_snorm_block.subpass_resolve_query
NotSupported	dEQP-VK.api.info.get_physical_device_properties2.pnext_format_properties.eac_r11g11_unorm_block.all_format_props
NotSupported	dEQP-VK.api.info.get_physical_device_properties2.pnext_format_properties.eac_r11g11_unorm_block.drm_format_mod_1
NotSupported	dEQP-VK.api.info.get_physical_device_properties2.pnext_format_properties.eac_r11g11_unorm_block.drm_format_mod_1_and_2
NotSupported	dEQP-VK.api.info.get_physical_device_properties2.pnext_format_properties.eac_r11g11_unorm_block.drm_format_mod_1_and_format_props_3
NotSupported	dEQP-VK.api.info.get_physical_device_properties2.pnext_format_properties.eac_r11g11_unorm_block.drm_format_mod_1_and_subpass_resolve_query
NotSupported	dEQP-VK.api.info.get_physical_device_properties2.pnext_format_properties.eac_r11g11_unorm_block.drm_format_mod_2
NotSupported	dEQP-VK.api.info.get_physical_device_properties2.pnext_format_properties.eac_r11g11_unorm_block.drm_format_mod_2_and_format_props_3
NotSupported	dEQP-VK.api.info.get_physical_device_properties2.pnext_format_properties.eac_r11g11_unorm_block.drm_format_mod_2_and_subpass_resolve_query
Pass	dEQP-VK.api.info.get_physical_device_properties2.pnext_format_properties.eac_r11g11_unorm_block.format_props_3
NotSupported	dEQP-VK.api.info.get_physical_device_properties2.pnext_format_properties.eac_r11g11_unorm_block.format_props_3_and_subpass_resolve_query
NotSupported	dEQP-VK.api.info.get_physical_device_properties2.pnext_format_properties.eac_r11g11_unorm_block.subpass_resolve_query
NotSupported	dEQP-VK.api.info.get_physical_device_properties2.pnext_format_properties.etc2_r8g8b8_srgb_block.all_format_props
NotSupported	dEQP-VK.api.info.get_physical_device_properties2.pnext_format_properties.etc2_r8g8b8_srgb_block.drm_format_mod_1
NotSupported	dEQP-VK.api.info.get_physical_device_properties2.pnext_format_properties.etc2_r8g8b8_srgb_block.drm_format_mod_1_and_2
NotSupported	dEQP-VK.api.info.get_physical_device_properties2.pnext_format_properties.etc2_r8g8b8_srgb_block.drm_format_mod_1_and_format_props_3
NotSupported	dEQP-VK.api.info.get_physical_device_properties2.pnext_format_properties.etc2_r8g8b8_srgb_block.drm_format_mod_1_and_subpass_resolve_query
NotSupported	dEQP-VK.api.info.get_physical_device_properties2.pnext_format_properties.etc2_r8g8b8_srgb_block.drm_format_mod_2
NotSupported	dEQP-VK.api.info.get_physical_device_properties2.pnext_format_properties.etc2_r8g8b8_srgb_block.drm_format_mod_2_and_format_props_3
NotSupported	dEQP-VK.api.info.get_physical_device_properties2.pnext_format_properties.etc2_r8g8b8_srgb_block.drm_format_mod_2_and_subpass_resolve_query
Pass	dEQP-VK.api.info.get_physical_device_properties2.pnext_format_properties.etc2_r8g8b8_srgb_block.format_props_3
NotSupported	dEQP-VK.api.info.get_physical_device_properties2.pnext_format_properties.etc2_r8g8b8_srgb_block.format_props_3_and_subpass_resolve_query
NotSupported	dEQP-VK.api.info.get_physical_device_properties2.pnext_format_properties.etc2_r8g8b8_srgb_block.subpass_resolve_query
NotSupported	dEQP-VK.api.info.get_physical_device_properties2.pnext_format_properties.etc2_r8g8b8_unorm_block.all_format_props
NotSupported	dEQP-VK.api.info.get_physical_device_properties2.pnext_format_properties.etc2_r8g8b8_unorm_block.drm_format_mod_1
NotSupported	dEQP-VK.api.info.get_physical_device_properties2.pnext_format_properties.etc2_r8g8b8_unorm_block.drm_format_mod_1_and_2
NotSupported	dEQP-VK.api.info.get_physical_device_properties2.pnext_format_properties.etc2_r8g8b8_unorm_block.drm_format_mod_1_and_format_props_3
NotSupported	dEQP-VK.api.info.get_physical_device_properties2.pnext_format_properties.etc2_r8g8b8_unorm_block.drm_format_mod_1_and_subpass_resolve_query
NotSupported	dEQP-VK.api.info.get_physical_device_properties2.pnext_format_properties.etc2_r8g8b8_unorm_block.drm_format_mod_2
NotSupported	dEQP-VK.api.info.get_physical_device_properties2.pnext_format_properties.etc2_r8g8b8_unorm_block.drm_format_mod_2_and_format_props_3
NotSupported	dEQP-VK.api.info.get_physical_device_properties2.pnext_format_properties.etc2_r8g8b8_unorm_block.drm_format_mod_2_and_subpass_resolve_query
Pass	dEQP-VK.api.info.get_physical_device_properties2.pnext_format_properties.etc2_r8g8b8_unorm_block.format_props_3
NotSupported	dEQP-VK.api.info.get_physical_device_properties2.pnext_format_properties.etc2_r8g8b8_unorm_block.format_props_3_and_subpass_resolve_query
NotSupported	dEQP-VK.api.info.get_physical_device_properties2.pnext_format_properties.etc2_r8g8b8_unorm_block.subpass_resolve_query
NotSupported	dEQP-VK.api.info.get_physical_device_properties2.pnext_format_properties.etc2_r8g8b8a1_srgb_block.all_format_props
NotSupported	dEQP-VK.api.info.get_physical_device_properties2.pnext_format_properties.etc2_r8g8b8a1_srgb_block.drm_format_mod_1
NotSupported	dEQP-VK.api.info.get_physical_device_properties2.pnext_format_properties.etc2_r8g8b8a1_srgb_block.drm_format_mod_1_and_2
NotSupported	dEQP-VK.api.info.get_physical_device_properties2.pnext_format_properties.etc2_r8g8b8a1_srgb_block.drm_format_mod_1_and_format_props_3
NotSupported	dEQP-VK.api.info.get_physical_device_properties2.pnext_format_properties.etc2_r8g8b8a1_srgb_block.drm_format_mod_1_and_subpass_resolve_query
NotSupported	dEQP-VK.api.info.get_physical_device_properties2.pnext_format_properties.etc2_r8g8b8a1_srgb_block.drm_format_mod_2
NotSupported	dEQP-VK.api.info.get_physical_device_properties2.pnext_format_properties.etc2_r8g8b8a1_srgb_block.drm_format_mod_2_and_format_props_3
NotSupported	dEQP-VK.api.info.get_physical_device_properties2.pnext_format_properties.etc2_r8g8b8a1_srgb_block.drm_format_mod_2_and_subpass_resolve_query
Pass	dEQP-VK.api.info.get_physical_device_properties2.pnext_format_properties.etc2_r8g8b8a1_srgb_block.format_props_3
NotSupported	dEQP-VK.api.info.get_physical_device_properties2.pnext_format_properties.etc2_r8g8b8a1_srgb_block.format_props_3_and_subpass_resolve_query
NotSupported	dEQP-VK.api.info.get_physical_device_properties2.pnext_format_properties.etc2_r8g8b8a1_srgb_block.subpass_resolve_query
NotSupported	dEQP-VK.api.info.get_physical_device_properties2.pnext_format_properties.etc2_r8g8b8a1_unorm_block.all_format_props
NotSupported	dEQP-VK.api.info.get_physical_device_properties2.pnext_format_properties.etc2_r8g8b8a1_unorm_block.drm_format_mod_1
NotSupported	dEQP-VK.api.info.get_physical_device_properties2.pnext_format_properties.etc2_r8g8b8a1_unorm_block.drm_format_mod_1_and_2
NotSupported	dEQP-VK.api.info.get_physical_device_properties2.pnext_format_properties.etc2_r8g8b8a1_unorm_block.drm_format_mod_1_and_format_props_3
NotSupported	dEQP-VK.api.info.get_physical_device_properties2.pnext_format_properties.etc2_r8g8b8a1_unorm_block.drm_format_mod_1_and_subpass_resolve_query
NotSupported	dEQP-VK.api.info.get_physical_device_properties2.pnext_format_properties.etc2_r8g8b8a1_unorm_block.drm_format_mod_2
NotSupported	dEQP-VK.api.info.get_physical_device_properties2.pnext_format_properties.etc2_r8g8b8a1_unorm_block.drm_format_mod_2_and_format_props_3
NotSupported	dEQP-VK.api.info.get_physical_device_properties2.pnext_format_properties.etc2_r8g8b8a1_unorm_block.drm_format_mod_2_and_subpass_resolve_query
Pass	dEQP-VK.api.info.get_physical_device_properties2.pnext_format_properties.etc2_r8g8b8a1_unorm_block.format_props_3
NotSupported	dEQP-VK.api.info.get_physical_device_properties2.pnext_format_properties.etc2_r8g8b8a1_unorm_block.format_props_3_and_subpass_resolve_query
NotSupported	dEQP-VK.api.info.get_physical_device_properties2.pnext_format_properties.etc2_r8g8b8a1_unorm_block.subpass_resolve_query
NotSupported	dEQP-VK.api.info.get_physical_device_properties2.pnext_format_properties.etc2_r8g8b8a8_srgb_block.all_format_props
NotSupported	dEQP-VK.api.info.get_physical_device_properties2.pnext_format_properties.etc2_r8g8b8a8_srgb_block.drm_format_mod_1
NotSupported	dEQP-VK.api.info.get_physical_device_properties2.pnext_format_properties.etc2_r8g8b8a8_srgb_block.drm_format_mod_1_and_2
NotSupported	dEQP-VK.api.info.get_physical_device_properties2.pnext_format_properties.etc2_r8g8b8a8_srgb_block.drm_format_mod_1_and_format_props_3
NotSupported	dEQP-VK.api.info.get_physical_device_properties2.pnext_format_properties.etc2_r8g8b8a8_srgb_block.drm_format_mod_1_and_subpass_resolve_query
NotSupported	dEQP-VK.api.info.get_physical_device_properties2.pnext_format_properties.etc2_r8g8b8a8_srgb_block.drm_format_mod_2
NotSupported	dEQP-VK.api.info.get_physical_device_properties2.pnext_format_properties.etc2_r8g8b8a8_srgb_block.drm_format_mod_2_and_format_props_3
NotSupported	dEQP-VK.api.info.get_physical_device_properties2.pnext_format_properties.etc2_r8g8b8a8_srgb_block.drm_format_mod_2_and_subpass_resolve_query
Pass	dEQP-VK.api.info.get_physical_device_properties2.pnext_format_properties.etc2_r8g8b8a8_srgb_block.format_props_3
NotSupported	dEQP-VK.api.info.get_physical_device_properties2.pnext_format_properties.etc2_r8g8b8a8_srgb_block.format_props_3_and_subpass_resolve_query
NotSupported	dEQP-VK.api.info.get_physical_device_properties2.pnext_format_properties.etc2_r8g8b8a8_srgb_block.subpass_resolve_query
NotSupported	dEQP-VK.api.info.get_physical_device_properties2.pnext_format_properties.etc2_r8g8b8a8_unorm_block.all_format_props
NotSupported	dEQP-VK.api.info.get_physical_device_properties2.pnext_format_properties.etc2_r8g8b8a8_unorm_block.drm_format_mod_1
NotSupported	dEQP-VK.api.info.get_physical_device_properties2.pnext_format_properties.etc2_r8g8b8a8_unorm_block.drm_format_mod_1_and_2
NotSupported	dEQP-VK.api.info.get_physical_device_properties2.pnext_format_properties.etc2_r8g8b8a8_unorm_block.drm_format_mod_1_and_format_props_3
NotSupported	dEQP-VK.api.info.get_physical_device_properties2.pnext_format_properties.etc2_r8g8b8a8_unorm_block.drm_format_mod_1_and_subpass_resolve_query
NotSupported	dEQP-VK.api.info.get_physical_device_properties2.pnext_format_properties.etc2_r8g8b8a8_unorm_block.drm_format_mod_2
NotSupported	dEQP-VK.api.info.get_physical_device_properties2.pnext_format_properties.etc2_r8g8b8a8_unorm_block.drm_format_mod_2_and_format_props_3
NotSupported	dEQP-VK.api.info.get_physical_device_properties2.pnext_format_properties.etc2_r8g8b8a8_unorm_block.drm_format_mod_2_and_subpass_resolve_query
Pass	dEQP-VK.api.info.get_physical_device_properties2.pnext_format_properties.etc2_r8g8b8a8_unorm_block.format_props_3
NotSupported	dEQP-VK.api.info.get_physical_device_properties2.pnext_format_properties.etc2_r8g8b8a8_unorm_block.format_props_3_and_subpass_resolve_query
NotSupported	dEQP-VK.api.info.get_physical_device_properties2.pnext_format_properties.etc2_r8g8b8a8_unorm_block.subpass_resolve_query
NotSupported	dEQP-VK.api.info.get_physical_device_properties2.pnext_format_properties.r16_sfloat.all_format_props
NotSupported	dEQP-VK.api.info.get_physical_device_properties2.pnext_format_properties.r16_sfloat.drm_format_mod_1
NotSupported	dEQP-VK.api.info.get_physical_device_properties2.pnext_format_properties.r16_sfloat.drm_format_mod_1_and_2
NotSupported	dEQP-VK.api.info.get_physical_device_properties2.pnext_format_properties.r16_sfloat.drm_format_mod_1_and_format_props_3
NotSupported	dEQP-VK.api.info.get_physical_device_properties2.pnext_format_properties.r16_sfloat.drm_format_mod_1_and_subpass_resolve_query
NotSupported	dEQP-VK.api.info.get_physical_device_properties2.pnext_format_properties.r16_sfloat.drm_format_mod_2
NotSupported	dEQP-VK.api.info.get_physical_device_properties2.pnext_format_properties.r16_sfloat.drm_format_mod_2_and_format_props_3
NotSupported	dEQP-VK.api.info.get_physical_device_properties2.pnext_format_properties.r16_sfloat.drm_format_mod_2_and_subpass_resolve_query
Pass	dEQP-VK.api.info.get_physical_device_properties2.pnext_format_properties.r16_sfloat.format_props_3
NotSupported	dEQP-VK.api.info.get_physical_device_properties2.pnext_format_properties.r16_sfloat.format_props_3_and_subpass_resolve_query
NotSupported	dEQP-VK.api.info.get_physical_device_properties2.pnext_format_properties.r16_sfloat.subpass_resolve_query
NotSupported	dEQP-VK.api.info.get_physical_device_properties2.pnext_format_properties.r16_sint.all_format_props
NotSupported	dEQP-VK.api.info.get_physical_device_properties2.pnext_format_properties.r16_sint.drm_format_mod_1
NotSupported	dEQP-VK.api.info.get_physical_device_properties2.pnext_format_properties.r16_sint.drm_format_mod_1_and_2
NotSupported	dEQP-VK.api.info.get_physical_device_properties2.pnext_format_properties.r16_sint.drm_format_mod_1_and_format_props_3
NotSupported	dEQP-VK.api.info.get_physical_device_properties2.pnext_format_properties.r16_sint.drm_format_mod_1_and_subpass_resolve_query
NotSupported	dEQP-VK.api.info.get_physical_device_properties2.pnext_format_properties.r16_sint.drm_format_mod_2
NotSupported	dEQP-VK.api.info.get_physical_device_properties2.pnext_format_properties.r16_sint.drm_format_mod_2_and_format_props_3
NotSupported	dEQP-VK.api.info.get_physical_device_properties2.pnext_format_properties.r16_sint.drm_format_mod_2_and_subpass_resolve_query
Pass	dEQP-VK.api.info.get_physical_device_properties2.pnext_format_properties.r16_sint.format_props_3
NotSupported	dEQP-VK.api.info.get_physical_device_properties2.pnext_format_properties.r16_sint.format_props_3_and_subpass_resolve_query
NotSupported	dEQP-VK.api.info.get_physical_device_properties2.pnext_format_properties.r16_sint.subpass_resolve_query
NotSupported	dEQP-VK.api.info.get_physical_device_properties2.pnext_format_properties.r16_snorm.all_format_props
NotSupported	dEQP-VK.api.info.get_physical_device_properties2.pnext_format_properties.r16_snorm.drm_format_mod_1
NotSupported	dEQP-VK.api.info.get_physical_device_properties2.pnext_format_properties.r16_snorm.drm_format_mod_1_and_2
NotSupported	dEQP-VK.api.info.get_physical_device_properties2.pnext_format_properties.r16_snorm.drm_format_mod_1_and_format_props_3
NotSupported	dEQP-VK.api.info.get_physical_device_properties2.pnext_format_properties.r16_snorm.drm_format_mod_1_and_subpass_resolve_query
NotSupported	dEQP-VK.api.info.get_physical_device_properties2.pnext_format_properties.r16_snorm.drm_format_mod_2
NotSupported	dEQP-VK.api.info.get_physical_device_properties2.pnext_format_properties.r16_snorm.drm_format_mod_2_and_format_props_3
NotSupported	dEQP-VK.api.info.get_physical_device_properties2.pnext_format_properties.r16_snorm.drm_format_mod_2_and_subpass_resolve_query
Pass	dEQP-VK.api.info.get_physical_device_properties2.pnext_format_properties.r16_snorm.format_props_3
NotSupported	dEQP-VK.api.info.get_physical_device_properties2.pnext_format_properties.r16_snorm.format_props_3_and_subpass_resolve_query
NotSupported	dEQP-VK.api.info.get_physical_device_properties2.pnext_format_properties.r16_snorm.subpass_resolve_query
NotSupported	dEQP-VK.api.info.get_physical_device_properties2.pnext_format_properties.r16_sscaled.all_format_props
NotSupported	dEQP-VK.api.info.get_physical_device_properties2.pnext_format_properties.r16_sscaled.drm_format_mod_1
NotSupported	dEQP-VK.api.info.get_physical_device_properties2.pnext_format_properties.r16_sscaled.drm_format_mod_1_and_2
NotSupported	dEQP-VK.api.info.get_physical_device_properties2.pnext_format_properties.r16_sscaled.drm_format_mod_1_and_format_props_3
NotSupported	dEQP-VK.api.info.get_physical_device_properties2.pnext_format_properties.r16_sscaled.drm_format_mod_1_and_subpass_resolve_query
NotSupported	dEQP-VK.api.info.get_physical_device_properties2.pnext_format_properties.r16_sscaled.drm_format_mod_2
NotSupported	dEQP-VK.api.info.get_physical_device_properties2.pnext_format_properties.r16_sscaled.drm_format_mod_2_and_format_props_3
NotSupported	dEQP-VK.api.info.get_physical_device_properties2.pnext_format_properties.r16_sscaled.drm_format_mod_2_and_subpass_resolve_query
Pass	dEQP-VK.api.info.get_physical_device_properties2.pnext_format_properties.r16_sscaled.format_props_3
NotSupported	dEQP-VK.api.info.get_physical_device_properties2.pnext_format_properties.r16_sscaled.format_props_3_and_subpass_resolve_query
NotSupported	dEQP-VK.api.info.get_physical_device_properties2.pnext_format_properties.r16_sscaled.subpass_resolve_query
NotSupported	dEQP-VK.api.info.get_physical_device_properties2.pnext_format_properties.r16_uint.all_format_props
NotSupported	dEQP-VK.api.info.get_physical_device_properties2.pnext_format_properties.r16_uint.drm_format_mod_1
NotSupported	dEQP-VK.api.info.get_physical_device_properties2.pnext_format_properties.r16_uint.drm_format_mod_1_and_2
NotSupported	dEQP-VK.api.info.get_physical_device_properties2.pnext_format_properties.r16_uint.drm_format_mod_1_and_format_props_3
NotSupported	dEQP-VK.api.info.get_physical_device_properties2.pnext_format_properties.r16_uint.drm_format_mod_1_and_subpass_resolve_query
NotSupported	dEQP-VK.api.info.get_physical_device_properties2.pnext_format_properties.r16_uint.drm_format_mod_2
NotSupported	dEQP-VK.api.info.get_physical_device_properties2.pnext_format_properties.r16_uint.drm_format_mod_2_and_format_props_3
NotSupported	dEQP-VK.api.info.get_physical_device_properties2.pnext_format_properties.r16_uint.drm_format_mod_2_and_subpass_resolve_query
Pass	dEQP-VK.api.info.get_physical_device_properties2.pnext_format_properties.r16_uint.format_props_3
NotSupported	dEQP-VK.api.info.get_physical_device_properties2.pnext_format_properties.r16_uint.format_props_3_and_subpass_resolve_query
NotSupported	dEQP-VK.api.info.get_physical_device_properties2.pnext_format_properties.r16_uint.subpass_resolve_query
NotSupported	dEQP-VK.api.info.get_physical_device_properties2.pnext_format_properties.r16_unorm.all_format_props
NotSupported	dEQP-VK.api.info.get_physical_device_properties2.pnext_format_properties.r16_unorm.drm_format_mod_1
NotSupported	dEQP-VK.api.info.get_physical_device_properties2.pnext_format_properties.r16_unorm.drm_format_mod_1_and_2
NotSupported	dEQP-VK.api.info.get_physical_device_properties2.pnext_format_properties.r16_unorm.drm_format_mod_1_and_format_props_3
NotSupported	dEQP-VK.api.info.get_physical_device_properties2.pnext_format_properties.r16_unorm.drm_format_mod_1_and_subpass_resolve_query
NotSupported	dEQP-VK.api.info.get_physical_device_properties2.pnext_format_properties.r16_unorm.drm_format_mod_2
NotSupported	dEQP-VK.api.info.get_physical_device_properties2.pnext_format_properties.r16_unorm.drm_format_mod_2_and_format_props_3
NotSupported	dEQP-VK.api.info.get_physical_device_properties2.pnext_format_properties.r16_unorm.drm_format_mod_2_and_subpass_resolve_query
Pass	dEQP-VK.api.info.get_physical_device_properties2.pnext_format_properties.r16_unorm.format_props_3
NotSupported	dEQP-VK.api.info.get_physical_device_properties2.pnext_format_properties.r16_unorm.format_props_3_and_subpass_resolve_query
NotSupported	dEQP-VK.api.info.get_physical_device_properties2.pnext_format_properties.r16_unorm.subpass_resolve_query
NotSupported	dEQP-VK.api.info.get_physical_device_properties2.pnext_format_properties.r16_uscaled.all_format_props
NotSupported	dEQP-VK.api.info.get_physical_device_properties2.pnext_format_properties.r16_uscaled.drm_format_mod_1
NotSupported	dEQP-VK.api.info.get_physical_device_properties2.pnext_format_properties.r16_uscaled.drm_format_mod_1_and_2
NotSupported	dEQP-VK.api.info.get_physical_device_properties2.pnext_format_properties.r16_uscaled.drm_format_mod_1_and_format_props_3
NotSupported	dEQP-VK.api.info.get_physical_device_properties2.pnext_format_properties.r16_uscaled.drm_format_mod_1_and_subpass_resolve_query
NotSupported	dEQP-VK.api.info.get_physical_device_properties2.pnext_format_properties.r16_uscaled.drm_format_mod_2
NotSupported	dEQP-VK.api.info.get_physical_device_properties2.pnext_format_properties.r16_uscaled.drm_format_mod_2_and_format_props_3
NotSupported	dEQP-VK.api.info.get_physical_device_properties2.pnext_format_properties.r16_uscaled.drm_format_mod_2_and_subpass_resolve_query
Pass	dEQP-VK.api.info.get_physical_device_properties2.pnext_format_properties.r16_uscaled.format_props_3
NotSupported	dEQP-VK.api.info.get_physical_device_properties2.pnext_format_properties.r16_uscaled.format_props_3_and_subpass_resolve_query
NotSupported	dEQP-VK.api.info.get_physical_device_properties2.pnext_format_properties.r16_uscaled.subpass_resolve_query
NotSupported	dEQP-VK.api.info.get_physical_device_properties2.pnext_format_properties.r16g16_sfloat.all_format_props
NotSupported	dEQP-VK.api.info.get_physical_device_properties2.pnext_format_properties.r16g16_sfloat.drm_format_mod_1
NotSupported	dEQP-VK.api.info.get_physical_device_properties2.pnext_format_properties.r16g16_sfloat.drm_format_mod_1_and_2
NotSupported	dEQP-VK.api.info.get_physical_device_properties2.pnext_format_properties.r16g16_sfloat.drm_format_mod_1_and_format_props_3
NotSupported	dEQP-VK.api.info.get_physical_device_properties2.pnext_format_properties.r16g16_sfloat.drm_format_mod_1_and_subpass_resolve_query
NotSupported	dEQP-VK.api.info.get_physical_device_properties2.pnext_format_properties.r16g16_sfloat.drm_format_mod_2
NotSupported	dEQP-VK.api.info.get_physical_device_properties2.pnext_format_properties.r16g16_sfloat.drm_format_mod_2_and_format_props_3
NotSupported	dEQP-VK.api.info.get_physical_device_properties2.pnext_format_properties.r16g16_sfloat.drm_format_mod_2_and_subpass_resolve_query
Pass	dEQP-VK.api.info.get_physical_device_properties2.pnext_format_properties.r16g16_sfloat.format_props_3
NotSupported	dEQP-VK.api.info.get_physical_device_properties2.pnext_format_properties.r16g16_sfloat.format_props_3_and_subpass_resolve_query
NotSupported	dEQP-VK.api.info.get_physical_device_properties2.pnext_format_properties.r16g16_sfloat.subpass_resolve_query
NotSupported	dEQP-VK.api.info.get_physical_device_properties2.pnext_format_properties.r16g16_sint.all_format_props
NotSupported	dEQP-VK.api.info.get_physical_device_properties2.pnext_format_properties.r16g16_sint.drm_format_mod_1
NotSupported	dEQP-VK.api.info.get_physical_device_properties2.pnext_format_properties.r16g16_sint.drm_format_mod_1_and_2
NotSupported	dEQP-VK.api.info.get_physical_device_properties2.pnext_format_properties.r16g16_sint.drm_format_mod_1_and_format_props_3
NotSupported	dEQP-VK.api.info.get_physical_device_properties2.pnext_format_properties.r16g16_sint.drm_format_mod_1_and_subpass_resolve_query
NotSupported	dEQP-VK.api.info.get_physical_device_properties2.pnext_format_properties.r16g16_sint.drm_format_mod_2
NotSupported	dEQP-VK.api.info.get_physical_device_properties2.pnext_format_properties.r16g16_sint.drm_format_mod_2_and_format_props_3
NotSupported	dEQP-VK.api.info.get_physical_device_properties2.pnext_format_properties.r16g16_sint.drm_format_mod_2_and_subpass_resolve_query
Pass	dEQP-VK.api.info.get_physical_device_properties2.pnext_format_properties.r16g16_sint.format_props_3
NotSupported	dEQP-VK.api.info.get_physical_device_properties2.pnext_format_properties.r16g16_sint.format_props_3_and_subpass_resolve_query
NotSupported	dEQP-VK.api.info.get_physical_device_properties2.pnext_format_properties.r16g16_sint.subpass_resolve_query
NotSupported	dEQP-VK.api.info.get_physical_device_properties2.pnext_format_properties.r16g16_snorm.all_format_props
NotSupported	dEQP-VK.api.info.get_physical_device_properties2.pnext_format_properties.r16g16_snorm.drm_format_mod_1
NotSupported	dEQP-VK.api.info.get_physical_device_properties2.pnext_format_properties.r16g16_snorm.drm_format_mod_1_and_2
NotSupported	dEQP-VK.api.info.get_physical_device_properties2.pnext_format_properties.r16g16_snorm.drm_format_mod_1_and_format_props_3
NotSupported	dEQP-VK.api.info.get_physical_device_properties2.pnext_format_properties.r16g16_snorm.drm_format_mod_1_and_subpass_resolve_query
NotSupported	dEQP-VK.api.info.get_physical_device_properties2.pnext_format_properties.r16g16_snorm.drm_format_mod_2
NotSupported	dEQP-VK.api.info.get_physical_device_properties2.pnext_format_properties.r16g16_snorm.drm_format_mod_2_and_format_props_3
NotSupported	dEQP-VK.api.info.get_physical_device_properties2.pnext_format_properties.r16g16_snorm.drm_format_mod_2_and_subpass_resolve_query
Pass	dEQP-VK.api.info.get_physical_device_properties2.pnext_format_properties.r16g16_snorm.format_props_3
NotSupported	dEQP-VK.api.info.get_physical_device_properties2.pnext_format_properties.r16g16_snorm.format_props_3_and_subpass_resolve_query
NotSupported	dEQP-VK.api.info.get_physical_device_properties2.pnext_format_properties.r16g16_snorm.subpass_resolve_query
NotSupported	dEQP-VK.api.info.get_physical_device_properties2.pnext_format_properties.r16g16_sscaled.all_format_props
NotSupported	dEQP-VK.api.info.get_physical_device_properties2.pnext_format_properties.r16g16_sscaled.drm_format_mod_1
NotSupported	dEQP-VK.api.info.get_physical_device_properties2.pnext_format_properties.r16g16_sscaled.drm_format_mod_1_and_2
NotSupported	dEQP-VK.api.info.get_physical_device_properties2.pnext_format_properties.r16g16_sscaled.drm_format_mod_1_and_format_props_3
NotSupported	dEQP-VK.api.info.get_physical_device_properties2.pnext_format_properties.r16g16_sscaled.drm_format_mod_1_and_subpass_resolve_query
NotSupported	dEQP-VK.api.info.get_physical_device_properties2.pnext_format_properties.r16g16_sscaled.drm_format_mod_2
NotSupported	dEQP-VK.api.info.get_physical_device_properties2.pnext_format_properties.r16g16_sscaled.drm_format_mod_2_and_format_props_3
NotSupported	dEQP-VK.api.info.get_physical_device_properties2.pnext_format_properties.r16g16_sscaled.drm_format_mod_2_and_subpass_resolve_query
Pass	dEQP-VK.api.info.get_physical_device_properties2.pnext_format_properties.r16g16_sscaled.format_props_3
NotSupported	dEQP-VK.api.info.get_physical_device_properties2.pnext_format_properties.r16g16_sscaled.format_props_3_and_subpass_resolve_query
NotSupported	dEQP-VK.api.info.get_physical_device_properties2.pnext_format_properties.r16g16_sscaled.subpass_resolve_query
NotSupported	dEQP-VK.api.info.get_physical_device_properties2.pnext_format_properties.r16g16_uint.all_format_props
NotSupported	dEQP-VK.api.info.get_physical_device_properties2.pnext_format_properties.r16g16_uint.drm_format_mod_1
NotSupported	dEQP-VK.api.info.get_physical_device_properties2.pnext_format_properties.r16g16_uint.drm_format_mod_1_and_2
NotSupported	dEQP-VK.api.info.get_physical_device_properties2.pnext_format_properties.r16g16_uint.drm_format_mod_1_and_format_props_3
NotSupported	dEQP-VK.api.info.get_physical_device_properties2.pnext_format_properties.r16g16_uint.drm_format_mod_1_and_subpass_resolve_query
NotSupported	dEQP-VK.api.info.get_physical_device_properties2.pnext_format_properties.r16g16_uint.drm_format_mod_2
NotSupported	dEQP-VK.api.info.get_physical_device_properties2.pnext_format_properties.r16g16_uint.drm_format_mod_2_and_format_props_3
NotSupported	dEQP-VK.api.info.get_physical_device_properties2.pnext_format_properties.r16g16_uint.drm_format_mod_2_and_subpass_resolve_query
Pass	dEQP-VK.api.info.get_physical_device_properties2.pnext_format_properties.r16g16_uint.format_props_3
NotSupported	dEQP-VK.api.info.get_physical_device_properties2.pnext_format_properties.r16g16_uint.format_props_3_and_subpass_resolve_query
NotSupported	dEQP-VK.api.info.get_physical_device_properties2.pnext_format_properties.r16g16_uint.subpass_resolve_query
NotSupported	dEQP-VK.api.info.get_physical_device_properties2.pnext_format_properties.r16g16_unorm.all_format_props
NotSupported	dEQP-VK.api.info.get_physical_device_properties2.pnext_format_properties.r16g16_unorm.drm_format_mod_1
NotSupported	dEQP-VK.api.info.get_physical_device_properties2.pnext_format_properties.r16g16_unorm.drm_format_mod_1_and_2
NotSupported	dEQP-VK.api.info.get_physical_device_properties2.pnext_format_properties.r16g16_unorm.drm_format_mod_1_and_format_props_3
NotSupported	dEQP-VK.api.info.get_physical_device_properties2.pnext_format_properties.r16g16_unorm.drm_format_mod_1_and_subpass_resolve_query
NotSupported	dEQP-VK.api.info.get_physical_device_properties2.pnext_format_properties.r16g16_unorm.drm_format_mod_2
NotSupported	dEQP-VK.api.info.get_physical_device_properties2.pnext_format_properties.r16g16_unorm.drm_format_mod_2_and_format_props_3
NotSupported	dEQP-VK.api.info.get_physical_device_properties2.pnext_format_properties.r16g16_unorm.drm_format_mod_2_and_subpass_resolve_query
Pass	dEQP-VK.api.info.get_physical_device_properties2.pnext_format_properties.r16g16_unorm.format_props_3
NotSupported	dEQP-VK.api.info.get_physical_device_properties2.pnext_format_properties.r16g16_unorm.format_props_3_and_subpass_resolve_query
NotSupported	dEQP-VK.api.info.get_physical_device_properties2.pnext_format_properties.r16g16_unorm.subpass_resolve_query
NotSupported	dEQP-VK.api.info.get_physical_device_properties2.pnext_format_properties.r16g16_uscaled.all_format_props
NotSupported	dEQP-VK.api.info.get_physical_device_properties2.pnext_format_properties.r16g16_uscaled.drm_format_mod_1
NotSupported	dEQP-VK.api.info.get_physical_device_properties2.pnext_format_properties.r16g16_uscaled.drm_format_mod_1_and_2
NotSupported	dEQP-VK.api.info.get_physical_device_properties2.pnext_format_properties.r16g16_uscaled.drm_format_mod_1_and_format_props_3
NotSupported	dEQP-VK.api.info.get_physical_device_properties2.pnext_format_properties.r16g16_uscaled.drm_format_mod_1_and_subpass_resolve_query
NotSupported	dEQP-VK.api.info.get_physical_device_properties2.pnext_format_properties.r16g16_uscaled.drm_format_mod_2
NotSupported	dEQP-VK.api.info.get_physical_device_properties2.pnext_format_properties.r16g16_uscaled.drm_format_mod_2_and_format_props_3
NotSupported	dEQP-VK.api.info.get_physical_device_properties2.pnext_format_properties.r16g16_uscaled.drm_format_mod_2_and_subpass_resolve_query
Pass	dEQP-VK.api.info.get_physical_device_properties2.pnext_format_properties.r16g16_uscaled.format_props_3
NotSupported	dEQP-VK.api.info.get_physical_device_properties2.pnext_format_properties.r16g16_uscaled.format_props_3_and_subpass_resolve_query
NotSupported	dEQP-VK.api.info.get_physical_device_properties2.pnext_format_properties.r16g16_uscaled.subpass_resolve_query
NotSupported	dEQP-VK.api.info.get_physical_device_properties2.pnext_format_properties.r16g16b16_sfloat.all_format_props
NotSupported	dEQP-VK.api.info.get_physical_device_properties2.pnext_format_properties.r16g16b16_sfloat.drm_format_mod_1
NotSupported	dEQP-VK.api.info.get_physical_device_properties2.pnext_format_properties.r16g16b16_sfloat.drm_format_mod_1_and_2
NotSupported	dEQP-VK.api.info.get_physical_device_properties2.pnext_format_properties.r16g16b16_sfloat.drm_format_mod_1_and_format_props_3
NotSupported	dEQP-VK.api.info.get_physical_device_properties2.pnext_format_properties.r16g16b16_sfloat.drm_format_mod_1_and_subpass_resolve_query
NotSupported	dEQP-VK.api.info.get_physical_device_properties2.pnext_format_properties.r16g16b16_sfloat.drm_format_mod_2
NotSupported	dEQP-VK.api.info.get_physical_device_properties2.pnext_format_properties.r16g16b16_sfloat.drm_format_mod_2_and_format_props_3
NotSupported	dEQP-VK.api.info.get_physical_device_properties2.pnext_format_properties.r16g16b16_sfloat.drm_format_mod_2_and_subpass_resolve_query
Pass	dEQP-VK.api.info.get_physical_device_properties2.pnext_format_properties.r16g16b16_sfloat.format_props_3
NotSupported	dEQP-VK.api.info.get_physical_device_properties2.pnext_format_properties.r16g16b16_sfloat.format_props_3_and_subpass_resolve_query
NotSupported	dEQP-VK.api.info.get_physical_device_properties2.pnext_format_properties.r16g16b16_sfloat.subpass_resolve_query
NotSupported	dEQP-VK.api.info.get_physical_device_properties2.pnext_format_properties.r16g16b16_sint.all_format_props
NotSupported	dEQP-VK.api.info.get_physical_device_properties2.pnext_format_properties.r16g16b16_sint.drm_format_mod_1
NotSupported	dEQP-VK.api.info.get_physical_device_properties2.pnext_format_properties.r16g16b16_sint.drm_format_mod_1_and_2
NotSupported	dEQP-VK.api.info.get_physical_device_properties2.pnext_format_properties.r16g16b16_sint.drm_format_mod_1_and_format_props_3
NotSupported	dEQP-VK.api.info.get_physical_device_properties2.pnext_format_properties.r16g16b16_sint.drm_format_mod_1_and_subpass_resolve_query
NotSupported	dEQP-VK.api.info.get_physical_device_properties2.pnext_format_properties.r16g16b16_sint.drm_format_mod_2
NotSupported	dEQP-VK.api.info.get_physical_device_properties2.pnext_format_properties.r16g16b16_sint.drm_format_mod_2_and_format_props_3
NotSupported	dEQP-VK.api.info.get_physical_device_properties2.pnext_format_properties.r16g16b16_sint.drm_format_mod_2_and_subpass_resolve_query
Pass	dEQP-VK.api.info.get_physical_device_properties2.pnext_format_properties.r16g16b16_sint.format_props_3
NotSupported	dEQP-VK.api.info.get_physical_device_properties2.pnext_format_properties.r16g16b16_sint.format_props_3_and_subpass_resolve_query
NotSupported	dEQP-VK.api.info.get_physical_device_properties2.pnext_format_properties.r16g16b16_sint.subpass_resolve_query
NotSupported	dEQP-VK.api.info.get_physical_device_properties2.pnext_format_properties.r16g16b16_snorm.all_format_props
NotSupported	dEQP-VK.api.info.get_physical_device_properties2.pnext_format_properties.r16g16b16_snorm.drm_format_mod_1
NotSupported	dEQP-VK.api.info.get_physical_device_properties2.pnext_format_properties.r16g16b16_snorm.drm_format_mod_1_and_2
NotSupported	dEQP-VK.api.info.get_physical_device_properties2.pnext_format_properties.r16g16b16_snorm.drm_format_mod_1_and_format_props_3
NotSupported	dEQP-VK.api.info.get_physical_device_properties2.pnext_format_properties.r16g16b16_snorm.drm_format_mod_1_and_subpass_resolve_query
NotSupported	dEQP-VK.api.info.get_physical_device_properties2.pnext_format_properties.r16g16b16_snorm.drm_format_mod_2
NotSupported	dEQP-VK.api.info.get_physical_device_properties2.pnext_format_properties.r16g16b16_snorm.drm_format_mod_2_and_format_props_3
NotSupported	dEQP-VK.api.info.get_physical_device_properties2.pnext_format_properties.r16g16b16_snorm.drm_format_mod_2_and_subpass_resolve_query
Pass	dEQP-VK.api.info.get_physical_device_properties2.pnext_format_properties.r16g16b16_snorm.format_props_3
NotSupported	dEQP-VK.api.info.get_physical_device_properties2.pnext_format_properties.r16g16b16_snorm.format_props_3_and_subpass_resolve_query
NotSupported	dEQP-VK.api.info.get_physical_device_properties2.pnext_format_properties.r16g16b16_snorm.subpass_resolve_query
NotSupported	dEQP-VK.api.info.get_physical_device_properties2.pnext_format_properties.r16g16b16_sscaled.all_format_props
NotSupported	dEQP-VK.api.info.get_physical_device_properties2.pnext_format_properties.r16g16b16_sscaled.drm_format_mod_1
NotSupported	dEQP-VK.api.info.get_physical_device_properties2.pnext_format_properties.r16g16b16_sscaled.drm_format_mod_1_and_2
NotSupported	dEQP-VK.api.info.get_physical_device_properties2.pnext_format_properties.r16g16b16_sscaled.drm_format_mod_1_and_format_props_3
NotSupported	dEQP-VK.api.info.get_physical_device_properties2.pnext_format_properties.r16g16b16_sscaled.drm_format_mod_1_and_subpass_resolve_query
NotSupported	dEQP-VK.api.info.get_physical_device_properties2.pnext_format_properties.r16g16b16_sscaled.drm_format_mod_2
NotSupported	dEQP-VK.api.info.get_physical_device_properties2.pnext_format_properties.r16g16b16_sscaled.drm_format_mod_2_and_format_props_3
NotSupported	dEQP-VK.api.info.get_physical_device_properties2.pnext_format_properties.r16g16b16_sscaled.drm_format_mod_2_and_subpass_resolve_query
Pass	dEQP-VK.api.info.get_physical_device_properties2.pnext_format_properties.r16g16b16_sscaled.format_props_3
NotSupported	dEQP-VK.api.info.get_physical_device_properties2.pnext_format_properties.r16g16b16_sscaled.format_props_3_and_subpass_resolve_query
NotSupported	dEQP-VK.api.info.get_physical_device_properties2.pnext_format_properties.r16g16b16_sscaled.subpass_resolve_query
NotSupported	dEQP-VK.api.info.get_physical_device_properties2.pnext_format_properties.r16g16b16_uint.all_format_props
NotSupported	dEQP-VK.api.info.get_physical_device_properties2.pnext_format_properties.r16g16b16_uint.drm_format_mod_1
NotSupported	dEQP-VK.api.info.get_physical_device_properties2.pnext_format_properties.r16g16b16_uint.drm_format_mod_1_and_2
NotSupported	dEQP-VK.api.info.get_physical_device_properties2.pnext_format_properties.r16g16b16_uint.drm_format_mod_1_and_format_props_3
NotSupported	dEQP-VK.api.info.get_physical_device_properties2.pnext_format_properties.r16g16b16_uint.drm_format_mod_1_and_subpass_resolve_query
NotSupported	dEQP-VK.api.info.get_physical_device_properties2.pnext_format_properties.r16g16b16_uint.drm_format_mod_2
NotSupported	dEQP-VK.api.info.get_physical_device_properties2.pnext_format_properties.r16g16b16_uint.drm_format_mod_2_and_format_props_3
NotSupported	dEQP-VK.api.info.get_physical_device_properties2.pnext_format_properties.r16g16b16_uint.drm_format_mod_2_and_subpass_resolve_query
Pass	dEQP-VK.api.info.get_physical_device_properties2.pnext_format_properties.r16g16b16_uint.format_props_3
NotSupported	dEQP-VK.api.info.get_physical_device_properties2.pnext_format_properties.r16g16b16_uint.format_props_3_and_subpass_resolve_query
NotSupported	dEQP-VK.api.info.get_physical_device_properties2.pnext_format_properties.r16g16b16_uint.subpass_resolve_query
NotSupported	dEQP-VK.api.info.get_physical_device_properties2.pnext_format_properties.r16g16b16_unorm.all_format_props
NotSupported	dEQP-VK.api.info.get_physical_device_properties2.pnext_format_properties.r16g16b16_unorm.drm_format_mod_1
NotSupported	dEQP-VK.api.info.get_physical_device_properties2.pnext_format_properties.r16g16b16_unorm.drm_format_mod_1_and_2
NotSupported	dEQP-VK.api.info.get_physical_device_properties2.pnext_format_properties.r16g16b16_unorm.drm_format_mod_1_and_format_props_3
NotSupported	dEQP-VK.api.info.get_physical_device_properties2.pnext_format_properties.r16g16b16_unorm.drm_format_mod_1_and_subpass_resolve_query
NotSupported	dEQP-VK.api.info.get_physical_device_properties2.pnext_format_properties.r16g16b16_unorm.drm_format_mod_2
NotSupported	dEQP-VK.api.info.get_physical_device_properties2.pnext_format_properties.r16g16b16_unorm.drm_format_mod_2_and_format_props_3
NotSupported	dEQP-VK.api.info.get_physical_device_properties2.pnext_format_properties.r16g16b16_unorm.drm_format_mod_2_and_subpass_resolve_query
Pass	dEQP-VK.api.info.get_physical_device_properties2.pnext_format_properties.r16g16b16_unorm.format_props_3
NotSupported	dEQP-VK.api.info.get_physical_device_properties2.pnext_format_properties.r16g16b16_unorm.format_props_3_and_subpass_resolve_query
NotSupported	dEQP-VK.api.info.get_physical_device_properties2.pnext_format_properties.r16g16b16_unorm.subpass_resolve_query
NotSupported	dEQP-VK.api.info.get_physical_device_properties2.pnext_format_properties.r16g16b16_uscaled.all_format_props
NotSupported	dEQP-VK.api.info.get_physical_device_properties2.pnext_format_properties.r16g16b16_uscaled.drm_format_mod_1
NotSupported	dEQP-VK.api.info.get_physical_device_properties2.pnext_format_properties.r16g16b16_uscaled.drm_format_mod_1_and_2
NotSupported	dEQP-VK.api.info.get_physical_device_properties2.pnext_format_properties.r16g16b16_uscaled.drm_format_mod_1_and_format_props_3
NotSupported	dEQP-VK.api.info.get_physical_device_properties2.pnext_format_properties.r16g16b16_uscaled.drm_format_mod_1_and_subpass_resolve_query
NotSupported	dEQP-VK.api.info.get_physical_device_properties2.pnext_format_properties.r16g16b16_uscaled.drm_format_mod_2
NotSupported	dEQP-VK.api.info.get_physical_device_properties2.pnext_format_properties.r16g16b16_uscaled.drm_format_mod_2_and_format_props_3
NotSupported	dEQP-VK.api.info.get_physical_device_properties2.pnext_format_properties.r16g16b16_uscaled.drm_format_mod_2_and_subpass_resolve_query
Pass	dEQP-VK.api.info.get_physical_device_properties2.pnext_format_properties.r16g16b16_uscaled.format_props_3
NotSupported	dEQP-VK.api.info.get_physical_device_properties2.pnext_format_properties.r16g16b16_uscaled.format_props_3_and_subpass_resolve_query
NotSupported	dEQP-VK.api.info.get_physical_device_properties2.pnext_format_properties.r16g16b16_uscaled.subpass_resolve_query
NotSupported	dEQP-VK.api.info.get_physical_device_properties2.pnext_format_properties.r16g16b16a16_sfloat.all_format_props
NotSupported	dEQP-VK.api.info.get_physical_device_properties2.pnext_format_properties.r16g16b16a16_sfloat.drm_format_mod_1
NotSupported	dEQP-VK.api.info.get_physical_device_properties2.pnext_format_properties.r16g16b16a16_sfloat.drm_format_mod_1_and_2
NotSupported	dEQP-VK.api.info.get_physical_device_properties2.pnext_format_properties.r16g16b16a16_sfloat.drm_format_mod_1_and_format_props_3
NotSupported	dEQP-VK.api.info.get_physical_device_properties2.pnext_format_properties.r16g16b16a16_sfloat.drm_format_mod_1_and_subpass_resolve_query
NotSupported	dEQP-VK.api.info.get_physical_device_properties2.pnext_format_properties.r16g16b16a16_sfloat.drm_format_mod_2
NotSupported	dEQP-VK.api.info.get_physical_device_properties2.pnext_format_properties.r16g16b16a16_sfloat.drm_format_mod_2_and_format_props_3
NotSupported	dEQP-VK.api.info.get_physical_device_properties2.pnext_format_properties.r16g16b16a16_sfloat.drm_format_mod_2_and_subpass_resolve_query
Pass	dEQP-VK.api.info.get_physical_device_properties2.pnext_format_properties.r16g16b16a16_sfloat.format_props_3
NotSupported	dEQP-VK.api.info.get_physical_device_properties2.pnext_format_properties.r16g16b16a16_sfloat.format_props_3_and_subpass_resolve_query
NotSupported	dEQP-VK.api.info.get_physical_device_properties2.pnext_format_properties.r16g16b16a16_sfloat.subpass_resolve_query
NotSupported	dEQP-VK.api.info.get_physical_device_properties2.pnext_format_properties.r16g16b16a16_sint.all_format_props
NotSupported	dEQP-VK.api.info.get_physical_device_properties2.pnext_format_properties.r16g16b16a16_sint.drm_format_mod_1
NotSupported	dEQP-VK.api.info.get_physical_device_properties2.pnext_format_properties.r16g16b16a16_sint.drm_format_mod_1_and_2
NotSupported	dEQP-VK.api.info.get_physical_device_properties2.pnext_format_properties.r16g16b16a16_sint.drm_format_mod_1_and_format_props_3
NotSupported	dEQP-VK.api.info.get_physical_device_properties2.pnext_format_properties.r16g16b16a16_sint.drm_format_mod_1_and_subpass_resolve_query
NotSupported	dEQP-VK.api.info.get_physical_device_properties2.pnext_format_properties.r16g16b16a16_sint.drm_format_mod_2
NotSupported	dEQP-VK.api.info.get_physical_device_properties2.pnext_format_properties.r16g16b16a16_sint.drm_format_mod_2_and_format_props_3
NotSupported	dEQP-VK.api.info.get_physical_device_properties2.pnext_format_properties.r16g16b16a16_sint.drm_format_mod_2_and_subpass_resolve_query
Pass	dEQP-VK.api.info.get_physical_device_properties2.pnext_format_properties.r16g16b16a16_sint.format_props_3
NotSupported	dEQP-VK.api.info.get_physical_device_properties2.pnext_format_properties.r16g16b16a16_sint.format_props_3_and_subpass_resolve_query
NotSupported	dEQP-VK.api.info.get_physical_device_properties2.pnext_format_properties.r16g16b16a16_sint.subpass_resolve_query
NotSupported	dEQP-VK.api.info.get_physical_device_properties2.pnext_format_properties.r16g16b16a16_snorm.all_format_props
NotSupported	dEQP-VK.api.info.get_physical_device_properties2.pnext_format_properties.r16g16b16a16_snorm.drm_format_mod_1
NotSupported	dEQP-VK.api.info.get_physical_device_properties2.pnext_format_properties.r16g16b16a16_snorm.drm_format_mod_1_and_2
NotSupported	dEQP-VK.api.info.get_physical_device_properties2.pnext_format_properties.r16g16b16a16_snorm.drm_format_mod_1_and_format_props_3
NotSupported	dEQP-VK.api.info.get_physical_device_properties2.pnext_format_properties.r16g16b16a16_snorm.drm_format_mod_1_and_subpass_resolve_query
NotSupported	dEQP-VK.api.info.get_physical_device_properties2.pnext_format_properties.r16g16b16a16_snorm.drm_format_mod_2
NotSupported	dEQP-VK.api.info.get_physical_device_properties2.pnext_format_properties.r16g16b16a16_snorm.drm_format_mod_2_and_format_props_3
NotSupported	dEQP-VK.api.info.get_physical_device_properties2.pnext_format_properties.r16g16b16a16_snorm.drm_format_mod_2_and_subpass_resolve_query
Pass	dEQP-VK.api.info.get_physical_device_properties2.pnext_format_properties.r16g16b16a16_snorm.format_props_3
NotSupported	dEQP-VK.api.info.get_physical_device_properties2.pnext_format_properties.r16g16b16a16_snorm.format_props_3_and_subpass_resolve_query
NotSupported	dEQP-VK.api.info.get_physical_device_properties2.pnext_format_properties.r16g16b16a16_snorm.subpass_resolve_query
NotSupported	dEQP-VK.api.info.get_physical_device_properties2.pnext_format_properties.r16g16b16a16_sscaled.all_format_props
NotSupported	dEQP-VK.api.info.get_physical_device_properties2.pnext_format_properties.r16g16b16a16_sscaled.drm_format_mod_1
NotSupported	dEQP-VK.api.info.get_physical_device_properties2.pnext_format_properties.r16g16b16a16_sscaled.drm_format_mod_1_and_2
NotSupported	dEQP-VK.api.info.get_physical_device_properties2.pnext_format_properties.r16g16b16a16_sscaled.drm_format_mod_1_and_format_props_3
NotSupported	dEQP-VK.api.info.get_physical_device_properties2.pnext_format_properties.r16g16b16a16_sscaled.drm_format_mod_1_and_subpass_resolve_query
NotSupported	dEQP-VK.api.info.get_physical_device_properties2.pnext_format_properties.r16g16b16a16_sscaled.drm_format_mod_2
NotSupported	dEQP-VK.api.info.get_physical_device_properties2.pnext_format_properties.r16g16b16a16_sscaled.drm_format_mod_2_and_format_props_3
NotSupported	dEQP-VK.api.info.get_physical_device_properties2.pnext_format_properties.r16g16b16a16_sscaled.drm_format_mod_2_and_subpass_resolve_query
Pass	dEQP-VK.api.info.get_physical_device_properties2.pnext_format_properties.r16g16b16a16_sscaled.format_props_3
NotSupported	dEQP-VK.api.info.get_physical_device_properties2.pnext_format_properties.r16g16b16a16_sscaled.format_props_3_and_subpass_resolve_query
NotSupported	dEQP-VK.api.info.get_physical_device_properties2.pnext_format_properties.r16g16b16a16_sscaled.subpass_resolve_query
NotSupported	dEQP-VK.api.info.get_physical_device_properties2.pnext_format_properties.r16g16b16a16_uint.all_format_props
NotSupported	dEQP-VK.api.info.get_physical_device_properties2.pnext_format_properties.r16g16b16a16_uint.drm_format_mod_1
NotSupported	dEQP-VK.api.info.get_physical_device_properties2.pnext_format_properties.r16g16b16a16_uint.drm_format_mod_1_and_2
NotSupported	dEQP-VK.api.info.get_physical_device_properties2.pnext_format_properties.r16g16b16a16_uint.drm_format_mod_1_and_format_props_3
NotSupported	dEQP-VK.api.info.get_physical_device_properties2.pnext_format_properties.r16g16b16a16_uint.drm_format_mod_1_and_subpass_resolve_query
NotSupported	dEQP-VK.api.info.get_physical_device_properties2.pnext_format_properties.r16g16b16a16_uint.drm_format_mod_2
NotSupported	dEQP-VK.api.info.get_physical_device_properties2.pnext_format_properties.r16g16b16a16_uint.drm_format_mod_2_and_format_props_3
NotSupported	dEQP-VK.api.info.get_physical_device_properties2.pnext_format_properties.r16g16b16a16_uint.drm_format_mod_2_and_subpass_resolve_query
Pass	dEQP-VK.api.info.get_physical_device_properties2.pnext_format_properties.r16g16b16a16_uint.format_props_3
NotSupported	dEQP-VK.api.info.get_physical_device_properties2.pnext_format_properties.r16g16b16a16_uint.format_props_3_and_subpass_resolve_query
NotSupported	dEQP-VK.api.info.get_physical_device_properties2.pnext_format_properties.r16g16b16a16_uint.subpass_resolve_query
NotSupported	dEQP-VK.api.info.get_physical_device_properties2.pnext_format_properties.r16g16b16a16_unorm.all_format_props
NotSupported	dEQP-VK.api.info.get_physical_device_properties2.pnext_format_properties.r16g16b16a16_unorm.drm_format_mod_1
NotSupported	dEQP-VK.api.info.get_physical_device_properties2.pnext_format_properties.r16g16b16a16_unorm.drm_format_mod_1_and_2
NotSupported	dEQP-VK.api.info.get_physical_device_properties2.pnext_format_properties.r16g16b16a16_unorm.drm_format_mod_1_and_format_props_3
NotSupported	dEQP-VK.api.info.get_physical_device_properties2.pnext_format_properties.r16g16b16a16_unorm.drm_format_mod_1_and_subpass_resolve_query
NotSupported	dEQP-VK.api.info.get_physical_device_properties2.pnext_format_properties.r16g16b16a16_unorm.drm_format_mod_2
NotSupported	dEQP-VK.api.info.get_physical_device_properties2.pnext_format_properties.r16g16b16a16_unorm.drm_format_mod_2_and_format_props_3
NotSupported	dEQP-VK.api.info.get_physical_device_properties2.pnext_format_properties.r16g16b16a16_unorm.drm_format_mod_2_and_subpass_resolve_query
Pass	dEQP-VK.api.info.get_physical_device_properties2.pnext_format_properties.r16g16b16a16_unorm.format_props_3
NotSupported	dEQP-VK.api.info.get_physical_device_properties2.pnext_format_properties.r16g16b16a16_unorm.format_props_3_and_subpass_resolve_query
NotSupported	dEQP-VK.api.info.get_physical_device_properties2.pnext_format_properties.r16g16b16a16_unorm.subpass_resolve_query
NotSupported	dEQP-VK.api.info.get_physical_device_properties2.pnext_format_properties.r16g16b16a16_uscaled.all_format_props
NotSupported	dEQP-VK.api.info.get_physical_device_properties2.pnext_format_properties.r16g16b16a16_uscaled.drm_format_mod_1
NotSupported	dEQP-VK.api.info.get_physical_device_properties2.pnext_format_properties.r16g16b16a16_uscaled.drm_format_mod_1_and_2
NotSupported	dEQP-VK.api.info.get_physical_device_properties2.pnext_format_properties.r16g16b16a16_uscaled.drm_format_mod_1_and_format_props_3
NotSupported	dEQP-VK.api.info.get_physical_device_properties2.pnext_format_properties.r16g16b16a16_uscaled.drm_format_mod_1_and_subpass_resolve_query
NotSupported	dEQP-VK.api.info.get_physical_device_properties2.pnext_format_properties.r16g16b16a16_uscaled.drm_format_mod_2
NotSupported	dEQP-VK.api.info.get_physical_device_properties2.pnext_format_properties.r16g16b16a16_uscaled.drm_format_mod_2_and_format_props_3
NotSupported	dEQP-VK.api.info.get_physical_device_properties2.pnext_format_properties.r16g16b16a16_uscaled.drm_format_mod_2_and_subpass_resolve_query
Pass	dEQP-VK.api.info.get_physical_device_properties2.pnext_format_properties.r16g16b16a16_uscaled.format_props_3
NotSupported	dEQP-VK.api.info.get_physical_device_properties2.pnext_format_properties.r16g16b16a16_uscaled.format_props_3_and_subpass_resolve_query
NotSupported	dEQP-VK.api.info.get_physical_device_properties2.pnext_format_properties.r16g16b16a16_uscaled.subpass_resolve_query
NotSupported	dEQP-VK.api.info.get_physical_device_properties2.pnext_format_properties.r32_sfloat.all_format_props
NotSupported	dEQP-VK.api.info.get_physical_device_properties2.pnext_format_properties.r32_sfloat.drm_format_mod_1
NotSupported	dEQP-VK.api.info.get_physical_device_properties2.pnext_format_properties.r32_sfloat.drm_format_mod_1_and_2
NotSupported	dEQP-VK.api.info.get_physical_device_properties2.pnext_format_properties.r32_sfloat.drm_format_mod_1_and_format_props_3
NotSupported	dEQP-VK.api.info.get_physical_device_properties2.pnext_format_properties.r32_sfloat.drm_format_mod_1_and_subpass_resolve_query
NotSupported	dEQP-VK.api.info.get_physical_device_properties2.pnext_format_properties.r32_sfloat.drm_format_mod_2
NotSupported	dEQP-VK.api.info.get_physical_device_properties2.pnext_format_properties.r32_sfloat.drm_format_mod_2_and_format_props_3
NotSupported	dEQP-VK.api.info.get_physical_device_properties2.pnext_format_properties.r32_sfloat.drm_format_mod_2_and_subpass_resolve_query
Pass	dEQP-VK.api.info.get_physical_device_properties2.pnext_format_properties.r32_sfloat.format_props_3
NotSupported	dEQP-VK.api.info.get_physical_device_properties2.pnext_format_properties.r32_sfloat.format_props_3_and_subpass_resolve_query
NotSupported	dEQP-VK.api.info.get_physical_device_properties2.pnext_format_properties.r32_sfloat.subpass_resolve_query
NotSupported	dEQP-VK.api.info.get_physical_device_properties2.pnext_format_properties.r32_sint.all_format_props
NotSupported	dEQP-VK.api.info.get_physical_device_properties2.pnext_format_properties.r32_sint.drm_format_mod_1
NotSupported	dEQP-VK.api.info.get_physical_device_properties2.pnext_format_properties.r32_sint.drm_format_mod_1_and_2
NotSupported	dEQP-VK.api.info.get_physical_device_properties2.pnext_format_properties.r32_sint.drm_format_mod_1_and_format_props_3
NotSupported	dEQP-VK.api.info.get_physical_device_properties2.pnext_format_properties.r32_sint.drm_format_mod_1_and_subpass_resolve_query
NotSupported	dEQP-VK.api.info.get_physical_device_properties2.pnext_format_properties.r32_sint.drm_format_mod_2
NotSupported	dEQP-VK.api.info.get_physical_device_properties2.pnext_format_properties.r32_sint.drm_format_mod_2_and_format_props_3
NotSupported	dEQP-VK.api.info.get_physical_device_properties2.pnext_format_properties.r32_sint.drm_format_mod_2_and_subpass_resolve_query
Pass	dEQP-VK.api.info.get_physical_device_properties2.pnext_format_properties.r32_sint.format_props_3
NotSupported	dEQP-VK.api.info.get_physical_device_properties2.pnext_format_properties.r32_sint.format_props_3_and_subpass_resolve_query
NotSupported	dEQP-VK.api.info.get_physical_device_properties2.pnext_format_properties.r32_sint.subpass_resolve_query
NotSupported	dEQP-VK.api.info.get_physical_device_properties2.pnext_format_properties.r32_uint.all_format_props
NotSupported	dEQP-VK.api.info.get_physical_device_properties2.pnext_format_properties.r32_uint.drm_format_mod_1
NotSupported	dEQP-VK.api.info.get_physical_device_properties2.pnext_format_properties.r32_uint.drm_format_mod_1_and_2
NotSupported	dEQP-VK.api.info.get_physical_device_properties2.pnext_format_properties.r32_uint.drm_format_mod_1_and_format_props_3
NotSupported	dEQP-VK.api.info.get_physical_device_properties2.pnext_format_properties.r32_uint.drm_format_mod_1_and_subpass_resolve_query
NotSupported	dEQP-VK.api.info.get_physical_device_properties2.pnext_format_properties.r32_uint.drm_format_mod_2
NotSupported	dEQP-VK.api.info.get_physical_device_properties2.pnext_format_properties.r32_uint.drm_format_mod_2_and_format_props_3
NotSupported	dEQP-VK.api.info.get_physical_device_properties2.pnext_format_properties.r32_uint.drm_format_mod_2_and_subpass_resolve_query
Pass	dEQP-VK.api.info.get_physical_device_properties2.pnext_format_properties.r32_uint.format_props_3
NotSupported	dEQP-VK.api.info.get_physical_device_properties2.pnext_format_properties.r32_uint.format_props_3_and_subpass_resolve_query
NotSupported	dEQP-VK.api.info.get_physical_device_properties2.pnext_format_properties.r32_uint.subpass_resolve_query
NotSupported	dEQP-VK.api.info.get_physical_device_properties2.pnext_format_properties.r32g32_sfloat.all_format_props
NotSupported	dEQP-VK.api.info.get_physical_device_properties2.pnext_format_properties.r32g32_sfloat.drm_format_mod_1
NotSupported	dEQP-VK.api.info.get_physical_device_properties2.pnext_format_properties.r32g32_sfloat.drm_format_mod_1_and_2
NotSupported	dEQP-VK.api.info.get_physical_device_properties2.pnext_format_properties.r32g32_sfloat.drm_format_mod_1_and_format_props_3
NotSupported	dEQP-VK.api.info.get_physical_device_properties2.pnext_format_properties.r32g32_sfloat.drm_format_mod_1_and_subpass_resolve_query
NotSupported	dEQP-VK.api.info.get_physical_device_properties2.pnext_format_properties.r32g32_sfloat.drm_format_mod_2
NotSupported	dEQP-VK.api.info.get_physical_device_properties2.pnext_format_properties.r32g32_sfloat.drm_format_mod_2_and_format_props_3
NotSupported	dEQP-VK.api.info.get_physical_device_properties2.pnext_format_properties.r32g32_sfloat.drm_format_mod_2_and_subpass_resolve_query
Pass	dEQP-VK.api.info.get_physical_device_properties2.pnext_format_properties.r32g32_sfloat.format_props_3
NotSupported	dEQP-VK.api.info.get_physical_device_properties2.pnext_format_properties.r32g32_sfloat.format_props_3_and_subpass_resolve_query
NotSupported	dEQP-VK.api.info.get_physical_device_properties2.pnext_format_properties.r32g32_sfloat.subpass_resolve_query
NotSupported	dEQP-VK.api.info.get_physical_device_properties2.pnext_format_properties.r32g32_sint.all_format_props
NotSupported	dEQP-VK.api.info.get_physical_device_properties2.pnext_format_properties.r32g32_sint.drm_format_mod_1
NotSupported	dEQP-VK.api.info.get_physical_device_properties2.pnext_format_properties.r32g32_sint.drm_format_mod_1_and_2
NotSupported	dEQP-VK.api.info.get_physical_device_properties2.pnext_format_properties.r32g32_sint.drm_format_mod_1_and_format_props_3
NotSupported	dEQP-VK.api.info.get_physical_device_properties2.pnext_format_properties.r32g32_sint.drm_format_mod_1_and_subpass_resolve_query
NotSupported	dEQP-VK.api.info.get_physical_device_properties2.pnext_format_properties.r32g32_sint.drm_format_mod_2
NotSupported	dEQP-VK.api.info.get_physical_device_properties2.pnext_format_properties.r32g32_sint.drm_format_mod_2_and_format_props_3
NotSupported	dEQP-VK.api.info.get_physical_device_properties2.pnext_format_properties.r32g32_sint.drm_format_mod_2_and_subpass_resolve_query
Pass	dEQP-VK.api.info.get_physical_device_properties2.pnext_format_properties.r32g32_sint.format_props_3
NotSupported	dEQP-VK.api.info.get_physical_device_properties2.pnext_format_properties.r32g32_sint.format_props_3_and_subpass_resolve_query
NotSupported	dEQP-VK.api.info.get_physical_device_properties2.pnext_format_properties.r32g32_sint.subpass_resolve_query
NotSupported	dEQP-VK.api.info.get_physical_device_properties2.pnext_format_properties.r32g32_uint.all_format_props
NotSupported	dEQP-VK.api.info.get_physical_device_properties2.pnext_format_properties.r32g32_uint.drm_format_mod_1
NotSupported	dEQP-VK.api.info.get_physical_device_properties2.pnext_format_properties.r32g32_uint.drm_format_mod_1_and_2
NotSupported	dEQP-VK.api.info.get_physical_device_properties2.pnext_format_properties.r32g32_uint.drm_format_mod_1_and_format_props_3
NotSupported	dEQP-VK.api.info.get_physical_device_properties2.pnext_format_properties.r32g32_uint.drm_format_mod_1_and_subpass_resolve_query
NotSupported	dEQP-VK.api.info.get_physical_device_properties2.pnext_format_properties.r32g32_uint.drm_format_mod_2
NotSupported	dEQP-VK.api.info.get_physical_device_properties2.pnext_format_properties.r32g32_uint.drm_format_mod_2_and_format_props_3
NotSupported	dEQP-VK.api.info.get_physical_device_properties2.pnext_format_properties.r32g32_uint.drm_format_mod_2_and_subpass_resolve_query
Pass	dEQP-VK.api.info.get_physical_device_properties2.pnext_format_properties.r32g32_uint.format_props_3
NotSupported	dEQP-VK.api.info.get_physical_device_properties2.pnext_format_properties.r32g32_uint.format_props_3_and_subpass_resolve_query
NotSupported	dEQP-VK.api.info.get_physical_device_properties2.pnext_format_properties.r32g32_uint.subpass_resolve_query
NotSupported	dEQP-VK.api.info.get_physical_device_properties2.pnext_format_properties.r32g32b32_sfloat.all_format_props
NotSupported	dEQP-VK.api.info.get_physical_device_properties2.pnext_format_properties.r32g32b32_sfloat.drm_format_mod_1
NotSupported	dEQP-VK.api.info.get_physical_device_properties2.pnext_format_properties.r32g32b32_sfloat.drm_format_mod_1_and_2
NotSupported	dEQP-VK.api.info.get_physical_device_properties2.pnext_format_properties.r32g32b32_sfloat.drm_format_mod_1_and_format_props_3
NotSupported	dEQP-VK.api.info.get_physical_device_properties2.pnext_format_properties.r32g32b32_sfloat.drm_format_mod_1_and_subpass_resolve_query
NotSupported	dEQP-VK.api.info.get_physical_device_properties2.pnext_format_properties.r32g32b32_sfloat.drm_format_mod_2
NotSupported	dEQP-VK.api.info.get_physical_device_properties2.pnext_format_properties.r32g32b32_sfloat.drm_format_mod_2_and_format_props_3
NotSupported	dEQP-VK.api.info.get_physical_device_properties2.pnext_format_properties.r32g32b32_sfloat.drm_format_mod_2_and_subpass_resolve_query
Pass	dEQP-VK.api.info.get_physical_device_properties2.pnext_format_properties.r32g32b32_sfloat.format_props_3
NotSupported	dEQP-VK.api.info.get_physical_device_properties2.pnext_format_properties.r32g32b32_sfloat.format_props_3_and_subpass_resolve_query
NotSupported	dEQP-VK.api.info.get_physical_device_properties2.pnext_format_properties.r32g32b32_sfloat.subpass_resolve_query
NotSupported	dEQP-VK.api.info.get_physical_device_properties2.pnext_format_properties.r32g32b32_sint.all_format_props
NotSupported	dEQP-VK.api.info.get_physical_device_properties2.pnext_format_properties.r32g32b32_sint.drm_format_mod_1
NotSupported	dEQP-VK.api.info.get_physical_device_properties2.pnext_format_properties.r32g32b32_sint.drm_format_mod_1_and_2
NotSupported	dEQP-VK.api.info.get_physical_device_properties2.pnext_format_properties.r32g32b32_sint.drm_format_mod_1_and_format_props_3
NotSupported	dEQP-VK.api.info.get_physical_device_properties2.pnext_format_properties.r32g32b32_sint.drm_format_mod_1_and_subpass_resolve_query
NotSupported	dEQP-VK.api.info.get_physical_device_properties2.pnext_format_properties.r32g32b32_sint.drm_format_mod_2
NotSupported	dEQP-VK.api.info.get_physical_device_properties2.pnext_format_properties.r32g32b32_sint.drm_format_mod_2_and_format_props_3
NotSupported	dEQP-VK.api.info.get_physical_device_properties2.pnext_format_properties.r32g32b32_sint.drm_format_mod_2_and_subpass_resolve_query
Pass	dEQP-VK.api.info.get_physical_device_properties2.pnext_format_properties.r32g32b32_sint.format_props_3
NotSupported	dEQP-VK.api.info.get_physical_device_properties2.pnext_format_properties.r32g32b32_sint.format_props_3_and_subpass_resolve_query
NotSupported	dEQP-VK.api.info.get_physical_device_properties2.pnext_format_properties.r32g32b32_sint.subpass_resolve_query
NotSupported	dEQP-VK.api.info.get_physical_device_properties2.pnext_format_properties.r32g32b32_uint.all_format_props
NotSupported	dEQP-VK.api.info.get_physical_device_properties2.pnext_format_properties.r32g32b32_uint.drm_format_mod_1
NotSupported	dEQP-VK.api.info.get_physical_device_properties2.pnext_format_properties.r32g32b32_uint.drm_format_mod_1_and_2
NotSupported	dEQP-VK.api.info.get_physical_device_properties2.pnext_format_properties.r32g32b32_uint.drm_format_mod_1_and_format_props_3
NotSupported	dEQP-VK.api.info.get_physical_device_properties2.pnext_format_properties.r32g32b32_uint.drm_format_mod_1_and_subpass_resolve_query
NotSupported	dEQP-VK.api.info.get_physical_device_properties2.pnext_format_properties.r32g32b32_uint.drm_format_mod_2
NotSupported	dEQP-VK.api.info.get_physical_device_properties2.pnext_format_properties.r32g32b32_uint.drm_format_mod_2_and_format_props_3
NotSupported	dEQP-VK.api.info.get_physical_device_properties2.pnext_format_properties.r32g32b32_uint.drm_format_mod_2_and_subpass_resolve_query
Pass	dEQP-VK.api.info.get_physical_device_properties2.pnext_format_properties.r32g32b32_uint.format_props_3
NotSupported	dEQP-VK.api.info.get_physical_device_properties2.pnext_format_properties.r32g32b32_uint.format_props_3_and_subpass_resolve_query
NotSupported	dEQP-VK.api.info.get_physical_device_properties2.pnext_format_properties.r32g32b32_uint.subpass_resolve_query
NotSupported	dEQP-VK.api.info.get_physical_device_properties2.pnext_format_properties.r32g32b32a32_sfloat.all_format_props
NotSupported	dEQP-VK.api.info.get_physical_device_properties2.pnext_format_properties.r32g32b32a32_sfloat.drm_format_mod_1
NotSupported	dEQP-VK.api.info.get_physical_device_properties2.pnext_format_properties.r32g32b32a32_sfloat.drm_format_mod_1_and_2
NotSupported	dEQP-VK.api.info.get_physical_device_properties2.pnext_format_properties.r32g32b32a32_sfloat.drm_format_mod_1_and_format_props_3
NotSupported	dEQP-VK.api.info.get_physical_device_properties2.pnext_format_properties.r32g32b32a32_sfloat.drm_format_mod_1_and_subpass_resolve_query
NotSupported	dEQP-VK.api.info.get_physical_device_properties2.pnext_format_properties.r32g32b32a32_sfloat.drm_format_mod_2
NotSupported	dEQP-VK.api.info.get_physical_device_properties2.pnext_format_properties.r32g32b32a32_sfloat.drm_format_mod_2_and_format_props_3
NotSupported	dEQP-VK.api.info.get_physical_device_properties2.pnext_format_properties.r32g32b32a32_sfloat.drm_format_mod_2_and_subpass_resolve_query
Pass	dEQP-VK.api.info.get_physical_device_properties2.pnext_format_properties.r32g32b32a32_sfloat.format_props_3
NotSupported	dEQP-VK.api.info.get_physical_device_properties2.pnext_format_properties.r32g32b32a32_sfloat.format_props_3_and_subpass_resolve_query
NotSupported	dEQP-VK.api.info.get_physical_device_properties2.pnext_format_properties.r32g32b32a32_sfloat.subpass_resolve_query
NotSupported	dEQP-VK.api.info.get_physical_device_properties2.pnext_format_properties.r32g32b32a32_sint.all_format_props
NotSupported	dEQP-VK.api.info.get_physical_device_properties2.pnext_format_properties.r32g32b32a32_sint.drm_format_mod_1
NotSupported	dEQP-VK.api.info.get_physical_device_properties2.pnext_format_properties.r32g32b32a32_sint.drm_format_mod_1_and_2
NotSupported	dEQP-VK.api.info.get_physical_device_properties2.pnext_format_properties.r32g32b32a32_sint.drm_format_mod_1_and_format_props_3
NotSupported	dEQP-VK.api.info.get_physical_device_properties2.pnext_format_properties.r32g32b32a32_sint.drm_format_mod_1_and_subpass_resolve_query
NotSupported	dEQP-VK.api.info.get_physical_device_properties2.pnext_format_properties.r32g32b32a32_sint.drm_format_mod_2
NotSupported	dEQP-VK.api.info.get_physical_device_properties2.pnext_format_properties.r32g32b32a32_sint.drm_format_mod_2_and_format_props_3
NotSupported	dEQP-VK.api.info.get_physical_device_properties2.pnext_format_properties.r32g32b32a32_sint.drm_format_mod_2_and_subpass_resolve_query
Pass	dEQP-VK.api.info.get_physical_device_properties2.pnext_format_properties.r32g32b32a32_sint.format_props_3
NotSupported	dEQP-VK.api.info.get_physical_device_properties2.pnext_format_properties.r32g32b32a32_sint.format_props_3_and_subpass_resolve_query
NotSupported	dEQP-VK.api.info.get_physical_device_properties2.pnext_format_properties.r32g32b32a32_sint.subpass_resolve_query
NotSupported	dEQP-VK.api.info.get_physical_device_properties2.pnext_format_properties.r32g32b32a32_uint.all_format_props
NotSupported	dEQP-VK.api.info.get_physical_device_properties2.pnext_format_properties.r32g32b32a32_uint.drm_format_mod_1
NotSupported	dEQP-VK.api.info.get_physical_device_properties2.pnext_format_properties.r32g32b32a32_uint.drm_format_mod_1_and_2
NotSupported	dEQP-VK.api.info.get_physical_device_properties2.pnext_format_properties.r32g32b32a32_uint.drm_format_mod_1_and_format_props_3
NotSupported	dEQP-VK.api.info.get_physical_device_properties2.pnext_format_properties.r32g32b32a32_uint.drm_format_mod_1_and_subpass_resolve_query
NotSupported	dEQP-VK.api.info.get_physical_device_properties2.pnext_format_properties.r32g32b32a32_uint.drm_format_mod_2
NotSupported	dEQP-VK.api.info.get_physical_device_properties2.pnext_format_properties.r32g32b32a32_uint.drm_format_mod_2_and_format_props_3
NotSupported	dEQP-VK.api.info.get_physical_device_properties2.pnext_format_properties.r32g32b32a32_uint.drm_format_mod_2_and_subpass_resolve_query
Pass	dEQP-VK.api.info.get_physical_device_properties2.pnext_format_properties.r32g32b32a32_uint.format_props_3
NotSupported	dEQP-VK.api.info.get_physical_device_properties2.pnext_format_properties.r32g32b32a32_uint.format_props_3_and_subpass_resolve_query
NotSupported	dEQP-VK.api.info.get_physical_device_properties2.pnext_format_properties.r32g32b32a32_uint.subpass_resolve_query
NotSupported	dEQP-VK.api.info.get_physical_device_properties2.pnext_format_properties.r4g4_unorm_pack8.all_format_props
NotSupported	dEQP-VK.api.info.get_physical_device_properties2.pnext_format_properties.r4g4_unorm_pack8.drm_format_mod_1
NotSupported	dEQP-VK.api.info.get_physical_device_properties2.pnext_format_properties.r4g4_unorm_pack8.drm_format_mod_1_and_2
NotSupported	dEQP-VK.api.info.get_physical_device_properties2.pnext_format_properties.r4g4_unorm_pack8.drm_format_mod_1_and_format_props_3
NotSupported	dEQP-VK.api.info.get_physical_device_properties2.pnext_format_properties.r4g4_unorm_pack8.drm_format_mod_1_and_subpass_resolve_query
NotSupported	dEQP-VK.api.info.get_physical_device_properties2.pnext_format_properties.r4g4_unorm_pack8.drm_format_mod_2
NotSupported	dEQP-VK.api.info.get_physical_device_properties2.pnext_format_properties.r4g4_unorm_pack8.drm_format_mod_2_and_format_props_3
NotSupported	dEQP-VK.api.info.get_physical_device_properties2.pnext_format_properties.r4g4_unorm_pack8.drm_format_mod_2_and_subpass_resolve_query
Pass	dEQP-VK.api.info.get_physical_device_properties2.pnext_format_properties.r4g4_unorm_pack8.format_props_3
NotSupported	dEQP-VK.api.info.get_physical_device_properties2.pnext_format_properties.r4g4_unorm_pack8.format_props_3_and_subpass_resolve_query
NotSupported	dEQP-VK.api.info.get_physical_device_properties2.pnext_format_properties.r4g4_unorm_pack8.subpass_resolve_query
NotSupported	dEQP-VK.api.info.get_physical_device_properties2.pnext_format_properties.r4g4b4a4_unorm_pack16.all_format_props
NotSupported	dEQP-VK.api.info.get_physical_device_properties2.pnext_format_properties.r4g4b4a4_unorm_pack16.drm_format_mod_1
NotSupported	dEQP-VK.api.info.get_physical_device_properties2.pnext_format_properties.r4g4b4a4_unorm_pack16.drm_format_mod_1_and_2
NotSupported	dEQP-VK.api.info.get_physical_device_properties2.pnext_format_properties.r4g4b4a4_unorm_pack16.drm_format_mod_1_and_format_props_3
NotSupported	dEQP-VK.api.info.get_physical_device_properties2.pnext_format_properties.r4g4b4a4_unorm_pack16.drm_format_mod_1_and_subpass_resolve_query
NotSupported	dEQP-VK.api.info.get_physical_device_properties2.pnext_format_properties.r4g4b4a4_unorm_pack16.drm_format_mod_2
NotSupported	dEQP-VK.api.info.get_physical_device_properties2.pnext_format_properties.r4g4b4a4_unorm_pack16.drm_format_mod_2_and_format_props_3
NotSupported	dEQP-VK.api.info.get_physical_device_properties2.pnext_format_properties.r4g4b4a4_unorm_pack16.drm_format_mod_2_and_subpass_resolve_query
Pass	dEQP-VK.api.info.get_physical_device_properties2.pnext_format_properties.r4g4b4a4_unorm_pack16.format_props_3
NotSupported	dEQP-VK.api.info.get_physical_device_properties2.pnext_format_properties.r4g4b4a4_unorm_pack16.format_props_3_and_subpass_resolve_query
NotSupported	dEQP-VK.api.info.get_physical_device_properties2.pnext_format_properties.r4g4b4a4_unorm_pack16.subpass_resolve_query
NotSupported	dEQP-VK.api.info.get_physical_device_properties2.pnext_format_properties.r5g5b5a1_unorm_pack16.all_format_props
NotSupported	dEQP-VK.api.info.get_physical_device_properties2.pnext_format_properties.r5g5b5a1_unorm_pack16.drm_format_mod_1
NotSupported	dEQP-VK.api.info.get_physical_device_properties2.pnext_format_properties.r5g5b5a1_unorm_pack16.drm_format_mod_1_and_2
NotSupported	dEQP-VK.api.info.get_physical_device_properties2.pnext_format_properties.r5g5b5a1_unorm_pack16.drm_format_mod_1_and_format_props_3
NotSupported	dEQP-VK.api.info.get_physical_device_properties2.pnext_format_properties.r5g5b5a1_unorm_pack16.drm_format_mod_1_and_subpass_resolve_query
NotSupported	dEQP-VK.api.info.get_physical_device_properties2.pnext_format_properties.r5g5b5a1_unorm_pack16.drm_format_mod_2
NotSupported	dEQP-VK.api.info.get_physical_device_properties2.pnext_format_properties.r5g5b5a1_unorm_pack16.drm_format_mod_2_and_format_props_3
NotSupported	dEQP-VK.api.info.get_physical_device_properties2.pnext_format_properties.r5g5b5a1_unorm_pack16.drm_format_mod_2_and_subpass_resolve_query
Pass	dEQP-VK.api.info.get_physical_device_properties2.pnext_format_properties.r5g5b5a1_unorm_pack16.format_props_3
NotSupported	dEQP-VK.api.info.get_physical_device_properties2.pnext_format_properties.r5g5b5a1_unorm_pack16.format_props_3_and_subpass_resolve_query
NotSupported	dEQP-VK.api.info.get_physical_device_properties2.pnext_format_properties.r5g5b5a1_unorm_pack16.subpass_resolve_query
NotSupported	dEQP-VK.api.info.get_physical_device_properties2.pnext_format_properties.r5g6b5_unorm_pack16.all_format_props
NotSupported	dEQP-VK.api.info.get_physical_device_properties2.pnext_format_properties.r5g6b5_unorm_pack16.drm_format_mod_1
NotSupported	dEQP-VK.api.info.get_physical_device_properties2.pnext_format_properties.r5g6b5_unorm_pack16.drm_format_mod_1_and_2
NotSupported	dEQP-VK.api.info.get_physical_device_properties2.pnext_format_properties.r5g6b5_unorm_pack16.drm_format_mod_1_and_format_props_3
NotSupported	dEQP-VK.api.info.get_physical_device_properties2.pnext_format_properties.r5g6b5_unorm_pack16.drm_format_mod_1_and_subpass_resolve_query
NotSupported	dEQP-VK.api.info.get_physical_device_properties2.pnext_format_properties.r5g6b5_unorm_pack16.drm_format_mod_2
NotSupported	dEQP-VK.api.info.get_physical_device_properties2.pnext_format_properties.r5g6b5_unorm_pack16.drm_format_mod_2_and_format_props_3
NotSupported	dEQP-VK.api.info.get_physical_device_properties2.pnext_format_properties.r5g6b5_unorm_pack16.drm_format_mod_2_and_subpass_resolve_query
Pass	dEQP-VK.api.info.get_physical_device_properties2.pnext_format_properties.r5g6b5_unorm_pack16.format_props_3
NotSupported	dEQP-VK.api.info.get_physical_device_properties2.pnext_format_properties.r5g6b5_unorm_pack16.format_props_3_and_subpass_resolve_query
NotSupported	dEQP-VK.api.info.get_physical_device_properties2.pnext_format_properties.r5g6b5_unorm_pack16.subpass_resolve_query
NotSupported	dEQP-VK.api.info.get_physical_device_properties2.pnext_format_properties.r64_sfloat.all_format_props
NotSupported	dEQP-VK.api.info.get_physical_device_properties2.pnext_format_properties.r64_sfloat.drm_format_mod_1
NotSupported	dEQP-VK.api.info.get_physical_device_properties2.pnext_format_properties.r64_sfloat.drm_format_mod_1_and_2
NotSupported	dEQP-VK.api.info.get_physical_device_properties2.pnext_format_properties.r64_sfloat.drm_format_mod_1_and_format_props_3
NotSupported	dEQP-VK.api.info.get_physical_device_properties2.pnext_format_properties.r64_sfloat.drm_format_mod_1_and_subpass_resolve_query
NotSupported	dEQP-VK.api.info.get_physical_device_properties2.pnext_format_properties.r64_sfloat.drm_format_mod_2
NotSupported	dEQP-VK.api.info.get_physical_device_properties2.pnext_format_properties.r64_sfloat.drm_format_mod_2_and_format_props_3
NotSupported	dEQP-VK.api.info.get_physical_device_properties2.pnext_format_properties.r64_sfloat.drm_format_mod_2_and_subpass_resolve_query
Pass	dEQP-VK.api.info.get_physical_device_properties2.pnext_format_properties.r64_sfloat.format_props_3
NotSupported	dEQP-VK.api.info.get_physical_device_properties2.pnext_format_properties.r64_sfloat.format_props_3_and_subpass_resolve_query
NotSupported	dEQP-VK.api.info.get_physical_device_properties2.pnext_format_properties.r64_sfloat.subpass_resolve_query
NotSupported	dEQP-VK.api.info.get_physical_device_properties2.pnext_format_properties.r64_sint.all_format_props
NotSupported	dEQP-VK.api.info.get_physical_device_properties2.pnext_format_properties.r64_sint.drm_format_mod_1
NotSupported	dEQP-VK.api.info.get_physical_device_properties2.pnext_format_properties.r64_sint.drm_format_mod_1_and_2
NotSupported	dEQP-VK.api.info.get_physical_device_properties2.pnext_format_properties.r64_sint.drm_format_mod_1_and_format_props_3
NotSupported	dEQP-VK.api.info.get_physical_device_properties2.pnext_format_properties.r64_sint.drm_format_mod_1_and_subpass_resolve_query
NotSupported	dEQP-VK.api.info.get_physical_device_properties2.pnext_format_properties.r64_sint.drm_format_mod_2
NotSupported	dEQP-VK.api.info.get_physical_device_properties2.pnext_format_properties.r64_sint.drm_format_mod_2_and_format_props_3
NotSupported	dEQP-VK.api.info.get_physical_device_properties2.pnext_format_properties.r64_sint.drm_format_mod_2_and_subpass_resolve_query
Pass	dEQP-VK.api.info.get_physical_device_properties2.pnext_format_properties.r64_sint.format_props_3
NotSupported	dEQP-VK.api.info.get_physical_device_properties2.pnext_format_properties.r64_sint.format_props_3_and_subpass_resolve_query
NotSupported	dEQP-VK.api.info.get_physical_device_properties2.pnext_format_properties.r64_sint.subpass_resolve_query
NotSupported	dEQP-VK.api.info.get_physical_device_properties2.pnext_format_properties.r64_uint.all_format_props
NotSupported	dEQP-VK.api.info.get_physical_device_properties2.pnext_format_properties.r64_uint.drm_format_mod_1
NotSupported	dEQP-VK.api.info.get_physical_device_properties2.pnext_format_properties.r64_uint.drm_format_mod_1_and_2
NotSupported	dEQP-VK.api.info.get_physical_device_properties2.pnext_format_properties.r64_uint.drm_format_mod_1_and_format_props_3
NotSupported	dEQP-VK.api.info.get_physical_device_properties2.pnext_format_properties.r64_uint.drm_format_mod_1_and_subpass_resolve_query
NotSupported	dEQP-VK.api.info.get_physical_device_properties2.pnext_format_properties.r64_uint.drm_format_mod_2
NotSupported	dEQP-VK.api.info.get_physical_device_properties2.pnext_format_properties.r64_uint.drm_format_mod_2_and_format_props_3
NotSupported	dEQP-VK.api.info.get_physical_device_properties2.pnext_format_properties.r64_uint.drm_format_mod_2_and_subpass_resolve_query
Pass	dEQP-VK.api.info.get_physical_device_properties2.pnext_format_properties.r64_uint.format_props_3
NotSupported	dEQP-VK.api.info.get_physical_device_properties2.pnext_format_properties.r64_uint.format_props_3_and_subpass_resolve_query
NotSupported	dEQP-VK.api.info.get_physical_device_properties2.pnext_format_properties.r64_uint.subpass_resolve_query
NotSupported	dEQP-VK.api.info.get_physical_device_properties2.pnext_format_properties.r64g64_sfloat.all_format_props
NotSupported	dEQP-VK.api.info.get_physical_device_properties2.pnext_format_properties.r64g64_sfloat.drm_format_mod_1
NotSupported	dEQP-VK.api.info.get_physical_device_properties2.pnext_format_properties.r64g64_sfloat.drm_format_mod_1_and_2
NotSupported	dEQP-VK.api.info.get_physical_device_properties2.pnext_format_properties.r64g64_sfloat.drm_format_mod_1_and_format_props_3
NotSupported	dEQP-VK.api.info.get_physical_device_properties2.pnext_format_properties.r64g64_sfloat.drm_format_mod_1_and_subpass_resolve_query
NotSupported	dEQP-VK.api.info.get_physical_device_properties2.pnext_format_properties.r64g64_sfloat.drm_format_mod_2
NotSupported	dEQP-VK.api.info.get_physical_device_properties2.pnext_format_properties.r64g64_sfloat.drm_format_mod_2_and_format_props_3
NotSupported	dEQP-VK.api.info.get_physical_device_properties2.pnext_format_properties.r64g64_sfloat.drm_format_mod_2_and_subpass_resolve_query
Pass	dEQP-VK.api.info.get_physical_device_properties2.pnext_format_properties.r64g64_sfloat.format_props_3
NotSupported	dEQP-VK.api.info.get_physical_device_properties2.pnext_format_properties.r64g64_sfloat.format_props_3_and_subpass_resolve_query
NotSupported	dEQP-VK.api.info.get_physical_device_properties2.pnext_format_properties.r64g64_sfloat.subpass_resolve_query
NotSupported	dEQP-VK.api.info.get_physical_device_properties2.pnext_format_properties.r64g64_sint.all_format_props
NotSupported	dEQP-VK.api.info.get_physical_device_properties2.pnext_format_properties.r64g64_sint.drm_format_mod_1
NotSupported	dEQP-VK.api.info.get_physical_device_properties2.pnext_format_properties.r64g64_sint.drm_format_mod_1_and_2
NotSupported	dEQP-VK.api.info.get_physical_device_properties2.pnext_format_properties.r64g64_sint.drm_format_mod_1_and_format_props_3
NotSupported	dEQP-VK.api.info.get_physical_device_properties2.pnext_format_properties.r64g64_sint.drm_format_mod_1_and_subpass_resolve_query
NotSupported	dEQP-VK.api.info.get_physical_device_properties2.pnext_format_properties.r64g64_sint.drm_format_mod_2
NotSupported	dEQP-VK.api.info.get_physical_device_properties2.pnext_format_properties.r64g64_sint.drm_format_mod_2_and_format_props_3
NotSupported	dEQP-VK.api.info.get_physical_device_properties2.pnext_format_properties.r64g64_sint.drm_format_mod_2_and_subpass_resolve_query
Pass	dEQP-VK.api.info.get_physical_device_properties2.pnext_format_properties.r64g64_sint.format_props_3
NotSupported	dEQP-VK.api.info.get_physical_device_properties2.pnext_format_properties.r64g64_sint.format_props_3_and_subpass_resolve_query
NotSupported	dEQP-VK.api.info.get_physical_device_properties2.pnext_format_properties.r64g64_sint.subpass_resolve_query
NotSupported	dEQP-VK.api.info.get_physical_device_properties2.pnext_format_properties.r64g64_uint.all_format_props
NotSupported	dEQP-VK.api.info.get_physical_device_properties2.pnext_format_properties.r64g64_uint.drm_format_mod_1
NotSupported	dEQP-VK.api.info.get_physical_device_properties2.pnext_format_properties.r64g64_uint.drm_format_mod_1_and_2
NotSupported	dEQP-VK.api.info.get_physical_device_properties2.pnext_format_properties.r64g64_uint.drm_format_mod_1_and_format_props_3
NotSupported	dEQP-VK.api.info.get_physical_device_properties2.pnext_format_properties.r64g64_uint.drm_format_mod_1_and_subpass_resolve_query
NotSupported	dEQP-VK.api.info.get_physical_device_properties2.pnext_format_properties.r64g64_uint.drm_format_mod_2
NotSupported	dEQP-VK.api.info.get_physical_device_properties2.pnext_format_properties.r64g64_uint.drm_format_mod_2_and_format_props_3
NotSupported	dEQP-VK.api.info.get_physical_device_properties2.pnext_format_properties.r64g64_uint.drm_format_mod_2_and_subpass_resolve_query
Pass	dEQP-VK.api.info.get_physical_device_properties2.pnext_format_properties.r64g64_uint.format_props_3
NotSupported	dEQP-VK.api.info.get_physical_device_properties2.pnext_format_properties.r64g64_uint.format_props_3_and_subpass_resolve_query
NotSupported	dEQP-VK.api.info.get_physical_device_properties2.pnext_format_properties.r64g64_uint.subpass_resolve_query
NotSupported	dEQP-VK.api.info.get_physical_device_properties2.pnext_format_properties.r64g64b64_sfloat.all_format_props
NotSupported	dEQP-VK.api.info.get_physical_device_properties2.pnext_format_properties.r64g64b64_sfloat.drm_format_mod_1
NotSupported	dEQP-VK.api.info.get_physical_device_properties2.pnext_format_properties.r64g64b64_sfloat.drm_format_mod_1_and_2
NotSupported	dEQP-VK.api.info.get_physical_device_properties2.pnext_format_properties.r64g64b64_sfloat.drm_format_mod_1_and_format_props_3
NotSupported	dEQP-VK.api.info.get_physical_device_properties2.pnext_format_properties.r64g64b64_sfloat.drm_format_mod_1_and_subpass_resolve_query
NotSupported	dEQP-VK.api.info.get_physical_device_properties2.pnext_format_properties.r64g64b64_sfloat.drm_format_mod_2
NotSupported	dEQP-VK.api.info.get_physical_device_properties2.pnext_format_properties.r64g64b64_sfloat.drm_format_mod_2_and_format_props_3
NotSupported	dEQP-VK.api.info.get_physical_device_properties2.pnext_format_properties.r64g64b64_sfloat.drm_format_mod_2_and_subpass_resolve_query
Pass	dEQP-VK.api.info.get_physical_device_properties2.pnext_format_properties.r64g64b64_sfloat.format_props_3
NotSupported	dEQP-VK.api.info.get_physical_device_properties2.pnext_format_properties.r64g64b64_sfloat.format_props_3_and_subpass_resolve_query
NotSupported	dEQP-VK.api.info.get_physical_device_properties2.pnext_format_properties.r64g64b64_sfloat.subpass_resolve_query
NotSupported	dEQP-VK.api.info.get_physical_device_properties2.pnext_format_properties.r64g64b64_sint.all_format_props
NotSupported	dEQP-VK.api.info.get_physical_device_properties2.pnext_format_properties.r64g64b64_sint.drm_format_mod_1
NotSupported	dEQP-VK.api.info.get_physical_device_properties2.pnext_format_properties.r64g64b64_sint.drm_format_mod_1_and_2
NotSupported	dEQP-VK.api.info.get_physical_device_properties2.pnext_format_properties.r64g64b64_sint.drm_format_mod_1_and_format_props_3
NotSupported	dEQP-VK.api.info.get_physical_device_properties2.pnext_format_properties.r64g64b64_sint.drm_format_mod_1_and_subpass_resolve_query
NotSupported	dEQP-VK.api.info.get_physical_device_properties2.pnext_format_properties.r64g64b64_sint.drm_format_mod_2
NotSupported	dEQP-VK.api.info.get_physical_device_properties2.pnext_format_properties.r64g64b64_sint.drm_format_mod_2_and_format_props_3
NotSupported	dEQP-VK.api.info.get_physical_device_properties2.pnext_format_properties.r64g64b64_sint.drm_format_mod_2_and_subpass_resolve_query
Pass	dEQP-VK.api.info.get_physical_device_properties2.pnext_format_properties.r64g64b64_sint.format_props_3
NotSupported	dEQP-VK.api.info.get_physical_device_properties2.pnext_format_properties.r64g64b64_sint.format_props_3_and_subpass_resolve_query
NotSupported	dEQP-VK.api.info.get_physical_device_properties2.pnext_format_properties.r64g64b64_sint.subpass_resolve_query
NotSupported	dEQP-VK.api.info.get_physical_device_properties2.pnext_format_properties.r64g64b64_uint.all_format_props
NotSupported	dEQP-VK.api.info.get_physical_device_properties2.pnext_format_properties.r64g64b64_uint.drm_format_mod_1
NotSupported	dEQP-VK.api.info.get_physical_device_properties2.pnext_format_properties.r64g64b64_uint.drm_format_mod_1_and_2
NotSupported	dEQP-VK.api.info.get_physical_device_properties2.pnext_format_properties.r64g64b64_uint.drm_format_mod_1_and_format_props_3
NotSupported	dEQP-VK.api.info.get_physical_device_properties2.pnext_format_properties.r64g64b64_uint.drm_format_mod_1_and_subpass_resolve_query
NotSupported	dEQP-VK.api.info.get_physical_device_properties2.pnext_format_properties.r64g64b64_uint.drm_format_mod_2
NotSupported	dEQP-VK.api.info.get_physical_device_properties2.pnext_format_properties.r64g64b64_uint.drm_format_mod_2_and_format_props_3
NotSupported	dEQP-VK.api.info.get_physical_device_properties2.pnext_format_properties.r64g64b64_uint.drm_format_mod_2_and_subpass_resolve_query
Pass	dEQP-VK.api.info.get_physical_device_properties2.pnext_format_properties.r64g64b64_uint.format_props_3
NotSupported	dEQP-VK.api.info.get_physical_device_properties2.pnext_format_properties.r64g64b64_uint.format_props_3_and_subpass_resolve_query
NotSupported	dEQP-VK.api.info.get_physical_device_properties2.pnext_format_properties.r64g64b64_uint.subpass_resolve_query
NotSupported	dEQP-VK.api.info.get_physical_device_properties2.pnext_format_properties.r64g64b64a64_sfloat.all_format_props
NotSupported	dEQP-VK.api.info.get_physical_device_properties2.pnext_format_properties.r64g64b64a64_sfloat.drm_format_mod_1
NotSupported	dEQP-VK.api.info.get_physical_device_properties2.pnext_format_properties.r64g64b64a64_sfloat.drm_format_mod_1_and_2
NotSupported	dEQP-VK.api.info.get_physical_device_properties2.pnext_format_properties.r64g64b64a64_sfloat.drm_format_mod_1_and_format_props_3
NotSupported	dEQP-VK.api.info.get_physical_device_properties2.pnext_format_properties.r64g64b64a64_sfloat.drm_format_mod_1_and_subpass_resolve_query
NotSupported	dEQP-VK.api.info.get_physical_device_properties2.pnext_format_properties.r64g64b64a64_sfloat.drm_format_mod_2
NotSupported	dEQP-VK.api.info.get_physical_device_properties2.pnext_format_properties.r64g64b64a64_sfloat.drm_format_mod_2_and_format_props_3
NotSupported	dEQP-VK.api.info.get_physical_device_properties2.pnext_format_properties.r64g64b64a64_sfloat.drm_format_mod_2_and_subpass_resolve_query
Pass	dEQP-VK.api.info.get_physical_device_properties2.pnext_format_properties.r64g64b64a64_sfloat.format_props_3
NotSupported	dEQP-VK.api.info.get_physical_device_properties2.pnext_format_properties.r64g64b64a64_sfloat.format_props_3_and_subpass_resolve_query
NotSupported	dEQP-VK.api.info.get_physical_device_properties2.pnext_format_properties.r64g64b64a64_sfloat.subpass_resolve_query
NotSupported	dEQP-VK.api.info.get_physical_device_properties2.pnext_format_properties.r64g64b64a64_sint.all_format_props
NotSupported	dEQP-VK.api.info.get_physical_device_properties2.pnext_format_properties.r64g64b64a64_sint.drm_format_mod_1
NotSupported	dEQP-VK.api.info.get_physical_device_properties2.pnext_format_properties.r64g64b64a64_sint.drm_format_mod_1_and_2
NotSupported	dEQP-VK.api.info.get_physical_device_properties2.pnext_format_properties.r64g64b64a64_sint.drm_format_mod_1_and_format_props_3
NotSupported	dEQP-VK.api.info.get_physical_device_properties2.pnext_format_properties.r64g64b64a64_sint.drm_format_mod_1_and_subpass_resolve_query
NotSupported	dEQP-VK.api.info.get_physical_device_properties2.pnext_format_properties.r64g64b64a64_sint.drm_format_mod_2
NotSupported	dEQP-VK.api.info.get_physical_device_properties2.pnext_format_properties.r64g64b64a64_sint.drm_format_mod_2_and_format_props_3
NotSupported	dEQP-VK.api.info.get_physical_device_properties2.pnext_format_properties.r64g64b64a64_sint.drm_format_mod_2_and_subpass_resolve_query
Pass	dEQP-VK.api.info.get_physical_device_properties2.pnext_format_properties.r64g64b64a64_sint.format_props_3
NotSupported	dEQP-VK.api.info.get_physical_device_properties2.pnext_format_properties.r64g64b64a64_sint.format_props_3_and_subpass_resolve_query
NotSupported	dEQP-VK.api.info.get_physical_device_properties2.pnext_format_properties.r64g64b64a64_sint.subpass_resolve_query
NotSupported	dEQP-VK.api.info.get_physical_device_properties2.pnext_format_properties.r64g64b64a64_uint.all_format_props
NotSupported	dEQP-VK.api.info.get_physical_device_properties2.pnext_format_properties.r64g64b64a64_uint.drm_format_mod_1
NotSupported	dEQP-VK.api.info.get_physical_device_properties2.pnext_format_properties.r64g64b64a64_uint.drm_format_mod_1_and_2
NotSupported	dEQP-VK.api.info.get_physical_device_properties2.pnext_format_properties.r64g64b64a64_uint.drm_format_mod_1_and_format_props_3
NotSupported	dEQP-VK.api.info.get_physical_device_properties2.pnext_format_properties.r64g64b64a64_uint.drm_format_mod_1_and_subpass_resolve_query
NotSupported	dEQP-VK.api.info.get_physical_device_properties2.pnext_format_properties.r64g64b64a64_uint.drm_format_mod_2
NotSupported	dEQP-VK.api.info.get_physical_device_properties2.pnext_format_properties.r64g64b64a64_uint.drm_format_mod_2_and_format_props_3
NotSupported	dEQP-VK.api.info.get_physical_device_properties2.pnext_format_properties.r64g64b64a64_uint.drm_format_mod_2_and_subpass_resolve_query
Pass	dEQP-VK.api.info.get_physical_device_properties2.pnext_format_properties.r64g64b64a64_uint.format_props_3
NotSupported	dEQP-VK.api.info.get_physical_device_properties2.pnext_format_properties.r64g64b64a64_uint.format_props_3_and_subpass_resolve_query
NotSupported	dEQP-VK.api.info.get_physical_device_properties2.pnext_format_properties.r64g64b64a64_uint.subpass_resolve_query
NotSupported	dEQP-VK.api.info.get_physical_device_properties2.pnext_format_properties.r8_sint.all_format_props
NotSupported	dEQP-VK.api.info.get_physical_device_properties2.pnext_format_properties.r8_sint.drm_format_mod_1
NotSupported	dEQP-VK.api.info.get_physical_device_properties2.pnext_format_properties.r8_sint.drm_format_mod_1_and_2
NotSupported	dEQP-VK.api.info.get_physical_device_properties2.pnext_format_properties.r8_sint.drm_format_mod_1_and_format_props_3
NotSupported	dEQP-VK.api.info.get_physical_device_properties2.pnext_format_properties.r8_sint.drm_format_mod_1_and_subpass_resolve_query
NotSupported	dEQP-VK.api.info.get_physical_device_properties2.pnext_format_properties.r8_sint.drm_format_mod_2
NotSupported	dEQP-VK.api.info.get_physical_device_properties2.pnext_format_properties.r8_sint.drm_format_mod_2_and_format_props_3
NotSupported	dEQP-VK.api.info.get_physical_device_properties2.pnext_format_properties.r8_sint.drm_format_mod_2_and_subpass_resolve_query
Pass	dEQP-VK.api.info.get_physical_device_properties2.pnext_format_properties.r8_sint.format_props_3
NotSupported	dEQP-VK.api.info.get_physical_device_properties2.pnext_format_properties.r8_sint.format_props_3_and_subpass_resolve_query
NotSupported	dEQP-VK.api.info.get_physical_device_properties2.pnext_format_properties.r8_sint.subpass_resolve_query
NotSupported	dEQP-VK.api.info.get_physical_device_properties2.pnext_format_properties.r8_snorm.all_format_props
NotSupported	dEQP-VK.api.info.get_physical_device_properties2.pnext_format_properties.r8_snorm.drm_format_mod_1
NotSupported	dEQP-VK.api.info.get_physical_device_properties2.pnext_format_properties.r8_snorm.drm_format_mod_1_and_2
NotSupported	dEQP-VK.api.info.get_physical_device_properties2.pnext_format_properties.r8_snorm.drm_format_mod_1_and_format_props_3
NotSupported	dEQP-VK.api.info.get_physical_device_properties2.pnext_format_properties.r8_snorm.drm_format_mod_1_and_subpass_resolve_query
NotSupported	dEQP-VK.api.info.get_physical_device_properties2.pnext_format_properties.r8_snorm.drm_format_mod_2
NotSupported	dEQP-VK.api.info.get_physical_device_properties2.pnext_format_properties.r8_snorm.drm_format_mod_2_and_format_props_3
NotSupported	dEQP-VK.api.info.get_physical_device_properties2.pnext_format_properties.r8_snorm.drm_format_mod_2_and_subpass_resolve_query
Pass	dEQP-VK.api.info.get_physical_device_properties2.pnext_format_properties.r8_snorm.format_props_3
NotSupported	dEQP-VK.api.info.get_physical_device_properties2.pnext_format_properties.r8_snorm.format_props_3_and_subpass_resolve_query
NotSupported	dEQP-VK.api.info.get_physical_device_properties2.pnext_format_properties.r8_snorm.subpass_resolve_query
NotSupported	dEQP-VK.api.info.get_physical_device_properties2.pnext_format_properties.r8_srgb.all_format_props
NotSupported	dEQP-VK.api.info.get_physical_device_properties2.pnext_format_properties.r8_srgb.drm_format_mod_1
NotSupported	dEQP-VK.api.info.get_physical_device_properties2.pnext_format_properties.r8_srgb.drm_format_mod_1_and_2
NotSupported	dEQP-VK.api.info.get_physical_device_properties2.pnext_format_properties.r8_srgb.drm_format_mod_1_and_format_props_3
NotSupported	dEQP-VK.api.info.get_physical_device_properties2.pnext_format_properties.r8_srgb.drm_format_mod_1_and_subpass_resolve_query
NotSupported	dEQP-VK.api.info.get_physical_device_properties2.pnext_format_properties.r8_srgb.drm_format_mod_2
NotSupported	dEQP-VK.api.info.get_physical_device_properties2.pnext_format_properties.r8_srgb.drm_format_mod_2_and_format_props_3
NotSupported	dEQP-VK.api.info.get_physical_device_properties2.pnext_format_properties.r8_srgb.drm_format_mod_2_and_subpass_resolve_query
Pass	dEQP-VK.api.info.get_physical_device_properties2.pnext_format_properties.r8_srgb.format_props_3
NotSupported	dEQP-VK.api.info.get_physical_device_properties2.pnext_format_properties.r8_srgb.format_props_3_and_subpass_resolve_query
NotSupported	dEQP-VK.api.info.get_physical_device_properties2.pnext_format_properties.r8_srgb.subpass_resolve_query
NotSupported	dEQP-VK.api.info.get_physical_device_properties2.pnext_format_properties.r8_sscaled.all_format_props
NotSupported	dEQP-VK.api.info.get_physical_device_properties2.pnext_format_properties.r8_sscaled.drm_format_mod_1
NotSupported	dEQP-VK.api.info.get_physical_device_properties2.pnext_format_properties.r8_sscaled.drm_format_mod_1_and_2
NotSupported	dEQP-VK.api.info.get_physical_device_properties2.pnext_format_properties.r8_sscaled.drm_format_mod_1_and_format_props_3
NotSupported	dEQP-VK.api.info.get_physical_device_properties2.pnext_format_properties.r8_sscaled.drm_format_mod_1_and_subpass_resolve_query
NotSupported	dEQP-VK.api.info.get_physical_device_properties2.pnext_format_properties.r8_sscaled.drm_format_mod_2
NotSupported	dEQP-VK.api.info.get_physical_device_properties2.pnext_format_properties.r8_sscaled.drm_format_mod_2_and_format_props_3
NotSupported	dEQP-VK.api.info.get_physical_device_properties2.pnext_format_properties.r8_sscaled.drm_format_mod_2_and_subpass_resolve_query
Pass	dEQP-VK.api.info.get_physical_device_properties2.pnext_format_properties.r8_sscaled.format_props_3
NotSupported	dEQP-VK.api.info.get_physical_device_properties2.pnext_format_properties.r8_sscaled.format_props_3_and_subpass_resolve_query
NotSupported	dEQP-VK.api.info.get_physical_device_properties2.pnext_format_properties.r8_sscaled.subpass_resolve_query
NotSupported	dEQP-VK.api.info.get_physical_device_properties2.pnext_format_properties.r8_uint.all_format_props
NotSupported	dEQP-VK.api.info.get_physical_device_properties2.pnext_format_properties.r8_uint.drm_format_mod_1
NotSupported	dEQP-VK.api.info.get_physical_device_properties2.pnext_format_properties.r8_uint.drm_format_mod_1_and_2
NotSupported	dEQP-VK.api.info.get_physical_device_properties2.pnext_format_properties.r8_uint.drm_format_mod_1_and_format_props_3
NotSupported	dEQP-VK.api.info.get_physical_device_properties2.pnext_format_properties.r8_uint.drm_format_mod_1_and_subpass_resolve_query
NotSupported	dEQP-VK.api.info.get_physical_device_properties2.pnext_format_properties.r8_uint.drm_format_mod_2
NotSupported	dEQP-VK.api.info.get_physical_device_properties2.pnext_format_properties.r8_uint.drm_format_mod_2_and_format_props_3
NotSupported	dEQP-VK.api.info.get_physical_device_properties2.pnext_format_properties.r8_uint.drm_format_mod_2_and_subpass_resolve_query
Pass	dEQP-VK.api.info.get_physical_device_properties2.pnext_format_properties.r8_uint.format_props_3
NotSupported	dEQP-VK.api.info.get_physical_device_properties2.pnext_format_properties.r8_uint.format_props_3_and_subpass_resolve_query
NotSupported	dEQP-VK.api.info.get_physical_device_properties2.pnext_format_properties.r8_uint.subpass_resolve_query
NotSupported	dEQP-VK.api.info.get_physical_device_properties2.pnext_format_properties.r8_unorm.all_format_props
NotSupported	dEQP-VK.api.info.get_physical_device_properties2.pnext_format_properties.r8_unorm.drm_format_mod_1
NotSupported	dEQP-VK.api.info.get_physical_device_properties2.pnext_format_properties.r8_unorm.drm_format_mod_1_and_2
NotSupported	dEQP-VK.api.info.get_physical_device_properties2.pnext_format_properties.r8_unorm.drm_format_mod_1_and_format_props_3
NotSupported	dEQP-VK.api.info.get_physical_device_properties2.pnext_format_properties.r8_unorm.drm_format_mod_1_and_subpass_resolve_query
NotSupported	dEQP-VK.api.info.get_physical_device_properties2.pnext_format_properties.r8_unorm.drm_format_mod_2
NotSupported	dEQP-VK.api.info.get_physical_device_properties2.pnext_format_properties.r8_unorm.drm_format_mod_2_and_format_props_3
NotSupported	dEQP-VK.api.info.get_physical_device_properties2.pnext_format_properties.r8_unorm.drm_format_mod_2_and_subpass_resolve_query
Pass	dEQP-VK.api.info.get_physical_device_properties2.pnext_format_properties.r8_unorm.format_props_3
NotSupported	dEQP-VK.api.info.get_physical_device_properties2.pnext_format_properties.r8_unorm.format_props_3_and_subpass_resolve_query
NotSupported	dEQP-VK.api.info.get_physical_device_properties2.pnext_format_properties.r8_unorm.subpass_resolve_query
NotSupported	dEQP-VK.api.info.get_physical_device_properties2.pnext_format_properties.r8_uscaled.all_format_props
NotSupported	dEQP-VK.api.info.get_physical_device_properties2.pnext_format_properties.r8_uscaled.drm_format_mod_1
NotSupported	dEQP-VK.api.info.get_physical_device_properties2.pnext_format_properties.r8_uscaled.drm_format_mod_1_and_2
NotSupported	dEQP-VK.api.info.get_physical_device_properties2.pnext_format_properties.r8_uscaled.drm_format_mod_1_and_format_props_3
NotSupported	dEQP-VK.api.info.get_physical_device_properties2.pnext_format_properties.r8_uscaled.drm_format_mod_1_and_subpass_resolve_query
NotSupported	dEQP-VK.api.info.get_physical_device_properties2.pnext_format_properties.r8_uscaled.drm_format_mod_2
NotSupported	dEQP-VK.api.info.get_physical_device_properties2.pnext_format_properties.r8_uscaled.drm_format_mod_2_and_format_props_3
NotSupported	dEQP-VK.api.info.get_physical_device_properties2.pnext_format_properties.r8_uscaled.drm_format_mod_2_and_subpass_resolve_query
Pass	dEQP-VK.api.info.get_physical_device_properties2.pnext_format_properties.r8_uscaled.format_props_3
NotSupported	dEQP-VK.api.info.get_physical_device_properties2.pnext_format_properties.r8_uscaled.format_props_3_and_subpass_resolve_query
NotSupported	dEQP-VK.api.info.get_physical_device_properties2.pnext_format_properties.r8_uscaled.subpass_resolve_query
NotSupported	dEQP-VK.api.info.get_physical_device_properties2.pnext_format_properties.r8g8_sint.all_format_props
NotSupported	dEQP-VK.api.info.get_physical_device_properties2.pnext_format_properties.r8g8_sint.drm_format_mod_1
NotSupported	dEQP-VK.api.info.get_physical_device_properties2.pnext_format_properties.r8g8_sint.drm_format_mod_1_and_2
NotSupported	dEQP-VK.api.info.get_physical_device_properties2.pnext_format_properties.r8g8_sint.drm_format_mod_1_and_format_props_3
NotSupported	dEQP-VK.api.info.get_physical_device_properties2.pnext_format_properties.r8g8_sint.drm_format_mod_1_and_subpass_resolve_query
NotSupported	dEQP-VK.api.info.get_physical_device_properties2.pnext_format_properties.r8g8_sint.drm_format_mod_2
NotSupported	dEQP-VK.api.info.get_physical_device_properties2.pnext_format_properties.r8g8_sint.drm_format_mod_2_and_format_props_3
NotSupported	dEQP-VK.api.info.get_physical_device_properties2.pnext_format_properties.r8g8_sint.drm_format_mod_2_and_subpass_resolve_query
Pass	dEQP-VK.api.info.get_physical_device_properties2.pnext_format_properties.r8g8_sint.format_props_3
NotSupported	dEQP-VK.api.info.get_physical_device_properties2.pnext_format_properties.r8g8_sint.format_props_3_and_subpass_resolve_query
NotSupported	dEQP-VK.api.info.get_physical_device_properties2.pnext_format_properties.r8g8_sint.subpass_resolve_query
NotSupported	dEQP-VK.api.info.get_physical_device_properties2.pnext_format_properties.r8g8_snorm.all_format_props
NotSupported	dEQP-VK.api.info.get_physical_device_properties2.pnext_format_properties.r8g8_snorm.drm_format_mod_1
NotSupported	dEQP-VK.api.info.get_physical_device_properties2.pnext_format_properties.r8g8_snorm.drm_format_mod_1_and_2
NotSupported	dEQP-VK.api.info.get_physical_device_properties2.pnext_format_properties.r8g8_snorm.drm_format_mod_1_and_format_props_3
NotSupported	dEQP-VK.api.info.get_physical_device_properties2.pnext_format_properties.r8g8_snorm.drm_format_mod_1_and_subpass_resolve_query
NotSupported	dEQP-VK.api.info.get_physical_device_properties2.pnext_format_properties.r8g8_snorm.drm_format_mod_2
NotSupported	dEQP-VK.api.info.get_physical_device_properties2.pnext_format_properties.r8g8_snorm.drm_format_mod_2_and_format_props_3
NotSupported	dEQP-VK.api.info.get_physical_device_properties2.pnext_format_properties.r8g8_snorm.drm_format_mod_2_and_subpass_resolve_query
Pass	dEQP-VK.api.info.get_physical_device_properties2.pnext_format_properties.r8g8_snorm.format_props_3
NotSupported	dEQP-VK.api.info.get_physical_device_properties2.pnext_format_properties.r8g8_snorm.format_props_3_and_subpass_resolve_query
NotSupported	dEQP-VK.api.info.get_physical_device_properties2.pnext_format_properties.r8g8_snorm.subpass_resolve_query
NotSupported	dEQP-VK.api.info.get_physical_device_properties2.pnext_format_properties.r8g8_srgb.all_format_props
NotSupported	dEQP-VK.api.info.get_physical_device_properties2.pnext_format_properties.r8g8_srgb.drm_format_mod_1
NotSupported	dEQP-VK.api.info.get_physical_device_properties2.pnext_format_properties.r8g8_srgb.drm_format_mod_1_and_2
NotSupported	dEQP-VK.api.info.get_physical_device_properties2.pnext_format_properties.r8g8_srgb.drm_format_mod_1_and_format_props_3
NotSupported	dEQP-VK.api.info.get_physical_device_properties2.pnext_format_properties.r8g8_srgb.drm_format_mod_1_and_subpass_resolve_query
NotSupported	dEQP-VK.api.info.get_physical_device_properties2.pnext_format_properties.r8g8_srgb.drm_format_mod_2
NotSupported	dEQP-VK.api.info.get_physical_device_properties2.pnext_format_properties.r8g8_srgb.drm_format_mod_2_and_format_props_3
NotSupported	dEQP-VK.api.info.get_physical_device_properties2.pnext_format_properties.r8g8_srgb.drm_format_mod_2_and_subpass_resolve_query
Pass	dEQP-VK.api.info.get_physical_device_properties2.pnext_format_properties.r8g8_srgb.format_props_3
NotSupported	dEQP-VK.api.info.get_physical_device_properties2.pnext_format_properties.r8g8_srgb.format_props_3_and_subpass_resolve_query
NotSupported	dEQP-VK.api.info.get_physical_device_properties2.pnext_format_properties.r8g8_srgb.subpass_resolve_query
NotSupported	dEQP-VK.api.info.get_physical_device_properties2.pnext_format_properties.r8g8_sscaled.all_format_props
NotSupported	dEQP-VK.api.info.get_physical_device_properties2.pnext_format_properties.r8g8_sscaled.drm_format_mod_1
NotSupported	dEQP-VK.api.info.get_physical_device_properties2.pnext_format_properties.r8g8_sscaled.drm_format_mod_1_and_2
NotSupported	dEQP-VK.api.info.get_physical_device_properties2.pnext_format_properties.r8g8_sscaled.drm_format_mod_1_and_format_props_3
NotSupported	dEQP-VK.api.info.get_physical_device_properties2.pnext_format_properties.r8g8_sscaled.drm_format_mod_1_and_subpass_resolve_query
NotSupported	dEQP-VK.api.info.get_physical_device_properties2.pnext_format_properties.r8g8_sscaled.drm_format_mod_2
NotSupported	dEQP-VK.api.info.get_physical_device_properties2.pnext_format_properties.r8g8_sscaled.drm_format_mod_2_and_format_props_3
NotSupported	dEQP-VK.api.info.get_physical_device_properties2.pnext_format_properties.r8g8_sscaled.drm_format_mod_2_and_subpass_resolve_query
Pass	dEQP-VK.api.info.get_physical_device_properties2.pnext_format_properties.r8g8_sscaled.format_props_3
NotSupported	dEQP-VK.api.info.get_physical_device_properties2.pnext_format_properties.r8g8_sscaled.format_props_3_and_subpass_resolve_query
NotSupported	dEQP-VK.api.info.get_physical_device_properties2.pnext_format_properties.r8g8_sscaled.subpass_resolve_query
NotSupported	dEQP-VK.api.info.get_physical_device_properties2.pnext_format_properties.r8g8_uint.all_format_props
NotSupported	dEQP-VK.api.info.get_physical_device_properties2.pnext_format_properties.r8g8_uint.drm_format_mod_1
NotSupported	dEQP-VK.api.info.get_physical_device_properties2.pnext_format_properties.r8g8_uint.drm_format_mod_1_and_2
NotSupported	dEQP-VK.api.info.get_physical_device_properties2.pnext_format_properties.r8g8_uint.drm_format_mod_1_and_format_props_3
NotSupported	dEQP-VK.api.info.get_physical_device_properties2.pnext_format_properties.r8g8_uint.drm_format_mod_1_and_subpass_resolve_query
NotSupported	dEQP-VK.api.info.get_physical_device_properties2.pnext_format_properties.r8g8_uint.drm_format_mod_2
NotSupported	dEQP-VK.api.info.get_physical_device_properties2.pnext_format_properties.r8g8_uint.drm_format_mod_2_and_format_props_3
NotSupported	dEQP-VK.api.info.get_physical_device_properties2.pnext_format_properties.r8g8_uint.drm_format_mod_2_and_subpass_resolve_query
Pass	dEQP-VK.api.info.get_physical_device_properties2.pnext_format_properties.r8g8_uint.format_props_3
NotSupported	dEQP-VK.api.info.get_physical_device_properties2.pnext_format_properties.r8g8_uint.format_props_3_and_subpass_resolve_query
NotSupported	dEQP-VK.api.info.get_physical_device_properties2.pnext_format_properties.r8g8_uint.subpass_resolve_query
NotSupported	dEQP-VK.api.info.get_physical_device_properties2.pnext_format_properties.r8g8_unorm.all_format_props
NotSupported	dEQP-VK.api.info.get_physical_device_properties2.pnext_format_properties.r8g8_unorm.drm_format_mod_1
NotSupported	dEQP-VK.api.info.get_physical_device_properties2.pnext_format_properties.r8g8_unorm.drm_format_mod_1_and_2
NotSupported	dEQP-VK.api.info.get_physical_device_properties2.pnext_format_properties.r8g8_unorm.drm_format_mod_1_and_format_props_3
NotSupported	dEQP-VK.api.info.get_physical_device_properties2.pnext_format_properties.r8g8_unorm.drm_format_mod_1_and_subpass_resolve_query
NotSupported	dEQP-VK.api.info.get_physical_device_properties2.pnext_format_properties.r8g8_unorm.drm_format_mod_2
NotSupported	dEQP-VK.api.info.get_physical_device_properties2.pnext_format_properties.r8g8_unorm.drm_format_mod_2_and_format_props_3
NotSupported	dEQP-VK.api.info.get_physical_device_properties2.pnext_format_properties.r8g8_unorm.drm_format_mod_2_and_subpass_resolve_query
Pass	dEQP-VK.api.info.get_physical_device_properties2.pnext_format_properties.r8g8_unorm.format_props_3
NotSupported	dEQP-VK.api.info.get_physical_device_properties2.pnext_format_properties.r8g8_unorm.format_props_3_and_subpass_resolve_query
NotSupported	dEQP-VK.api.info.get_physical_device_properties2.pnext_format_properties.r8g8_unorm.subpass_resolve_query
NotSupported	dEQP-VK.api.info.get_physical_device_properties2.pnext_format_properties.r8g8_uscaled.all_format_props
NotSupported	dEQP-VK.api.info.get_physical_device_properties2.pnext_format_properties.r8g8_uscaled.drm_format_mod_1
NotSupported	dEQP-VK.api.info.get_physical_device_properties2.pnext_format_properties.r8g8_uscaled.drm_format_mod_1_and_2
NotSupported	dEQP-VK.api.info.get_physical_device_properties2.pnext_format_properties.r8g8_uscaled.drm_format_mod_1_and_format_props_3
NotSupported	dEQP-VK.api.info.get_physical_device_properties2.pnext_format_properties.r8g8_uscaled.drm_format_mod_1_and_subpass_resolve_query
NotSupported	dEQP-VK.api.info.get_physical_device_properties2.pnext_format_properties.r8g8_uscaled.drm_format_mod_2
NotSupported	dEQP-VK.api.info.get_physical_device_properties2.pnext_format_properties.r8g8_uscaled.drm_format_mod_2_and_format_props_3
NotSupported	dEQP-VK.api.info.get_physical_device_properties2.pnext_format_properties.r8g8_uscaled.drm_format_mod_2_and_subpass_resolve_query
Pass	dEQP-VK.api.info.get_physical_device_properties2.pnext_format_properties.r8g8_uscaled.format_props_3
NotSupported	dEQP-VK.api.info.get_physical_device_properties2.pnext_format_properties.r8g8_uscaled.format_props_3_and_subpass_resolve_query
NotSupported	dEQP-VK.api.info.get_physical_device_properties2.pnext_format_properties.r8g8_uscaled.subpass_resolve_query
NotSupported	dEQP-VK.api.info.get_physical_device_properties2.pnext_format_properties.r8g8b8_sint.all_format_props
NotSupported	dEQP-VK.api.info.get_physical_device_properties2.pnext_format_properties.r8g8b8_sint.drm_format_mod_1
NotSupported	dEQP-VK.api.info.get_physical_device_properties2.pnext_format_properties.r8g8b8_sint.drm_format_mod_1_and_2
NotSupported	dEQP-VK.api.info.get_physical_device_properties2.pnext_format_properties.r8g8b8_sint.drm_format_mod_1_and_format_props_3
NotSupported	dEQP-VK.api.info.get_physical_device_properties2.pnext_format_properties.r8g8b8_sint.drm_format_mod_1_and_subpass_resolve_query
NotSupported	dEQP-VK.api.info.get_physical_device_properties2.pnext_format_properties.r8g8b8_sint.drm_format_mod_2
NotSupported	dEQP-VK.api.info.get_physical_device_properties2.pnext_format_properties.r8g8b8_sint.drm_format_mod_2_and_format_props_3
NotSupported	dEQP-VK.api.info.get_physical_device_properties2.pnext_format_properties.r8g8b8_sint.drm_format_mod_2_and_subpass_resolve_query
Pass	dEQP-VK.api.info.get_physical_device_properties2.pnext_format_properties.r8g8b8_sint.format_props_3
NotSupported	dEQP-VK.api.info.get_physical_device_properties2.pnext_format_properties.r8g8b8_sint.format_props_3_and_subpass_resolve_query
NotSupported	dEQP-VK.api.info.get_physical_device_properties2.pnext_format_properties.r8g8b8_sint.subpass_resolve_query
NotSupported	dEQP-VK.api.info.get_physical_device_properties2.pnext_format_properties.r8g8b8_snorm.all_format_props
NotSupported	dEQP-VK.api.info.get_physical_device_properties2.pnext_format_properties.r8g8b8_snorm.drm_format_mod_1
NotSupported	dEQP-VK.api.info.get_physical_device_properties2.pnext_format_properties.r8g8b8_snorm.drm_format_mod_1_and_2
NotSupported	dEQP-VK.api.info.get_physical_device_properties2.pnext_format_properties.r8g8b8_snorm.drm_format_mod_1_and_format_props_3
NotSupported	dEQP-VK.api.info.get_physical_device_properties2.pnext_format_properties.r8g8b8_snorm.drm_format_mod_1_and_subpass_resolve_query
NotSupported	dEQP-VK.api.info.get_physical_device_properties2.pnext_format_properties.r8g8b8_snorm.drm_format_mod_2
NotSupported	dEQP-VK.api.info.get_physical_device_properties2.pnext_format_properties.r8g8b8_snorm.drm_format_mod_2_and_format_props_3
NotSupported	dEQP-VK.api.info.get_physical_device_properties2.pnext_format_properties.r8g8b8_snorm.drm_format_mod_2_and_subpass_resolve_query
Pass	dEQP-VK.api.info.get_physical_device_properties2.pnext_format_properties.r8g8b8_snorm.format_props_3
NotSupported	dEQP-VK.api.info.get_physical_device_properties2.pnext_format_properties.r8g8b8_snorm.format_props_3_and_subpass_resolve_query
NotSupported	dEQP-VK.api.info.get_physical_device_properties2.pnext_format_properties.r8g8b8_snorm.subpass_resolve_query
NotSupported	dEQP-VK.api.info.get_physical_device_properties2.pnext_format_properties.r8g8b8_srgb.all_format_props
NotSupported	dEQP-VK.api.info.get_physical_device_properties2.pnext_format_properties.r8g8b8_srgb.drm_format_mod_1
NotSupported	dEQP-VK.api.info.get_physical_device_properties2.pnext_format_properties.r8g8b8_srgb.drm_format_mod_1_and_2
NotSupported	dEQP-VK.api.info.get_physical_device_properties2.pnext_format_properties.r8g8b8_srgb.drm_format_mod_1_and_format_props_3
NotSupported	dEQP-VK.api.info.get_physical_device_properties2.pnext_format_properties.r8g8b8_srgb.drm_format_mod_1_and_subpass_resolve_query
NotSupported	dEQP-VK.api.info.get_physical_device_properties2.pnext_format_properties.r8g8b8_srgb.drm_format_mod_2
NotSupported	dEQP-VK.api.info.get_physical_device_properties2.pnext_format_properties.r8g8b8_srgb.drm_format_mod_2_and_format_props_3
NotSupported	dEQP-VK.api.info.get_physical_device_properties2.pnext_format_properties.r8g8b8_srgb.drm_format_mod_2_and_subpass_resolve_query
Pass	dEQP-VK.api.info.get_physical_device_properties2.pnext_format_properties.r8g8b8_srgb.format_props_3
NotSupported	dEQP-VK.api.info.get_physical_device_properties2.pnext_format_properties.r8g8b8_srgb.format_props_3_and_subpass_resolve_query
NotSupported	dEQP-VK.api.info.get_physical_device_properties2.pnext_format_properties.r8g8b8_srgb.subpass_resolve_query
NotSupported	dEQP-VK.api.info.get_physical_device_properties2.pnext_format_properties.r8g8b8_sscaled.all_format_props
NotSupported	dEQP-VK.api.info.get_physical_device_properties2.pnext_format_properties.r8g8b8_sscaled.drm_format_mod_1
NotSupported	dEQP-VK.api.info.get_physical_device_properties2.pnext_format_properties.r8g8b8_sscaled.drm_format_mod_1_and_2
NotSupported	dEQP-VK.api.info.get_physical_device_properties2.pnext_format_properties.r8g8b8_sscaled.drm_format_mod_1_and_format_props_3
NotSupported	dEQP-VK.api.info.get_physical_device_properties2.pnext_format_properties.r8g8b8_sscaled.drm_format_mod_1_and_subpass_resolve_query
NotSupported	dEQP-VK.api.info.get_physical_device_properties2.pnext_format_properties.r8g8b8_sscaled.drm_format_mod_2
NotSupported	dEQP-VK.api.info.get_physical_device_properties2.pnext_format_properties.r8g8b8_sscaled.drm_format_mod_2_and_format_props_3
NotSupported	dEQP-VK.api.info.get_physical_device_properties2.pnext_format_properties.r8g8b8_sscaled.drm_format_mod_2_and_subpass_resolve_query
Pass	dEQP-VK.api.info.get_physical_device_properties2.pnext_format_properties.r8g8b8_sscaled.format_props_3
NotSupported	dEQP-VK.api.info.get_physical_device_properties2.pnext_format_properties.r8g8b8_sscaled.format_props_3_and_subpass_resolve_query
NotSupported	dEQP-VK.api.info.get_physical_device_properties2.pnext_format_properties.r8g8b8_sscaled.subpass_resolve_query
NotSupported	dEQP-VK.api.info.get_physical_device_properties2.pnext_format_properties.r8g8b8_uint.all_format_props
NotSupported	dEQP-VK.api.info.get_physical_device_properties2.pnext_format_properties.r8g8b8_uint.drm_format_mod_1
NotSupported	dEQP-VK.api.info.get_physical_device_properties2.pnext_format_properties.r8g8b8_uint.drm_format_mod_1_and_2
NotSupported	dEQP-VK.api.info.get_physical_device_properties2.pnext_format_properties.r8g8b8_uint.drm_format_mod_1_and_format_props_3
NotSupported	dEQP-VK.api.info.get_physical_device_properties2.pnext_format_properties.r8g8b8_uint.drm_format_mod_1_and_subpass_resolve_query
NotSupported	dEQP-VK.api.info.get_physical_device_properties2.pnext_format_properties.r8g8b8_uint.drm_format_mod_2
NotSupported	dEQP-VK.api.info.get_physical_device_properties2.pnext_format_properties.r8g8b8_uint.drm_format_mod_2_and_format_props_3
NotSupported	dEQP-VK.api.info.get_physical_device_properties2.pnext_format_properties.r8g8b8_uint.drm_format_mod_2_and_subpass_resolve_query
Pass	dEQP-VK.api.info.get_physical_device_properties2.pnext_format_properties.r8g8b8_uint.format_props_3
NotSupported	dEQP-VK.api.info.get_physical_device_properties2.pnext_format_properties.r8g8b8_uint.format_props_3_and_subpass_resolve_query
NotSupported	dEQP-VK.api.info.get_physical_device_properties2.pnext_format_properties.r8g8b8_uint.subpass_resolve_query
NotSupported	dEQP-VK.api.info.get_physical_device_properties2.pnext_format_properties.r8g8b8_unorm.all_format_props
NotSupported	dEQP-VK.api.info.get_physical_device_properties2.pnext_format_properties.r8g8b8_unorm.drm_format_mod_1
NotSupported	dEQP-VK.api.info.get_physical_device_properties2.pnext_format_properties.r8g8b8_unorm.drm_format_mod_1_and_2
NotSupported	dEQP-VK.api.info.get_physical_device_properties2.pnext_format_properties.r8g8b8_unorm.drm_format_mod_1_and_format_props_3
NotSupported	dEQP-VK.api.info.get_physical_device_properties2.pnext_format_properties.r8g8b8_unorm.drm_format_mod_1_and_subpass_resolve_query
NotSupported	dEQP-VK.api.info.get_physical_device_properties2.pnext_format_properties.r8g8b8_unorm.drm_format_mod_2
NotSupported	dEQP-VK.api.info.get_physical_device_properties2.pnext_format_properties.r8g8b8_unorm.drm_format_mod_2_and_format_props_3
NotSupported	dEQP-VK.api.info.get_physical_device_properties2.pnext_format_properties.r8g8b8_unorm.drm_format_mod_2_and_subpass_resolve_query
Pass	dEQP-VK.api.info.get_physical_device_properties2.pnext_format_properties.r8g8b8_unorm.format_props_3
NotSupported	dEQP-VK.api.info.get_physical_device_properties2.pnext_format_properties.r8g8b8_unorm.format_props_3_and_subpass_resolve_query
NotSupported	dEQP-VK.api.info.get_physical_device_properties2.pnext_format_properties.r8g8b8_unorm.subpass_resolve_query
NotSupported	dEQP-VK.api.info.get_physical_device_properties2.pnext_format_properties.r8g8b8_uscaled.all_format_props
NotSupported	dEQP-VK.api.info.get_physical_device_properties2.pnext_format_properties.r8g8b8_uscaled.drm_format_mod_1
NotSupported	dEQP-VK.api.info.get_physical_device_properties2.pnext_format_properties.r8g8b8_uscaled.drm_format_mod_1_and_2
NotSupported	dEQP-VK.api.info.get_physical_device_properties2.pnext_format_properties.r8g8b8_uscaled.drm_format_mod_1_and_format_props_3
NotSupported	dEQP-VK.api.info.get_physical_device_properties2.pnext_format_properties.r8g8b8_uscaled.drm_format_mod_1_and_subpass_resolve_query
NotSupported	dEQP-VK.api.info.get_physical_device_properties2.pnext_format_properties.r8g8b8_uscaled.drm_format_mod_2
NotSupported	dEQP-VK.api.info.get_physical_device_properties2.pnext_format_properties.r8g8b8_uscaled.drm_format_mod_2_and_format_props_3
NotSupported	dEQP-VK.api.info.get_physical_device_properties2.pnext_format_properties.r8g8b8_uscaled.drm_format_mod_2_and_subpass_resolve_query
Pass	dEQP-VK.api.info.get_physical_device_properties2.pnext_format_properties.r8g8b8_uscaled.format_props_3
NotSupported	dEQP-VK.api.info.get_physical_device_properties2.pnext_format_properties.r8g8b8_uscaled.format_props_3_and_subpass_resolve_query
NotSupported	dEQP-VK.api.info.get_physical_device_properties2.pnext_format_properties.r8g8b8_uscaled.subpass_resolve_query
NotSupported	dEQP-VK.api.info.get_physical_device_properties2.pnext_format_properties.r8g8b8a8_sint.all_format_props
NotSupported	dEQP-VK.api.info.get_physical_device_properties2.pnext_format_properties.r8g8b8a8_sint.drm_format_mod_1
NotSupported	dEQP-VK.api.info.get_physical_device_properties2.pnext_format_properties.r8g8b8a8_sint.drm_format_mod_1_and_2
NotSupported	dEQP-VK.api.info.get_physical_device_properties2.pnext_format_properties.r8g8b8a8_sint.drm_format_mod_1_and_format_props_3
NotSupported	dEQP-VK.api.info.get_physical_device_properties2.pnext_format_properties.r8g8b8a8_sint.drm_format_mod_1_and_subpass_resolve_query
NotSupported	dEQP-VK.api.info.get_physical_device_properties2.pnext_format_properties.r8g8b8a8_sint.drm_format_mod_2
NotSupported	dEQP-VK.api.info.get_physical_device_properties2.pnext_format_properties.r8g8b8a8_sint.drm_format_mod_2_and_format_props_3
NotSupported	dEQP-VK.api.info.get_physical_device_properties2.pnext_format_properties.r8g8b8a8_sint.drm_format_mod_2_and_subpass_resolve_query
Pass	dEQP-VK.api.info.get_physical_device_properties2.pnext_format_properties.r8g8b8a8_sint.format_props_3
NotSupported	dEQP-VK.api.info.get_physical_device_properties2.pnext_format_properties.r8g8b8a8_sint.format_props_3_and_subpass_resolve_query
NotSupported	dEQP-VK.api.info.get_physical_device_properties2.pnext_format_properties.r8g8b8a8_sint.subpass_resolve_query
NotSupported	dEQP-VK.api.info.get_physical_device_properties2.pnext_format_properties.r8g8b8a8_snorm.all_format_props
NotSupported	dEQP-VK.api.info.get_physical_device_properties2.pnext_format_properties.r8g8b8a8_snorm.drm_format_mod_1
NotSupported	dEQP-VK.api.info.get_physical_device_properties2.pnext_format_properties.r8g8b8a8_snorm.drm_format_mod_1_and_2
NotSupported	dEQP-VK.api.info.get_physical_device_properties2.pnext_format_properties.r8g8b8a8_snorm.drm_format_mod_1_and_format_props_3
NotSupported	dEQP-VK.api.info.get_physical_device_properties2.pnext_format_properties.r8g8b8a8_snorm.drm_format_mod_1_and_subpass_resolve_query
NotSupported	dEQP-VK.api.info.get_physical_device_properties2.pnext_format_properties.r8g8b8a8_snorm.drm_format_mod_2
NotSupported	dEQP-VK.api.info.get_physical_device_properties2.pnext_format_properties.r8g8b8a8_snorm.drm_format_mod_2_and_format_props_3
NotSupported	dEQP-VK.api.info.get_physical_device_properties2.pnext_format_properties.r8g8b8a8_snorm.drm_format_mod_2_and_subpass_resolve_query
Pass	dEQP-VK.api.info.get_physical_device_properties2.pnext_format_properties.r8g8b8a8_snorm.format_props_3
NotSupported	dEQP-VK.api.info.get_physical_device_properties2.pnext_format_properties.r8g8b8a8_snorm.format_props_3_and_subpass_resolve_query
NotSupported	dEQP-VK.api.info.get_physical_device_properties2.pnext_format_properties.r8g8b8a8_snorm.subpass_resolve_query
NotSupported	dEQP-VK.api.info.get_physical_device_properties2.pnext_format_properties.r8g8b8a8_srgb.all_format_props
NotSupported	dEQP-VK.api.info.get_physical_device_properties2.pnext_format_properties.r8g8b8a8_srgb.drm_format_mod_1
NotSupported	dEQP-VK.api.info.get_physical_device_properties2.pnext_format_properties.r8g8b8a8_srgb.drm_format_mod_1_and_2
NotSupported	dEQP-VK.api.info.get_physical_device_properties2.pnext_format_properties.r8g8b8a8_srgb.drm_format_mod_1_and_format_props_3
NotSupported	dEQP-VK.api.info.get_physical_device_properties2.pnext_format_properties.r8g8b8a8_srgb.drm_format_mod_1_and_subpass_resolve_query
NotSupported	dEQP-VK.api.info.get_physical_device_properties2.pnext_format_properties.r8g8b8a8_srgb.drm_format_mod_2
NotSupported	dEQP-VK.api.info.get_physical_device_properties2.pnext_format_properties.r8g8b8a8_srgb.drm_format_mod_2_and_format_props_3
NotSupported	dEQP-VK.api.info.get_physical_device_properties2.pnext_format_properties.r8g8b8a8_srgb.drm_format_mod_2_and_subpass_resolve_query
Pass	dEQP-VK.api.info.get_physical_device_properties2.pnext_format_properties.r8g8b8a8_srgb.format_props_3
NotSupported	dEQP-VK.api.info.get_physical_device_properties2.pnext_format_properties.r8g8b8a8_srgb.format_props_3_and_subpass_resolve_query
NotSupported	dEQP-VK.api.info.get_physical_device_properties2.pnext_format_properties.r8g8b8a8_srgb.subpass_resolve_query
NotSupported	dEQP-VK.api.info.get_physical_device_properties2.pnext_format_properties.r8g8b8a8_sscaled.all_format_props
NotSupported	dEQP-VK.api.info.get_physical_device_properties2.pnext_format_properties.r8g8b8a8_sscaled.drm_format_mod_1
NotSupported	dEQP-VK.api.info.get_physical_device_properties2.pnext_format_properties.r8g8b8a8_sscaled.drm_format_mod_1_and_2
NotSupported	dEQP-VK.api.info.get_physical_device_properties2.pnext_format_properties.r8g8b8a8_sscaled.drm_format_mod_1_and_format_props_3
NotSupported	dEQP-VK.api.info.get_physical_device_properties2.pnext_format_properties.r8g8b8a8_sscaled.drm_format_mod_1_and_subpass_resolve_query
NotSupported	dEQP-VK.api.info.get_physical_device_properties2.pnext_format_properties.r8g8b8a8_sscaled.drm_format_mod_2
NotSupported	dEQP-VK.api.info.get_physical_device_properties2.pnext_format_properties.r8g8b8a8_sscaled.drm_format_mod_2_and_format_props_3
NotSupported	dEQP-VK.api.info.get_physical_device_properties2.pnext_format_properties.r8g8b8a8_sscaled.drm_format_mod_2_and_subpass_resolve_query
Pass	dEQP-VK.api.info.get_physical_device_properties2.pnext_format_properties.r8g8b8a8_sscaled.format_props_3
NotSupported	dEQP-VK.api.info.get_physical_device_properties2.pnext_format_properties.r8g8b8a8_sscaled.format_props_3_and_subpass_resolve_query
NotSupported	dEQP-VK.api.info.get_physical_device_properties2.pnext_format_properties.r8g8b8a8_sscaled.subpass_resolve_query
NotSupported	dEQP-VK.api.info.get_physical_device_properties2.pnext_format_properties.r8g8b8a8_uint.all_format_props
NotSupported	dEQP-VK.api.info.get_physical_device_properties2.pnext_format_properties.r8g8b8a8_uint.drm_format_mod_1
NotSupported	dEQP-VK.api.info.get_physical_device_properties2.pnext_format_properties.r8g8b8a8_uint.drm_format_mod_1_and_2
NotSupported	dEQP-VK.api.info.get_physical_device_properties2.pnext_format_properties.r8g8b8a8_uint.drm_format_mod_1_and_format_props_3
NotSupported	dEQP-VK.api.info.get_physical_device_properties2.pnext_format_properties.r8g8b8a8_uint.drm_format_mod_1_and_subpass_resolve_query
NotSupported	dEQP-VK.api.info.get_physical_device_properties2.pnext_format_properties.r8g8b8a8_uint.drm_format_mod_2
NotSupported	dEQP-VK.api.info.get_physical_device_properties2.pnext_format_properties.r8g8b8a8_uint.drm_format_mod_2_and_format_props_3
NotSupported	dEQP-VK.api.info.get_physical_device_properties2.pnext_format_properties.r8g8b8a8_uint.drm_format_mod_2_and_subpass_resolve_query
Pass	dEQP-VK.api.info.get_physical_device_properties2.pnext_format_properties.r8g8b8a8_uint.format_props_3
NotSupported	dEQP-VK.api.info.get_physical_device_properties2.pnext_format_properties.r8g8b8a8_uint.format_props_3_and_subpass_resolve_query
NotSupported	dEQP-VK.api.info.get_physical_device_properties2.pnext_format_properties.r8g8b8a8_uint.subpass_resolve_query
NotSupported	dEQP-VK.api.info.get_physical_device_properties2.pnext_format_properties.r8g8b8a8_unorm.all_format_props
NotSupported	dEQP-VK.api.info.get_physical_device_properties2.pnext_format_properties.r8g8b8a8_unorm.drm_format_mod_1
NotSupported	dEQP-VK.api.info.get_physical_device_properties2.pnext_format_properties.r8g8b8a8_unorm.drm_format_mod_1_and_2
NotSupported	dEQP-VK.api.info.get_physical_device_properties2.pnext_format_properties.r8g8b8a8_unorm.drm_format_mod_1_and_format_props_3
NotSupported	dEQP-VK.api.info.get_physical_device_properties2.pnext_format_properties.r8g8b8a8_unorm.drm_format_mod_1_and_subpass_resolve_query
NotSupported	dEQP-VK.api.info.get_physical_device_properties2.pnext_format_properties.r8g8b8a8_unorm.drm_format_mod_2
NotSupported	dEQP-VK.api.info.get_physical_device_properties2.pnext_format_properties.r8g8b8a8_unorm.drm_format_mod_2_and_format_props_3
NotSupported	dEQP-VK.api.info.get_physical_device_properties2.pnext_format_properties.r8g8b8a8_unorm.drm_format_mod_2_and_subpass_resolve_query
Pass	dEQP-VK.api.info.get_physical_device_properties2.pnext_format_properties.r8g8b8a8_unorm.format_props_3
NotSupported	dEQP-VK.api.info.get_physical_device_properties2.pnext_format_properties.r8g8b8a8_unorm.format_props_3_and_subpass_resolve_query
NotSupported	dEQP-VK.api.info.get_physical_device_properties2.pnext_format_properties.r8g8b8a8_unorm.subpass_resolve_query
NotSupported	dEQP-VK.api.info.get_physical_device_properties2.pnext_format_properties.r8g8b8a8_uscaled.all_format_props
NotSupported	dEQP-VK.api.info.get_physical_device_properties2.pnext_format_properties.r8g8b8a8_uscaled.drm_format_mod_1
NotSupported	dEQP-VK.api.info.get_physical_device_properties2.pnext_format_properties.r8g8b8a8_uscaled.drm_format_mod_1_and_2
NotSupported	dEQP-VK.api.info.get_physical_device_properties2.pnext_format_properties.r8g8b8a8_uscaled.drm_format_mod_1_and_format_props_3
NotSupported	dEQP-VK.api.info.get_physical_device_properties2.pnext_format_properties.r8g8b8a8_uscaled.drm_format_mod_1_and_subpass_resolve_query
NotSupported	dEQP-VK.api.info.get_physical_device_properties2.pnext_format_properties.r8g8b8a8_uscaled.drm_format_mod_2
NotSupported	dEQP-VK.api.info.get_physical_device_properties2.pnext_format_properties.r8g8b8a8_uscaled.drm_format_mod_2_and_format_props_3
NotSupported	dEQP-VK.api.info.get_physical_device_properties2.pnext_format_properties.r8g8b8a8_uscaled.drm_format_mod_2_and_subpass_resolve_query
Pass	dEQP-VK.api.info.get_physical_device_properties2.pnext_format_properties.r8g8b8a8_uscaled.format_props_3
NotSupported	dEQP-VK.api.info.get_physical_device_properties2.pnext_format_properties.r8g8b8a8_uscaled.format_props_3_and_subpass_resolve_query
NotSupported	dEQP-VK.api.info.get_physical_device_properties2.pnext_format_properties.r8g8b8a8_uscaled.subpass_resolve_query
NotSupported	dEQP-VK.api.info.get_physical_device_properties2.pnext_format_properties.s8_uint.all_format_props
NotSupported	dEQP-VK.api.info.get_physical_device_properties2.pnext_format_properties.s8_uint.drm_format_mod_1
NotSupported	dEQP-VK.api.info.get_physical_device_properties2.pnext_format_properties.s8_uint.drm_format_mod_1_and_2
NotSupported	dEQP-VK.api.info.get_physical_device_properties2.pnext_format_properties.s8_uint.drm_format_mod_1_and_format_props_3
NotSupported	dEQP-VK.api.info.get_physical_device_properties2.pnext_format_properties.s8_uint.drm_format_mod_1_and_subpass_resolve_query
NotSupported	dEQP-VK.api.info.get_physical_device_properties2.pnext_format_properties.s8_uint.drm_format_mod_2
NotSupported	dEQP-VK.api.info.get_physical_device_properties2.pnext_format_properties.s8_uint.drm_format_mod_2_and_format_props_3
NotSupported	dEQP-VK.api.info.get_physical_device_properties2.pnext_format_properties.s8_uint.drm_format_mod_2_and_subpass_resolve_query
Pass	dEQP-VK.api.info.get_physical_device_properties2.pnext_format_properties.s8_uint.format_props_3
NotSupported	dEQP-VK.api.info.get_physical_device_properties2.pnext_format_properties.s8_uint.format_props_3_and_subpass_resolve_query
NotSupported	dEQP-VK.api.info.get_physical_device_properties2.pnext_format_properties.s8_uint.subpass_resolve_query
NotSupported	dEQP-VK.api.info.get_physical_device_properties2.pnext_format_properties.x8_d24_unorm_pack32.all_format_props
NotSupported	dEQP-VK.api.info.get_physical_device_properties2.pnext_format_properties.x8_d24_unorm_pack32.drm_format_mod_1
NotSupported	dEQP-VK.api.info.get_physical_device_properties2.pnext_format_properties.x8_d24_unorm_pack32.drm_format_mod_1_and_2
NotSupported	dEQP-VK.api.info.get_physical_device_properties2.pnext_format_properties.x8_d24_unorm_pack32.drm_format_mod_1_and_format_props_3
NotSupported	dEQP-VK.api.info.get_physical_device_properties2.pnext_format_properties.x8_d24_unorm_pack32.drm_format_mod_1_and_subpass_resolve_query
NotSupported	dEQP-VK.api.info.get_physical_device_properties2.pnext_format_properties.x8_d24_unorm_pack32.drm_format_mod_2
NotSupported	dEQP-VK.api.info.get_physical_device_properties2.pnext_format_properties.x8_d24_unorm_pack32.drm_format_mod_2_and_format_props_3
NotSupported	dEQP-VK.api.info.get_physical_device_properties2.pnext_format_properties.x8_d24_unorm_pack32.drm_format_mod_2_and_subpass_resolve_query
Pass	dEQP-VK.api.info.get_physical_device_properties2.pnext_format_properties.x8_d24_unorm_pack32.format_props_3
NotSupported	dEQP-VK.api.info.get_physical_device_properties2.pnext_format_properties.x8_d24_unorm_pack32.format_props_3_and_subpass_resolve_query
NotSupported	dEQP-VK.api.info.get_physical_device_properties2.pnext_format_properties.x8_d24_unorm_pack32.subpass_resolve_query
NotSupported	dEQP-VK.api.info.get_physical_device_properties2.properties.basic
NotSupported	dEQP-VK.api.info.get_physical_device_properties2.queue_family_properties.basic
Pass	smoke.device_extension.VK_KHR_bind_memory2
Pass	smoke.device_extension.VK_KHR_dedicated_allocation
Pass	smoke.device_extension.VK_KHR_driver_properties
Pass	smoke.device_extension.VK_KHR_format_feature_flags2
Pass	smoke.device_extension.VK_KHR_get_memory_requirements2
Pass	smoke.device_extension.VK_KHR_relaxed_block_layout
Pass	smoke.device_extension.VK_KHR_sampler_mirror_clamp_to_edge
Pass	smoke.device_extension.VK_KHR_storage_buffer_storage_class
Pass	smoke.device_extension.VK_KHR_uniform_buffer_standard_layout
Pass	smoke.vkcube.no_crash
